competition,season,date,home_team,away_team,home_goals,away_goals,target_btts,btts_probability,predicted_btts,correct
E0,2025/2026,2025-08-15,Liverpool,Bournemouth,4,2,1,0.5843059364308785,1,1
F1,2025/2026,2025-08-15,Rennes,Marseille,1,0,0,0.686490404705457,1,0
SP1,2025/2026,2025-08-15,Girona,Vallecano,1,3,1,0.4806702049399532,1,1
SP1,2025/2026,2025-08-15,Villarreal,Oviedo,2,0,0,0.5821020876863349,1,0
E0,2025/2026,2025-08-16,Aston Villa,Newcastle,0,0,0,0.6190796551692175,1,0
E0,2025/2026,2025-08-16,Brighton,Fulham,1,1,1,0.6338317242233399,1,1
E0,2025/2026,2025-08-16,Sunderland,West Ham,3,0,0,0.5747129957967153,1,0
E0,2025/2026,2025-08-16,Tottenham,Burnley,3,0,0,0.6383459437288703,1,0
E0,2025/2026,2025-08-16,Wolves,Man City,0,4,0,0.5554874123414107,1,0
F1,2025/2026,2025-08-16,Lens,Lyon,0,1,0,0.5664484078750928,1,0
F1,2025/2026,2025-08-16,Monaco,Le Havre,3,1,1,0.5977506204004727,1,1
F1,2025/2026,2025-08-16,Nice,Toulouse,0,1,0,0.5196608043854388,1,0
SP1,2025/2026,2025-08-16,Mallorca,Barcelona,0,3,0,0.4721306883834705,1,0
SP1,2025/2026,2025-08-16,Alaves,Levante,2,1,1,0.48814112167482326,1,1
SP1,2025/2026,2025-08-16,Valencia,Sociedad,1,1,1,0.41286762748526906,1,1
E0,2025/2026,2025-08-17,Chelsea,Crystal Palace,0,0,0,0.5355112172623666,1,0
E0,2025/2026,2025-08-17,Nott'm Forest,Brentford,3,1,1,0.6006872999973987,1,1
E0,2025/2026,2025-08-17,Man United,Arsenal,0,1,0,0.45640771177668493,1,0
F1,2025/2026,2025-08-17,Brest,Lille,3,3,1,0.5626993488531643,1,1
F1,2025/2026,2025-08-17,Angers,Paris FC,1,0,0,0.46474784435253935,1,0
F1,2025/2026,2025-08-17,Auxerre,Lorient,1,0,0,0.5838264697524783,1,0
F1,2025/2026,2025-08-17,Metz,Strasbourg,0,1,0,0.5204863063513416,1,0
F1,2025/2026,2025-08-17,Nantes,Paris SG,0,1,0,0.5405332400501847,1,0
SP1,2025/2026,2025-08-17,Celta,Getafe,0,2,0,0.4729310712249956,1,0
SP1,2025/2026,2025-08-17,Ath Bilbao,Sevilla,3,2,1,0.36531751809923413,0,0
SP1,2025/2026,2025-08-17,Espanol,Ath Madrid,2,1,1,0.45803031399771454,1,1
E0,2025/2026,2025-08-18,Leeds,Everton,1,0,0,0.48708921192870985,1,0
SP1,2025/2026,2025-08-18,Elche,Betis,1,1,1,0.5052305406764626,1,1
SP1,2025/2026,2025-08-19,Real Madrid,Osasuna,1,0,0,0.5101664744213086,1,0
D1,2025/2026,2025-08-22,Bayern Munich,RB Leipzig,6,0,0,0.6413393401178686,1,0
E0,2025/2026,2025-08-22,West Ham,Chelsea,1,5,1,0.5459823523953143,1,1
F1,2025/2026,2025-08-22,Paris SG,Angers,1,0,0,0.45284637081851037,1,0
SP1,2025/2026,2025-08-22,Betis,Alaves,1,0,0,0.43582844951760813,1,0
I1,2025/2026,2025-08-23,Genoa,Lecce,0,0,0,0.3604713896155273,0,1
I1,2025/2026,2025-08-23,Sassuolo,Napoli,0,2,0,0.4760292068819494,1,0
I1,2025/2026,2025-08-23,Milan,Cremonese,1,2,1,0.5441658849341201,1,1
I1,2025/2026,2025-08-23,Roma,Bologna,1,0,0,0.49928373211179755,1,0
D1,2025/2026,2025-08-23,Ein Frankfurt,Werder Bremen,4,1,1,0.6401091480521272,1,1
D1,2025/2026,2025-08-23,Freiburg,Augsburg,1,3,1,0.5035781783621966,1,1
D1,2025/2026,2025-08-23,Heidenheim,Wolfsburg,1,3,1,0.5514799830910356,1,1
D1,2025/2026,2025-08-23,Leverkusen,Hoffenheim,1,2,1,0.6394902764906543,1,1
D1,2025/2026,2025-08-23,Union Berlin,Stuttgart,2,1,1,0.5676371751618198,1,1
D1,2025/2026,2025-08-23,St Pauli,Dortmund,3,3,1,0.43962584418455625,1,1
E0,2025/2026,2025-08-23,Man City,Tottenham,0,2,0,0.6083201896097993,1,0
E0,2025/2026,2025-08-23,Bournemouth,Wolves,1,0,0,0.557378255411283,1,0
E0,2025/2026,2025-08-23,Brentford,Aston Villa,1,0,0,0.6128724611013869,1,0
E0,2025/2026,2025-08-23,Burnley,Sunderland,2,0,0,0.5705578103203633,1,0
E0,2025/2026,2025-08-23,Arsenal,Leeds,5,0,0,0.48305553082158353,1,0
F1,2025/2026,2025-08-23,Marseille,Paris FC,5,2,1,0.6203397836137712,1,1
F1,2025/2026,2025-08-23,Nice,Auxerre,3,1,1,0.5454608288109578,1,1
F1,2025/2026,2025-08-23,Lyon,Metz,3,0,0,0.5662399731795615,1,0
SP1,2025/2026,2025-08-23,Mallorca,Celta,1,1,1,0.45851853464399234,1,1
SP1,2025/2026,2025-08-23,Ath Madrid,Elche,1,1,1,0.39215818191895313,0,0
SP1,2025/2026,2025-08-23,Levante,Barcelona,2,3,1,0.673499554718695,1,1
I1,2025/2026,2025-08-24,Cagliari,Fiorentina,1,1,1,0.5507733309523707,1,1
I1,2025/2026,2025-08-24,Como,Lazio,2,0,0,0.5579793573724318,1,0
I1,2025/2026,2025-08-24,Atalanta,Pisa,1,1,1,0.530088894043304,1,1
I1,2025/2026,2025-08-24,Juventus,Parma,2,0,0,0.4711034962304049,1,0
D1,2025/2026,2025-08-24,Mainz,FC Koln,0,1,0,0.469423525771115,1,0
D1,2025/2026,2025-08-24,M'gladbach,Hamburg,0,0,0,0.6512312015725039,1,0
E0,2025/2026,2025-08-24,Crystal Palace,Nott'm Forest,1,1,1,0.5461588506152921,1,1
E0,2025/2026,2025-08-24,Everton,Brighton,2,0,0,0.5031143880767696,1,0
E0,2025/2026,2025-08-24,Fulham,Man United,1,1,1,0.5308165594007097,1,1
F1,2025/2026,2025-08-24,Lorient,Rennes,4,0,0,0.6253431681931625,1,0
F1,2025/2026,2025-08-24,Le Havre,Lens,1,2,1,0.5315818203042805,1,1
F1,2025/2026,2025-08-24,Strasbourg,Nantes,1,0,0,0.47800555341769063,1,0
F1,2025/2026,2025-08-24,Toulouse,Brest,2,0,0,0.5881216189396443,1,0
F1,2025/2026,2025-08-24,Lille,Monaco,1,0,0,0.5530072890268575,1,0
SP1,2025/2026,2025-08-24,Osasuna,Valencia,1,0,0,0.48540604529472986,1,0
SP1,2025/2026,2025-08-24,Sociedad,Espanol,2,2,1,0.3979877751707161,0,0
SP1,2025/2026,2025-08-24,Villarreal,Girona,5,0,0,0.64460110976967,1,0
SP1,2025/2026,2025-08-24,Oviedo,Real Madrid,0,3,0,0.5303063881631533,1,0
I1,2025/2026,2025-08-25,Udinese,Verona,1,1,1,0.4528938106057641,1,1
I1,2025/2026,2025-08-25,Inter,Torino,5,0,0,0.39885329875854464,0,1
E0,2025/2026,2025-08-25,Newcastle,Liverpool,2,3,1,0.6771864361768983,1,1
SP1,2025/2026,2025-08-25,Ath Bilbao,Vallecano,1,0,0,0.3015282575600484,0,1
SP1,2025/2026,2025-08-25,Sevilla,Getafe,1,2,1,0.40900485372412054,0,0
SP1,2025/2026,2025-08-27,Celta,Betis,1,1,1,0.6340971760451678,1,1
I1,2025/2026,2025-08-29,Cremonese,Sassuolo,3,2,1,0.624118285331703,1,1
I1,2025/2026,2025-08-29,Lecce,Milan,0,2,0,0.44485540022185494,1,0
D1,2025/2026,2025-08-29,Hamburg,St Pauli,0,2,0,0.3803787563042306,0,1
F1,2025/2026,2025-08-29,Lens,Brest,3,1,1,0.5427640874554621,1,1
SP1,2025/2026,2025-08-29,Elche,Levante,2,0,0,0.5608135229439792,1,0
SP1,2025/2026,2025-08-29,Valencia,Getafe,3,0,0,0.38965682220255465,0,1
I1,2025/2026,2025-08-30,Bologna,Como,1,0,0,0.5555872836502058,1,0
I1,2025/2026,2025-08-30,Parma,Atalanta,1,1,1,0.5581215113863645,1,1
I1,2025/2026,2025-08-30,Napoli,Cagliari,1,0,0,0.4280451254694861,1,0
I1,2025/2026,2025-08-30,Pisa,Roma,0,1,0,0.46296864076569094,1,0
D1,2025/2026,2025-08-30,Hoffenheim,Ein Frankfurt,1,3,1,0.6865493619663181,1,1
D1,2025/2026,2025-08-30,RB Leipzig,Heidenheim,2,0,0,0.5455546990615907,1,0
D1,2025/2026,2025-08-30,Stuttgart,M'gladbach,1,0,0,0.6967900036032947,1,0
D1,2025/2026,2025-08-30,Werder Bremen,Leverkusen,3,3,1,0.6345182796300461,1,1
D1,2025/2026,2025-08-30,Augsburg,Bayern Munich,2,3,1,0.5155344501662569,1,1
E0,2025/2026,2025-08-30,Chelsea,Fulham,2,0,0,0.5440122826020843,1,0
E0,2025/2026,2025-08-30,Man United,Burnley,3,2,1,0.5198498855249122,1,1
E0,2025/2026,2025-08-30,Sunderland,Brentford,2,1,1,0.6128930105728108,1,1
E0,2025/2026,2025-08-30,Tottenham,Bournemouth,0,1,0,0.6329893784806493,1,0
E0,2025/2026,2025-08-30,Wolves,Everton,2,3,1,0.4582693693282132,1,1
E0,2025/2026,2025-08-30,Leeds,Newcastle,0,0,0,0.6348522782533005,1,0
F1,2025/2026,2025-08-30,Lorient,Lille,1,7,1,0.5259031982294302,1,1
F1,2025/2026,2025-08-30,Nantes,Auxerre,1,0,0,0.5043213663983978,1,0
F1,2025/2026,2025-08-30,Toulouse,Paris SG,3,6,1,0.5978966488918813,1,1
SP1,2025/2026,2025-08-30,Alaves,Ath Madrid,1,1,1,0.388391647015258,0,0
SP1,2025/2026,2025-08-30,Oviedo,Sociedad,1,0,0,0.42169817617970073,1,0
SP1,2025/2026,2025-08-30,Girona,Sevilla,0,2,0,0.5639370551776269,1,0
SP1,2025/2026,2025-08-30,Real Madrid,Mallorca,2,1,1,0.38785847533928636,0,0
I1,2025/2026,2025-08-31,Genoa,Juventus,0,1,0,0.42706514476418933,1,0
I1,2025/2026,2025-08-31,Torino,Fiorentina,0,0,0,0.4491706142731866,1,0
I1,2025/2026,2025-08-31,Inter,Udinese,1,2,1,0.4505674239318667,1,1
I1,2025/2026,2025-08-31,Lazio,Verona,4,0,0,0.45973827902554976,1,0
D1,2025/2026,2025-08-31,Wolfsburg,Mainz,1,1,1,0.560437961179793,1,1
D1,2025/2026,2025-08-31,Dortmund,Union Berlin,3,0,0,0.5586913728451602,1,0
D1,2025/2026,2025-08-31,FC Koln,Freiburg,4,1,1,0.524398504675044,1,1
E0,2025/2026,2025-08-31,Brighton,Man City,2,1,1,0.6202309247880101,1,1
E0,2025/2026,2025-08-31,Nott'm Forest,West Ham,0,3,0,0.5530153156436838,1,0
E0,2025/2026,2025-08-31,Liverpool,Arsenal,1,0,0,0.5791682766527197,1,0
E0,2025/2026,2025-08-31,Aston Villa,Crystal Palace,0,3,0,0.556440393219987,1,0
F1,2025/2026,2025-08-31,Angers,Rennes,1,1,1,0.49183575414685643,1,1
F1,2025/2026,2025-08-31,Le Havre,Nice,3,1,1,0.5854371437666187,1,1
F1,2025/2026,2025-08-31,Monaco,Strasbourg,3,2,1,0.5926467592117415,1,1
F1,2025/2026,2025-08-31,Paris FC,Metz,3,2,1,0.5284980526928309,1,1
F1,2025/2026,2025-08-31,Lyon,Marseille,1,0,0,0.7258595795172762,1,0
SP1,2025/2026,2025-08-31,Celta,Villarreal,1,1,1,0.6915853630870249,1,1
SP1,2025/2026,2025-08-31,Betis,Ath Bilbao,1,2,1,0.43823117700828723,1,1
SP1,2025/2026,2025-08-31,Espanol,Osasuna,1,0,0,0.47038399300452527,1,0
SP1,2025/2026,2025-08-31,Vallecano,Barcelona,1,1,1,0.5142297038469396,1,1
D1,2025/2026,2025-09-12,Leverkusen,Ein Frankfurt,3,1,1,0.6498044649096945,1,1
F1,2025/2026,2025-09-12,Marseille,Lorient,4,0,0,0.6339555463360419,1,0
SP1,2025/2026,2025-09-12,Sevilla,Elche,2,2,1,0.45484438062634824,1,1
I1,2025/2026,2025-09-13,Cagliari,Parma,2,0,0,0.5440710330190617,1,0
I1,2025/2026,2025-09-13,Juventus,Inter,4,3,1,0.5002159440013683,1,1
I1,2025/2026,2025-09-13,Fiorentina,Napoli,1,3,1,0.4857179298193581,1,1
D1,2025/2026,2025-09-13,Freiburg,Stuttgart,3,1,1,0.6521187048752118,1,1
D1,2025/2026,2025-09-13,Heidenheim,Dortmund,0,2,0,0.6017875649943502,1,0
D1,2025/2026,2025-09-13,Mainz,RB Leipzig,0,1,0,0.5809532755544325,1,0
D1,2025/2026,2025-09-13,Union Berlin,Hoffenheim,2,4,1,0.5985947154392638,1,1
D1,2025/2026,2025-09-13,Wolfsburg,FC Koln,3,3,1,0.5094561581605654,1,1
D1,2025/2026,2025-09-13,Bayern Munich,Hamburg,5,0,0,0.5808607103845429,1,0
E0,2025/2026,2025-09-13,Arsenal,Nott'm Forest,3,0,0,0.4794201014864003,1,0
E0,2025/2026,2025-09-13,Bournemouth,Brighton,2,1,1,0.6116172502407148,1,1
E0,2025/2026,2025-09-13,Crystal Palace,Sunderland,0,0,0,0.5545499569002109,1,0
E0,2025/2026,2025-09-13,Everton,Aston Villa,0,0,0,0.44083713123130797,1,0
E0,2025/2026,2025-09-13,Fulham,Leeds,1,0,0,0.60663192442619,1,0
E0,2025/2026,2025-09-13,Newcastle,Wolves,1,0,0,0.6082279158950658,1,0
E0,2025/2026,2025-09-13,West Ham,Tottenham,0,3,0,0.6594595002623963,1,0
E0,2025/2026,2025-09-13,Brentford,Chelsea,2,2,1,0.5950492809728102,1,1
F1,2025/2026,2025-09-13,Nice,Nantes,1,0,0,0.46993666186316346,1,0
F1,2025/2026,2025-09-13,Auxerre,Monaco,1,2,1,0.6041903735198493,1,1
SP1,2025/2026,2025-09-13,Getafe,Oviedo,2,0,0,0.4006266082805129,0,1
SP1,2025/2026,2025-09-13,Sociedad,Real Madrid,1,2,1,0.463141310225608,1,1
SP1,2025/2026,2025-09-13,Ath Bilbao,Alaves,0,1,0,0.2811600259902438,0,1
SP1,2025/2026,2025-09-13,Ath Madrid,Villarreal,2,0,0,0.5992101989484016,1,0
I1,2025/2026,2025-09-14,Roma,Torino,0,1,0,0.36840266846041136,0,1
I1,2025/2026,2025-09-14,Atalanta,Lecce,4,1,1,0.4005454638389252,0,0
I1,2025/2026,2025-09-14,Pisa,Udinese,0,1,0,0.5011827799608883,1,0
I1,2025/2026,2025-09-14,Sassuolo,Lazio,1,0,0,0.590989489317956,1,0
I1,2025/2026,2025-09-14,Milan,Bologna,1,0,0,0.6050977028231511,1,0
D1,2025/2026,2025-09-14,St Pauli,Augsburg,2,1,1,0.31033518663348214,0,0
D1,2025/2026,2025-09-14,M'gladbach,Werder Bremen,0,4,0,0.678270306216289,1,0
E0,2025/2026,2025-09-14,Burnley,Liverpool,0,1,0,0.5683301374644742,1,0
E0,2025/2026,2025-09-14,Man City,Man United,3,0,0,0.4924800783238901,1,0
F1,2025/2026,2025-09-14,Lille,Toulouse,2,1,1,0.4692833450678316,1,1
F1,2025/2026,2025-09-14,Brest,Paris FC,1,2,1,0.6133713140537919,1,1
F1,2025/2026,2025-09-14,Metz,Angers,1,1,1,0.4451400202946836,1,1
F1,2025/2026,2025-09-14,Paris SG,Lens,2,0,0,0.5418061597749838,1,0
F1,2025/2026,2025-09-14,Strasbourg,Le Havre,1,0,0,0.5716356927726745,1,0
F1,2025/2026,2025-09-14,Rennes,Lyon,3,1,1,0.6726883338886348,1,1
SP1,2025/2026,2025-09-14,Celta,Girona,1,1,1,0.6337048465612937,1,1
SP1,2025/2026,2025-09-14,Levante,Betis,2,2,1,0.6528592855404783,1,1
SP1,2025/2026,2025-09-14,Osasuna,Vallecano,2,0,0,0.4218471356943277,1,0
SP1,2025/2026,2025-09-14,Barcelona,Valencia,6,0,0,0.5398228404413108,1,0
I1,2025/2026,2025-09-15,Verona,Cremonese,0,0,0,0.5000687455767763,1,0
I1,2025/2026,2025-09-15,Como,Genoa,1,1,1,0.4757749566289774,1,1
SP1,2025/2026,2025-09-15,Espanol,Mallorca,3,2,1,0.35377656842395006,0,0
I1,2025/2026,2025-09-19,Lecce,Cagliari,1,2,1,0.4293664825925789,1,1
D1,2025/2026,2025-09-19,Stuttgart,St Pauli,2,0,0,0.4181424237760415,1,0
F1,2025/2026,2025-09-19,Lyon,Angers,1,0,0,0.4967942184965843,1,0
SP1,2025/2026,2025-09-19,Betis,Sociedad,3,1,1,0.46914067694558753,1,1
I1,2025/2026,2025-09-20,Bologna,Genoa,2,1,1,0.4839349738264698,1,1
I1,2025/2026,2025-09-20,Verona,Juventus,1,1,1,0.40860786199036353,0,0
I1,2025/2026,2025-09-20,Udinese,Milan,0,3,0,0.5483130388664668,1,0
D1,2025/2026,2025-09-20,Augsburg,Mainz,1,4,1,0.4712596368158376,1,1
D1,2025/2026,2025-09-20,Hamburg,Heidenheim,2,1,1,0.5496415860876427,1,1
D1,2025/2026,2025-09-20,Hoffenheim,Bayern Munich,1,4,1,0.6618126709243308,1,1
D1,2025/2026,2025-09-20,Werder Bremen,Freiburg,0,3,0,0.619488765263315,1,0
D1,2025/2026,2025-09-20,RB Leipzig,FC Koln,3,1,1,0.5094722789096996,1,1
E0,2025/2026,2025-09-20,Liverpool,Everton,2,1,1,0.47534256066530406,1,1
E0,2025/2026,2025-09-20,Brighton,Tottenham,2,2,1,0.7144818850681249,1,1
E0,2025/2026,2025-09-20,Burnley,Nott'm Forest,1,1,1,0.5470826345547292,1,1
E0,2025/2026,2025-09-20,West Ham,Crystal Palace,1,2,1,0.5581059383330182,1,1
E0,2025/2026,2025-09-20,Wolves,Leeds,1,3,1,0.6367397445385385,1,1
E0,2025/2026,2025-09-20,Man United,Chelsea,2,1,1,0.5108808748671595,1,1
E0,2025/2026,2025-09-20,Fulham,Brentford,3,1,1,0.6121226994940829,1,1
F1,2025/2026,2025-09-20,Nantes,Rennes,2,2,1,0.5351029701798942,1,1
F1,2025/2026,2025-09-20,Brest,Nice,4,1,1,0.6170188864711782,1,1
F1,2025/2026,2025-09-20,Lens,Lille,3,0,0,0.43869890985516197,1,0
SP1,2025/2026,2025-09-20,Girona,Levante,0,4,0,0.657004480909434,1,0
SP1,2025/2026,2025-09-20,Real Madrid,Espanol,2,0,0,0.46909223002460737,1,0
SP1,2025/2026,2025-09-20,Alaves,Sevilla,1,2,1,0.3996638231329545,0,0
SP1,2025/2026,2025-09-20,Villarreal,Osasuna,2,1,1,0.5957104842944235,1,1
SP1,2025/2026,2025-09-20,Valencia,Ath Bilbao,2,0,0,0.3711459401484747,0,1
I1,2025/2026,2025-09-21,Lazio,Roma,0,1,0,0.5037597072410739,1,0
I1,2025/2026,2025-09-21,Cremonese,Parma,0,0,0,0.5576884970314633,1,0
I1,2025/2026,2025-09-21,Torino,Atalanta,0,3,0,0.46044582938297396,1,0
I1,2025/2026,2025-09-21,Fiorentina,Como,1,2,1,0.5572227765762875,1,1
I1,2025/2026,2025-09-21,Inter,Sassuolo,2,1,1,0.493687607245853,1,1
D1,2025/2026,2025-09-21,Ein Frankfurt,Union Berlin,3,4,1,0.5277249336582308,1,1
D1,2025/2026,2025-09-21,Leverkusen,M'gladbach,1,1,1,0.646241917173093,1,1
D1,2025/2026,2025-09-21,Dortmund,Wolfsburg,1,0,0,0.6454970198532162,1,0
E0,2025/2026,2025-09-21,Bournemouth,Newcastle,0,0,0,0.5925654163328238,1,0
E0,2025/2026,2025-09-21,Sunderland,Aston Villa,1,1,1,0.5713039333824612,1,1
E0,2025/2026,2025-09-21,Arsenal,Man City,1,1,1,0.5156624924321878,1,1
F1,2025/2026,2025-09-21,Paris FC,Strasbourg,2,3,1,0.551452493718113,1,1
F1,2025/2026,2025-09-21,Auxerre,Toulouse,1,0,0,0.5333864171959457,1,0
F1,2025/2026,2025-09-21,Le Havre,Lorient,1,1,1,0.6452358713971927,1,1
F1,2025/2026,2025-09-21,Monaco,Metz,5,2,1,0.5284916422088769,1,1
SP1,2025/2026,2025-09-21,Vallecano,Celta,1,1,1,0.5002107226551048,1,1
SP1,2025/2026,2025-09-21,Mallorca,Ath Madrid,1,1,1,0.37495423082820944,0,0
SP1,2025/2026,2025-09-21,Elche,Oviedo,1,0,0,0.45522003686134904,1,0
SP1,2025/2026,2025-09-21,Barcelona,Getafe,3,0,0,0.4577439586942917,1,0
I1,2025/2026,2025-09-22,Napoli,Pisa,3,2,1,0.42403791303365596,1,1
F1,2025/2026,2025-09-22,Marseille,Paris SG,1,0,0,0.7333101799710662,1,0
SP1,2025/2026,2025-09-23,Ath Bilbao,Girona,1,1,1,0.416968656015898,1,1
SP1,2025/2026,2025-09-23,Espanol,Valencia,2,2,1,0.45246671981515996,1,1
SP1,2025/2026,2025-09-23,Levante,Real Madrid,1,4,1,0.6200908340822279,1,1
SP1,2025/2026,2025-09-23,Sevilla,Villarreal,1,2,1,0.6116305593800873,1,1
SP1,2025/2026,2025-09-24,Getafe,Alaves,1,1,1,0.31294289898361655,0,0
SP1,2025/2026,2025-09-24,Ath Madrid,Vallecano,3,2,1,0.3884202533534613,0,0
SP1,2025/2026,2025-09-24,Sociedad,Mallorca,1,0,0,0.32119776688248663,0,1
SP1,2025/2026,2025-09-25,Osasuna,Elche,1,1,1,0.44553949506073987,1,1
SP1,2025/2026,2025-09-25,Oviedo,Barcelona,1,3,1,0.5895298314999917,1,1
D1,2025/2026,2025-09-26,Bayern Munich,Werder Bremen,4,0,0,0.6231709925794943,1,0
F1,2025/2026,2025-09-26,Strasbourg,Marseille,1,2,1,0.6462708079729347,1,1
SP1,2025/2026,2025-09-26,Girona,Espanol,0,0,0,0.5276029579853658,1,0
I1,2025/2026,2025-09-27,Como,Cremonese,1,1,1,0.5291554478754942,1,1
I1,2025/2026,2025-09-27,Juventus,Atalanta,1,1,1,0.5426359161435323,1,1
I1,2025/2026,2025-09-27,Cagliari,Inter,0,2,0,0.4996697819067157,1,0
D1,2025/2026,2025-09-27,Heidenheim,Augsburg,2,1,1,0.4710290874869554,1,1
D1,2025/2026,2025-09-27,Mainz,Dortmund,0,2,0,0.6434877998440273,1,0
D1,2025/2026,2025-09-27,St Pauli,Leverkusen,1,2,1,0.38979501436287484,0,0
D1,2025/2026,2025-09-27,Wolfsburg,RB Leipzig,0,1,0,0.6063888963429871,1,0
D1,2025/2026,2025-09-27,M'gladbach,Ein Frankfurt,4,6,1,0.6822785528772704,1,1
E0,2025/2026,2025-09-27,Brentford,Man United,3,1,1,0.5665693928153003,1,1
E0,2025/2026,2025-09-27,Chelsea,Brighton,1,3,1,0.6127176850324445,1,1
E0,2025/2026,2025-09-27,Crystal Palace,Liverpool,2,1,1,0.6075341375979554,1,1
E0,2025/2026,2025-09-27,Leeds,Bournemouth,2,2,1,0.5892817336431272,1,1
E0,2025/2026,2025-09-27,Man City,Burnley,5,1,1,0.48504897392789065,1,1
E0,2025/2026,2025-09-27,Nott'm Forest,Sunderland,0,1,0,0.5565479125798555,1,0
E0,2025/2026,2025-09-27,Tottenham,Wolves,1,1,1,0.6729168317459363,1,1
F1,2025/2026,2025-09-27,Lorient,Monaco,3,1,1,0.6179455600772532,1,1
F1,2025/2026,2025-09-27,Toulouse,Nantes,2,2,1,0.4651028985592025,1,1
F1,2025/2026,2025-09-27,Paris SG,Auxerre,2,0,0,0.5905828012385547,1,0
SP1,2025/2026,2025-09-27,Getafe,Levante,1,1,1,0.4983641604797956,1,1
SP1,2025/2026,2025-09-27,Ath Madrid,Real Madrid,5,2,1,0.561313606039233,1,1
SP1,2025/2026,2025-09-27,Mallorca,Alaves,1,0,0,0.2949214256606617,0,1
SP1,2025/2026,2025-09-27,Villarreal,Ath Bilbao,1,0,0,0.4955295685380842,1,0
I1,2025/2026,2025-09-28,Sassuolo,Udinese,3,1,1,0.5778493756232393,1,1
I1,2025/2026,2025-09-28,Pisa,Fiorentina,0,0,0,0.5417795160914949,1,0
I1,2025/2026,2025-09-28,Roma,Verona,2,0,0,0.38072123018356824,0,1
I1,2025/2026,2025-09-28,Lecce,Bologna,2,2,1,0.42271295090166777,1,1
I1,2025/2026,2025-09-28,Milan,Napoli,2,1,1,0.515669249800586,1,1
D1,2025/2026,2025-09-28,Freiburg,Hoffenheim,1,1,1,0.6657055010763594,1,1
D1,2025/2026,2025-09-28,FC Koln,Stuttgart,1,2,1,0.5588258479821152,1,1
D1,2025/2026,2025-09-28,Union Berlin,Hamburg,0,0,0,0.5224421845612148,1,0
E0,2025/2026,2025-09-28,Aston Villa,Fulham,3,1,1,0.56627658182197,1,1
E0,2025/2026,2025-09-28,Newcastle,Arsenal,1,2,1,0.5621085412737628,1,1
F1,2025/2026,2025-09-28,Nice,Paris FC,1,1,1,0.5326375197214895,1,1
F1,2025/2026,2025-09-28,Angers,Brest,0,2,0,0.5189950165037005,1,0
F1,2025/2026,2025-09-28,Lille,Lyon,0,1,0,0.5816959743021081,1,0
F1,2025/2026,2025-09-28,Metz,Le Havre,0,0,0,0.5890452639692285,1,0
F1,2025/2026,2025-09-28,Rennes,Lens,0,0,0,0.5246179180588721,1,0
SP1,2025/2026,2025-09-28,Vallecano,Sevilla,0,1,0,0.4261388066246934,1,0
SP1,2025/2026,2025-09-28,Elche,Celta,2,1,1,0.5346765511485134,1,1
SP1,2025/2026,2025-09-28,Barcelona,Sociedad,2,1,1,0.4818498812732285,1,1
SP1,2025/2026,2025-09-28,Betis,Osasuna,2,0,0,0.5489107225285289,1,0
I1,2025/2026,2025-09-29,Parma,Torino,2,1,1,0.4347892461410343,1,1
I1,2025/2026,2025-09-29,Genoa,Lazio,0,3,0,0.4899795436163954,1,0
E0,2025/2026,2025-09-29,Everton,West Ham,1,1,1,0.4378547432489967,1,1
SP1,2025/2026,2025-09-30,Valencia,Oviedo,1,2,1,0.47792537329755924,1,1
I1,2025/2026,2025-10-03,Verona,Sassuolo,0,1,0,0.5408149486111002,1,0
D1,2025/2026,2025-10-03,Hoffenheim,FC Koln,0,1,0,0.5939073746138875,1,0
E0,2025/2026,2025-10-03,Bournemouth,Fulham,3,1,1,0.5445301455440973,1,1
F1,2025/2026,2025-10-03,Paris FC,Lorient,2,0,0,0.5884093249123868,1,0
SP1,2025/2026,2025-10-03,Osasuna,Getafe,2,1,1,0.4043386500249001,0,0
I1,2025/2026,2025-10-04,Lazio,Torino,3,3,1,0.43937783513526174,1,1
I1,2025/2026,2025-10-04,Parma,Lecce,0,1,0,0.4191131009313284,1,0
I1,2025/2026,2025-10-04,Inter,Cremonese,4,1,1,0.4520321665574426,1,1
I1,2025/2026,2025-10-04,Atalanta,Como,1,1,1,0.5649133416243114,1,1
D1,2025/2026,2025-10-04,Augsburg,Wolfsburg,3,1,1,0.5027105663423769,1,1
D1,2025/2026,2025-10-04,Dortmund,RB Leipzig,1,1,1,0.6819749536223481,1,1
D1,2025/2026,2025-10-04,Leverkusen,Union Berlin,2,0,0,0.5012750437044519,1,0
D1,2025/2026,2025-10-04,Werder Bremen,St Pauli,1,0,0,0.3987749392114364,0,1
D1,2025/2026,2025-10-04,Ein Frankfurt,Bayern Munich,0,3,0,0.6850699595880175,1,0
E0,2025/2026,2025-10-04,Leeds,Tottenham,1,2,1,0.704983402739771,1,1
E0,2025/2026,2025-10-04,Arsenal,West Ham,2,0,0,0.4666761647628266,1,0
E0,2025/2026,2025-10-04,Man United,Sunderland,2,0,0,0.5346190046345642,1,0
E0,2025/2026,2025-10-04,Chelsea,Liverpool,2,1,1,0.6128496799804106,1,1
F1,2025/2026,2025-10-04,Metz,Marseille,0,3,0,0.6019435751456766,1,0
F1,2025/2026,2025-10-04,Brest,Nantes,0,0,0,0.5514267774018556,1,0
F1,2025/2026,2025-10-04,Auxerre,Lens,1,2,1,0.49198608630241775,1,1
SP1,2025/2026,2025-10-04,Oviedo,Levante,0,2,0,0.5882422233807036,1,0
SP1,2025/2026,2025-10-04,Girona,Valencia,2,1,1,0.5466081326561754,1,1
SP1,2025/2026,2025-10-04,Ath Bilbao,Mallorca,2,1,1,0.27021725116782574,0,0
SP1,2025/2026,2025-10-04,Real Madrid,Villarreal,3,1,1,0.6437869056434983,1,1
I1,2025/2026,2025-10-05,Udinese,Cagliari,1,1,1,0.5193493979850158,1,1
I1,2025/2026,2025-10-05,Bologna,Pisa,4,0,0,0.5308557789884522,1,0
I1,2025/2026,2025-10-05,Fiorentina,Roma,1,2,1,0.5106975148927687,1,1
I1,2025/2026,2025-10-05,Napoli,Genoa,2,1,1,0.3834630200441567,0,0
I1,2025/2026,2025-10-05,Juventus,Milan,0,0,0,0.5441952965323957,1,0
D1,2025/2026,2025-10-05,Stuttgart,Heidenheim,1,0,0,0.5781324524203919,1,0
D1,2025/2026,2025-10-05,Hamburg,Mainz,4,0,0,0.5602012184148231,1,0
D1,2025/2026,2025-10-05,M'gladbach,Freiburg,0,0,0,0.657275466303191,1,0
E0,2025/2026,2025-10-05,Aston Villa,Burnley,2,1,1,0.5355280660243835,1,1
E0,2025/2026,2025-10-05,Everton,Crystal Palace,2,1,1,0.42830629960141087,1,1
E0,2025/2026,2025-10-05,Newcastle,Nott'm Forest,2,0,0,0.5970020534014123,1,0
E0,2025/2026,2025-10-05,Wolves,Brighton,1,1,1,0.6535076657113825,1,1
E0,2025/2026,2025-10-05,Brentford,Man City,0,1,0,0.5992468484797797,1,0
F1,2025/2026,2025-10-05,Lyon,Toulouse,1,2,1,0.5977310086752874,1,1
F1,2025/2026,2025-10-05,Le Havre,Rennes,2,2,1,0.6376900041608664,1,1
F1,2025/2026,2025-10-05,Monaco,Nice,2,2,1,0.61051690825971,1,1
F1,2025/2026,2025-10-05,Strasbourg,Angers,5,0,0,0.432425843032206,1,0
F1,2025/2026,2025-10-05,Lille,Paris SG,1,1,1,0.5929120871471278,1,1
SP1,2025/2026,2025-10-05,Alaves,Elche,3,1,1,0.35406870898522175,0,0
SP1,2025/2026,2025-10-05,Sevilla,Barcelona,4,1,1,0.591808024713636,1,1
SP1,2025/2026,2025-10-05,Espanol,Betis,1,2,1,0.5208232928573843,1,1
SP1,2025/2026,2025-10-05,Sociedad,Vallecano,0,1,0,0.35667195260448814,0,1
SP1,2025/2026,2025-10-05,Celta,Ath Madrid,1,1,1,0.57555040509234,1,1
D1,2025/2026,2025-10-17,Union Berlin,M'gladbach,3,1,1,0.5832893421089984,1,1
F1,2025/2026,2025-10-17,Paris SG,Strasbourg,3,3,1,0.6062513316806512,1,1
SP1,2025/2026,2025-10-17,Oviedo,Espanol,0,2,0,0.4602188684897623,1,0
I1,2025/2026,2025-10-18,Lecce,Sassuolo,0,0,0,0.4870771751351378,1,0
I1,2025/2026,2025-10-18,Pisa,Verona,0,0,0,0.4584020186277023,1,0
I1,2025/2026,2025-10-18,Torino,Napoli,1,0,0,0.3548836438333069,0,1
I1,2025/2026,2025-10-18,Roma,Inter,0,1,0,0.4983390510070366,1,0
D1,2025/2026,2025-10-18,FC Koln,Augsburg,1,1,1,0.44219169552463883,1,1
D1,2025/2026,2025-10-18,Heidenheim,Werder Bremen,2,2,1,0.5761717034979886,1,1
D1,2025/2026,2025-10-18,Mainz,Leverkusen,3,4,1,0.5914997068721123,1,1
D1,2025/2026,2025-10-18,RB Leipzig,Hamburg,2,1,1,0.5963911938728028,1,1
D1,2025/2026,2025-10-18,Wolfsburg,Stuttgart,0,3,0,0.6461697875333039,1,0
D1,2025/2026,2025-10-18,Bayern Munich,Dortmund,2,1,1,0.7231978123648711,1,1
E0,2025/2026,2025-10-18,Nott'm Forest,Chelsea,0,3,0,0.5420121386311679,1,0
E0,2025/2026,2025-10-18,Brighton,Newcastle,2,1,1,0.680536614652698,1,1
E0,2025/2026,2025-10-18,Burnley,Leeds,2,0,0,0.6273131318851175,1,0
E0,2025/2026,2025-10-18,Crystal Palace,Bournemouth,3,3,1,0.5336933147656614,1,1
E0,2025/2026,2025-10-18,Man City,Everton,2,0,0,0.4166679646842079,1,0
E0,2025/2026,2025-10-18,Sunderland,Wolves,2,0,0,0.5923814268076807,1,0
E0,2025/2026,2025-10-18,Fulham,Arsenal,0,1,0,0.49782374585492073,1,0
F1,2025/2026,2025-10-18,Nice,Lyon,3,2,1,0.6362102562676669,1,1
F1,2025/2026,2025-10-18,Angers,Monaco,1,1,1,0.48526461487663985,1,1
F1,2025/2026,2025-10-18,Marseille,Le Havre,6,2,1,0.6416148637117915,1,1
SP1,2025/2026,2025-10-18,Sevilla,Mallorca,1,3,1,0.387298512179663,0,0
SP1,2025/2026,2025-10-18,Barcelona,Girona,2,1,1,0.6009020751451811,1,1
SP1,2025/2026,2025-10-18,Villarreal,Betis,2,2,1,0.656432759037514,1,1
SP1,2025/2026,2025-10-18,Ath Madrid,Osasuna,1,0,0,0.46976781881103796,1,0
I1,2025/2026,2025-10-19,Como,Juventus,2,0,0,0.49498904542020816,1,0
I1,2025/2026,2025-10-19,Cagliari,Bologna,0,2,0,0.5503619817144113,1,0
I1,2025/2026,2025-10-19,Genoa,Parma,0,0,0,0.47687573399751026,1,0
I1,2025/2026,2025-10-19,Atalanta,Lazio,0,0,0,0.5878068118670196,1,0
I1,2025/2026,2025-10-19,Milan,Fiorentina,2,1,1,0.6109502748065418,1,1
D1,2025/2026,2025-10-19,Freiburg,Ein Frankfurt,2,2,1,0.6261634340681098,1,1
D1,2025/2026,2025-10-19,St Pauli,Hoffenheim,0,3,0,0.4522331804251965,1,0
E0,2025/2026,2025-10-19,Tottenham,Aston Villa,1,2,1,0.6559032202730224,1,1
E0,2025/2026,2025-10-19,Liverpool,Man United,1,2,1,0.5535626403295961,1,1
F1,2025/2026,2025-10-19,Lens,Paris FC,2,1,1,0.48002484026817865,1,1
F1,2025/2026,2025-10-19,Lorient,Brest,3,3,1,0.6522764731149143,1,1
F1,2025/2026,2025-10-19,Rennes,Auxerre,2,2,1,0.5934375217871696,1,1
F1,2025/2026,2025-10-19,Toulouse,Metz,4,0,0,0.4913133098426414,1,0
F1,2025/2026,2025-10-19,Nantes,Lille,0,2,0,0.44106914647415607,1,0
SP1,2025/2026,2025-10-19,Elche,Ath Bilbao,0,0,0,0.33594494888139087,0,1
SP1,2025/2026,2025-10-19,Celta,Sociedad,1,1,1,0.49826993564979155,1,1
SP1,2025/2026,2025-10-19,Levante,Vallecano,0,3,0,0.519016678168055,1,0
SP1,2025/2026,2025-10-19,Getafe,Real Madrid,0,1,0,0.4385554445872337,1,0
I1,2025/2026,2025-10-20,Cremonese,Udinese,1,1,1,0.5365772355808215,1,1
E0,2025/2026,2025-10-20,West Ham,Brentford,0,2,0,0.6102437858210465,1,0
SP1,2025/2026,2025-10-20,Alaves,Valencia,0,0,0,0.38334891159803536,0,1
I1,2025/2026,2025-10-24,Milan,Pisa,2,2,1,0.5557764473021662,1,1
D1,2025/2026,2025-10-24,Werder Bremen,Union Berlin,1,0,0,0.5375841596131548,1,0
E0,2025/2026,2025-10-24,Leeds,West Ham,2,1,1,0.6283762751943415,1,1
F1,2025/2026,2025-10-24,Paris FC,Nantes,1,2,1,0.49871152257812496,1,1
SP1,2025/2026,2025-10-24,Sociedad,Sevilla,2,1,1,0.4317273143276353,1,1
I1,2025/2026,2025-10-25,Parma,Como,0,0,0,0.5418225656055775,1,0
I1,2025/2026,2025-10-25,Udinese,Lecce,3,2,1,0.40114969097873493,0,0
I1,2025/2026,2025-10-25,Napoli,Inter,3,1,1,0.4753185943607381,1,1
I1,2025/2026,2025-10-25,Cremonese,Atalanta,1,1,1,0.5347726482564857,1,1
D1,2025/2026,2025-10-25,Augsburg,RB Leipzig,0,6,0,0.514923627141544,1,0
D1,2025/2026,2025-10-25,Ein Frankfurt,St Pauli,2,0,0,0.3947555802016365,0,1
D1,2025/2026,2025-10-25,Hamburg,Wolfsburg,0,1,0,0.5901005417282644,1,0
D1,2025/2026,2025-10-25,Hoffenheim,Heidenheim,3,1,1,0.6275767220262478,1,1
D1,2025/2026,2025-10-25,M'gladbach,Bayern Munich,0,3,0,0.6723860039944243,1,0
D1,2025/2026,2025-10-25,Dortmund,FC Koln,1,0,0,0.542418912979253,1,0
E0,2025/2026,2025-10-25,Chelsea,Sunderland,1,2,1,0.5391089084759776,1,1
E0,2025/2026,2025-10-25,Newcastle,Fulham,2,1,1,0.6032066536629372,1,1
E0,2025/2026,2025-10-25,Man United,Brighton,4,2,1,0.5976280519923685,1,1
E0,2025/2026,2025-10-25,Brentford,Liverpool,3,2,1,0.6623015062466985,1,1
F1,2025/2026,2025-10-25,Brest,Paris SG,0,3,0,0.6737334352115683,1,0
F1,2025/2026,2025-10-25,Monaco,Toulouse,1,0,0,0.5623999575663116,1,0
F1,2025/2026,2025-10-25,Lens,Marseille,2,1,1,0.5811291835136997,1,1
SP1,2025/2026,2025-10-25,Girona,Oviedo,3,3,1,0.5556440010338575,1,1
SP1,2025/2026,2025-10-25,Espanol,Elche,1,0,0,0.4178002699868009,1,0
SP1,2025/2026,2025-10-25,Ath Bilbao,Getafe,0,1,0,0.28750056630807896,0,1
SP1,2025/2026,2025-10-25,Valencia,Villarreal,0,2,0,0.595116164625684,1,0
I1,2025/2026,2025-10-26,Torino,Genoa,2,1,1,0.3764446966871982,0,0
I1,2025/2026,2025-10-26,Sassuolo,Roma,0,1,0,0.5035003956157046,1,0
I1,2025/2026,2025-10-26,Verona,Cagliari,2,2,1,0.48222141138901803,1,1
I1,2025/2026,2025-10-26,Fiorentina,Bologna,2,2,1,0.5765765065874227,1,1
I1,2025/2026,2025-10-26,Lazio,Juventus,1,0,0,0.510039481636895,1,0
D1,2025/2026,2025-10-26,Leverkusen,Freiburg,2,0,0,0.5939766500755143,1,0
D1,2025/2026,2025-10-26,Stuttgart,Mainz,2,1,1,0.6208291485857492,1,1
E0,2025/2026,2025-10-26,Arsenal,Crystal Palace,1,0,0,0.4788895884297028,1,0
E0,2025/2026,2025-10-26,Aston Villa,Man City,1,0,0,0.5628509864591942,1,0
E0,2025/2026,2025-10-26,Bournemouth,Nott'm Forest,2,0,0,0.5348006098926763,1,0
E0,2025/2026,2025-10-26,Wolves,Burnley,2,3,1,0.5805343386263566,1,1
E0,2025/2026,2025-10-26,Everton,Tottenham,0,3,0,0.5218492948519403,1,0
F1,2025/2026,2025-10-26,Lille,Metz,6,1,1,0.44598604052376595,1,1
F1,2025/2026,2025-10-26,Angers,Lorient,2,0,0,0.500929625238658,1,0
F1,2025/2026,2025-10-26,Auxerre,Le Havre,0,1,0,0.5952911754494062,1,0
F1,2025/2026,2025-10-26,Rennes,Nice,1,2,1,0.5986444668659369,1,1
F1,2025/2026,2025-10-26,Lyon,Strasbourg,2,1,1,0.6267240176537475,1,1
SP1,2025/2026,2025-10-26,Mallorca,Levante,1,1,1,0.4757538558354682,1,1
SP1,2025/2026,2025-10-26,Real Madrid,Barcelona,2,1,1,0.6813940038670948,1,1
SP1,2025/2026,2025-10-26,Osasuna,Celta,2,3,1,0.5823578487868394,1,1
SP1,2025/2026,2025-10-26,Vallecano,Alaves,1,0,0,0.32778853666208935,0,1
SP1,2025/2026,2025-10-27,Betis,Ath Madrid,0,2,0,0.5544695225018399,1,0
I1,2025/2026,2025-10-28,Lecce,Napoli,0,1,0,0.3272345796095713,0,1
I1,2025/2026,2025-10-28,Atalanta,Milan,1,1,1,0.6299205975957093,1,1
I1,2025/2026,2025-10-29,Como,Verona,3,1,1,0.4586489626126946,1,1
I1,2025/2026,2025-10-29,Juventus,Udinese,3,1,1,0.4405571926343717,1,1
I1,2025/2026,2025-10-29,Roma,Parma,2,1,1,0.4587360000891975,1,1
I1,2025/2026,2025-10-29,Bologna,Torino,0,0,0,0.44040917953425723,1,0
I1,2025/2026,2025-10-29,Genoa,Cremonese,0,2,0,0.48183511912552035,1,0
I1,2025/2026,2025-10-29,Inter,Fiorentina,3,0,0,0.5487787966701546,1,0
F1,2025/2026,2025-10-29,Le Havre,Brest,1,0,0,0.6653478950335011,1,0
F1,2025/2026,2025-10-29,Lorient,Paris SG,1,1,1,0.6159346824733157,1,1
F1,2025/2026,2025-10-29,Metz,Lens,2,0,0,0.46104491139859866,1,0
F1,2025/2026,2025-10-29,Nice,Lille,2,0,0,0.5085750708474643,1,0
F1,2025/2026,2025-10-29,Marseille,Angers,2,2,1,0.5035284293105916,1,1
F1,2025/2026,2025-10-29,Nantes,Monaco,3,5,1,0.5326566628661268,1,1
F1,2025/2026,2025-10-29,Paris FC,Lyon,3,3,1,0.6301765073496115,1,1
F1,2025/2026,2025-10-29,Strasbourg,Auxerre,3,0,0,0.5489484751067916,1,0
F1,2025/2026,2025-10-29,Toulouse,Rennes,2,2,1,0.5675137668120644,1,1
I1,2025/2026,2025-10-30,Cagliari,Sassuolo,1,2,1,0.5975958117851041,1,1
I1,2025/2026,2025-10-30,Pisa,Lazio,0,0,0,0.539092852159364,1,0
D1,2025/2026,2025-10-31,Augsburg,Dortmund,0,1,0,0.5628226882073396,1,0
SP1,2025/2026,2025-10-31,Getafe,Girona,2,1,1,0.46414825391415565,1,1
I1,2025/2026,2025-11-01,Udinese,Atalanta,1,0,0,0.524604420541726,1,0
I1,2025/2026,2025-11-01,Napoli,Como,0,0,0,0.45195440692618394,1,0
I1,2025/2026,2025-11-01,Cremonese,Juventus,1,2,1,0.4752751857976783,1,1
D1,2025/2026,2025-11-01,Heidenheim,Ein Frankfurt,1,1,1,0.5690017961568926,1,1
D1,2025/2026,2025-11-01,Mainz,Werder Bremen,1,1,1,0.5837759864866866,1,1
D1,2025/2026,2025-11-01,RB Leipzig,Stuttgart,3,1,1,0.6695867226852098,1,1
D1,2025/2026,2025-11-01,St Pauli,M'gladbach,0,4,0,0.4383676534453785,1,0
D1,2025/2026,2025-11-01,Union Berlin,Freiburg,0,0,0,0.5252587908767905,1,0
D1,2025/2026,2025-11-01,Bayern Munich,Leverkusen,3,0,0,0.6912975502899199,1,0
E0,2025/2026,2025-11-01,Brighton,Leeds,3,0,0,0.6592754993908057,1,0
E0,2025/2026,2025-11-01,Burnley,Arsenal,0,2,0,0.457375989792145,1,0
E0,2025/2026,2025-11-01,Crystal Palace,Brentford,2,0,0,0.5990653680034271,1,0
E0,2025/2026,2025-11-01,Fulham,Wolves,3,0,0,0.5858498442126986,1,0
E0,2025/2026,2025-11-01,Nott'm Forest,Man United,2,2,1,0.5173010459483379,1,1
E0,2025/2026,2025-11-01,Tottenham,Chelsea,0,1,0,0.6348549324659066,1,0
E0,2025/2026,2025-11-01,Liverpool,Aston Villa,2,0,0,0.615236961759648,1,0
F1,2025/2026,2025-11-01,Paris SG,Nice,1,0,0,0.6373113066826616,1,0
F1,2025/2026,2025-11-01,Monaco,Paris FC,0,1,0,0.5749981203144399,1,0
F1,2025/2026,2025-11-01,Auxerre,Marseille,0,1,0,0.6501502924426628,1,0
SP1,2025/2026,2025-11-01,Villarreal,Vallecano,4,0,0,0.5066205116442071,1,0
SP1,2025/2026,2025-11-01,Ath Madrid,Sevilla,3,0,0,0.4577693863725875,1,0
SP1,2025/2026,2025-11-01,Sociedad,Ath Bilbao,3,2,1,0.32129052585203244,0,0
SP1,2025/2026,2025-11-01,Real Madrid,Valencia,4,0,0,0.4888008717650137,1,0
I1,2025/2026,2025-11-02,Verona,Inter,1,2,1,0.42091584252791703,1,1
I1,2025/2026,2025-11-02,Fiorentina,Lecce,0,1,0,0.40719153023612786,0,1
I1,2025/2026,2025-11-02,Torino,Pisa,2,2,1,0.42217919542875276,1,1
I1,2025/2026,2025-11-02,Parma,Bologna,1,3,1,0.5517534168846491,1,1
I1,2025/2026,2025-11-02,Milan,Roma,1,0,0,0.5407595090427484,1,0
D1,2025/2026,2025-11-02,FC Koln,Hamburg,4,1,1,0.5236079033838922,1,1
D1,2025/2026,2025-11-02,Wolfsburg,Hoffenheim,2,3,1,0.6602255526039963,1,1
E0,2025/2026,2025-11-02,West Ham,Newcastle,3,1,1,0.6051087586763317,1,1
E0,2025/2026,2025-11-02,Man City,Bournemouth,3,1,1,0.5216476598674412,1,1
F1,2025/2026,2025-11-02,Rennes,Strasbourg,4,1,1,0.589956431443807,1,1
F1,2025/2026,2025-11-02,Lens,Lorient,3,0,0,0.5041075254190437,1,0
F1,2025/2026,2025-11-02,Lille,Angers,1,0,0,0.38173315609568303,0,1
F1,2025/2026,2025-11-02,Nantes,Metz,0,2,0,0.4782874407210371,1,0
F1,2025/2026,2025-11-02,Toulouse,Le Havre,0,0,0,0.5624643225440781,1,0
F1,2025/2026,2025-11-02,Brest,Lyon,0,0,0,0.6924916158815351,1,0
SP1,2025/2026,2025-11-02,Levante,Celta,1,2,1,0.6799647590579412,1,1
SP1,2025/2026,2025-11-02,Alaves,Espanol,2,1,1,0.3671107500018047,0,0
SP1,2025/2026,2025-11-02,Barcelona,Elche,3,1,1,0.46734289509208954,1,1
SP1,2025/2026,2025-11-02,Betis,Mallorca,3,0,0,0.4216250935419649,1,0
I1,2025/2026,2025-11-03,Sassuolo,Genoa,1,2,1,0.5337477660143121,1,1
I1,2025/2026,2025-11-03,Lazio,Cagliari,2,0,0,0.5371135563632652,1,0
E0,2025/2026,2025-11-03,Sunderland,Everton,1,1,1,0.44298830518134275,1,1
SP1,2025/2026,2025-11-03,Oviedo,Osasuna,0,0,0,0.4969415342796656,1,0
I1,2025/2026,2025-11-07,Pisa,Cremonese,1,0,0,0.5333380366191847,1,0
D1,2025/2026,2025-11-07,Werder Bremen,Wolfsburg,2,1,1,0.6135091679950079,1,1
F1,2025/2026,2025-11-07,Paris FC,Rennes,0,1,0,0.5949271400894215,1,0
SP1,2025/2026,2025-11-07,Elche,Sociedad,1,1,1,0.3930318796210864,0,0
I1,2025/2026,2025-11-08,Como,Cagliari,0,0,0,0.5334731033568301,1,0
I1,2025/2026,2025-11-08,Lecce,Verona,0,0,0,0.37336914159637846,0,1
I1,2025/2026,2025-11-08,Juventus,Torino,0,0,0,0.3777478622901726,0,1
I1,2025/2026,2025-11-08,Parma,Milan,2,2,1,0.5795846736245941,1,1
D1,2025/2026,2025-11-08,Hamburg,Dortmund,1,1,1,0.6554271804708692,1,1
D1,2025/2026,2025-11-08,Hoffenheim,RB Leipzig,3,1,1,0.6765006138427437,1,1
D1,2025/2026,2025-11-08,Leverkusen,Heidenheim,6,0,0,0.5220844017655717,1,0
D1,2025/2026,2025-11-08,Union Berlin,Bayern Munich,2,2,1,0.5267548828640856,1,1
D1,2025/2026,2025-11-08,M'gladbach,FC Koln,3,1,1,0.5710797086220982,1,1
E0,2025/2026,2025-11-08,Tottenham,Man United,2,2,1,0.6180709758071281,1,1
E0,2025/2026,2025-11-08,Everton,Fulham,2,0,0,0.4397721687035052,1,0
E0,2025/2026,2025-11-08,West Ham,Burnley,3,2,1,0.5649108001658735,1,1
E0,2025/2026,2025-11-08,Sunderland,Arsenal,2,2,1,0.4908225036669641,1,1
E0,2025/2026,2025-11-08,Chelsea,Wolves,3,0,0,0.5520110467940575,1,0
F1,2025/2026,2025-11-08,Marseille,Brest,3,0,0,0.6869308661500028,1,0
F1,2025/2026,2025-11-08,Le Havre,Nantes,1,1,1,0.5528006465832265,1,1
F1,2025/2026,2025-11-08,Monaco,Lens,1,4,1,0.5267471201373872,1,1
SP1,2025/2026,2025-11-08,Girona,Alaves,1,0,0,0.4529197831083799,1,0
SP1,2025/2026,2025-11-08,Sevilla,Osasuna,1,0,0,0.5078976848191219,1,0
SP1,2025/2026,2025-11-08,Ath Madrid,Levante,3,1,1,0.5353142005776513,1,1
SP1,2025/2026,2025-11-08,Espanol,Villarreal,0,2,0,0.5757191541449649,1,0
I1,2025/2026,2025-11-09,Atalanta,Sassuolo,0,3,0,0.5510881090810708,1,0
I1,2025/2026,2025-11-09,Bologna,Napoli,2,0,0,0.4803081883245078,1,0
I1,2025/2026,2025-11-09,Genoa,Fiorentina,2,2,1,0.49331336714491436,1,1
I1,2025/2026,2025-11-09,Roma,Udinese,2,0,0,0.4279155001369611,1,0
I1,2025/2026,2025-11-09,Inter,Lazio,2,0,0,0.5373408154188569,1,0
D1,2025/2026,2025-11-09,Freiburg,St Pauli,2,1,1,0.381868975098453,0,0
D1,2025/2026,2025-11-09,Stuttgart,Augsburg,3,2,1,0.5393823483696518,1,1
D1,2025/2026,2025-11-09,Ein Frankfurt,Mainz,1,0,0,0.5946958059977889,1,0
E0,2025/2026,2025-11-09,Aston Villa,Bournemouth,4,0,0,0.5455356014094699,1,0
E0,2025/2026,2025-11-09,Brentford,Newcastle,3,1,1,0.6578798018462927,1,1
E0,2025/2026,2025-11-09,Crystal Palace,Brighton,0,0,0,0.6230152133956179,1,0
E0,2025/2026,2025-11-09,Nott'm Forest,Leeds,3,1,1,0.5889851474861244,1,1
E0,2025/2026,2025-11-09,Man City,Liverpool,3,0,0,0.628718412086441,1,0
F1,2025/2026,2025-11-09,Lorient,Toulouse,1,1,1,0.5642037129439467,1,1
F1,2025/2026,2025-11-09,Angers,Auxerre,2,0,0,0.4641240462570234,1,0
F1,2025/2026,2025-11-09,Metz,Nice,2,1,1,0.514322578606357,1,1
F1,2025/2026,2025-11-09,Strasbourg,Lille,2,0,0,0.5012063297384246,1,0
F1,2025/2026,2025-11-09,Lyon,Paris SG,2,3,1,0.7160664168276955,1,1
SP1,2025/2026,2025-11-09,Ath Bilbao,Oviedo,1,0,0,0.3615969690055598,0,1
SP1,2025/2026,2025-11-09,Vallecano,Real Madrid,0,0,0,0.4564907827181659,1,0
SP1,2025/2026,2025-11-09,Mallorca,Getafe,1,0,0,0.3024179288198126,0,1
SP1,2025/2026,2025-11-09,Valencia,Betis,1,1,1,0.5392611583124945,1,1
SP1,2025/2026,2025-11-09,Celta,Barcelona,2,4,1,0.6820936443650791,1,1
D1,2025/2026,2025-11-21,Mainz,Hoffenheim,1,1,1,0.6217751140687053,1,1
F1,2025/2026,2025-11-21,Nice,Marseille,1,5,1,0.6533285914310965,1,1
SP1,2025/2026,2025-11-21,Valencia,Levante,1,0,0,0.5783408571116894,1,0
I1,2025/2026,2025-11-22,Cagliari,Genoa,3,3,1,0.4805325597835186,1,1
I1,2025/2026,2025-11-22,Udinese,Bologna,0,3,0,0.5223299363211212,1,0
I1,2025/2026,2025-11-22,Fiorentina,Juventus,1,1,1,0.5160596967771189,1,1
I1,2025/2026,2025-11-22,Napoli,Atalanta,3,1,1,0.5138836036371377,1,1
D1,2025/2026,2025-11-22,Augsburg,Hamburg,1,0,0,0.5052521221713003,1,0
D1,2025/2026,2025-11-22,Bayern Munich,Freiburg,6,2,1,0.5978696998210004,1,1
D1,2025/2026,2025-11-22,Dortmund,Stuttgart,3,3,1,0.7251874129852369,1,1
D1,2025/2026,2025-11-22,Heidenheim,M'gladbach,0,3,0,0.6151734044223768,1,0
D1,2025/2026,2025-11-22,Wolfsburg,Leverkusen,1,3,1,0.6045448864544612,1,1
D1,2025/2026,2025-11-22,FC Koln,Ein Frankfurt,3,4,1,0.5330379442608876,1,1
E0,2025/2026,2025-11-22,Burnley,Chelsea,0,2,0,0.5262514737185359,1,0
E0,2025/2026,2025-11-22,Bournemouth,West Ham,2,2,1,0.5393851456377409,1,1
E0,2025/2026,2025-11-22,Brighton,Brentford,2,1,1,0.6765642853754211,1,1
E0,2025/2026,2025-11-22,Fulham,Sunderland,1,0,0,0.5708204357830461,1,0
E0,2025/2026,2025-11-22,Liverpool,Nott'm Forest,0,3,0,0.5945901002310794,1,0
E0,2025/2026,2025-11-22,Wolves,Crystal Palace,0,2,0,0.5758197521393326,1,0
E0,2025/2026,2025-11-22,Newcastle,Man City,2,1,1,0.6149069536445546,1,1
F1,2025/2026,2025-11-22,Lens,Strasbourg,1,0,0,0.4836534578429634,1,0
F1,2025/2026,2025-11-22,Rennes,Monaco,4,1,1,0.641464975661208,1,1
F1,2025/2026,2025-11-22,Paris SG,Le Havre,3,0,0,0.5795822826728487,1,0
SP1,2025/2026,2025-11-22,Alaves,Celta,0,1,0,0.4718491010504186,1,0
SP1,2025/2026,2025-11-22,Barcelona,Ath Bilbao,4,0,0,0.497894605201241,1,0
SP1,2025/2026,2025-11-22,Osasuna,Sociedad,1,3,1,0.42802836463799454,1,1
SP1,2025/2026,2025-11-22,Villarreal,Mallorca,2,1,1,0.46453409152714786,1,1
I1,2025/2026,2025-11-23,Verona,Parma,1,2,1,0.4785814522701505,1,1
I1,2025/2026,2025-11-23,Cremonese,Roma,1,3,1,0.46093722398382475,1,1
I1,2025/2026,2025-11-23,Lazio,Lecce,2,0,0,0.40840349989109676,0,1
I1,2025/2026,2025-11-23,Inter,Milan,0,1,0,0.5807309465815725,1,0
D1,2025/2026,2025-11-23,RB Leipzig,Werder Bremen,2,0,0,0.6286829492196997,1,0
D1,2025/2026,2025-11-23,St Pauli,Union Berlin,0,1,0,0.32405964712015983,0,1
E0,2025/2026,2025-11-23,Leeds,Aston Villa,1,2,1,0.6067522866890707,1,1
E0,2025/2026,2025-11-23,Arsenal,Tottenham,4,1,1,0.5546251139992848,1,1
F1,2025/2026,2025-11-23,Auxerre,Lyon,0,0,0,0.637326168307636,1,0
F1,2025/2026,2025-11-23,Brest,Metz,3,2,1,0.577842300535249,1,1
F1,2025/2026,2025-11-23,Nantes,Lorient,1,1,1,0.536027532709916,1,1
F1,2025/2026,2025-11-23,Toulouse,Angers,0,1,0,0.42200231766536556,1,0
F1,2025/2026,2025-11-23,Lille,Paris FC,4,2,1,0.48527540271509884,1,1
SP1,2025/2026,2025-11-23,Oviedo,Vallecano,0,0,0,0.4156218332359266,1,0
SP1,2025/2026,2025-11-23,Betis,Girona,1,1,1,0.6025491122868273,1,1
SP1,2025/2026,2025-11-23,Getafe,Ath Madrid,0,1,0,0.39636261193361716,0,1
SP1,2025/2026,2025-11-23,Elche,Real Madrid,2,2,1,0.46797514162740295,1,1
I1,2025/2026,2025-11-24,Torino,Como,1,5,1,0.43589719820810885,1,1
I1,2025/2026,2025-11-24,Sassuolo,Pisa,2,2,1,0.5862494383223786,1,1
E0,2025/2026,2025-11-24,Man United,Everton,0,1,0,0.40501775905946935,0,1
SP1,2025/2026,2025-11-24,Espanol,Sevilla,2,1,1,0.46942830946318437,1,1
I1,2025/2026,2025-11-28,Como,Sassuolo,2,0,0,0.5733397407654642,1,0
D1,2025/2026,2025-11-28,M'gladbach,RB Leipzig,0,0,0,0.6693980934545422,1,0
F1,2025/2026,2025-11-28,Metz,Rennes,0,1,0,0.5652294382051416,1,0
SP1,2025/2026,2025-11-28,Getafe,Elche,1,0,0,0.3629589590577083,0,1
I1,2025/2026,2025-11-29,Genoa,Verona,2,1,1,0.40964087667178367,0,0
I1,2025/2026,2025-11-29,Parma,Udinese,0,2,0,0.5146214102449514,1,0
I1,2025/2026,2025-11-29,Juventus,Cagliari,2,1,1,0.4672195485468189,1,1
I1,2025/2026,2025-11-29,Milan,Lazio,1,0,0,0.6031542241717975,1,0
D1,2025/2026,2025-11-29,Bayern Munich,St Pauli,3,1,1,0.38613015414048296,0,0
D1,2025/2026,2025-11-29,Hoffenheim,Augsburg,3,0,0,0.5794005229649297,1,0
D1,2025/2026,2025-11-29,Union Berlin,Heidenheim,1,2,1,0.4865040071978422,1,1
D1,2025/2026,2025-11-29,Werder Bremen,FC Koln,1,1,1,0.5312667438077083,1,1
D1,2025/2026,2025-11-29,Leverkusen,Dortmund,1,2,1,0.7020455977673868,1,1
E0,2025/2026,2025-11-29,Brentford,Burnley,3,1,1,0.578128108838119,1,1
E0,2025/2026,2025-11-29,Man City,Leeds,3,2,1,0.5339953888173405,1,1
E0,2025/2026,2025-11-29,Sunderland,Bournemouth,3,2,1,0.5487222008943127,1,1
E0,2025/2026,2025-11-29,Everton,Newcastle,1,4,1,0.4824362620878006,1,1
E0,2025/2026,2025-11-29,Tottenham,Fulham,1,2,1,0.6573120038359962,1,1
F1,2025/2026,2025-11-29,Monaco,Paris SG,1,0,0,0.6925389950132905,1,0
F1,2025/2026,2025-11-29,Paris FC,Auxerre,1,1,1,0.5618631888009158,1,1
F1,2025/2026,2025-11-29,Marseille,Toulouse,2,2,1,0.60841767063358,1,1
SP1,2025/2026,2025-11-29,Mallorca,Osasuna,2,2,1,0.3876023395438563,0,0
SP1,2025/2026,2025-11-29,Barcelona,Alaves,3,1,1,0.4510881767945377,1,1
SP1,2025/2026,2025-11-29,Levante,Ath Bilbao,0,2,0,0.4691975200221595,1,0
SP1,2025/2026,2025-11-29,Ath Madrid,Oviedo,2,0,0,0.4561341180842317,1,0
I1,2025/2026,2025-11-30,Lecce,Torino,2,1,1,0.32932771390892224,0,0
I1,2025/2026,2025-11-30,Pisa,Inter,0,2,0,0.4973966415707394,1,0
I1,2025/2026,2025-11-30,Atalanta,Fiorentina,2,0,0,0.5982094271035207,1,0
I1,2025/2026,2025-11-30,Roma,Napoli,0,1,0,0.41941102058955,1,0
D1,2025/2026,2025-11-30,Hamburg,Stuttgart,2,1,1,0.6440969067450818,1,1
D1,2025/2026,2025-11-30,Ein Frankfurt,Wolfsburg,1,1,1,0.6105334997462275,1,1
D1,2025/2026,2025-11-30,Freiburg,Mainz,4,0,0,0.5664133392655797,1,0
E0,2025/2026,2025-11-30,Crystal Palace,Man United,1,2,1,0.5154161040433712,1,1
E0,2025/2026,2025-11-30,Aston Villa,Wolves,1,0,0,0.5765439655009986,1,0
E0,2025/2026,2025-11-30,Nott'm Forest,Brighton,0,2,0,0.6247114264591619,1,0
E0,2025/2026,2025-11-30,West Ham,Liverpool,0,2,0,0.5996145093420385,1,0
E0,2025/2026,2025-11-30,Chelsea,Arsenal,1,1,1,0.4974365753540251,1,1
F1,2025/2026,2025-11-30,Strasbourg,Brest,1,2,1,0.6047197419272753,1,1
F1,2025/2026,2025-11-30,Angers,Lens,1,2,1,0.39264500003953245,0,0
F1,2025/2026,2025-11-30,Le Havre,Lille,0,1,0,0.5371611998776314,1,0
F1,2025/2026,2025-11-30,Lorient,Nice,3,1,1,0.575124997521041,1,1
F1,2025/2026,2025-11-30,Lyon,Nantes,3,0,0,0.5473255702305304,1,0
SP1,2025/2026,2025-11-30,Sociedad,Villarreal,2,3,1,0.5344770953368586,1,1
SP1,2025/2026,2025-11-30,Sevilla,Betis,0,2,0,0.5581535988454439,1,0
SP1,2025/2026,2025-11-30,Celta,Espanol,0,1,0,0.5389757628838839,1,0
SP1,2025/2026,2025-11-30,Girona,Real Madrid,1,1,1,0.5937905320109498,1,1
I1,2025/2026,2025-12-01,Bologna,Cremonese,1,3,1,0.5274484501666415,1,1
SP1,2025/2026,2025-12-01,Vallecano,Valencia,1,1,1,0.4093557872124276,0,0
E0,2025/2026,2025-12-02,Bournemouth,Everton,0,1,0,0.4166362692830847,1,0
E0,2025/2026,2025-12-02,Fulham,Man City,4,5,1,0.5508541742504844,1,1
E0,2025/2026,2025-12-02,Newcastle,Tottenham,2,2,1,0.6801291144751661,1,1
SP1,2025/2026,2025-12-02,Barcelona,Ath Madrid,3,1,1,0.6240344887913207,1,1
E0,2025/2026,2025-12-03,Arsenal,Brentford,2,0,0,0.5322101463585865,1,0
E0,2025/2026,2025-12-03,Brighton,Aston Villa,3,4,1,0.6373422745682561,1,1
E0,2025/2026,2025-12-03,Burnley,Crystal Palace,0,1,0,0.5449205317959166,1,0
E0,2025/2026,2025-12-03,Wolves,Nott'm Forest,0,1,0,0.5776220424070005,1,0
E0,2025/2026,2025-12-03,Leeds,Chelsea,3,1,1,0.5807703928458469,1,1
E0,2025/2026,2025-12-03,Liverpool,Sunderland,1,1,1,0.5870160174321232,1,1
SP1,2025/2026,2025-12-03,Ath Bilbao,Real Madrid,0,3,0,0.44209498996576724,1,0
E0,2025/2026,2025-12-04,Man United,West Ham,1,1,1,0.5326025742062129,1,1
D1,2025/2026,2025-12-05,Mainz,M'gladbach,0,1,0,0.6178308136329432,1,0
F1,2025/2026,2025-12-05,Brest,Monaco,1,0,0,0.6598271274115476,1,0
F1,2025/2026,2025-12-05,Lille,Marseille,1,0,0,0.598118983854614,1,0
SP1,2025/2026,2025-12-05,Oviedo,Mallorca,0,0,0,0.3767873297570742,0,1
I1,2025/2026,2025-12-06,Sassuolo,Fiorentina,3,1,1,0.589432160644434,1,1
I1,2025/2026,2025-12-06,Inter,Como,4,0,0,0.5131243996865253,1,0
I1,2025/2026,2025-12-06,Verona,Atalanta,3,1,1,0.4716714557568523,1,1
D1,2025/2026,2025-12-06,Augsburg,Leverkusen,2,0,0,0.5067974674023498,1,0
D1,2025/2026,2025-12-06,FC Koln,St Pauli,1,1,1,0.3276667214837372,0,0
D1,2025/2026,2025-12-06,Heidenheim,Freiburg,2,1,1,0.5571721868229207,1,1
D1,2025/2026,2025-12-06,Stuttgart,Bayern Munich,0,5,0,0.7067300266614117,1,0
D1,2025/2026,2025-12-06,Wolfsburg,Union Berlin,3,1,1,0.5139948244468898,1,1
D1,2025/2026,2025-12-06,RB Leipzig,Ein Frankfurt,6,0,0,0.6443637028675567,1,0
E0,2025/2026,2025-12-06,Aston Villa,Arsenal,2,1,1,0.5099062330697601,1,1
E0,2025/2026,2025-12-06,Bournemouth,Chelsea,0,0,0,0.5296390797906826,1,0
E0,2025/2026,2025-12-06,Everton,Nott'm Forest,3,0,0,0.4297040615778149,1,0
E0,2025/2026,2025-12-06,Man City,Sunderland,3,0,0,0.5256587274210016,1,0
E0,2025/2026,2025-12-06,Newcastle,Burnley,2,1,1,0.560046661991468,1,1
E0,2025/2026,2025-12-06,Tottenham,Brentford,2,0,0,0.6960447286472581,1,0
E0,2025/2026,2025-12-06,Leeds,Liverpool,3,3,1,0.6200752776211513,1,1
F1,2025/2026,2025-12-06,Nantes,Lens,1,2,1,0.43174571480523005,1,1
F1,2025/2026,2025-12-06,Toulouse,Strasbourg,1,0,0,0.5258401404401956,1,0
F1,2025/2026,2025-12-06,Paris SG,Rennes,5,0,0,0.6359974122446259,1,0
SP1,2025/2026,2025-12-06,Villarreal,Getafe,2,0,0,0.4880446736976653,1,0
SP1,2025/2026,2025-12-06,Alaves,Sociedad,1,0,0,0.3329878854750502,0,1
SP1,2025/2026,2025-12-06,Betis,Barcelona,3,5,1,0.6654891032696737,1,1
SP1,2025/2026,2025-12-06,Ath Bilbao,Ath Madrid,1,0,0,0.39482622036396603,0,1
I1,2025/2026,2025-12-07,Cremonese,Lecce,2,0,0,0.4482950658516346,1,0
I1,2025/2026,2025-12-07,Cagliari,Roma,1,0,0,0.4697990240652955,1,0
I1,2025/2026,2025-12-07,Lazio,Bologna,1,1,1,0.5721744303638143,1,1
I1,2025/2026,2025-12-07,Napoli,Juventus,2,1,1,0.42071335263534654,1,1
D1,2025/2026,2025-12-07,Hamburg,Werder Bremen,3,2,1,0.6168121039723629,1,1
D1,2025/2026,2025-12-07,Dortmund,Hoffenheim,2,0,0,0.6982803076936804,1,0
E0,2025/2026,2025-12-07,Brighton,West Ham,1,1,1,0.627400976044879,1,1
E0,2025/2026,2025-12-07,Fulham,Crystal Palace,1,2,1,0.5583487391593528,1,1
F1,2025/2026,2025-12-07,Nice,Angers,0,1,0,0.4223716603202572,1,0
F1,2025/2026,2025-12-07,Auxerre,Metz,3,1,1,0.5233027702519075,1,1
F1,2025/2026,2025-12-07,Le Havre,Paris FC,0,0,0,0.6097084347328794,1,0
F1,2025/2026,2025-12-07,Lorient,Lyon,1,0,0,0.6542722999245301,1,0
SP1,2025/2026,2025-12-07,Elche,Girona,3,0,0,0.5224059814919584,1,0
SP1,2025/2026,2025-12-07,Valencia,Sevilla,1,1,1,0.4859435721396385,1,1
SP1,2025/2026,2025-12-07,Espanol,Vallecano,1,0,0,0.39131223634246176,0,1
SP1,2025/2026,2025-12-07,Real Madrid,Celta,0,2,0,0.5870850104502687,1,0
I1,2025/2026,2025-12-08,Pisa,Parma,0,1,0,0.5280081856648635,1,0
I1,2025/2026,2025-12-08,Udinese,Genoa,1,2,1,0.4544553199999736,1,1
I1,2025/2026,2025-12-08,Torino,Milan,2,3,1,0.47576689228936636,1,1
E0,2025/2026,2025-12-08,Wolves,Man United,1,4,1,0.5522125926845313,1,1
SP1,2025/2026,2025-12-08,Osasuna,Levante,2,0,0,0.5935830198013965,1,0
I1,2025/2026,2025-12-12,Lecce,Pisa,1,0,0,0.4131625956614854,1,0
D1,2025/2026,2025-12-12,Union Berlin,RB Leipzig,3,1,1,0.5306254609391922,1,1
F1,2025/2026,2025-12-12,Angers,Nantes,4,1,1,0.4124861705063125,1,1
SP1,2025/2026,2025-12-12,Sociedad,Girona,1,2,1,0.488161342237317,1,1
I1,2025/2026,2025-12-13,Torino,Cremonese,1,0,0,0.4403550730362532,1,0
I1,2025/2026,2025-12-13,Parma,Lazio,0,1,0,0.5505861884937132,1,0
I1,2025/2026,2025-12-13,Atalanta,Cagliari,2,1,1,0.5311525372621083,1,1
D1,2025/2026,2025-12-13,Ein Frankfurt,Augsburg,1,0,0,0.5137188663428094,1,0
D1,2025/2026,2025-12-13,Hoffenheim,Hamburg,4,1,1,0.6672557709993233,1,1
D1,2025/2026,2025-12-13,M'gladbach,Wolfsburg,1,3,1,0.6514092735760671,1,1
D1,2025/2026,2025-12-13,St Pauli,Heidenheim,2,1,1,0.35126598354383987,0,0
D1,2025/2026,2025-12-13,Leverkusen,FC Koln,2,0,0,0.4848370435542299,1,0
E0,2025/2026,2025-12-13,Chelsea,Everton,2,0,0,0.41846235349289274,1,0
E0,2025/2026,2025-12-13,Liverpool,Brighton,2,0,0,0.667429112839565,1,0
E0,2025/2026,2025-12-13,Burnley,Fulham,2,3,1,0.562581788251992,1,1
E0,2025/2026,2025-12-13,Arsenal,Wolves,2,1,1,0.48395137868192567,1,1
F1,2025/2026,2025-12-13,Rennes,Brest,3,1,1,0.6492561809500635,1,1
F1,2025/2026,2025-12-13,Metz,Paris SG,2,3,1,0.5545332079331496,1,1
F1,2025/2026,2025-12-13,Paris FC,Toulouse,0,3,0,0.5313056159018718,1,0
SP1,2025/2026,2025-12-13,Ath Madrid,Valencia,2,1,1,0.44937031467842103,1,1
SP1,2025/2026,2025-12-13,Mallorca,Elche,3,1,1,0.34403105825313723,0,0
SP1,2025/2026,2025-12-13,Barcelona,Osasuna,2,0,0,0.5621833747433022,1,0
SP1,2025/2026,2025-12-13,Getafe,Espanol,0,1,0,0.37598824247166335,0,1
I1,2025/2026,2025-12-14,Milan,Sassuolo,2,2,1,0.5888243890643783,1,1
I1,2025/2026,2025-12-14,Fiorentina,Verona,1,2,1,0.4581168259449721,1,1
I1,2025/2026,2025-12-14,Udinese,Napoli,1,0,0,0.41752941983046754,1,0
I1,2025/2026,2025-12-14,Genoa,Inter,1,2,1,0.4552490968899418,1,1
I1,2025/2026,2025-12-14,Bologna,Juventus,0,1,0,0.5117198400146005,1,0
D1,2025/2026,2025-12-14,Freiburg,Dortmund,1,1,1,0.6657803279484765,1,1
D1,2025/2026,2025-12-14,Bayern Munich,Mainz,2,2,1,0.5964842246021221,1,1
D1,2025/2026,2025-12-14,Werder Bremen,Stuttgart,0,4,0,0.6741945898060084,1,0
E0,2025/2026,2025-12-14,Crystal Palace,Man City,0,3,0,0.5441791436501371,1,0
E0,2025/2026,2025-12-14,Nott'm Forest,Tottenham,3,0,0,0.6415475510117107,1,0
E0,2025/2026,2025-12-14,Sunderland,Newcastle,1,0,0,0.6098408124458407,1,0
E0,2025/2026,2025-12-14,West Ham,Aston Villa,2,3,1,0.5683201008027249,1,1
E0,2025/2026,2025-12-14,Brentford,Leeds,1,1,1,0.6323093847343129,1,1
F1,2025/2026,2025-12-14,Lyon,Le Havre,1,0,0,0.6362999927809467,1,0
F1,2025/2026,2025-12-14,Auxerre,Lille,3,4,1,0.506658881361656,1,1
F1,2025/2026,2025-12-14,Lens,Nice,2,0,0,0.4930928456207606,1,0
F1,2025/2026,2025-12-14,Strasbourg,Lorient,0,0,0,0.5615736269973061,1,0
F1,2025/2026,2025-12-14,Marseille,Monaco,1,0,0,0.6966668180883072,1,0
SP1,2025/2026,2025-12-14,Sevilla,Oviedo,4,0,0,0.49870313876248956,1,0
SP1,2025/2026,2025-12-14,Celta,Ath Bilbao,2,0,0,0.4604583857403261,1,0
SP1,2025/2026,2025-12-14,Alaves,Real Madrid,1,2,1,0.43044193247199786,1,1
I1,2025/2026,2025-12-15,Roma,Como,1,0,0,0.4780209251911902,1,0
E0,2025/2026,2025-12-15,Man United,Bournemouth,4,4,1,0.5083329359665231,1,1
SP1,2025/2026,2025-12-15,Vallecano,Betis,0,0,0,0.4744078844473217,1,0
D1,2025/2026,2025-12-19,Dortmund,M'gladbach,2,0,0,0.7034752572628418,1,0
SP1,2025/2026,2025-12-19,Valencia,Mallorca,1,1,1,0.36844720018807114,0,0
I1,2025/2026,2025-12-20,Lazio,Cremonese,0,0,0,0.5271642288991235,1,0
I1,2025/2026,2025-12-20,Juventus,Roma,2,1,1,0.4468709132241247,1,1
D1,2025/2026,2025-12-20,Augsburg,Werder Bremen,0,0,0,0.5281693597023561,1,0
D1,2025/2026,2025-12-20,FC Koln,Union Berlin,0,1,0,0.45912035975709226,1,0
D1,2025/2026,2025-12-20,Hamburg,Ein Frankfurt,1,1,1,0.618013415529201,1,1
D1,2025/2026,2025-12-20,Stuttgart,Hoffenheim,0,0,0,0.6960208984143428,1,0
D1,2025/2026,2025-12-20,Wolfsburg,Freiburg,3,4,1,0.5936553295370147,1,1
D1,2025/2026,2025-12-20,RB Leipzig,Leverkusen,1,3,1,0.6383945338422989,1,1
E0,2025/2026,2025-12-20,Newcastle,Chelsea,2,2,1,0.6003195684733779,1,1
E0,2025/2026,2025-12-20,Bournemouth,Burnley,1,1,1,0.5203543824932667,1,1
E0,2025/2026,2025-12-20,Brighton,Sunderland,0,0,0,0.6315558814533072,1,0
E0,2025/2026,2025-12-20,Man City,West Ham,3,0,0,0.5181594776842106,1,0
E0,2025/2026,2025-12-20,Wolves,Brentford,0,2,0,0.6280779282658459,1,0
E0,2025/2026,2025-12-20,Tottenham,Liverpool,1,2,1,0.6897397998408082,1,1
E0,2025/2026,2025-12-20,Everton,Arsenal,0,1,0,0.37935671203596927,0,1
E0,2025/2026,2025-12-20,Leeds,Crystal Palace,4,1,1,0.6009275669336621,1,1
SP1,2025/2026,2025-12-20,Oviedo,Celta,0,0,0,0.5744355332347298,1,0
SP1,2025/2026,2025-12-20,Levante,Sociedad,1,1,1,0.5255125688940364,1,1
SP1,2025/2026,2025-12-20,Osasuna,Alaves,3,0,0,0.3957563623313662,0,1
SP1,2025/2026,2025-12-20,Real Madrid,Sevilla,2,0,0,0.4957851538833754,1,0
I1,2025/2026,2025-12-21,Cagliari,Pisa,2,2,1,0.5312929029393807,1,1
I1,2025/2026,2025-12-21,Sassuolo,Torino,0,1,0,0.4894148240352038,1,0
I1,2025/2026,2025-12-21,Fiorentina,Udinese,5,1,1,0.5085692145849666,1,1
I1,2025/2026,2025-12-21,Genoa,Atalanta,0,1,0,0.503895123409729,1,0
D1,2025/2026,2025-12-21,Mainz,St Pauli,0,0,0,0.34751196328597034,0,1
D1,2025/2026,2025-12-21,Heidenheim,Bayern Munich,0,4,0,0.5451648479367537,1,0
E0,2025/2026,2025-12-21,Aston Villa,Man United,2,1,1,0.5246745580744016,1,1
SP1,2025/2026,2025-12-21,Girona,Ath Madrid,0,3,0,0.5489061621690559,1,0
SP1,2025/2026,2025-12-21,Villarreal,Barcelona,0,2,0,0.7293515824401426,1,0
SP1,2025/2026,2025-12-21,Elche,Vallecano,4,0,0,0.38755091577209067,0,1
SP1,2025/2026,2025-12-21,Betis,Getafe,4,0,0,0.44436090628890124,1,0
E0,2025/2026,2025-12-22,Fulham,Nott'm Forest,1,0,0,0.5598845476060155,1,0
SP1,2025/2026,2025-12-22,Ath Bilbao,Espanol,1,2,1,0.3385447450199281,0,0
E0,2025/2026,2025-12-26,Man United,Newcastle,1,0,0,0.571463015351202,1,0
I1,2025/2026,2025-12-27,Parma,Fiorentina,1,0,0,0.5528608636621739,1,0
I1,2025/2026,2025-12-27,Lecce,Como,0,3,0,0.4178444912857298,1,0
I1,2025/2026,2025-12-27,Torino,Cagliari,1,2,1,0.43423070222611115,1,1
I1,2025/2026,2025-12-27,Udinese,Lazio,1,1,1,0.5213124068799705,1,1
I1,2025/2026,2025-12-27,Pisa,Juventus,0,2,0,0.47294505351002586,1,0
E0,2025/2026,2025-12-27,Nott'm Forest,Man City,1,2,1,0.5450188943227098,1,1
E0,2025/2026,2025-12-27,Arsenal,Brighton,2,1,1,0.5511945729952323,1,1
E0,2025/2026,2025-12-27,Brentford,Bournemouth,4,1,1,0.5867641612719307,1,1
E0,2025/2026,2025-12-27,Burnley,Everton,0,0,0,0.4334560794002318,1,0
E0,2025/2026,2025-12-27,Liverpool,Wolves,2,1,1,0.5971962381259447,1,1
E0,2025/2026,2025-12-27,West Ham,Fulham,0,1,0,0.5729226133928892,1,0
E0,2025/2026,2025-12-27,Chelsea,Aston Villa,1,2,1,0.5524803330947484,1,1
I1,2025/2026,2025-12-28,Milan,Verona,3,0,0,0.47963984795446163,1,0
I1,2025/2026,2025-12-28,Cremonese,Napoli,0,2,0,0.4345115773368283,1,0
I1,2025/2026,2025-12-28,Bologna,Sassuolo,1,1,1,0.5718087780060873,1,1
I1,2025/2026,2025-12-28,Atalanta,Inter,0,1,0,0.5980825759097602,1,0
E0,2025/2026,2025-12-28,Sunderland,Leeds,1,1,1,0.6183647130521971,1,1
E0,2025/2026,2025-12-28,Crystal Palace,Tottenham,0,1,0,0.6395845453380202,1,0
I1,2025/2026,2025-12-29,Roma,Genoa,3,1,1,0.40781143320453145,0,0
E0,2025/2026,2025-12-30,Burnley,Newcastle,1,3,1,0.5810044229539406,1,1
E0,2025/2026,2025-12-30,Chelsea,Bournemouth,2,2,1,0.5248955823690893,1,1
E0,2025/2026,2025-12-30,Nott'm Forest,Everton,0,2,0,0.42871708677640163,1,0
E0,2025/2026,2025-12-30,West Ham,Brighton,2,2,1,0.6359059850657527,1,1
E0,2025/2026,2025-12-30,Arsenal,Aston Villa,4,1,1,0.498963306493792,1,1
E0,2025/2026,2025-12-30,Man United,Wolves,1,1,1,0.5502160945304547,1,1
E0,2025/2026,2026-01-01,Crystal Palace,Fulham,1,1,1,0.555998544527676,1,1
E0,2025/2026,2026-01-01,Liverpool,Leeds,0,0,0,0.5926925483257519,1,0
E0,2025/2026,2026-01-01,Brentford,Tottenham,0,0,0,0.6894349496004776,1,0
E0,2025/2026,2026-01-01,Sunderland,Man City,0,0,0,0.5436387658353584,1,0
I1,2025/2026,2026-01-02,Cagliari,Milan,0,1,0,0.5767240520132466,1,0
F1,2025/2026,2026-01-02,Toulouse,Lens,0,3,0,0.46241976341303626,1,0
SP1,2025/2026,2026-01-02,Vallecano,Getafe,1,1,1,0.3357509381650242,0,0
I1,2025/2026,2026-01-03,Como,Udinese,1,0,0,0.5055843517338129,1,0
I1,2025/2026,2026-01-03,Genoa,Pisa,1,1,1,0.4650888748535965,1,1
I1,2025/2026,2026-01-03,Sassuolo,Parma,1,1,1,0.6000587053577943,1,1
I1,2025/2026,2026-01-03,Juventus,Lecce,1,1,1,0.34676046795318266,0,0
I1,2025/2026,2026-01-03,Atalanta,Roma,1,0,0,0.5361961543350638,1,0
E0,2025/2026,2026-01-03,Aston Villa,Nott'm Forest,3,1,1,0.557665210285074,1,1
E0,2025/2026,2026-01-03,Brighton,Burnley,2,0,0,0.605185254938564,1,0
E0,2025/2026,2026-01-03,Wolves,West Ham,3,0,0,0.5919950009521382,1,0
E0,2025/2026,2026-01-03,Bournemouth,Arsenal,2,3,1,0.4814536304161142,1,1
F1,2025/2026,2026-01-03,Monaco,Lyon,1,3,1,0.678639511217192,1,1
F1,2025/2026,2026-01-03,Nice,Strasbourg,1,1,1,0.5494823025599268,1,1
F1,2025/2026,2026-01-03,Lille,Rennes,0,2,0,0.5345428175502269,1,0
SP1,2025/2026,2026-01-03,Celta,Valencia,4,1,1,0.5586323799323604,1,1
SP1,2025/2026,2026-01-03,Osasuna,Ath Bilbao,1,1,1,0.38818382630485265,0,0
SP1,2025/2026,2026-01-03,Elche,Villarreal,1,3,1,0.5512875178693533,1,1
SP1,2025/2026,2026-01-03,Espanol,Barcelona,0,2,0,0.5614625988539077,1,0
I1,2025/2026,2026-01-04,Lazio,Napoli,0,2,0,0.47848425807985345,1,0
I1,2025/2026,2026-01-04,Fiorentina,Cremonese,1,0,0,0.5237140667546358,1,0
I1,2025/2026,2026-01-04,Verona,Torino,0,3,0,0.3760829305152221,0,1
I1,2025/2026,2026-01-04,Inter,Bologna,3,1,1,0.5397290686718462,1,1
E0,2025/2026,2026-01-04,Leeds,Man United,1,1,1,0.5848306392379401,1,1
E0,2025/2026,2026-01-04,Everton,Brentford,2,4,1,0.47930760779835874,1,1
E0,2025/2026,2026-01-04,Newcastle,Crystal Palace,2,0,0,0.5961019960751828,1,0
E0,2025/2026,2026-01-04,Tottenham,Sunderland,1,1,1,0.6580747280426781,1,1
E0,2025/2026,2026-01-04,Fulham,Liverpool,2,2,1,0.6140500834650744,1,1
E0,2025/2026,2026-01-04,Man City,Chelsea,1,1,1,0.5418352342926874,1,1
F1,2025/2026,2026-01-04,Marseille,Nantes,0,2,0,0.5552258323002834,1,0
F1,2025/2026,2026-01-04,Brest,Auxerre,2,0,0,0.6198289622617921,1,0
F1,2025/2026,2026-01-04,Le Havre,Angers,2,1,1,0.5125993900416023,1,1
F1,2025/2026,2026-01-04,Lorient,Metz,1,1,1,0.5711429642787469,1,1
F1,2025/2026,2026-01-04,Paris SG,Paris FC,2,1,1,0.5708531402537672,1,1
SP1,2025/2026,2026-01-04,Sevilla,Levante,0,3,0,0.6014922955035777,1,0
SP1,2025/2026,2026-01-04,Real Madrid,Betis,5,1,1,0.5739459514996033,1,1
SP1,2025/2026,2026-01-04,Alaves,Oviedo,1,1,1,0.39145501203148564,0,0
SP1,2025/2026,2026-01-04,Mallorca,Girona,1,2,1,0.4417759723439162,1,1
SP1,2025/2026,2026-01-04,Sociedad,Ath Madrid,1,1,1,0.4198643900422156,1,1
I1,2025/2026,2026-01-06,Pisa,Como,0,3,0,0.5296597710696497,1,0
I1,2025/2026,2026-01-06,Lecce,Roma,0,2,0,0.34955631577011725,0,1
I1,2025/2026,2026-01-06,Sassuolo,Juventus,0,3,0,0.5182737199007303,1,0
E0,2025/2026,2026-01-06,West Ham,Nott'm Forest,1,2,1,0.5599304555885397,1,1
I1,2025/2026,2026-01-07,Bologna,Atalanta,0,2,0,0.6006795450210822,1,0
I1,2025/2026,2026-01-07,Napoli,Verona,2,2,1,0.35701382870773435,0,0
I1,2025/2026,2026-01-07,Lazio,Fiorentina,2,2,1,0.5768241462732859,1,1
I1,2025/2026,2026-01-07,Parma,Inter,0,2,0,0.5057702924265391,1,0
I1,2025/2026,2026-01-07,Torino,Udinese,1,2,1,0.40879765237795085,0,0
E0,2025/2026,2026-01-07,Bournemouth,Tottenham,3,2,1,0.6280732772522705,1,1
E0,2025/2026,2026-01-07,Brentford,Sunderland,3,0,0,0.6053175347977541,1,0
E0,2025/2026,2026-01-07,Crystal Palace,Aston Villa,0,0,0,0.5590513706157915,1,0
E0,2025/2026,2026-01-07,Everton,Wolves,1,1,1,0.45457789480044714,1,1
E0,2025/2026,2026-01-07,Fulham,Chelsea,2,1,1,0.5515853271365422,1,1
E0,2025/2026,2026-01-07,Man City,Brighton,1,1,1,0.6051328613845276,1,1
E0,2025/2026,2026-01-07,Burnley,Man United,2,2,1,0.5283056428884888,1,1
E0,2025/2026,2026-01-07,Newcastle,Leeds,4,3,1,0.6121873231987017,1,1
I1,2025/2026,2026-01-08,Cremonese,Cagliari,2,2,1,0.562421498522036,1,1
I1,2025/2026,2026-01-08,Milan,Genoa,1,1,1,0.5099904266469495,1,1
E0,2025/2026,2026-01-08,Arsenal,Liverpool,0,0,0,0.5761093517769229,1,0
D1,2025/2026,2026-01-09,Ein Frankfurt,Dortmund,3,3,1,0.7066853963526178,1,1
SP1,2025/2026,2026-01-09,Getafe,Sociedad,1,2,1,0.34138509600372896,0,0
I1,2025/2026,2026-01-10,Como,Bologna,1,1,1,0.5595321039325709,1,1
I1,2025/2026,2026-01-10,Udinese,Pisa,2,2,1,0.504579373934214,1,1
I1,2025/2026,2026-01-10,Roma,Sassuolo,2,0,0,0.48145219836057657,1,0
I1,2025/2026,2026-01-10,Atalanta,Torino,2,0,0,0.44614078715389344,1,0
D1,2025/2026,2026-01-10,Freiburg,Hamburg,2,1,1,0.5934579197259652,1,1
D1,2025/2026,2026-01-10,Heidenheim,FC Koln,2,2,1,0.4902769477230476,1,1
D1,2025/2026,2026-01-10,Union Berlin,Mainz,2,2,1,0.4868887498163334,1,1
D1,2025/2026,2026-01-10,Leverkusen,Stuttgart,1,4,1,0.6731058076114962,1,1
SP1,2025/2026,2026-01-10,Oviedo,Betis,1,1,1,0.5485503108418718,1,1
SP1,2025/2026,2026-01-10,Villarreal,Alaves,3,1,1,0.47980506018268204,1,1
SP1,2025/2026,2026-01-10,Girona,Osasuna,1,0,0,0.5655544590688899,1,0
SP1,2025/2026,2026-01-10,Valencia,Elche,1,1,1,0.4322671344437967,1,1
I1,2025/2026,2026-01-11,Lecce,Parma,1,2,1,0.425685590848626,1,1
I1,2025/2026,2026-01-11,Fiorentina,Milan,1,1,1,0.6123171648536282,1,1
I1,2025/2026,2026-01-11,Verona,Lazio,0,1,0,0.4746231439718491,1,0
I1,2025/2026,2026-01-11,Inter,Napoli,2,2,1,0.47084447117420786,1,1
D1,2025/2026,2026-01-11,M'gladbach,Augsburg,4,0,0,0.5608756483329445,1,0
D1,2025/2026,2026-01-11,Bayern Munich,Wolfsburg,8,1,1,0.5921002977765886,1,1
SP1,2025/2026,2026-01-11,Vallecano,Mallorca,2,1,1,0.31641512129044336,0,0
SP1,2025/2026,2026-01-11,Levante,Espanol,1,1,1,0.5665008233611748,1,1
I1,2025/2026,2026-01-12,Genoa,Cagliari,3,0,0,0.4772093117160962,1,0
I1,2025/2026,2026-01-12,Juventus,Cremonese,5,0,0,0.4554272019020669,1,0
SP1,2025/2026,2026-01-12,Sevilla,Celta,0,1,0,0.5850622000051422,1,0
D1,2025/2026,2026-01-13,Stuttgart,Ein Frankfurt,3,2,1,0.6853397145826324,1,1
D1,2025/2026,2026-01-13,Dortmund,Werder Bremen,3,0,0,0.6754698597139633,1,0
D1,2025/2026,2026-01-13,Mainz,Heidenheim,2,1,1,0.5041011074179432,1,1
I1,2025/2026,2026-01-14,Napoli,Parma,0,0,0,0.43260393335148334,1,0
I1,2025/2026,2026-01-14,Inter,Lecce,1,0,0,0.353693367095952,0,1
D1,2025/2026,2026-01-14,Wolfsburg,St Pauli,2,1,1,0.3768948639690589,0,0
D1,2025/2026,2026-01-14,FC Koln,Bayern Munich,1,3,1,0.5067436582321778,1,1
D1,2025/2026,2026-01-14,Hoffenheim,M'gladbach,5,1,1,0.7262543018118496,1,1
D1,2025/2026,2026-01-14,RB Leipzig,Freiburg,2,0,0,0.6056362888579641,1,0
I1,2025/2026,2026-01-15,Verona,Bologna,2,3,1,0.4754042956472501,1,1
I1,2025/2026,2026-01-15,Como,Milan,1,3,1,0.5919065359506369,1,1
D1,2025/2026,2026-01-15,Augsburg,Union Berlin,1,1,1,0.4379142871072317,1,1
I1,2025/2026,2026-01-16,Pisa,Atalanta,1,1,1,0.5488908021571912,1,1
D1,2025/2026,2026-01-16,Werder Bremen,Ein Frankfurt,3,3,1,0.6485688810808481,1,1
F1,2025/2026,2026-01-16,Monaco,Lorient,1,3,1,0.589716960601967,1,1
F1,2025/2026,2026-01-16,Paris SG,Lille,3,0,0,0.5758781970283916,1,0
SP1,2025/2026,2026-01-16,Espanol,Girona,0,2,0,0.5275409919601856,1,0
I1,2025/2026,2026-01-17,Udinese,Inter,0,1,0,0.47249027108298935,1,0
I1,2025/2026,2026-01-17,Napoli,Sassuolo,1,0,0,0.4543619885837128,1,0
I1,2025/2026,2026-01-17,Cagliari,Juventus,1,0,0,0.48113524087305254,1,0
D1,2025/2026,2026-01-17,Dortmund,St Pauli,3,2,1,0.4270179515523476,1,1
D1,2025/2026,2026-01-17,FC Koln,Mainz,2,1,1,0.48231595633304525,1,1
D1,2025/2026,2026-01-17,Hamburg,M'gladbach,0,0,0,0.6538142391062167,1,0
D1,2025/2026,2026-01-17,Hoffenheim,Leverkusen,1,0,0,0.6621443213857975,1,0
D1,2025/2026,2026-01-17,Wolfsburg,Heidenheim,1,1,1,0.5436632815795521,1,1
D1,2025/2026,2026-01-17,RB Leipzig,Bayern Munich,1,5,1,0.6614197688822788,1,1
E0,2025/2026,2026-01-17,Man United,Man City,2,0,0,0.5080762879073036,1,0
E0,2025/2026,2026-01-17,Chelsea,Brentford,2,0,0,0.5904389786838137,1,0
E0,2025/2026,2026-01-17,Leeds,Fulham,1,0,0,0.6189905020479061,1,0
E0,2025/2026,2026-01-17,Liverpool,Burnley,1,1,1,0.5429381887814055,1,1
E0,2025/2026,2026-01-17,Sunderland,Crystal Palace,2,1,1,0.5601458234804412,1,1
E0,2025/2026,2026-01-17,Tottenham,West Ham,1,2,1,0.6553712552447286,1,1
E0,2025/2026,2026-01-17,Nott'm Forest,Arsenal,0,0,0,0.49223250255578765,1,0
F1,2025/2026,2026-01-17,Lens,Auxerre,1,0,0,0.48743923616818224,1,0
F1,2025/2026,2026-01-17,Toulouse,Nice,5,1,1,0.5325369107682725,1,1
F1,2025/2026,2026-01-17,Angers,Marseille,2,5,1,0.5297810463226905,1,1
SP1,2025/2026,2026-01-17,Real Madrid,Levante,2,0,0,0.5719704937602871,1,0
SP1,2025/2026,2026-01-17,Mallorca,Ath Bilbao,3,2,1,0.2831966623909611,0,0
SP1,2025/2026,2026-01-17,Osasuna,Oviedo,3,2,1,0.49406184380816803,1,1
SP1,2025/2026,2026-01-17,Betis,Villarreal,2,0,0,0.6667453240159307,1,0
I1,2025/2026,2026-01-18,Parma,Genoa,0,0,0,0.4785106081295713,1,0
I1,2025/2026,2026-01-18,Bologna,Fiorentina,1,2,1,0.578399786200203,1,1
I1,2025/2026,2026-01-18,Torino,Roma,0,2,0,0.3777689392345991,0,1
I1,2025/2026,2026-01-18,Milan,Lecce,1,0,0,0.4279673193506526,1,0
D1,2025/2026,2026-01-18,Stuttgart,Union Berlin,1,1,1,0.5534466963242269,1,1
D1,2025/2026,2026-01-18,Augsburg,Freiburg,2,2,1,0.508422152200679,1,1
E0,2025/2026,2026-01-18,Wolves,Newcastle,0,0,0,0.6233368231021521,1,0
E0,2025/2026,2026-01-18,Aston Villa,Everton,0,1,0,0.4377432201951794,1,0
F1,2025/2026,2026-01-18,Strasbourg,Metz,2,1,1,0.5010559570581872,1,1
F1,2025/2026,2026-01-18,Nantes,Paris FC,1,2,1,0.5026479918914767,1,1
F1,2025/2026,2026-01-18,Rennes,Le Havre,1,1,1,0.6176897794301212,1,1
F1,2025/2026,2026-01-18,Lyon,Brest,2,1,1,0.6780922974788883,1,1
SP1,2025/2026,2026-01-18,Getafe,Valencia,0,1,0,0.3924053220176232,0,1
SP1,2025/2026,2026-01-18,Ath Madrid,Alaves,1,0,0,0.3654653151710008,0,1
SP1,2025/2026,2026-01-18,Celta,Vallecano,3,0,0,0.49159094889353666,1,0
SP1,2025/2026,2026-01-18,Sociedad,Barcelona,2,1,1,0.5212523098278683,1,1
I1,2025/2026,2026-01-19,Cremonese,Verona,0,0,0,0.5015522438111527,1,0
I1,2025/2026,2026-01-19,Lazio,Como,0,3,0,0.5543290689869117,1,0
E0,2025/2026,2026-01-19,Brighton,Bournemouth,1,1,1,0.6119103842622357,1,1
SP1,2025/2026,2026-01-19,Elche,Sevilla,2,2,1,0.4661658306113712,1,1
I1,2025/2026,2026-01-23,Inter,Pisa,6,2,1,0.47708357433242776,1,1
D1,2025/2026,2026-01-23,St Pauli,Hamburg,0,0,0,0.3825296253777843,0,1
F1,2025/2026,2026-01-23,Auxerre,Paris SG,0,1,0,0.6220363591771245,1,0
SP1,2025/2026,2026-01-23,Levante,Elche,3,2,1,0.5481200072026001,1,1
I1,2025/2026,2026-01-24,Como,Torino,6,0,0,0.432199253225092,1,0
I1,2025/2026,2026-01-24,Fiorentina,Cagliari,1,2,1,0.536611413396289,1,1
I1,2025/2026,2026-01-24,Lecce,Lazio,0,0,0,0.4219440890961931,1,0
D1,2025/2026,2026-01-24,Bayern Munich,Augsburg,1,2,1,0.49109917335556835,1,1
D1,2025/2026,2026-01-24,Ein Frankfurt,Hoffenheim,1,3,1,0.6708629019142308,1,1
D1,2025/2026,2026-01-24,Heidenheim,RB Leipzig,0,3,0,0.5595053523299529,1,0
D1,2025/2026,2026-01-24,Leverkusen,Werder Bremen,1,0,0,0.6185927560652854,1,0
D1,2025/2026,2026-01-24,Mainz,Wolfsburg,3,1,1,0.554941817143012,1,1
D1,2025/2026,2026-01-24,Union Berlin,Dortmund,0,3,0,0.5769949969452336,1,0
E0,2025/2026,2026-01-24,West Ham,Sunderland,3,1,1,0.5764085097498538,1,1
E0,2025/2026,2026-01-24,Burnley,Tottenham,2,2,1,0.6501720345943247,1,1
E0,2025/2026,2026-01-24,Fulham,Brighton,2,1,1,0.6366448580521523,1,1
E0,2025/2026,2026-01-24,Man City,Wolves,2,0,0,0.5360701643722138,1,0
E0,2025/2026,2026-01-24,Bournemouth,Liverpool,3,2,1,0.5971631982035401,1,1
F1,2025/2026,2026-01-24,Rennes,Lorient,0,2,0,0.6074752969169943,1,0
F1,2025/2026,2026-01-24,Le Havre,Monaco,0,0,0,0.6280702422532656,1,0
F1,2025/2026,2026-01-24,Marseille,Lens,3,1,1,0.5727322829234092,1,1
SP1,2025/2026,2026-01-24,Vallecano,Osasuna,1,3,1,0.4263061196828483,1,1
SP1,2025/2026,2026-01-24,Valencia,Espanol,3,2,1,0.4510464959627693,1,1
SP1,2025/2026,2026-01-24,Sevilla,Ath Bilbao,2,1,1,0.38503468329704704,0,0
SP1,2025/2026,2026-01-24,Villarreal,Real Madrid,0,2,0,0.6667930247804189,1,0
I1,2025/2026,2026-01-25,Sassuolo,Cremonese,1,0,0,0.6217981825254273,1,0
I1,2025/2026,2026-01-25,Atalanta,Parma,4,0,0,0.5381249896916772,1,0
I1,2025/2026,2026-01-25,Genoa,Bologna,3,2,1,0.49127309197548663,1,1
I1,2025/2026,2026-01-25,Juventus,Napoli,3,0,0,0.4236617750987992,1,0
I1,2025/2026,2026-01-25,Roma,Milan,1,1,1,0.5366673723904217,1,1
D1,2025/2026,2026-01-25,M'gladbach,Stuttgart,0,3,0,0.7074012068130754,1,0
D1,2025/2026,2026-01-25,Freiburg,FC Koln,2,1,1,0.5147494720541247,1,1
E0,2025/2026,2026-01-25,Brentford,Nott'm Forest,0,2,0,0.5990989553957564,1,0
E0,2025/2026,2026-01-25,Crystal Palace,Chelsea,1,3,1,0.5406586681308223,1,1
E0,2025/2026,2026-01-25,Newcastle,Aston Villa,0,2,0,0.6143636147650134,1,0
E0,2025/2026,2026-01-25,Arsenal,Man United,2,3,1,0.44168139715972604,1,1
F1,2025/2026,2026-01-25,Nantes,Nice,1,4,1,0.49045993570196167,1,1
F1,2025/2026,2026-01-25,Brest,Toulouse,0,2,0,0.5901613846874718,1,0
F1,2025/2026,2026-01-25,Metz,Lyon,2,5,1,0.593160098826655,1,1
F1,2025/2026,2026-01-25,Paris FC,Angers,0,0,0,0.4564206582194123,1,0
F1,2025/2026,2026-01-25,Lille,Strasbourg,1,4,1,0.49644550586861325,1,1
SP1,2025/2026,2026-01-25,Ath Madrid,Mallorca,3,0,0,0.3521008241923287,0,1
SP1,2025/2026,2026-01-25,Barcelona,Oviedo,3,0,0,0.5459703533010829,1,0
SP1,2025/2026,2026-01-25,Sociedad,Celta,3,1,1,0.5064467698628197,1,1
SP1,2025/2026,2026-01-25,Alaves,Betis,2,1,1,0.44663058919664067,1,1
I1,2025/2026,2026-01-26,Verona,Udinese,1,3,1,0.45686948412308664,1,1
E0,2025/2026,2026-01-26,Everton,Leeds,1,1,1,0.47758433964719543,1,1
SP1,2025/2026,2026-01-26,Girona,Getafe,1,1,1,0.46215001005785483,1,1
D1,2025/2026,2026-01-27,St Pauli,RB Leipzig,1,1,1,0.39247369916331026,0,0
D1,2025/2026,2026-01-27,Werder Bremen,Hoffenheim,0,2,0,0.6832928883289505,1,0
I1,2025/2026,2026-01-30,Lazio,Genoa,3,2,1,0.4829007221650907,1,1
D1,2025/2026,2026-01-30,FC Koln,Wolfsburg,1,0,0,0.5188512498439051,1,0
F1,2025/2026,2026-01-30,Lens,Le Havre,1,0,0,0.5148672811596272,1,0
SP1,2025/2026,2026-01-30,Espanol,Alaves,1,2,1,0.3660721166466004,0,0
I1,2025/2026,2026-01-31,Pisa,Sassuolo,1,3,1,0.576840042457674,1,1
I1,2025/2026,2026-01-31,Napoli,Fiorentina,2,1,1,0.47995489599639063,1,1
I1,2025/2026,2026-01-31,Cagliari,Verona,4,0,0,0.47713704977013416,1,0
D1,2025/2026,2026-01-31,Augsburg,St Pauli,2,1,1,0.31011736430939923,0,0
D1,2025/2026,2026-01-31,Ein Frankfurt,Leverkusen,1,3,1,0.6580990049738921,1,1
D1,2025/2026,2026-01-31,Hoffenheim,Union Berlin,3,1,1,0.5962542902204329,1,1
D1,2025/2026,2026-01-31,RB Leipzig,Mainz,1,2,1,0.5802690633601306,1,1
D1,2025/2026,2026-01-31,Werder Bremen,M'gladbach,1,1,1,0.6763226202153294,1,1
D1,2025/2026,2026-01-31,Hamburg,Bayern Munich,2,2,1,0.6071937832923783,1,1
E0,2025/2026,2026-01-31,Brighton,Everton,1,1,1,0.5016051313137201,1,1
E0,2025/2026,2026-01-31,Leeds,Arsenal,0,4,0,0.5071767530366169,1,0
E0,2025/2026,2026-01-31,Wolves,Bournemouth,0,2,0,0.5643237325956473,1,0
E0,2025/2026,2026-01-31,Chelsea,West Ham,3,2,1,0.5338874917966543,1,1
E0,2025/2026,2026-01-31,Liverpool,Newcastle,4,1,1,0.670246462032577,1,1
F1,2025/2026,2026-01-31,Paris FC,Marseille,2,2,1,0.6415952317571294,1,1
F1,2025/2026,2026-01-31,Lorient,Nantes,2,1,1,0.5377936312145207,1,1
F1,2025/2026,2026-01-31,Monaco,Rennes,4,0,0,0.6296100200308314,1,0
SP1,2025/2026,2026-01-31,Oviedo,Girona,1,0,0,0.5544076583534564,1,0
SP1,2025/2026,2026-01-31,Osasuna,Villarreal,2,2,1,0.6144482108325626,1,1
SP1,2025/2026,2026-01-31,Levante,Ath Madrid,0,0,0,0.5771918171160262,1,0
SP1,2025/2026,2026-01-31,Elche,Barcelona,1,3,1,0.519209284324961,1,1
I1,2025/2026,2026-02-01,Torino,Lecce,1,0,0,0.3240584287912641,0,1
I1,2025/2026,2026-02-01,Como,Atalanta,0,0,0,0.5790282529590938,1,0
I1,2025/2026,2026-02-01,Cremonese,Inter,0,2,0,0.47933469199243456,1,0
I1,2025/2026,2026-02-01,Parma,Juventus,1,4,1,0.48344980833432494,1,1
D1,2025/2026,2026-02-01,Stuttgart,Freiburg,1,0,0,0.642650991768723,1,0
D1,2025/2026,2026-02-01,Dortmund,Heidenheim,3,2,1,0.5806977362399923,1,1
E0,2025/2026,2026-02-01,Aston Villa,Brentford,0,1,0,0.6112232644243984,1,0
E0,2025/2026,2026-02-01,Man United,Fulham,3,2,1,0.5329046924478915,1,1
E0,2025/2026,2026-02-01,Nott'm Forest,Crystal Palace,1,1,1,0.5464413436088225,1,1
E0,2025/2026,2026-02-01,Tottenham,Man City,2,2,1,0.627905114132493,1,1
F1,2025/2026,2026-02-01,Lyon,Lille,1,0,0,0.5833994973238721,1,0
F1,2025/2026,2026-02-01,Angers,Metz,1,0,0,0.44586188852180436,1,0
F1,2025/2026,2026-02-01,Nice,Brest,2,2,1,0.5993668648862828,1,1
F1,2025/2026,2026-02-01,Toulouse,Auxerre,0,0,0,0.5316985424532779,1,0
F1,2025/2026,2026-02-01,Strasbourg,Paris SG,1,2,1,0.6306883633454439,1,1
SP1,2025/2026,2026-02-01,Real Madrid,Vallecano,2,1,1,0.4257048829639408,1,1
SP1,2025/2026,2026-02-01,Betis,Valencia,2,1,1,0.5287027865887058,1,1
SP1,2025/2026,2026-02-01,Getafe,Celta,0,0,0,0.4816185360755888,1,0
SP1,2025/2026,2026-02-01,Ath Bilbao,Sociedad,1,1,1,0.30675563500704434,0,0
I1,2025/2026,2026-02-02,Udinese,Roma,1,0,0,0.44303783915985,1,0
E0,2025/2026,2026-02-02,Sunderland,Burnley,3,0,0,0.5622083307449909,1,0
SP1,2025/2026,2026-02-02,Mallorca,Sevilla,4,1,1,0.38798882145911673,0,0
I1,2025/2026,2026-02-03,Bologna,Milan,0,3,0,0.6083939648870054,1,0
I1,2025/2026,2026-02-06,Verona,Pisa,0,0,0,0.46549052349006365,1,0
D1,2025/2026,2026-02-06,Union Berlin,Ein Frankfurt,1,1,1,0.5415379162791335,1,1
E0,2025/2026,2026-02-06,Leeds,Nott'm Forest,3,1,1,0.6031517031800987,1,1
F1,2025/2026,2026-02-06,Metz,Lille,0,0,0,0.4669020082939454,1,0
SP1,2025/2026,2026-02-06,Celta,Osasuna,1,2,1,0.5785997404528788,1,1
I1,2025/2026,2026-02-07,Genoa,Napoli,2,3,1,0.39412160322306755,0,0
I1,2025/2026,2026-02-07,Fiorentina,Torino,2,2,1,0.44116289208895393,1,1
D1,2025/2026,2026-02-07,Freiburg,Werder Bremen,1,0,0,0.6209847201965976,1,0
D1,2025/2026,2026-02-07,Heidenheim,Hamburg,0,2,0,0.5553675859456004,1,0
D1,2025/2026,2026-02-07,Mainz,Augsburg,2,0,0,0.4627197700820108,1,0
D1,2025/2026,2026-02-07,St Pauli,Stuttgart,2,1,1,0.4276218972120818,1,1
D1,2025/2026,2026-02-07,Wolfsburg,Dortmund,1,2,1,0.6598398913432658,1,1
D1,2025/2026,2026-02-07,M'gladbach,Leverkusen,1,1,1,0.6647286296099627,1,1
E0,2025/2026,2026-02-07,Man United,Tottenham,2,0,0,0.6188396688686894,1,0
E0,2025/2026,2026-02-07,Arsenal,Sunderland,3,0,0,0.47373469566489335,1,0
E0,2025/2026,2026-02-07,Bournemouth,Aston Villa,1,1,1,0.5478012213032397,1,1
E0,2025/2026,2026-02-07,Burnley,West Ham,0,2,0,0.5716314754663242,1,0
E0,2025/2026,2026-02-07,Fulham,Everton,1,2,1,0.4402242922883185,1,1
E0,2025/2026,2026-02-07,Wolves,Chelsea,1,3,1,0.5640304186328164,1,1
E0,2025/2026,2026-02-07,Newcastle,Brentford,2,3,1,0.6510262485902384,1,1
F1,2025/2026,2026-02-07,Lens,Rennes,3,1,1,0.5237703252420548,1,1
F1,2025/2026,2026-02-07,Brest,Lorient,2,0,0,0.6388899235557739,1,0
F1,2025/2026,2026-02-07,Nantes,Lyon,0,1,0,0.5677843925934218,1,0
SP1,2025/2026,2026-02-07,Barcelona,Mallorca,3,0,0,0.43572009470600326,1,0
SP1,2025/2026,2026-02-07,Sociedad,Elche,3,1,1,0.38340485495932464,0,0
I1,2025/2026,2026-02-08,Bologna,Parma,0,1,0,0.5411978444691645,1,0
I1,2025/2026,2026-02-08,Lecce,Udinese,2,1,1,0.40534809534207666,0,0
I1,2025/2026,2026-02-08,Sassuolo,Inter,0,5,0,0.5223074747972841,1,0
I1,2025/2026,2026-02-08,Juventus,Lazio,2,2,1,0.5059173412077109,1,1
D1,2025/2026,2026-02-08,FC Koln,RB Leipzig,1,2,1,0.5244803395760679,1,1
D1,2025/2026,2026-02-08,Bayern Munich,Hoffenheim,5,1,1,0.6319278170957422,1,1
E0,2025/2026,2026-02-08,Brighton,Crystal Palace,0,1,0,0.6229884573263905,1,0
E0,2025/2026,2026-02-08,Liverpool,Man City,1,2,1,0.630153554592709,1,1
F1,2025/2026,2026-02-08,Nice,Monaco,0,0,0,0.6092088401456164,1,0
F1,2025/2026,2026-02-08,Angers,Toulouse,1,0,0,0.434102401135298,1,0
F1,2025/2026,2026-02-08,Auxerre,Paris FC,0,0,0,0.5570242248248549,1,0
F1,2025/2026,2026-02-08,Le Havre,Strasbourg,2,1,1,0.5926669696198995,1,1
F1,2025/2026,2026-02-08,Paris SG,Marseille,5,0,0,0.7127870146471543,1,0
SP1,2025/2026,2026-02-08,Alaves,Getafe,0,2,0,0.31261665592473564,0,1
SP1,2025/2026,2026-02-08,Ath Bilbao,Levante,4,2,1,0.4415759642009741,1,1
SP1,2025/2026,2026-02-08,Sevilla,Girona,1,1,1,0.5665792969001007,1,1
SP1,2025/2026,2026-02-08,Ath Madrid,Betis,0,1,0,0.5309125079989278,1,0
SP1,2025/2026,2026-02-08,Valencia,Real Madrid,0,2,0,0.5224222799812536,1,0
I1,2025/2026,2026-02-09,Atalanta,Cremonese,2,1,1,0.5073856701898775,1,1
I1,2025/2026,2026-02-09,Roma,Cagliari,2,0,0,0.4541555191172971,1,0
SP1,2025/2026,2026-02-09,Villarreal,Espanol,4,1,1,0.5539354705820942,1,1
E0,2025/2026,2026-02-10,Chelsea,Leeds,2,2,1,0.5615749646548054,1,1
E0,2025/2026,2026-02-10,Everton,Bournemouth,1,2,1,0.4179630378004027,1,1
E0,2025/2026,2026-02-10,Tottenham,Newcastle,1,2,1,0.6938059667993874,1,1
E0,2025/2026,2026-02-10,West Ham,Man United,1,1,1,0.5350932777262356,1,1
E0,2025/2026,2026-02-11,Aston Villa,Brighton,1,0,0,0.6342759121577722,1,0
E0,2025/2026,2026-02-11,Crystal Palace,Burnley,2,3,1,0.5317767192191019,1,1
E0,2025/2026,2026-02-11,Man City,Fulham,3,0,0,0.5356046513814937,1,0
E0,2025/2026,2026-02-11,Nott'm Forest,Wolves,0,0,0,0.5710496441301617,1,0
E0,2025/2026,2026-02-11,Sunderland,Liverpool,0,1,0,0.6063056557445612,1,0
E0,2025/2026,2026-02-12,Brentford,Arsenal,1,1,1,0.5455743275812199,1,1
I1,2025/2026,2026-02-13,Pisa,Milan,1,2,1,0.5688405080727179,1,1
D1,2025/2026,2026-02-13,Dortmund,Mainz,4,0,0,0.635896116803869,1,0
F1,2025/2026,2026-02-13,Rennes,Paris SG,3,1,1,0.6648493372695556,1,1
F1,2025/2026,2026-02-13,Monaco,Nantes,3,1,1,0.5107743863341712,1,1
SP1,2025/2026,2026-02-13,Elche,Osasuna,0,0,0,0.462090318609058,1,0
I1,2025/2026,2026-02-14,Como,Fiorentina,1,2,1,0.5629415291283066,1,1
I1,2025/2026,2026-02-14,Lazio,Atalanta,0,2,0,0.5986573431041557,1,0
I1,2025/2026,2026-02-14,Inter,Juventus,3,2,1,0.4917043326951782,1,1
D1,2025/2026,2026-02-14,Ein Frankfurt,M'gladbach,3,0,0,0.6714300715603125,1,0
D1,2025/2026,2026-02-14,Hamburg,Union Berlin,3,2,1,0.5188633459352892,1,1
D1,2025/2026,2026-02-14,Hoffenheim,Freiburg,3,0,0,0.6708866732654287,1,0
D1,2025/2026,2026-02-14,Leverkusen,St Pauli,4,0,0,0.3771151946470627,0,1
D1,2025/2026,2026-02-14,Werder Bremen,Bayern Munich,0,3,0,0.647696955015895,1,0
D1,2025/2026,2026-02-14,Stuttgart,FC Koln,3,1,1,0.5408013116039453,1,1
F1,2025/2026,2026-02-14,Marseille,Strasbourg,2,2,1,0.6387441034850477,1,1
F1,2025/2026,2026-02-14,Lille,Brest,1,1,1,0.5499123591729376,1,1
F1,2025/2026,2026-02-14,Paris FC,Lens,0,5,0,0.48847102459712477,1,0
SP1,2025/2026,2026-02-14,Espanol,Celta,2,2,1,0.5468176901721852,1,1
SP1,2025/2026,2026-02-14,Getafe,Villarreal,2,1,1,0.50870869257914,1,1
SP1,2025/2026,2026-02-14,Sevilla,Alaves,1,1,1,0.4001337631293154,0,0
SP1,2025/2026,2026-02-14,Real Madrid,Sociedad,4,1,1,0.4322409009867599,1,1
I1,2025/2026,2026-02-15,Udinese,Sassuolo,1,2,1,0.5726443763488352,1,1
I1,2025/2026,2026-02-15,Cremonese,Genoa,0,0,0,0.49187963109122834,1,0
I1,2025/2026,2026-02-15,Parma,Verona,2,1,1,0.4718937166742776,1,1
I1,2025/2026,2026-02-15,Torino,Bologna,1,2,1,0.4471054264737406,1,1
I1,2025/2026,2026-02-15,Napoli,Roma,2,2,1,0.41839029067938927,1,1
D1,2025/2026,2026-02-15,Augsburg,Heidenheim,1,0,0,0.46897285179543896,1,0
D1,2025/2026,2026-02-15,RB Leipzig,Wolfsburg,2,2,1,0.5995887871134555,1,1
F1,2025/2026,2026-02-15,Le Havre,Toulouse,2,1,1,0.5774466123052021,1,1
F1,2025/2026,2026-02-15,Lorient,Angers,2,0,0,0.49712476880113626,1,0
F1,2025/2026,2026-02-15,Metz,Auxerre,1,3,1,0.5370220755066766,1,1
F1,2025/2026,2026-02-15,Lyon,Nice,2,0,0,0.6416859864151974,1,0
SP1,2025/2026,2026-02-15,Oviedo,Ath Bilbao,1,2,1,0.378704777997697,0,0
SP1,2025/2026,2026-02-15,Vallecano,Ath Madrid,3,0,0,0.41356655923915614,1,0
SP1,2025/2026,2026-02-15,Levante,Valencia,0,2,0,0.5853098534560169,1,0
SP1,2025/2026,2026-02-15,Mallorca,Betis,1,2,1,0.4332678662674813,1,1
I1,2025/2026,2026-02-16,Cagliari,Lecce,0,2,0,0.42413168173846383,1,0
SP1,2025/2026,2026-02-16,Girona,Barcelona,2,1,1,0.6507698762193848,1,1
I1,2025/2026,2026-02-18,Milan,Como,1,1,1,0.5845102944680809,1,1
E0,2025/2026,2026-02-18,Wolves,Arsenal,2,2,1,0.5024135202447381,1,1
SP1,2025/2026,2026-02-18,Levante,Villarreal,0,1,0,0.702212028536011,1,0
I1,2025/2026,2026-02-20,Sassuolo,Verona,3,0,0,0.5405375383648711,1,0
D1,2025/2026,2026-02-20,Mainz,Hamburg,1,1,1,0.5525174078956692,1,1
F1,2025/2026,2026-02-20,Brest,Marseille,2,0,0,0.7045483836631123,1,0
SP1,2025/2026,2026-02-20,Ath Bilbao,Elche,2,1,1,0.3127547356581108,0,0
I1,2025/2026,2026-02-21,Juventus,Como,0,2,0,0.4879692377103725,1,0
I1,2025/2026,2026-02-21,Lecce,Inter,0,2,0,0.3734215043916532,0,1
I1,2025/2026,2026-02-21,Cagliari,Lazio,0,0,0,0.5493151274757119,1,0
D1,2025/2026,2026-02-21,Bayern Munich,Ein Frankfurt,3,2,1,0.6669796813308646,1,1
D1,2025/2026,2026-02-21,FC Koln,Hoffenheim,2,2,1,0.6009957886281483,1,1
D1,2025/2026,2026-02-21,Union Berlin,Leverkusen,1,0,0,0.5202620842073902,1,0
D1,2025/2026,2026-02-21,Wolfsburg,Augsburg,2,3,1,0.4980538996254195,1,1
D1,2025/2026,2026-02-21,RB Leipzig,Dortmund,2,2,1,0.6893492628511196,1,1
E0,2025/2026,2026-02-21,Aston Villa,Leeds,1,1,1,0.5894166101993151,1,1
E0,2025/2026,2026-02-21,Brentford,Brighton,0,2,0,0.6751271375486203,1,0
E0,2025/2026,2026-02-21,Chelsea,Burnley,1,1,1,0.5088944648479888,1,1
E0,2025/2026,2026-02-21,West Ham,Bournemouth,0,0,0,0.5466284242891644,1,0
E0,2025/2026,2026-02-21,Man City,Newcastle,2,1,1,0.6073517818267411,1,1
F1,2025/2026,2026-02-21,Lens,Monaco,2,3,1,0.5352849650984743,1,1
F1,2025/2026,2026-02-21,Toulouse,Paris FC,1,1,1,0.5251601270261614,1,1
F1,2025/2026,2026-02-21,Paris SG,Metz,3,0,0,0.514686397209919,1,0
SP1,2025/2026,2026-02-21,Sociedad,Oviedo,3,3,1,0.42337703915968944,1,1
SP1,2025/2026,2026-02-21,Betis,Vallecano,1,1,1,0.46254487687861445,1,1
SP1,2025/2026,2026-02-21,Osasuna,Real Madrid,2,1,1,0.5431931226915948,1,1
SP1,2025/2026,2026-02-21,Ath Madrid,Espanol,4,2,1,0.43045127854445925,1,1
I1,2025/2026,2026-02-22,Genoa,Torino,3,0,0,0.3762267676728727,0,1
I1,2025/2026,2026-02-22,Atalanta,Napoli,2,1,1,0.5130174063657871,1,1
I1,2025/2026,2026-02-22,Milan,Parma,0,1,0,0.5653362994318128,1,0
I1,2025/2026,2026-02-22,Roma,Cremonese,3,0,0,0.4398106124594229,1,0
D1,2025/2026,2026-02-22,Freiburg,M'gladbach,2,1,1,0.656996010369632,1,1
D1,2025/2026,2026-02-22,St Pauli,Werder Bremen,2,1,1,0.40338394388981147,0,0
D1,2025/2026,2026-02-22,Heidenheim,Stuttgart,3,3,1,0.595093421506387,1,1
E0,2025/2026,2026-02-22,Crystal Palace,Wolves,1,0,0,0.5689759798122134,1,0
E0,2025/2026,2026-02-22,Nott'm Forest,Liverpool,0,1,0,0.6083641473848023,1,0
E0,2025/2026,2026-02-22,Sunderland,Fulham,1,3,1,0.5741836577750449,1,1
E0,2025/2026,2026-02-22,Tottenham,Arsenal,1,4,1,0.5738675333396066,1,1
F1,2025/2026,2026-02-22,Auxerre,Rennes,0,3,0,0.5983679055648234,1,0
F1,2025/2026,2026-02-22,Angers,Lille,0,1,0,0.399124110200679,0,1
F1,2025/2026,2026-02-22,Nantes,Le Havre,2,0,0,0.5494643105054375,1,0
F1,2025/2026,2026-02-22,Nice,Lorient,3,3,1,0.5480941554624995,1,1
F1,2025/2026,2026-02-22,Strasbourg,Lyon,3,1,1,0.6313291657341968,1,1
SP1,2025/2026,2026-02-22,Getafe,Sevilla,0,1,0,0.4090060535521297,0,1
SP1,2025/2026,2026-02-22,Barcelona,Levante,3,0,0,0.6174580163264635,1,0
SP1,2025/2026,2026-02-22,Celta,Mallorca,2,0,0,0.449560503765409,1,0
SP1,2025/2026,2026-02-22,Villarreal,Valencia,2,1,1,0.5743564499218912,1,1
I1,2025/2026,2026-02-23,Fiorentina,Pisa,1,0,0,0.5306538010272012,1,0
I1,2025/2026,2026-02-23,Bologna,Udinese,1,0,0,0.5098043654629046,1,0
E0,2025/2026,2026-02-23,Everton,Man United,0,1,0,0.40321077634286384,0,1
SP1,2025/2026,2026-02-23,Alaves,Girona,2,2,1,0.4542917688436719,1,1
I1,2025/2026,2026-02-27,Parma,Cagliari,1,1,1,0.5420664590846854,1,1
D1,2025/2026,2026-02-27,Augsburg,FC Koln,2,0,0,0.43854096680938326,1,0
E0,2025/2026,2026-02-27,Wolves,Aston Villa,2,0,0,0.5862836993856041,1,0
F1,2025/2026,2026-02-27,Strasbourg,Lens,1,1,1,0.48222588673975675,1,1
SP1,2025/2026,2026-02-27,Levante,Alaves,2,0,0,0.4904445758498638,1,0
I1,2025/2026,2026-02-28,Como,Lecce,3,1,1,0.40690490339352436,0,0
I1,2025/2026,2026-02-28,Verona,Napoli,1,2,1,0.37273426029746964,0,0
I1,2025/2026,2026-02-28,Inter,Genoa,2,0,0,0.4380315753205763,1,0
D1,2025/2026,2026-02-28,Hoffenheim,St Pauli,0,1,0,0.45081398818748053,1,0
D1,2025/2026,2026-02-28,Leverkusen,Mainz,1,1,1,0.5810570074975342,1,1
D1,2025/2026,2026-02-28,M'gladbach,Union Berlin,1,0,0,0.5769204425470259,1,0
D1,2025/2026,2026-02-28,Werder Bremen,Heidenheim,2,0,0,0.5664297031947162,1,0
D1,2025/2026,2026-02-28,Dortmund,Bayern Munich,2,3,1,0.7382367238979026,1,1
E0,2025/2026,2026-02-28,Bournemouth,Sunderland,1,1,1,0.5430071302798778,1,1
E0,2025/2026,2026-02-28,Burnley,Brentford,3,4,1,0.5940052648264394,1,1
E0,2025/2026,2026-02-28,Liverpool,West Ham,5,2,1,0.5789378530136264,1,1
E0,2025/2026,2026-02-28,Newcastle,Everton,2,3,1,0.4755740566922333,1,1
E0,2025/2026,2026-02-28,Leeds,Man City,0,1,0,0.5595978349913673,1,0
F1,2025/2026,2026-02-28,Rennes,Toulouse,1,0,0,0.5647369124751602,1,0
F1,2025/2026,2026-02-28,Monaco,Angers,2,0,0,0.4610192030185537,1,0
F1,2025/2026,2026-02-28,Le Havre,Paris SG,0,1,0,0.622632636751197,1,0
SP1,2025/2026,2026-02-28,Vallecano,Ath Bilbao,1,1,1,0.316011536066845,0,0
SP1,2025/2026,2026-02-28,Barcelona,Villarreal,4,1,1,0.6991821629944385,1,1
SP1,2025/2026,2026-02-28,Mallorca,Sociedad,0,1,0,0.3223236792548582,0,1
SP1,2025/2026,2026-02-28,Oviedo,Ath Madrid,0,1,0,0.48507510415203237,1,0
I1,2025/2026,2026-03-01,Cremonese,Milan,0,2,0,0.5675960853967331,1,0
I1,2025/2026,2026-03-01,Sassuolo,Atalanta,2,1,1,0.5792645995055595,1,1
I1,2025/2026,2026-03-01,Torino,Lazio,2,0,0,0.44584351995411864,1,0
I1,2025/2026,2026-03-01,Roma,Juventus,3,3,1,0.44479859195565263,1,1
D1,2025/2026,2026-03-01,Stuttgart,Wolfsburg,4,0,0,0.6366491765137754,1,0
D1,2025/2026,2026-03-01,Ein Frankfurt,Freiburg,2,0,0,0.6165750106038578,1,0
D1,2025/2026,2026-03-01,Hamburg,RB Leipzig,1,2,1,0.6055923392387034,1,1
E0,2025/2026,2026-03-01,Brighton,Nott'm Forest,2,1,1,0.6243477180434367,1,1
E0,2025/2026,2026-03-01,Fulham,Tottenham,2,1,1,0.6553946585289819,1,1
E0,2025/2026,2026-03-01,Man United,Crystal Palace,2,1,1,0.5195504276610796,1,1
E0,2025/2026,2026-03-01,Arsenal,Chelsea,2,1,1,0.4892024250121014,1,1
F1,2025/2026,2026-03-01,Paris FC,Nice,1,0,0,0.5524168935991178,1,0
F1,2025/2026,2026-03-01,Lille,Nantes,1,0,0,0.42543831977625224,1,0
F1,2025/2026,2026-03-01,Lorient,Auxerre,2,2,1,0.5959212879376105,1,1
F1,2025/2026,2026-03-01,Metz,Brest,0,1,0,0.5933734057314236,1,0
F1,2025/2026,2026-03-01,Marseille,Lyon,3,2,1,0.7226663760782279,1,1
SP1,2025/2026,2026-03-01,Elche,Espanol,2,2,1,0.4296495659592229,1,1
SP1,2025/2026,2026-03-01,Valencia,Osasuna,1,0,0,0.48760365490366925,1,0
SP1,2025/2026,2026-03-01,Betis,Sevilla,2,2,1,0.5426481125851151,1,1
SP1,2025/2026,2026-03-01,Girona,Celta,1,2,1,0.6434828126717498,1,1
I1,2025/2026,2026-03-02,Pisa,Bologna,0,1,0,0.5403162699284382,1,0
I1,2025/2026,2026-03-02,Udinese,Fiorentina,3,0,0,0.5226461215408515,1,0
SP1,2025/2026,2026-03-02,Real Madrid,Getafe,0,1,0,0.40899271666716613,0,1
E0,2025/2026,2026-03-03,Bournemouth,Brentford,0,0,0,0.5876948896799736,1,0
E0,2025/2026,2026-03-03,Everton,Burnley,2,0,0,0.4250799794534751,1,0
E0,2025/2026,2026-03-03,Leeds,Sunderland,0,1,0,0.6272572080101705,1,0
E0,2025/2026,2026-03-03,Wolves,Liverpool,2,1,1,0.6179621273665078,1,1
D1,2025/2026,2026-03-04,Hamburg,Leverkusen,0,1,0,0.5989974230500054,1,0
E0,2025/2026,2026-03-04,Aston Villa,Chelsea,1,4,1,0.5552473675147699,1,1
E0,2025/2026,2026-03-04,Brighton,Arsenal,0,1,0,0.5663312478911692,1,0
E0,2025/2026,2026-03-04,Fulham,West Ham,0,1,0,0.5679006673795154,1,0
E0,2025/2026,2026-03-04,Man City,Nott'm Forest,2,2,1,0.5319074943430122,1,1
E0,2025/2026,2026-03-04,Newcastle,Man United,2,1,1,0.5599245471428825,1,1
SP1,2025/2026,2026-03-04,Vallecano,Oviedo,3,0,0,0.4177250734778934,1,0
E0,2025/2026,2026-03-05,Tottenham,Crystal Palace,1,3,1,0.6442707894105821,1,1
I1,2025/2026,2026-03-06,Napoli,Torino,2,1,1,0.34553087968698815,0,0
D1,2025/2026,2026-03-06,Bayern Munich,M'gladbach,4,1,1,0.645567867433763,1,1
F1,2025/2026,2026-03-06,Paris SG,Monaco,1,3,1,0.6744148343942191,1,1
SP1,2025/2026,2026-03-06,Celta,Real Madrid,1,2,1,0.6225296231813046,1,1
I1,2025/2026,2026-03-07,Cagliari,Como,1,2,1,0.5420254535720346,1,1
I1,2025/2026,2026-03-07,Atalanta,Udinese,2,2,1,0.5034910434796871,1,1
I1,2025/2026,2026-03-07,Juventus,Pisa,4,0,0,0.4616391575379089,1,0
D1,2025/2026,2026-03-07,Freiburg,Leverkusen,3,3,1,0.6105803920132056,1,1
D1,2025/2026,2026-03-07,Heidenheim,Hoffenheim,2,4,1,0.6322604853889744,1,1
D1,2025/2026,2026-03-07,Mainz,Stuttgart,2,2,1,0.623705872378323,1,1
D1,2025/2026,2026-03-07,RB Leipzig,Augsburg,2,1,1,0.504696385636233,1,1
D1,2025/2026,2026-03-07,Wolfsburg,Hamburg,1,2,1,0.587720960109066,1,1
D1,2025/2026,2026-03-07,FC Koln,Dortmund,1,2,1,0.5642447370358333,1,1
F1,2025/2026,2026-03-07,Nantes,Angers,0,1,0,0.40840903225258346,0,1
F1,2025/2026,2026-03-07,Auxerre,Strasbourg,0,0,0,0.556042527226944,1,0
F1,2025/2026,2026-03-07,Toulouse,Marseille,0,1,0,0.6216460680687325,1,0
SP1,2025/2026,2026-03-07,Osasuna,Mallorca,2,2,1,0.3826664546288837,0,0
SP1,2025/2026,2026-03-07,Levante,Girona,1,1,1,0.6627150903394562,1,1
SP1,2025/2026,2026-03-07,Ath Madrid,Sociedad,3,2,1,0.394619424902545,0,0
SP1,2025/2026,2026-03-07,Ath Bilbao,Barcelona,0,1,0,0.5086240433698572,1,0
I1,2025/2026,2026-03-08,Lecce,Cremonese,2,1,1,0.4480305504426423,1,1
I1,2025/2026,2026-03-08,Bologna,Verona,1,2,1,0.4602661404803314,1,1
I1,2025/2026,2026-03-08,Fiorentina,Parma,0,0,0,0.5406082297606645,1,0
I1,2025/2026,2026-03-08,Genoa,Roma,2,1,1,0.4184145143874866,1,1
I1,2025/2026,2026-03-08,Milan,Inter,1,0,0,0.5929367141387416,1,0
D1,2025/2026,2026-03-08,St Pauli,Ein Frankfurt,0,0,0,0.4037972928562469,0,1
D1,2025/2026,2026-03-08,Union Berlin,Werder Bremen,1,4,1,0.5448615984614448,1,1
F1,2025/2026,2026-03-08,Lens,Metz,3,0,0,0.4458864021393061,1,0
F1,2025/2026,2026-03-08,Brest,Le Havre,2,0,0,0.6498201643272982,1,0
F1,2025/2026,2026-03-08,Lille,Lorient,1,1,1,0.5043597472524711,1,1
F1,2025/2026,2026-03-08,Nice,Rennes,0,4,0,0.5865160487772126,1,0
F1,2025/2026,2026-03-08,Lyon,Paris FC,1,1,1,0.6119410265981592,1,1
SP1,2025/2026,2026-03-08,Villarreal,Elche,2,1,1,0.5146919242782251,1,1
SP1,2025/2026,2026-03-08,Getafe,Betis,2,0,0,0.4560482916633195,1,0
SP1,2025/2026,2026-03-08,Sevilla,Vallecano,1,1,1,0.42658228662513004,1,1
SP1,2025/2026,2026-03-08,Valencia,Alaves,3,2,1,0.3811325799279013,0,0
I1,2025/2026,2026-03-09,Lazio,Sassuolo,2,1,1,0.5715112318669345,1,1
SP1,2025/2026,2026-03-09,Espanol,Oviedo,1,1,1,0.4611181268595704,1,1
I1,2025/2026,2026-03-13,Torino,Parma,4,1,1,0.43363360100608506,1,1
D1,2025/2026,2026-03-13,M'gladbach,St Pauli,2,0,0,0.43424501705191404,1,0
F1,2025/2026,2026-03-13,Marseille,Auxerre,1,0,0,0.6340992417836803,1,0
SP1,2025/2026,2026-03-13,Alaves,Villarreal,1,1,1,0.499319169215238,1,1
I1,2025/2026,2026-03-14,Inter,Atalanta,1,1,1,0.5930123279968719,1,1
I1,2025/2026,2026-03-14,Napoli,Lecce,2,1,1,0.3135132594551309,0,0
I1,2025/2026,2026-03-14,Udinese,Juventus,0,1,0,0.4541209955008104,1,0
D1,2025/2026,2026-03-14,Dortmund,Augsburg,2,0,0,0.5457686695987946,1,0
D1,2025/2026,2026-03-14,Ein Frankfurt,Heidenheim,1,0,0,0.5524654551633379,1,0
D1,2025/2026,2026-03-14,Hoffenheim,Wolfsburg,1,1,1,0.6651972295223433,1,1
D1,2025/2026,2026-03-14,Leverkusen,Bayern Munich,1,1,1,0.7014110421877215,1,1
D1,2025/2026,2026-03-14,Hamburg,FC Koln,1,1,1,0.5160858023778172,1,1
E0,2025/2026,2026-03-14,Burnley,Bournemouth,0,0,0,0.5333871545366253,1,0
E0,2025/2026,2026-03-14,Sunderland,Brighton,0,1,0,0.6382008891737655,1,0
E0,2025/2026,2026-03-14,Arsenal,Everton,2,0,0,0.3696855296664519,0,1
E0,2025/2026,2026-03-14,Chelsea,Newcastle,0,1,0,0.6018009167044615,1,0
E0,2025/2026,2026-03-14,West Ham,Man City,1,1,1,0.5373297685697126,1,1
F1,2025/2026,2026-03-14,Lorient,Lens,2,1,1,0.5189529439987441,1,1
F1,2025/2026,2026-03-14,Angers,Nice,0,2,0,0.4447206141201181,1,0
F1,2025/2026,2026-03-14,Monaco,Brest,2,0,0,0.642099126331788,1,0
SP1,2025/2026,2026-03-14,Girona,Ath Bilbao,3,0,0,0.43899165205280777,1,0
SP1,2025/2026,2026-03-14,Ath Madrid,Getafe,1,0,0,0.37230710069275674,0,1
SP1,2025/2026,2026-03-14,Oviedo,Valencia,1,0,0,0.478518248138801,1,0
SP1,2025/2026,2026-03-14,Real Madrid,Elche,4,1,1,0.4249830397852054,1,1
I1,2025/2026,2026-03-15,Verona,Genoa,0,2,0,0.41644326087771705,1,0
I1,2025/2026,2026-03-15,Pisa,Cagliari,3,1,1,0.5285521044184273,1,1
I1,2025/2026,2026-03-15,Sassuolo,Bologna,0,1,0,0.5915908773093127,1,0
I1,2025/2026,2026-03-15,Como,Roma,2,1,1,0.48719927197777757,1,1
I1,2025/2026,2026-03-15,Lazio,Milan,1,0,0,0.6067519446230107,1,0
D1,2025/2026,2026-03-15,Werder Bremen,Mainz,0,2,0,0.588113084033429,1,0
D1,2025/2026,2026-03-15,Freiburg,Union Berlin,0,1,0,0.5195175028094504,1,0
D1,2025/2026,2026-03-15,Stuttgart,RB Leipzig,1,0,0,0.6672690844383263,1,0
E0,2025/2026,2026-03-15,Crystal Palace,Leeds,0,0,0,0.5865191948800718,1,0
E0,2025/2026,2026-03-15,Man United,Aston Villa,3,1,1,0.5313519945923546,1,1
E0,2025/2026,2026-03-15,Nott'm Forest,Fulham,0,0,0,0.557816157931306,1,0
E0,2025/2026,2026-03-15,Liverpool,Tottenham,1,1,1,0.669578586355747,1,1
F1,2025/2026,2026-03-15,Strasbourg,Paris FC,0,0,0,0.539799017656938,1,0
F1,2025/2026,2026-03-15,Le Havre,Lyon,0,0,0,0.6647445273827648,1,0
F1,2025/2026,2026-03-15,Metz,Toulouse,3,4,1,0.5054647095354551,1,1
F1,2025/2026,2026-03-15,Rennes,Lille,1,2,1,0.5423784830663921,1,1
SP1,2025/2026,2026-03-15,Mallorca,Espanol,2,1,1,0.35576409045520135,0,0
SP1,2025/2026,2026-03-15,Barcelona,Sevilla,5,2,1,0.5444899994741185,1,1
SP1,2025/2026,2026-03-15,Betis,Celta,1,1,1,0.6282414050157586,1,1
SP1,2025/2026,2026-03-15,Sociedad,Osasuna,3,1,1,0.43209902757304186,1,1
I1,2025/2026,2026-03-16,Cremonese,Fiorentina,1,4,1,0.5449683938102304,1,1
E0,2025/2026,2026-03-16,Brentford,Wolves,2,2,1,0.6191155515905028,1,1
SP1,2025/2026,2026-03-16,Vallecano,Levante,1,1,1,0.5166173667287914,1,1
I1,2025/2026,2026-03-20,Cagliari,Napoli,0,1,0,0.44358687497779786,1,0
I1,2025/2026,2026-03-20,Genoa,Udinese,0,2,0,0.45065962185092767,1,0
D1,2025/2026,2026-03-20,RB Leipzig,Hoffenheim,5,0,0,0.6638479062087835,1,0
E0,2025/2026,2026-03-20,Bournemouth,Man United,2,2,1,0.5040765341498371,1,1
F1,2025/2026,2026-03-20,Lens,Angers,5,1,1,0.3800078488106604,0,0
SP1,2025/2026,2026-03-20,Villarreal,Sociedad,3,1,1,0.5135737300200637,1,1
I1,2025/2026,2026-03-21,Parma,Cremonese,0,2,0,0.5477515716014045,1,0
I1,2025/2026,2026-03-21,Milan,Torino,3,2,1,0.46612396723232685,1,1
I1,2025/2026,2026-03-21,Juventus,Sassuolo,1,1,1,0.4977694762520418,1,1
D1,2025/2026,2026-03-21,Bayern Munich,Union Berlin,4,0,0,0.5011389950793874,1,0
D1,2025/2026,2026-03-21,FC Koln,M'gladbach,3,3,1,0.5819174187524773,1,1
D1,2025/2026,2026-03-21,Heidenheim,Leverkusen,3,3,1,0.5437834754145314,1,1
D1,2025/2026,2026-03-21,Wolfsburg,Werder Bremen,0,1,0,0.6151349130474987,1,0
D1,2025/2026,2026-03-21,Dortmund,Hamburg,3,2,1,0.6386580339423481,1,1
E0,2025/2026,2026-03-21,Brighton,Liverpool,2,1,1,0.6827597731333896,1,1
E0,2025/2026,2026-03-21,Fulham,Burnley,3,1,1,0.5511800162413204,1,1
E0,2025/2026,2026-03-21,Everton,Chelsea,3,0,0,0.42325032233220555,1,0
E0,2025/2026,2026-03-21,Leeds,Brentford,0,0,0,0.6494096193889338,1,0
F1,2025/2026,2026-03-21,Toulouse,Lorient,1,0,0,0.5511681770751132,1,0
F1,2025/2026,2026-03-21,Auxerre,Brest,3,0,0,0.6197145770740262,1,0
F1,2025/2026,2026-03-21,Nice,Paris SG,0,4,0,0.6529620522241131,1,0
SP1,2025/2026,2026-03-21,Elche,Mallorca,2,1,1,0.35091652052288574,0,0
SP1,2025/2026,2026-03-21,Espanol,Getafe,1,2,1,0.3744841652280496,0,0
SP1,2025/2026,2026-03-21,Levante,Oviedo,4,2,1,0.5945673829836465,1,1
SP1,2025/2026,2026-03-21,Osasuna,Girona,1,0,0,0.5608516867104847,1,0
SP1,2025/2026,2026-03-21,Sevilla,Valencia,0,2,0,0.48973785059062597,1,0
I1,2025/2026,2026-03-22,Como,Pisa,5,0,0,0.5240641190206805,1,0
I1,2025/2026,2026-03-22,Atalanta,Verona,1,0,0,0.4493326894682564,1,0
I1,2025/2026,2026-03-22,Bologna,Lazio,0,2,0,0.5718824362572347,1,0
I1,2025/2026,2026-03-22,Roma,Lecce,1,0,0,0.33529011786953644,0,1
I1,2025/2026,2026-03-22,Fiorentina,Inter,1,1,1,0.5613372461476592,1,1
D1,2025/2026,2026-03-22,Mainz,Ein Frankfurt,2,1,1,0.5979664512930394,1,1
D1,2025/2026,2026-03-22,St Pauli,Freiburg,1,2,1,0.3854168599167108,0,0
D1,2025/2026,2026-03-22,Augsburg,Stuttgart,2,5,1,0.5523821433658727,1,1
E0,2025/2026,2026-03-22,Newcastle,Sunderland,1,2,1,0.5962085221053831,1,1
E0,2025/2026,2026-03-22,Aston Villa,West Ham,2,0,0,0.5583519333145027,1,0
E0,2025/2026,2026-03-22,Tottenham,Nott'm Forest,0,3,0,0.6459006420150978,1,0
F1,2025/2026,2026-03-22,Lyon,Monaco,1,2,1,0.6830404919056657,1,1
F1,2025/2026,2026-03-22,Marseille,Lille,1,2,1,0.5973135550250818,1,1
F1,2025/2026,2026-03-22,Paris FC,Le Havre,3,2,1,0.6008580694872068,1,1
F1,2025/2026,2026-03-22,Rennes,Metz,0,0,0,0.546145432485967,1,0
F1,2025/2026,2026-03-22,Nantes,Strasbourg,2,3,1,0.4916938692649097,1,1
SP1,2025/2026,2026-03-22,Barcelona,Vallecano,1,0,0,0.474950948859784,1,0
SP1,2025/2026,2026-03-22,Celta,Alaves,3,4,1,0.4639998438978117,1,1
SP1,2025/2026,2026-03-22,Ath Bilbao,Betis,2,1,1,0.4252924833663738,1,1
SP1,2025/2026,2026-03-22,Real Madrid,Ath Madrid,3,2,1,0.5586422703441204,1,1
F1,2025/2026,2026-04-03,Paris SG,Toulouse,3,1,1,0.5695624235543406,1,1
SP1,2025/2026,2026-04-03,Vallecano,Elche,1,0,0,0.3785228406858644,0,1
I1,2025/2026,2026-04-04,Sassuolo,Cagliari,2,1,1,0.6041791367277879,1,1
I1,2025/2026,2026-04-04,Verona,Fiorentina,0,1,0,0.4745671904599049,1,0
I1,2025/2026,2026-04-04,Lazio,Parma,1,1,1,0.5403303485577841,1,1
D1,2025/2026,2026-04-04,Freiburg,Bayern Munich,2,3,1,0.6227126073943696,1,1
D1,2025/2026,2026-04-04,Hamburg,Augsburg,1,1,1,0.5024777253273232,1,1
D1,2025/2026,2026-04-04,Hoffenheim,Mainz,1,2,1,0.6327843006631741,1,1
D1,2025/2026,2026-04-04,Leverkusen,Wolfsburg,6,3,1,0.5879997722039917,1,1
D1,2025/2026,2026-04-04,M'gladbach,Heidenheim,2,2,1,0.6062821655316881,1,1
D1,2025/2026,2026-04-04,Werder Bremen,RB Leipzig,1,2,1,0.6342059937400192,1,1
D1,2025/2026,2026-04-04,Stuttgart,Dortmund,0,2,0,0.7304950952472532,1,0
F1,2025/2026,2026-04-04,Strasbourg,Nice,3,1,1,0.5579445246876799,1,1
F1,2025/2026,2026-04-04,Brest,Rennes,3,4,1,0.6548860279237416,1,1
F1,2025/2026,2026-04-04,Lille,Lens,3,0,0,0.43353516602383707,1,0
SP1,2025/2026,2026-04-04,Sociedad,Levante,2,0,0,0.5224354092407293,1,0
SP1,2025/2026,2026-04-04,Mallorca,Real Madrid,2,1,1,0.41605386211585726,1,1
SP1,2025/2026,2026-04-04,Betis,Espanol,0,0,0,0.5090670531509094,1,0
SP1,2025/2026,2026-04-04,Ath Madrid,Barcelona,1,2,1,0.6316109452878708,1,1
I1,2025/2026,2026-04-05,Cremonese,Bologna,1,2,1,0.5472508000054942,1,1
I1,2025/2026,2026-04-05,Pisa,Torino,0,1,0,0.4227087516695854,1,0
I1,2025/2026,2026-04-05,Inter,Roma,5,2,1,0.4922617695143626,1,1
D1,2025/2026,2026-04-05,Union Berlin,St Pauli,1,1,1,0.3241643180899235,0,0
D1,2025/2026,2026-04-05,Ein Frankfurt,FC Koln,2,2,1,0.5156160798506029,1,1
F1,2025/2026,2026-04-05,Angers,Lyon,0,0,0,0.5204655477354432,1,0
F1,2025/2026,2026-04-05,Le Havre,Auxerre,1,1,1,0.6093924482608866,1,1
F1,2025/2026,2026-04-05,Lorient,Paris FC,1,1,1,0.5953581457535821,1,1
F1,2025/2026,2026-04-05,Metz,Nantes,0,0,0,0.48260125354885414,1,0
F1,2025/2026,2026-04-05,Monaco,Marseille,2,1,1,0.6952314010752104,1,1
SP1,2025/2026,2026-04-05,Getafe,Ath Bilbao,2,0,0,0.3012569602057528,0,1
SP1,2025/2026,2026-04-05,Valencia,Celta,2,3,1,0.5649157666747631,1,1
SP1,2025/2026,2026-04-05,Oviedo,Sevilla,1,0,0,0.49543302746091333,1,0
SP1,2025/2026,2026-04-05,Alaves,Osasuna,2,2,1,0.399747441100421,0,0
I1,2025/2026,2026-04-06,Udinese,Como,0,0,0,0.514406034540263,1,0
I1,2025/2026,2026-04-06,Lecce,Atalanta,0,3,0,0.42065035530480804,1,0
I1,2025/2026,2026-04-06,Juventus,Genoa,2,0,0,0.41807204367507833,1,0
I1,2025/2026,2026-04-06,Napoli,Milan,1,0,0,0.5104764928606701,1,0
SP1,2025/2026,2026-04-06,Girona,Villarreal,1,0,0,0.6709765061353753,1,0
I1,2025/2026,2026-04-10,Roma,Pisa,3,0,0,0.44984979658073004,1,0
D1,2025/2026,2026-04-10,Augsburg,Hoffenheim,2,2,1,0.5808728776706036,1,1
E0,2025/2026,2026-04-10,West Ham,Wolves,4,0,0,0.5926619668541425,1,0
F1,2025/2026,2026-04-10,Paris FC,Monaco,4,1,1,0.5955677405766309,1,1
F1,2025/2026,2026-04-10,Marseille,Metz,3,1,1,0.5722367026089878,1,1
SP1,2025/2026,2026-04-10,Real Madrid,Girona,1,1,1,0.5523150441924123,1,1
I1,2025/2026,2026-04-11,Cagliari,Cremonese,1,0,0,0.5544264979433828,1,0
I1,2025/2026,2026-04-11,Torino,Verona,2,1,1,0.3704387574991485,0,0
I1,2025/2026,2026-04-11,Milan,Udinese,0,3,0,0.5321870777506651,1,0
I1,2025/2026,2026-04-11,Atalanta,Juventus,0,1,0,0.5375238891905763,1,0
D1,2025/2026,2026-04-11,Dortmund,Leverkusen,0,1,0,0.7065657954866633,1,0
D1,2025/2026,2026-04-11,Heidenheim,Union Berlin,3,1,1,0.48805402765739014,1,1
D1,2025/2026,2026-04-11,RB Leipzig,M'gladbach,1,0,0,0.6616304785415902,1,0
D1,2025/2026,2026-04-11,Wolfsburg,Ein Frankfurt,1,2,1,0.620155646195945,1,1
D1,2025/2026,2026-04-11,St Pauli,Bayern Munich,0,5,0,0.40438017680539423,0,1
E0,2025/2026,2026-04-11,Arsenal,Bournemouth,1,2,1,0.4694851725789347,1,1
E0,2025/2026,2026-04-11,Brentford,Everton,2,2,1,0.4769901235374628,1,1
E0,2025/2026,2026-04-11,Burnley,Brighton,0,2,0,0.6207050412054739,1,0
E0,2025/2026,2026-04-11,Liverpool,Fulham,2,0,0,0.5978975177775948,1,0
F1,2025/2026,2026-04-11,Auxerre,Nantes,0,0,0,0.49623478179441605,1,0
F1,2025/2026,2026-04-11,Rennes,Angers,2,1,1,0.47519529118252174,1,1
SP1,2025/2026,2026-04-11,Sociedad,Alaves,3,3,1,0.3327103373599668,0,0
SP1,2025/2026,2026-04-11,Elche,Valencia,1,0,0,0.4461314052481398,1,0
SP1,2025/2026,2026-04-11,Barcelona,Espanol,4,1,1,0.5193595083882893,1,1
SP1,2025/2026,2026-04-11,Sevilla,Ath Madrid,2,1,1,0.4901276090504592,1,1
I1,2025/2026,2026-04-12,Genoa,Sassuolo,2,1,1,0.5243616740733513,1,1
I1,2025/2026,2026-04-12,Parma,Napoli,1,1,1,0.44680872756211376,1,1
I1,2025/2026,2026-04-12,Bologna,Lecce,2,0,0,0.4089485495167188,0,1
I1,2025/2026,2026-04-12,Como,Inter,3,4,1,0.529865157760414,1,1
D1,2025/2026,2026-04-12,FC Koln,Werder Bremen,3,1,1,0.5425900947700556,1,1
D1,2025/2026,2026-04-12,Stuttgart,Hamburg,4,0,0,0.6320456401195605,1,0
D1,2025/2026,2026-04-12,Mainz,Freiburg,0,1,0,0.560970178440326,1,0
E0,2025/2026,2026-04-12,Crystal Palace,Newcastle,2,1,1,0.6035239819810302,1,1
E0,2025/2026,2026-04-12,Nott'm Forest,Aston Villa,1,1,1,0.5605764677848404,1,1
E0,2025/2026,2026-04-12,Sunderland,Tottenham,1,0,0,0.6601660392378798,1,0
E0,2025/2026,2026-04-12,Chelsea,Man City,0,3,0,0.5496516921986497,1,0
F1,2025/2026,2026-04-12,Nice,Le Havre,1,1,1,0.5563526789884823,1,1
F1,2025/2026,2026-04-12,Toulouse,Lille,0,4,0,0.4780114095337367,1,0
F1,2025/2026,2026-04-12,Lyon,Lorient,2,0,0,0.6279676761754169,1,0
SP1,2025/2026,2026-04-12,Osasuna,Betis,1,1,1,0.557358970094115,1,1
SP1,2025/2026,2026-04-12,Mallorca,Vallecano,3,0,0,0.3172104178778032,0,1
SP1,2025/2026,2026-04-12,Celta,Oviedo,0,3,0,0.5672557400676748,1,0
SP1,2025/2026,2026-04-12,Ath Bilbao,Villarreal,1,2,1,0.4869385596062418,1,1
I1,2025/2026,2026-04-13,Fiorentina,Lazio,1,0,0,0.5747135322637417,1,0
E0,2025/2026,2026-04-13,Man United,Leeds,1,2,1,0.5756308904226243,1,1
SP1,2025/2026,2026-04-13,Levante,Getafe,1,0,0,0.5000839154745544,1,0
I1,2025/2026,2026-04-17,Sassuolo,Como,2,1,1,0.5890594604364348,1,1
I1,2025/2026,2026-04-17,Inter,Cagliari,3,0,0,0.47690529893944256,1,0
D1,2025/2026,2026-04-17,St Pauli,FC Koln,1,1,1,0.32555693284591647,0,0
F1,2025/2026,2026-04-17,Lens,Toulouse,3,2,1,0.45962657743902696,1,1
I1,2025/2026,2026-04-18,Udinese,Parma,0,1,0,0.517368744685022,1,0
I1,2025/2026,2026-04-18,Napoli,Lazio,0,2,0,0.47123063180082353,1,0
I1,2025/2026,2026-04-18,Roma,Atalanta,1,1,1,0.5385744369106691,1,1
D1,2025/2026,2026-04-18,Hoffenheim,Dortmund,2,1,1,0.7186906320867038,1,1
D1,2025/2026,2026-04-18,Leverkusen,Augsburg,1,2,1,0.489051140877501,1,1
D1,2025/2026,2026-04-18,Union Berlin,Wolfsburg,1,2,1,0.5195336023260796,1,1
D1,2025/2026,2026-04-18,Werder Bremen,Hamburg,3,1,1,0.6126731497365032,1,1
D1,2025/2026,2026-04-18,Ein Frankfurt,RB Leipzig,1,3,1,0.6415504865488341,1,1
E0,2025/2026,2026-04-18,Brentford,Fulham,0,0,0,0.6081783721937027,1,0
E0,2025/2026,2026-04-18,Leeds,Wolves,3,0,0,0.6447435076162806,1,0
E0,2025/2026,2026-04-18,Newcastle,Bournemouth,1,2,1,0.5856172295052581,1,1
E0,2025/2026,2026-04-18,Tottenham,Brighton,2,2,1,0.7198069903312531,1,1
E0,2025/2026,2026-04-18,Chelsea,Man United,0,1,0,0.5021214508457083,1,0
F1,2025/2026,2026-04-18,Lorient,Marseille,2,0,0,0.6632218491035261,1,0
F1,2025/2026,2026-04-18,Angers,Le Havre,1,1,1,0.515195398288071,1,1
F1,2025/2026,2026-04-18,Lille,Nice,0,0,0,0.5112223746643256,1,0
I1,2025/2026,2026-04-19,Cremonese,Torino,0,0,0,0.44890762705840875,1,0
I1,2025/2026,2026-04-19,Verona,Milan,0,1,0,0.49818537412322733,1,0
I1,2025/2026,2026-04-19,Pisa,Genoa,1,2,1,0.46599603447625576,1,1
I1,2025/2026,2026-04-19,Juventus,Bologna,2,0,0,0.507827063596814,1,0
D1,2025/2026,2026-04-19,Freiburg,Heidenheim,2,1,1,0.5491204955480702,1,1
D1,2025/2026,2026-04-19,Bayern Munich,Stuttgart,4,2,1,0.6875390175293349,1,1
D1,2025/2026,2026-04-19,M'gladbach,Mainz,1,1,1,0.6242534890827234,1,1
E0,2025/2026,2026-04-19,Aston Villa,Sunderland,4,3,1,0.5629076146063338,1,1
E0,2025/2026,2026-04-19,Everton,Liverpool,1,2,1,0.4867518476222058,1,1
E0,2025/2026,2026-04-19,Nott'm Forest,Burnley,4,1,1,0.5341437496788913,1,1
E0,2025/2026,2026-04-19,Man City,Arsenal,2,1,1,0.5171847898805968,1,1
F1,2025/2026,2026-04-19,Monaco,Auxerre,2,2,1,0.5883286215631198,1,1
F1,2025/2026,2026-04-19,Metz,Paris FC,1,3,1,0.5377854131415852,1,1
F1,2025/2026,2026-04-19,Nantes,Brest,1,1,1,0.5606742683705249,1,1
F1,2025/2026,2026-04-19,Strasbourg,Rennes,0,3,0,0.5870942959707972,1,0
F1,2025/2026,2026-04-19,Paris SG,Lyon,1,2,1,0.6930472264420092,1,1
I1,2025/2026,2026-04-20,Lecce,Fiorentina,1,1,1,0.4220902522707036,1,1
E0,2025/2026,2026-04-20,Crystal Palace,West Ham,0,0,0,0.550934980714334,1,0
E0,2025/2026,2026-04-21,Brighton,Chelsea,3,0,0,0.6188410684757572,1,0
SP1,2025/2026,2026-04-21,Ath Bilbao,Osasuna,1,0,0,0.3724088074729792,0,1
SP1,2025/2026,2026-04-21,Mallorca,Valencia,1,1,1,0.3716231197892152,0,0
SP1,2025/2026,2026-04-21,Girona,Betis,2,3,1,0.6173812869175992,1,1
SP1,2025/2026,2026-04-21,Real Madrid,Alaves,2,1,1,0.4021422860696824,0,0
E0,2025/2026,2026-04-22,Bournemouth,Leeds,2,2,1,0.5749295782181357,1,1
E0,2025/2026,2026-04-22,Burnley,Man City,0,1,0,0.5082689719322606,1,0
F1,2025/2026,2026-04-22,Paris SG,Nantes,3,0,0,0.5059347612758669,1,0
SP1,2025/2026,2026-04-22,Elche,Ath Madrid,3,2,1,0.42874091376044865,1,1
SP1,2025/2026,2026-04-22,Sociedad,Getafe,0,1,0,0.34072561064222046,0,1
SP1,2025/2026,2026-04-22,Barcelona,Celta,1,0,0,0.6385894005610918,1,0
SP1,2025/2026,2026-04-23,Levante,Sevilla,2,0,0,0.6037189504754534,1,0
SP1,2025/2026,2026-04-23,Vallecano,Espanol,1,0,0,0.392523878840477,0,1
SP1,2025/2026,2026-04-23,Oviedo,Villarreal,1,1,1,0.6040386909788107,1,1
I1,2025/2026,2026-04-24,Napoli,Cremonese,4,0,0,0.41393447361918223,1,0
D1,2025/2026,2026-04-24,RB Leipzig,Union Berlin,3,1,1,0.5193000940658743,1,1
E0,2025/2026,2026-04-24,Sunderland,Nott'm Forest,0,5,0,0.5618773176395522,1,0
F1,2025/2026,2026-04-24,Brest,Lens,3,3,1,0.5481414283819349,1,1
SP1,2025/2026,2026-04-24,Betis,Real Madrid,1,1,1,0.6029638912153086,1,1
I1,2025/2026,2026-04-25,Parma,Pisa,1,0,0,0.5288073290727582,1,0
I1,2025/2026,2026-04-25,Bologna,Roma,0,2,0,0.5055602791371466,1,0
I1,2025/2026,2026-04-25,Verona,Lecce,0,0,0,0.37260448464701734,0,1
D1,2025/2026,2026-04-25,Augsburg,Ein Frankfurt,1,1,1,0.5263615893155703,1,1
D1,2025/2026,2026-04-25,FC Koln,Leverkusen,1,2,1,0.506705521100249,1,1
D1,2025/2026,2026-04-25,Heidenheim,St Pauli,2,0,0,0.3523466372243676,0,1
D1,2025/2026,2026-04-25,Mainz,Bayern Munich,3,4,1,0.6157565278176313,1,1
D1,2025/2026,2026-04-25,Wolfsburg,M'gladbach,0,0,0,0.6512911144279223,1,0
D1,2025/2026,2026-04-25,Hamburg,Hoffenheim,1,2,1,0.6650163747066774,1,1
E0,2025/2026,2026-04-25,Fulham,Aston Villa,1,0,0,0.5713740096736415,1,0
E0,2025/2026,2026-04-25,Liverpool,Crystal Palace,3,1,1,0.5940947059245988,1,1
E0,2025/2026,2026-04-25,West Ham,Everton,2,1,1,0.4417951547055128,1,1
E0,2025/2026,2026-04-25,Wolves,Tottenham,0,1,0,0.6763470254779623,1,0
E0,2025/2026,2026-04-25,Arsenal,Newcastle,1,0,0,0.553705840004081,1,0
F1,2025/2026,2026-04-25,Lyon,Auxerre,3,2,1,0.624319153427109,1,1
F1,2025/2026,2026-04-25,Angers,Paris SG,0,3,0,0.48795392553227135,1,0
F1,2025/2026,2026-04-25,Toulouse,Monaco,2,2,1,0.5755023104775993,1,1
SP1,2025/2026,2026-04-25,Alaves,Mallorca,2,1,1,0.2941669131363658,0,0
SP1,2025/2026,2026-04-25,Getafe,Barcelona,0,2,0,0.4956842664033099,1,0
SP1,2025/2026,2026-04-25,Valencia,Girona,2,1,1,0.5446863647552839,1,1
SP1,2025/2026,2026-04-25,Ath Madrid,Ath Bilbao,3,2,1,0.39126984870092174,0,0
I1,2025/2026,2026-04-26,Fiorentina,Sassuolo,0,0,0,0.5680312131076051,1,0
I1,2025/2026,2026-04-26,Genoa,Como,0,2,0,0.4797107566968208,1,0
I1,2025/2026,2026-04-26,Torino,Inter,2,2,1,0.4142153680034608,1,1
I1,2025/2026,2026-04-26,Milan,Juventus,0,0,0,0.5456013517518614,1,0
D1,2025/2026,2026-04-26,Stuttgart,Werder Bremen,1,1,1,0.6659730655226905,1,1
D1,2025/2026,2026-04-26,Dortmund,Freiburg,4,0,0,0.6514514682363696,1,0
F1,2025/2026,2026-04-26,Lorient,Strasbourg,2,3,1,0.5805431191772857,1,1
F1,2025/2026,2026-04-26,Le Havre,Metz,4,4,1,0.586991996126665,1,1
F1,2025/2026,2026-04-26,Paris FC,Lille,0,1,0,0.5001087054799245,1,0
F1,2025/2026,2026-04-26,Rennes,Nantes,2,1,1,0.5221682678603277,1,1
F1,2025/2026,2026-04-26,Marseille,Nice,1,1,1,0.6560960969699275,1,1
SP1,2025/2026,2026-04-26,Vallecano,Sociedad,3,3,1,0.3570361058980835,0,0
SP1,2025/2026,2026-04-26,Oviedo,Elche,1,2,1,0.4414824232901878,1,1
SP1,2025/2026,2026-04-26,Osasuna,Sevilla,2,1,1,0.5015975902891473,1,1
SP1,2025/2026,2026-04-26,Villarreal,Celta,2,1,1,0.6745042726520778,1,1
I1,2025/2026,2026-04-27,Cagliari,Atalanta,3,2,1,0.5527976017559779,1,1
I1,2025/2026,2026-04-27,Lazio,Udinese,3,3,1,0.5090695525145797,1,1
E0,2025/2026,2026-04-27,Man United,Brentford,2,1,1,0.5724658752686566,1,1
SP1,2025/2026,2026-04-27,Espanol,Levante,0,0,0,0.5617575938223975,1,0
I1,2025/2026,2026-05-01,Pisa,Lecce,1,2,1,0.40631264247203197,0,0
E0,2025/2026,2026-05-01,Leeds,Burnley,3,1,1,0.6267697960090058,1,1
SP1,2025/2026,2026-05-01,Girona,Mallorca,0,1,0,0.43908643858822144,1,0
I1,2025/2026,2026-05-02,Udinese,Torino,2,0,0,0.411840767347976,1,0
I1,2025/2026,2026-05-02,Como,Napoli,0,0,0,0.4616175154522051,1,0
I1,2025/2026,2026-05-02,Atalanta,Genoa,0,0,0,0.48804207863868754,1,0
D1,2025/2026,2026-05-02,Bayern Munich,Heidenheim,3,3,1,0.5171751292443316,1,1
D1,2025/2026,2026-05-02,Ein Frankfurt,Hamburg,1,2,1,0.605987727785104,1,1
D1,2025/2026,2026-05-02,Hoffenheim,Stuttgart,3,3,1,0.7116257327561843,1,1
D1,2025/2026,2026-05-02,Union Berlin,FC Koln,2,2,1,0.455825905837124,1,1
D1,2025/2026,2026-05-02,Werder Bremen,Augsburg,1,3,1,0.5218697030259756,1,1
D1,2025/2026,2026-05-02,Leverkusen,RB Leipzig,4,1,1,0.6276775460196301,1,1
E0,2025/2026,2026-05-02,Brentford,West Ham,3,0,0,0.6009196477032547,1,0
E0,2025/2026,2026-05-02,Newcastle,Brighton,3,1,1,0.6719972704904363,1,1
E0,2025/2026,2026-05-02,Wolves,Sunderland,1,1,1,0.5934768755788042,1,1
E0,2025/2026,2026-05-02,Arsenal,Fulham,3,0,0,0.4830940557285479,1,0
F1,2025/2026,2026-05-02,Nantes,Marseille,3,0,0,0.5784751405254219,1,0
F1,2025/2026,2026-05-02,Paris SG,Lorient,2,2,1,0.5745292572775477,1,1
F1,2025/2026,2026-05-02,Metz,Monaco,1,2,1,0.5565201050203602,1,1
F1,2025/2026,2026-05-02,Nice,Lens,1,1,1,0.4845111525173662,1,1
SP1,2025/2026,2026-05-02,Villarreal,Levante,5,1,1,0.6689003079969641,1,1
SP1,2025/2026,2026-05-02,Valencia,Ath Madrid,0,2,0,0.477099958584221,1,0
SP1,2025/2026,2026-05-02,Alaves,Ath Bilbao,2,4,1,0.2941417036076612,0,0
SP1,2025/2026,2026-05-02,Osasuna,Barcelona,1,2,1,0.6036934396445426,1,1
I1,2025/2026,2026-05-03,Bologna,Cagliari,0,0,0,0.5378615341314819,1,0
I1,2025/2026,2026-05-03,Sassuolo,Milan,2,0,0,0.6123759005189129,1,0
I1,2025/2026,2026-05-03,Juventus,Verona,1,1,1,0.3935393365839591,0,0
I1,2025/2026,2026-05-03,Inter,Parma,2,0,0,0.484319430817908,1,0
D1,2025/2026,2026-05-03,St Pauli,Mainz,1,2,1,0.3534003486614826,0,0
D1,2025/2026,2026-05-03,M'gladbach,Dortmund,1,0,0,0.7191956530156135,1,0
D1,2025/2026,2026-05-03,Freiburg,Wolfsburg,1,1,1,0.5935140593610184,1,1
E0,2025/2026,2026-05-03,Bournemouth,Crystal Palace,3,0,0,0.533427277864637,1,0
E0,2025/2026,2026-05-03,Man United,Liverpool,3,2,1,0.5704934988268674,1,1
E0,2025/2026,2026-05-03,Aston Villa,Tottenham,1,2,1,0.6479548635063201,1,1
F1,2025/2026,2026-05-03,Lille,Le Havre,1,1,1,0.5136463222982833,1,1
F1,2025/2026,2026-05-03,Auxerre,Angers,3,1,1,0.45217012515080074,1,1
F1,2025/2026,2026-05-03,Paris FC,Brest,4,0,0,0.618741604879356,1,0
F1,2025/2026,2026-05-03,Strasbourg,Toulouse,1,2,1,0.520899957876751,1,1
F1,2025/2026,2026-05-03,Lyon,Rennes,4,2,1,0.6644060051426365,1,1
SP1,2025/2026,2026-05-03,Celta,Elche,3,1,1,0.5111889305138788,1,1
SP1,2025/2026,2026-05-03,Getafe,Vallecano,0,2,0,0.3360629293313028,0,1
SP1,2025/2026,2026-05-03,Betis,Oviedo,3,0,0,0.5370414912981475,1,0
SP1,2025/2026,2026-05-03,Espanol,Real Madrid,0,2,0,0.5025564381089339,1,0
I1,2025/2026,2026-05-04,Cremonese,Lazio,1,2,1,0.5466858195891416,1,1
I1,2025/2026,2026-05-04,Roma,Fiorentina,4,0,0,0.505853733989413,1,0
E0,2025/2026,2026-05-04,Chelsea,Nott'm Forest,1,3,1,0.5365710539266226,1,1
E0,2025/2026,2026-05-04,Everton,Man City,3,3,1,0.4269814456076475,1,1
SP1,2025/2026,2026-05-04,Sevilla,Sociedad,1,0,0,0.4326634057450006,1,0
I1,2025/2026,2026-05-08,Torino,Sassuolo,2,1,1,0.48139990146126693,1,1
D1,2025/2026,2026-05-08,Dortmund,Ein Frankfurt,3,2,1,0.7021957136509469,1,1
F1,2025/2026,2026-05-08,Lens,Nantes,1,0,0,0.4215453082139198,1,0
SP1,2025/2026,2026-05-08,Levante,Osasuna,3,2,1,0.6037405421853574,1,1
I1,2025/2026,2026-05-09,Cagliari,Udinese,0,2,0,0.5184635339338629,1,0
I1,2025/2026,2026-05-09,Lazio,Inter,0,3,0,0.5515334594243284,1,0
I1,2025/2026,2026-05-09,Lecce,Juventus,0,1,0,0.36009147183568196,0,1
D1,2025/2026,2026-05-09,Augsburg,M'gladbach,3,1,1,0.5662566085704109,1,1
D1,2025/2026,2026-05-09,Hoffenheim,Werder Bremen,1,0,0,0.6903017555610822,1,0
D1,2025/2026,2026-05-09,RB Leipzig,St Pauli,2,1,1,0.38521261010143026,0,0
D1,2025/2026,2026-05-09,Stuttgart,Leverkusen,3,1,1,0.6823588298714224,1,1
D1,2025/2026,2026-05-09,Wolfsburg,Bayern Munich,0,1,0,0.6168300427608332,1,0
E0,2025/2026,2026-05-09,Liverpool,Chelsea,1,1,1,0.6051979317732687,1,1
E0,2025/2026,2026-05-09,Brighton,Wolves,3,0,0,0.6454587773186967,1,0
E0,2025/2026,2026-05-09,Fulham,Bournemouth,0,1,0,0.5470898862067526,1,0
E0,2025/2026,2026-05-09,Sunderland,Man United,0,0,0,0.5355817030358572,1,0
E0,2025/2026,2026-05-09,Man City,Brentford,3,0,0,0.5859558865748606,1,0
SP1,2025/2026,2026-05-09,Elche,Alaves,1,1,1,0.36229679654908065,0,0
SP1,2025/2026,2026-05-09,Sevilla,Espanol,2,1,1,0.47152355636047566,1,1
SP1,2025/2026,2026-05-09,Ath Madrid,Celta,0,1,0,0.5459408913629469,1,0
SP1,2025/2026,2026-05-09,Sociedad,Betis,2,2,1,0.48067968170016695,1,1
I1,2025/2026,2026-05-10,Verona,Como,0,1,0,0.4705328514611553,1,0
I1,2025/2026,2026-05-10,Cremonese,Pisa,3,0,0,0.543756068906582,1,0
I1,2025/2026,2026-05-10,Fiorentina,Genoa,0,0,0,0.48448925230496376,1,0
I1,2025/2026,2026-05-10,Parma,Roma,2,3,1,0.4729143569578285,1,1
I1,2025/2026,2026-05-10,Milan,Atalanta,2,3,1,0.6379116238572207,1,1
D1,2025/2026,2026-05-10,Hamburg,Freiburg,3,2,1,0.5960095053566578,1,1
D1,2025/2026,2026-05-10,FC Koln,Heidenheim,1,3,1,0.49235490770852214,1,1
D1,2025/2026,2026-05-10,Mainz,Union Berlin,1,3,1,0.4773464951074105,1,1
E0,2025/2026,2026-05-10,Burnley,Aston Villa,2,2,1,0.5513474106459507,1,1
E0,2025/2026,2026-05-10,Crystal Palace,Everton,2,2,1,0.4271248508447965,1,1
E0,2025/2026,2026-05-10,Nott'm Forest,Newcastle,1,1,1,0.6047606429674028,1,1
E0,2025/2026,2026-05-10,West Ham,Arsenal,0,1,0,0.4847736403124505,1,0
F1,2025/2026,2026-05-10,Angers,Strasbourg,1,1,1,0.4489859716811635,1,1
F1,2025/2026,2026-05-10,Auxerre,Nice,2,1,1,0.5610108279178163,1,1
F1,2025/2026,2026-05-10,Le Havre,Marseille,0,1,0,0.6729761689072651,1,0
F1,2025/2026,2026-05-10,Metz,Lorient,0,4,0,0.5747137061729483,1,0
F1,2025/2026,2026-05-10,Monaco,Lille,0,1,0,0.5512019163831288,1,0
F1,2025/2026,2026-05-10,Paris SG,Brest,1,0,0,0.6395387645194308,1,0
F1,2025/2026,2026-05-10,Rennes,Paris FC,2,1,1,0.5848783577173279,1,1
F1,2025/2026,2026-05-10,Toulouse,Lyon,2,1,1,0.6080543505544036,1,1
SP1,2025/2026,2026-05-10,Mallorca,Villarreal,1,1,1,0.48476985513692566,1,1
SP1,2025/2026,2026-05-10,Ath Bilbao,Valencia,0,1,0,0.35493283107316576,0,1
SP1,2025/2026,2026-05-10,Oviedo,Getafe,0,0,0,0.3982463031532609,0,1
SP1,2025/2026,2026-05-10,Barcelona,Real Madrid,2,0,0,0.6764815723074331,1,0
I1,2025/2026,2026-05-11,Napoli,Bologna,2,3,1,0.4732413370480172,1,1
E0,2025/2026,2026-05-11,Tottenham,Leeds,1,1,1,0.6926737440633725,1,1
SP1,2025/2026,2026-05-11,Vallecano,Girona,1,1,1,0.4822525330129933,1,1
SP1,2025/2026,2026-05-12,Celta,Levante,2,3,1,0.6637806805772473,1,1
SP1,2025/2026,2026-05-12,Betis,Elche,2,1,1,0.47937522730272564,1,1
SP1,2025/2026,2026-05-12,Osasuna,Ath Madrid,1,2,1,0.4969615502099675,1,1
E0,2025/2026,2026-05-13,Man City,Crystal Palace,3,0,0,0.5313666781176065,1,0
F1,2025/2026,2026-05-13,Brest,Strasbourg,1,2,1,0.6128827500147386,1,1
F1,2025/2026,2026-05-13,Lens,Paris SG,0,2,0,0.5648347751292689,1,0
SP1,2025/2026,2026-05-13,Espanol,Ath Bilbao,2,0,0,0.35468670216197257,0,1
SP1,2025/2026,2026-05-13,Villarreal,Sevilla,2,3,1,0.5852560407755231,1,1
SP1,2025/2026,2026-05-13,Alaves,Barcelona,1,0,0,0.4876356599033305,1,0
SP1,2025/2026,2026-05-13,Getafe,Mallorca,3,1,1,0.30194343598195766,0,0
SP1,2025/2026,2026-05-14,Valencia,Vallecano,1,1,1,0.4068452771617192,0,0
SP1,2025/2026,2026-05-14,Girona,Sociedad,1,1,1,0.4871259518897301,1,1
SP1,2025/2026,2026-05-14,Real Madrid,Oviedo,2,0,0,0.49538333098470194,1,0
E0,2025/2026,2026-05-15,Aston Villa,Liverpool,4,2,1,0.6262622848229631,1,1
D1,2025/2026,2026-05-16,Bayern Munich,FC Koln,5,1,1,0.47918230335427725,1,1
D1,2025/2026,2026-05-16,Ein Frankfurt,Stuttgart,2,2,1,0.6846973703026973,1,1
D1,2025/2026,2026-05-16,Freiburg,RB Leipzig,4,1,1,0.6123762050825254,1,1
D1,2025/2026,2026-05-16,Heidenheim,Mainz,0,2,0,0.5160765332616847,1,0
D1,2025/2026,2026-05-16,Leverkusen,Hamburg,1,1,1,0.5803819737305231,1,1
D1,2025/2026,2026-05-16,M'gladbach,Hoffenheim,4,0,0,0.7209443106887533,1,0
D1,2025/2026,2026-05-16,St Pauli,Wolfsburg,1,3,1,0.38029872897745215,0,0
D1,2025/2026,2026-05-16,Union Berlin,Augsburg,4,0,0,0.43844178339377377,1,0
D1,2025/2026,2026-05-16,Werder Bremen,Dortmund,0,2,0,0.6887199797196601,1,0
I1,2025/2026,2026-05-17,Como,Parma,1,0,0,0.5352360435413112,1,0
I1,2025/2026,2026-05-17,Genoa,Milan,1,2,1,0.5205718933815784,1,1
I1,2025/2026,2026-05-17,Juventus,Fiorentina,0,2,0,0.513673337365282,1,0
I1,2025/2026,2026-05-17,Pisa,Napoli,0,3,0,0.43721647761822224,1,0
I1,2025/2026,2026-05-17,Roma,Lazio,2,0,0,0.4972725762636297,1,0
I1,2025/2026,2026-05-17,Inter,Verona,1,1,1,0.39868360471992736,0,0
I1,2025/2026,2026-05-17,Atalanta,Bologna,0,1,0,0.5900846554704029,1,0
I1,2025/2026,2026-05-17,Cagliari,Torino,2,1,1,0.4368593177121597,1,1
I1,2025/2026,2026-05-17,Sassuolo,Lecce,2,3,1,0.48571181854384615,1,1
I1,2025/2026,2026-05-17,Udinese,Cremonese,0,1,0,0.5299836070354443,1,0
E0,2025/2026,2026-05-17,Man United,Nott'm Forest,3,2,1,0.5211913560764702,1,1
E0,2025/2026,2026-05-17,Brentford,Crystal Palace,2,2,1,0.5978010431762282,1,1
E0,2025/2026,2026-05-17,Everton,Sunderland,1,3,1,0.4401971156486636,1,1
E0,2025/2026,2026-05-17,Leeds,Brighton,1,0,0,0.6757914422380821,1,0
E0,2025/2026,2026-05-17,Wolves,Fulham,1,1,1,0.5904182434794396,1,1
E0,2025/2026,2026-05-17,Newcastle,West Ham,3,1,1,0.589879745880143,1,1
F1,2025/2026,2026-05-17,Brest,Angers,1,1,1,0.5051166484309977,1,1
F1,2025/2026,2026-05-17,Lille,Auxerre,0,2,0,0.49565193381260625,1,0
F1,2025/2026,2026-05-17,Lorient,Le Havre,0,2,0,0.6433954530250939,1,0
F1,2025/2026,2026-05-17,Lyon,Lens,0,4,0,0.5606820118683083,1,0
F1,2025/2026,2026-05-17,Marseille,Rennes,3,1,1,0.6750650163954167,1,1
F1,2025/2026,2026-05-17,Nantes,Toulouse,0,0,0,0.4739159705935067,1,0
F1,2025/2026,2026-05-17,Nice,Metz,0,0,0,0.4880025207614677,1,0
F1,2025/2026,2026-05-17,Paris FC,Paris SG,2,1,1,0.605992892439215,1,1
F1,2025/2026,2026-05-17,Strasbourg,Monaco,5,4,1,0.6007102069279538,1,1
SP1,2025/2026,2026-05-17,Ath Bilbao,Celta,1,1,1,0.44289677312678044,1,1
SP1,2025/2026,2026-05-17,Ath Madrid,Girona,1,0,0,0.5136456670247797,1,0
SP1,2025/2026,2026-05-17,Elche,Getafe,1,0,0,0.3710717956632661,0,1
SP1,2025/2026,2026-05-17,Levante,Mallorca,2,0,0,0.47642963387506454,1,0
SP1,2025/2026,2026-05-17,Osasuna,Espanol,1,2,1,0.466803563404524,1,1
SP1,2025/2026,2026-05-17,Oviedo,Alaves,0,1,0,0.38960798777776556,0,1
SP1,2025/2026,2026-05-17,Sevilla,Real Madrid,0,1,0,0.5343524548614828,1,0
SP1,2025/2026,2026-05-17,Sociedad,Valencia,3,4,1,0.4149769509686955,1,1
SP1,2025/2026,2026-05-17,Vallecano,Villarreal,2,0,0,0.5277815012752399,1,0
SP1,2025/2026,2026-05-17,Barcelona,Betis,3,1,1,0.6285394172407414,1,1
E0,2025/2026,2026-05-18,Arsenal,Burnley,1,0,0,0.4358569935879815,1,0
E0,2025/2026,2026-05-19,Bournemouth,Man City,1,1,1,0.5338788766385434,1,1
E0,2025/2026,2026-05-19,Chelsea,Tottenham,2,1,1,0.6239902318654704,1,1
I1,2025/2026,2026-05-22,Fiorentina,Atalanta,1,1,1,0.6070530145446211,1,1
I1,2025/2026,2026-05-23,Bologna,Inter,3,3,1,0.5537268373868286,1,1
I1,2025/2026,2026-05-23,Lazio,Pisa,2,1,1,0.5299246505683889,1,1
SP1,2025/2026,2026-05-23,Alaves,Vallecano,1,2,1,0.3277391824504886,0,0
SP1,2025/2026,2026-05-23,Betis,Levante,2,1,1,0.6315668156434885,1,1
SP1,2025/2026,2026-05-23,Celta,Sevilla,1,0,0,0.5736978365191591,1,0
SP1,2025/2026,2026-05-23,Espanol,Sociedad,1,1,1,0.39717785402063416,0,0
SP1,2025/2026,2026-05-23,Getafe,Osasuna,1,0,0,0.4089461339251358,0,1
SP1,2025/2026,2026-05-23,Girona,Elche,1,1,1,0.5068178846031959,1,1
SP1,2025/2026,2026-05-23,Mallorca,Oviedo,3,0,0,0.3796474812256148,0,1
SP1,2025/2026,2026-05-23,Real Madrid,Ath Bilbao,4,2,1,0.43601405087874073,1,1
SP1,2025/2026,2026-05-23,Valencia,Barcelona,3,1,1,0.5820389174795997,1,1
I1,2025/2026,2026-05-24,Parma,Sassuolo,1,0,0,0.5912895423338977,1,0
I1,2025/2026,2026-05-24,Napoli,Udinese,1,0,0,0.40260200231363014,0,1
I1,2025/2026,2026-05-24,Cremonese,Como,1,4,1,0.5452646857751322,1,1
I1,2025/2026,2026-05-24,Lecce,Genoa,1,0,0,0.36686310880327916,0,1
I1,2025/2026,2026-05-24,Milan,Cagliari,1,2,1,0.5604966309724119,1,1
I1,2025/2026,2026-05-24,Torino,Juventus,2,2,1,0.38573209318923124,0,0
I1,2025/2026,2026-05-24,Verona,Roma,0,2,0,0.3969396136414871,0,1
E0,2025/2026,2026-05-24,Brighton,Man United,0,3,0,0.5926100403898054,1,0
E0,2025/2026,2026-05-24,Burnley,Wolves,1,1,1,0.5881605473270693,1,1
E0,2025/2026,2026-05-24,Crystal Palace,Arsenal,1,2,1,0.4914349694742428,1,1
E0,2025/2026,2026-05-24,Fulham,Newcastle,2,0,0,0.6133868626549874,1,0
E0,2025/2026,2026-05-24,Liverpool,Brentford,1,1,1,0.6487905414224051,1,1
E0,2025/2026,2026-05-24,Man City,Aston Villa,1,2,1,0.5520188186865651,1,1
E0,2025/2026,2026-05-24,Nott'm Forest,Bournemouth,1,1,1,0.5353422337859851,1,1
E0,2025/2026,2026-05-24,Sunderland,Chelsea,2,1,1,0.5497649242636315,1,1
E0,2025/2026,2026-05-24,Tottenham,Everton,1,0,0,0.5238527036713049,1,0
E0,2025/2026,2026-05-24,West Ham,Leeds,3,0,0,0.6213234040154798,1,0
SP1,2025/2026,2026-05-24,Villarreal,Ath Madrid,5,1,1,0.6172784150484412,1,1
