match_id,competition,season,prediction_month,season_month,match_week,date,home_team,away_team,btts_probability,decision_threshold,selected_combination,rank_fraction,rank_by_competition,predicted_btts,target_btts,correct,probability_market_goal_form,probability_market_chance_form,probability_market_chance_context,probability_market_goal_context,probability_goal_chance_form,probability_compact_btts_form,probability_recent_form,probability_all_stats
11643,E0,2025/2026,2025-08,1,1,2025-08-15,Liverpool,Bournemouth,0.7554086611576861,0.4077149403472268,market_chance_context,0.7250000000000004,False,1,1,1,0.5163291995768261,0.8573451529793457,0.7554086611576861,0.547928233056216,0.8286375712759115,0.5764705067340444,0.6677640386261579,0.9079157994115842
14054,F1,2025/2026,2025-08,1,1,2025-08-15,Rennes,Marseille,0.7031953978518314,0.4077149403472268,market_chance_context,0.7250000000000004,False,1,0,0,0.7893744163913604,0.7219372861943104,0.7031953978518314,0.7762088339892725,0.9771250761384641,0.6985771467520262,0.9000450802569853,0.9748427964203349
16640,SP1,2025/2026,2025-08,1,1,2025-08-15,Girona,Vallecano,0.4452467258104632,0.4077149403472268,market_chance_context,0.7250000000000004,False,1,1,1,0.3118114031583657,0.5242192786207983,0.4452467258104632,0.2602889502986179,0.25255761178152153,0.40769217934376417,0.3149572945404566,0.14483961007551166
16641,SP1,2025/2026,2025-08,1,1,2025-08-15,Villarreal,Oviedo,0.0090805942413391,0.4077149403472268,market_chance_context,0.7250000000000004,False,0,0,1,0.06761829163655736,0.028743417231155206,0.0090805942413391,0.0256026111643079,0.0006162347594172696,0.09085284262319021,0.1096487928734162,1.1550996300186914e-06
11644,E0,2025/2026,2025-08,1,1,2025-08-16,Aston Villa,Newcastle,0.8953426187165415,0.4077149403472268,market_chance_context,0.7250000000000004,False,1,0,0,0.752172267952303,0.9392833483694734,0.8953426187165415,0.7230905643108952,0.9147241989302466,0.747741263696224,0.9120239044863089,0.9894581075724711
11645,E0,2025/2026,2025-08,1,1,2025-08-16,Brighton,Fulham,0.6915768007905312,0.4077149403472268,market_chance_context,0.7250000000000004,False,1,1,1,0.5330314293835529,0.723960027237786,0.6915768007905312,0.4873931083644683,0.74522207009348,0.5749158476049635,0.5819370564947379,0.8455932154318161
11646,E0,2025/2026,2025-08,1,1,2025-08-16,Sunderland,West Ham,0.987743229046437,0.4077149403472268,market_chance_context,0.7250000000000004,False,1,0,0,0.9980393453544889,0.9990872933493145,0.987743229046437,0.9966788268112289,0.9984895427868242,0.9579485851364495,0.9999444125555272,0.9999296412599047
11647,E0,2025/2026,2025-08,1,1,2025-08-16,Tottenham,Burnley,0.5317036687805117,0.4077149403472268,market_chance_context,0.7250000000000004,False,1,0,0,0.4363638232874729,0.6094228969901996,0.5317036687805117,0.34783736533919657,0.7752141221657848,0.5419400012979857,0.6636905172806499,0.7787666040352095
11648,E0,2025/2026,2025-08,1,1,2025-08-16,Wolves,Man City,0.30430773321445526,0.4077149403472268,market_chance_context,0.7250000000000004,False,0,0,1,0.6920959868534832,0.34168441256842547,0.30430773321445526,0.5636117899297616,0.7210325842236224,0.5957477381840678,0.5413331320637622,0.6091097294711662
14055,F1,2025/2026,2025-08,1,1,2025-08-16,Lens,Lyon,0.5057639192827317,0.4077149403472268,market_chance_context,0.7250000000000004,False,1,0,0,0.7721856713825908,0.6072079052139089,0.5057639192827317,0.7653225509541909,0.6729475379385157,0.7250944238516831,0.733785083552539,0.8128363691565029
14056,F1,2025/2026,2025-08,1,1,2025-08-16,Monaco,Le Havre,0.3981453983009813,0.4077149403472268,market_chance_context,0.7250000000000004,False,0,1,0,0.7686667792057763,0.30387134989100645,0.3981453983009813,0.8231234492801445,0.8441202035384989,0.6851792153386764,0.7389515530059728,0.8921333434356382
14057,F1,2025/2026,2025-08,1,1,2025-08-16,Nice,Toulouse,0.27377641682517656,0.4077149403472268,market_chance_context,0.7250000000000004,False,0,0,1,0.6575253970133145,0.4380459627733826,0.27377641682517656,0.4614550526789203,0.7074626955191851,0.6056863699991628,0.5279443262796765,0.3876063104590758
16642,SP1,2025/2026,2025-08,1,1,2025-08-16,Mallorca,Barcelona,0.3377067181572202,0.4077149403472268,market_chance_context,0.7250000000000004,False,0,0,1,0.46089731793972216,0.2912314630494467,0.3377067181572202,0.5320788826587781,0.27809719797952664,0.5242051881025771,0.23632771180357812,0.07942400310398878
16643,SP1,2025/2026,2025-08,1,1,2025-08-16,Alaves,Levante,0.7198923752486335,0.4077149403472268,market_chance_context,0.7250000000000004,False,1,1,1,0.43870421387603714,0.6836396489648036,0.7198923752486335,0.47834328273993976,0.7264640585580776,0.47738445871052604,0.6657659077719712,0.7096912894782186
16644,SP1,2025/2026,2025-08,1,1,2025-08-16,Valencia,Sociedad,0.2854158787945774,0.4077149403472268,market_chance_context,0.7250000000000004,False,0,1,0,0.3402462203798978,0.2940853910932944,0.2854158787945774,0.30518934028559613,0.26212301717950204,0.4460369765917975,0.6362489088793214,0.2849371328863417
11649,E0,2025/2026,2025-08,1,1,2025-08-17,Chelsea,Crystal Palace,0.7064704156906345,0.4077149403472268,market_chance_context,0.7250000000000004,False,1,0,0,0.6398426084284062,0.8699300217104485,0.7064704156906345,0.5655597487345705,0.9127238078716772,0.6751176404867322,0.7522170743896723,0.9156734078364147
11650,E0,2025/2026,2025-08,1,1,2025-08-17,Nott'm Forest,Brentford,0.5099110704885776,0.4077149403472268,market_chance_context,0.7250000000000004,False,1,1,1,0.5831877483947288,0.572231486186344,0.5099110704885776,0.5169795915012321,0.7673027740858173,0.565690066353276,0.6751374378626721,0.9135604623167113
11651,E0,2025/2026,2025-08,1,1,2025-08-17,Man United,Arsenal,0.4803058792117432,0.4077149403472268,market_chance_context,0.7250000000000004,False,1,0,0,0.5999917104071958,0.5445097666977093,0.4803058792117432,0.5043552941736065,0.3861184123633674,0.5316489312450643,0.5684311371858413,0.649134797111938
14058,F1,2025/2026,2025-08,1,1,2025-08-17,Brest,Lille,0.5913038029081144,0.4077149403472268,market_chance_context,0.7250000000000004,False,1,1,1,0.7276437263996927,0.5686724165353501,0.5913038029081144,0.7309069523121672,0.8790202438439186,0.6623987189958459,0.7274642912905447,0.944945953942121
14059,F1,2025/2026,2025-08,1,1,2025-08-17,Angers,Paris FC,0.006233952144165972,0.4077149403472268,market_chance_context,0.7250000000000004,False,0,0,1,0.08487318217367337,0.030819008413631974,0.006233952144165972,0.02612265942426049,0.0001420951096471999,0.08728898162284136,0.02008331011194495,1.708482839377162e-07
14060,F1,2025/2026,2025-08,1,1,2025-08-17,Auxerre,Lorient,0.5523906696991846,0.4077149403472268,market_chance_context,0.7250000000000004,False,1,0,0,0.6515603988015358,0.6973572440590305,0.5523906696991846,0.5451562438236974,0.5999930398083915,0.7122491026879736,0.753856723329911,0.6522609427697968
14061,F1,2025/2026,2025-08,1,1,2025-08-17,Metz,Strasbourg,0.6035277284237395,0.4077149403472268,market_chance_context,0.7250000000000004,False,1,0,0,0.5929397656460104,0.6165229917954237,0.6035277284237395,0.5749655303542003,0.7843810828983265,0.5456493596756525,0.6831359187639322,0.8682032515635384
14062,F1,2025/2026,2025-08,1,1,2025-08-17,Nantes,Paris SG,0.5433430768422911,0.4077149403472268,market_chance_context,0.7250000000000004,False,1,0,0,0.6834995344770294,0.3550207807775146,0.5433430768422911,0.7569867033872324,0.8432897022216594,0.6175512356736428,0.6076774931698707,0.7979414683888558
16645,SP1,2025/2026,2025-08,1,1,2025-08-17,Celta,Getafe,0.20154158606386197,0.4077149403472268,market_chance_context,0.7250000000000004,False,0,0,1,0.29595039348650987,0.38982122837656813,0.20154158606386197,0.1876874185108425,0.39538925498248195,0.3797720051735544,0.3085295335633168,0.042266027479408254
16646,SP1,2025/2026,2025-08,1,1,2025-08-17,Ath Bilbao,Sevilla,0.43594329508870877,0.4077149403472268,market_chance_context,0.7250000000000004,False,1,1,1,0.31471372855616936,0.1283213093536129,0.43594329508870877,0.31650956546702763,0.037325759259621415,0.37806268300021467,0.45745634336714247,0.18059855079738263
16647,SP1,2025/2026,2025-08,1,1,2025-08-17,Espanol,Ath Madrid,0.2265728929974005,0.4077149403472268,market_chance_context,0.7250000000000004,False,0,1,0,0.5563887884343921,0.19563791303106834,0.2265728929974005,0.565160640551489,0.5878094798867434,0.5316120142589013,0.5083284812139947,0.41495702336567997
11652,E0,2025/2026,2025-08,1,1,2025-08-18,Leeds,Everton,0.4558464611404859,0.4077149403472268,market_chance_context,0.7250000000000004,False,1,0,0,0.37159931515931505,0.6487191913155265,0.4558464611404859,0.3067071322119188,0.37497252301442724,0.44790045325806205,0.5262900588527745,0.8042378666148686
16648,SP1,2025/2026,2025-08,1,1,2025-08-18,Elche,Betis,0.3501719004404812,0.4077149403472268,market_chance_context,0.7250000000000004,False,0,1,0,0.5026482965293403,0.5555946525632957,0.3501719004404812,0.4284253046886516,0.6551612946821102,0.5425894447567626,0.29140007350888075,0.18056210037239703
16649,SP1,2025/2026,2025-08,1,1,2025-08-19,Real Madrid,Osasuna,0.42710950462697445,0.4077149403472268,market_chance_context,0.7250000000000004,False,1,0,0,0.47561245215124315,0.6424205519586836,0.42710950462697445,0.3729103405675277,0.6491743129306523,0.6029693770352115,0.3784606960753512,0.36239673968084
9057,D1,2025/2026,2025-08,1,1,2025-08-22,Bayern Munich,RB Leipzig,0.8586308847949268,0.4077149403472268,market_chance_context,0.7250000000000004,False,1,0,0,0.8102206953575356,0.9089898613718678,0.8586308847949268,0.7987197086527393,0.9607973990894205,0.7731022783551421,0.6632798145056066,0.9628483523318159
11653,E0,2025/2026,2025-08,1,2,2025-08-22,West Ham,Chelsea,0.46220665670291305,0.4077149403472268,market_chance_context,0.7250000000000004,False,1,1,1,0.4601468462758424,0.48477770624231403,0.46220665670291305,0.39924287382781065,0.38253438596029066,0.41710981448627504,0.39171828187940083,0.335691353609525
14063,F1,2025/2026,2025-08,1,2,2025-08-22,Paris SG,Angers,0.3428343342881933,0.4077149403472268,market_chance_context,0.7250000000000004,False,0,0,1,0.6930694681882176,0.5349986586274039,0.3428343342881933,0.7096643333072746,0.7250502750747237,0.6575461024569204,0.5928217005489367,0.7266971707034703
16650,SP1,2025/2026,2025-08,1,2,2025-08-22,Betis,Alaves,0.1916650081390018,0.4077149403472268,market_chance_context,0.7250000000000004,False,0,0,1,0.294154577455601,0.28514534290063415,0.1916650081390018,0.25479039120228025,0.2328111287338853,0.3282269647388003,0.30243048233640585,0.07255132040914135
6841,I1,2025/2026,2025-08,1,1,2025-08-23,Genoa,Lecce,0.39913445434873424,0.4077149403472268,market_chance_context,0.7250000000000004,False,0,0,1,0.22650595836323034,0.39197405862661394,0.39913445434873424,0.1769087402225988,0.10614813327449563,0.352175246142517,0.10110028294821073,0.02916757200430514
6842,I1,2025/2026,2025-08,1,1,2025-08-23,Sassuolo,Napoli,0.7677119508020609,0.4077149403472268,market_chance_context,0.7250000000000004,False,1,0,0,0.327432367828194,0.8307910812830506,0.7677119508020609,0.23416338249667815,0.820497357756758,0.3700149142254925,0.49332734659453953,0.8881228138438453
6843,I1,2025/2026,2025-08,1,1,2025-08-23,Milan,Cremonese,0.6330330320495023,0.4077149403472268,market_chance_context,0.7250000000000004,False,1,1,1,0.4232656804684576,0.7802334643492144,0.6330330320495023,0.3019292609661031,0.6113274454732667,0.5040336135469256,0.3837864786448106,0.3740870912245672
6844,I1,2025/2026,2025-08,1,1,2025-08-23,Roma,Bologna,0.5659843540114753,0.4077149403472268,market_chance_context,0.7250000000000004,False,1,0,0,0.5144934789269312,0.6858727677384099,0.5659843540114753,0.3867458748440914,0.49664579905635814,0.5338247968909196,0.43527452825376595,0.6756858447886241
9058,D1,2025/2026,2025-08,1,1,2025-08-23,Ein Frankfurt,Werder Bremen,0.73194422914006,0.4077149403472268,market_chance_context,0.7250000000000004,False,1,1,1,0.8275993634333965,0.7736829440755053,0.73194422914006,0.837303418116569,0.9525487513975854,0.7643584553775685,0.8263041680709007,0.9836555858284654
9059,D1,2025/2026,2025-08,1,1,2025-08-23,Freiburg,Augsburg,0.6173654385519184,0.4077149403472268,market_chance_context,0.7250000000000004,False,1,1,1,0.6026953531717522,0.8184672795673077,0.6173654385519184,0.4261369163956932,0.7674841562177526,0.5921363998802069,0.5391158407311859,0.5437296858538007
9060,D1,2025/2026,2025-08,1,1,2025-08-23,Heidenheim,Wolfsburg,0.6095630162811612,0.4077149403472268,market_chance_context,0.7250000000000004,False,1,1,1,0.6453905932319959,0.6807370220293903,0.6095630162811612,0.650526656358089,0.31502863425199534,0.545531049258204,0.28391270299949506,0.6876156061076285
9061,D1,2025/2026,2025-08,1,1,2025-08-23,Leverkusen,Hoffenheim,0.6832913271387712,0.4077149403472268,market_chance_context,0.7250000000000004,False,1,1,1,0.7743808507875755,0.8368786017676608,0.6832913271387712,0.7533090824397564,0.8966919207029421,0.7179892845272375,0.7487587596605162,0.9170482848456812
9062,D1,2025/2026,2025-08,1,1,2025-08-23,Union Berlin,Stuttgart,0.8103248961888547,0.4077149403472268,market_chance_context,0.7250000000000004,False,1,1,1,0.7918827665156544,0.8778708965069969,0.8103248961888547,0.801687764672831,0.9322157591662552,0.7625266300487942,0.8492268899024237,0.9754665392665246
9063,D1,2025/2026,2025-08,1,1,2025-08-23,St Pauli,Dortmund,0.6925829259931237,0.4077149403472268,market_chance_context,0.7250000000000004,False,1,1,1,0.6762388419614707,0.680262598046051,0.6925829259931237,0.6387421124516875,0.8985170418227596,0.6611168459756349,0.627662422449755,0.9302337980853169
11654,E0,2025/2026,2025-08,1,2,2025-08-23,Man City,Tottenham,0.6737249578458946,0.4077149403472268,market_chance_context,0.7250000000000004,False,1,0,0,0.5478646202432044,0.7605353027625055,0.6737249578458946,0.6105901775940777,0.5049150987168989,0.5484438303174038,0.3987407138433716,0.6547610140690587
11655,E0,2025/2026,2025-08,1,2,2025-08-23,Bournemouth,Wolves,0.5401884711358768,0.4077149403472268,market_chance_context,0.7250000000000004,False,1,0,0,0.5446399441622694,0.6967484030623239,0.5401884711358768,0.5112368454666338,0.652492447909037,0.5413311067034813,0.6217485028823938,0.5286777137641846
11656,E0,2025/2026,2025-08,1,2,2025-08-23,Brentford,Aston Villa,0.6025340932280034,0.4077149403472268,market_chance_context,0.7250000000000004,False,1,0,0,0.6220305019081189,0.5960862825028965,0.6025340932280034,0.5891017692666536,0.5493387283063262,0.6092371569490368,0.5360793343260201,0.7528901628890109
11657,E0,2025/2026,2025-08,1,2,2025-08-23,Burnley,Sunderland,0.008710217598731763,0.4077149403472268,market_chance_context,0.7250000000000004,False,0,0,1,0.0859182722983171,0.06016956606355104,0.008710217598731763,0.023044423914096442,0.0008462556207400783,0.07150970542303484,0.06707456246659399,1.6068149648556027e-06
11658,E0,2025/2026,2025-08,1,2,2025-08-23,Arsenal,Leeds,0.5831206673313276,0.4077149403472268,market_chance_context,0.7250000000000004,False,1,0,0,0.4569429996084307,0.7321366112985468,0.5831206673313276,0.3947712257747293,0.6125989065057197,0.46490310137903096,0.5413871939956332,0.7169225842992664
14064,F1,2025/2026,2025-08,1,2,2025-08-23,Marseille,Paris FC,0.007222433852376498,0.4077149403472268,market_chance_context,0.7250000000000004,False,0,1,0,0.14185953123921488,0.0385057004861427,0.007222433852376498,0.0613412476972199,0.0040084746221094245,0.09680109794685754,0.24221433587064436,1.7116502718619798e-05
14065,F1,2025/2026,2025-08,1,2,2025-08-23,Nice,Auxerre,0.33871339559704944,0.4077149403472268,market_chance_context,0.7250000000000004,False,0,1,0,0.6162587639251089,0.46609464192529937,0.33871339559704944,0.44548203403274034,0.7254933403234263,0.5385725773036961,0.5082828941387263,0.4158476832115495
14066,F1,2025/2026,2025-08,1,2,2025-08-23,Lyon,Metz,0.4930597016304611,0.4077149403472268,market_chance_context,0.7250000000000004,False,1,0,0,0.6914459264590446,0.41753601647778144,0.4930597016304611,0.7747806161634382,0.6470312410518094,0.640106007400838,0.6697025738307941,0.8362756010282675
16651,SP1,2025/2026,2025-08,1,2,2025-08-23,Mallorca,Celta,0.1998742256964852,0.4077149403472268,market_chance_context,0.7250000000000004,False,0,1,0,0.5229621835836222,0.2187816529978377,0.1998742256964852,0.4470017403084392,0.23950614448489202,0.5485853212091565,0.25854770167326374,0.029663606427061773
16652,SP1,2025/2026,2025-08,1,2,2025-08-23,Ath Madrid,Elche,0.3241548082148909,0.4077149403472268,market_chance_context,0.7250000000000004,False,0,1,0,0.380348354021218,0.30307383027495266,0.3241548082148909,0.3762573211442057,0.5085100551357891,0.3794790423470364,0.3086853654573873,0.3143101340966844
16653,SP1,2025/2026,2025-08,1,2,2025-08-23,Levante,Barcelona,0.6239454239256724,0.4077149403472268,market_chance_context,0.7250000000000004,False,1,1,1,0.6151348628452717,0.609880550437835,0.6239454239256724,0.6455264245611757,0.8542386047872814,0.5983094791624962,0.6850821358515597,0.8193861946126826
6845,I1,2025/2026,2025-08,1,1,2025-08-24,Cagliari,Fiorentina,0.6903835697117807,0.4077149403472268,market_chance_context,0.7250000000000004,False,1,1,1,0.5221116139503134,0.8338985250161297,0.6903835697117807,0.41234190233608864,0.7611184407111452,0.5940148315757747,0.543558822062012,0.7865263460266464
6846,I1,2025/2026,2025-08,1,1,2025-08-24,Como,Lazio,0.8890344090762861,0.4077149403472268,market_chance_context,0.7250000000000004,False,1,0,0,0.7349714364785912,0.9135358836269996,0.8890344090762861,0.675628008516015,0.9672929272392632,0.7109584352322963,0.6566288541554994,0.9342888973844873
6847,I1,2025/2026,2025-08,1,1,2025-08-24,Atalanta,Pisa,0.01966743271157379,0.4077149403472268,market_chance_context,0.7250000000000004,False,0,1,0,0.10897995003271227,0.15946294687107462,0.01966743271157379,0.02717150055478218,0.0031257367613219977,0.1414365756313207,0.06130247814153718,2.4361225561791093e-06
6848,I1,2025/2026,2025-08,1,1,2025-08-24,Juventus,Parma,0.578000619067744,0.4077149403472268,market_chance_context,0.7250000000000004,False,1,0,0,0.35433902581568205,0.7543696625222204,0.578000619067744,0.2400822345289259,0.7163715478098105,0.43423921878066507,0.4131971969499823,0.45611028549987725
9064,D1,2025/2026,2025-08,1,1,2025-08-24,Mainz,FC Koln,0.8640411139210704,0.4077149403472268,market_chance_context,0.7250000000000004,False,1,0,0,0.6908607450323275,0.9175297218894997,0.8640411139210704,0.5913872219023683,0.9879479489956938,0.6961068010978162,0.8116378474875879,0.9805102150721109
9065,D1,2025/2026,2025-08,1,1,2025-08-24,M'gladbach,Hamburg,0.020026486045799548,0.4077149403472268,market_chance_context,0.7250000000000004,False,0,0,1,0.4074937211294309,0.20627235659640059,0.020026486045799548,0.1344284073812209,0.02047661161981328,0.27161001946981844,0.30744296760851914,2.862634518448361e-05
11659,E0,2025/2026,2025-08,1,2,2025-08-24,Crystal Palace,Nott'm Forest,0.550165626230736,0.4077149403472268,market_chance_context,0.7250000000000004,False,1,1,1,0.541280077757258,0.7227602871919927,0.550165626230736,0.44417799404380304,0.6414925981915263,0.5497125389250729,0.46356433057054847,0.6840964388586924
11660,E0,2025/2026,2025-08,1,2,2025-08-24,Everton,Brighton,0.6910859427867442,0.4077149403472268,market_chance_context,0.7250000000000004,False,1,0,0,0.5123960868098968,0.6818505842249027,0.6910859427867442,0.5078960887791308,0.4884125460274497,0.5379261791502975,0.4695735139803124,0.599511473326167
11661,E0,2025/2026,2025-08,1,2,2025-08-24,Fulham,Man United,0.6408459950767501,0.4077149403472268,market_chance_context,0.7250000000000004,False,1,1,1,0.6289557009186986,0.7763617366749451,0.6408459950767501,0.5274700572987128,0.7468222152771438,0.6250626698328017,0.6619085408449646,0.8542957908023661
14067,F1,2025/2026,2025-08,1,2,2025-08-24,Lorient,Rennes,0.46745905058217524,0.4077149403472268,market_chance_context,0.7250000000000004,False,1,0,0,0.6000287185706666,0.6287535982546569,0.46745905058217524,0.5272428919393012,0.484971902229173,0.5526278845708085,0.5609362817816272,0.409313219351435
14068,F1,2025/2026,2025-08,1,2,2025-08-24,Le Havre,Lens,0.455643042722187,0.4077149403472268,market_chance_context,0.7250000000000004,False,1,1,1,0.6203824926862603,0.3787714143649179,0.455643042722187,0.6850277020708816,0.6354156030930066,0.5782296931962766,0.48070574306767394,0.7123721235323844
14069,F1,2025/2026,2025-08,1,2,2025-08-24,Strasbourg,Nantes,0.7000812926682297,0.4077149403472268,market_chance_context,0.7250000000000004,False,1,0,0,0.6004053416066263,0.7340872679576537,0.7000812926682297,0.5991318371913535,0.885475739413892,0.5683026824062156,0.7719718338145561,0.9523091711101902
14070,F1,2025/2026,2025-08,1,2,2025-08-24,Toulouse,Brest,0.7278529143726165,0.4077149403472268,market_chance_context,0.7250000000000004,False,1,0,0,0.673428943999453,0.785792839331906,0.7278529143726165,0.5922440921348238,0.9354107359970827,0.6149475679210347,0.7678119691356002,0.9739377125100471
14071,F1,2025/2026,2025-08,1,2,2025-08-24,Lille,Monaco,0.6269044427097241,0.4077149403472268,market_chance_context,0.7250000000000004,False,1,0,0,0.7596835528991354,0.6333545686438663,0.6269044427097241,0.7794714765134353,0.7446932722385159,0.6966199994011284,0.8187862022447326,0.8582235633497965
16654,SP1,2025/2026,2025-08,1,2,2025-08-24,Osasuna,Valencia,0.2965324556220806,0.4077149403472268,market_chance_context,0.7250000000000004,False,0,0,1,0.49278562035508844,0.2826726454430869,0.2965324556220806,0.3893410840318749,0.36704695499904977,0.4831688670959084,0.603814691224536,0.26143980424819435
16655,SP1,2025/2026,2025-08,1,2,2025-08-24,Sociedad,Espanol,0.47090436773030253,0.4077149403472268,market_chance_context,0.7250000000000004,False,1,1,1,0.40132431344982505,0.5457964568814551,0.47090436773030253,0.4747651429565593,0.655977717068931,0.3795565453584931,0.5451935235344072,0.5076945184569605
16656,SP1,2025/2026,2025-08,1,2,2025-08-24,Villarreal,Girona,0.42822536711862,0.4077149403472268,market_chance_context,0.7250000000000004,False,1,0,0,0.46980018228604636,0.4545610187862994,0.42822536711862,0.42752652506536903,0.27951214620871917,0.5524175598517883,0.5416226101736954,0.1753973972728318
16657,SP1,2025/2026,2025-08,1,2,2025-08-24,Oviedo,Real Madrid,0.981045375395058,0.4077149403472268,market_chance_context,0.7250000000000004,False,1,0,0,0.9972159262242266,0.9976945853147743,0.981045375395058,0.9963052120317433,0.9997330819481989,0.9505741102715175,0.9999135204183738,0.9998184192988631
6849,I1,2025/2026,2025-08,1,1,2025-08-25,Udinese,Verona,0.5398665961325471,0.4077149403472268,market_chance_context,0.7250000000000004,False,1,1,1,0.3084136726606876,0.7258074202610144,0.5398665961325471,0.24074381566013506,0.35875884047121004,0.3869947812586992,0.30150809032613435,0.2605859511355027
6850,I1,2025/2026,2025-08,1,1,2025-08-25,Inter,Torino,0.4433928099631699,0.4077149403472268,market_chance_context,0.7250000000000004,False,1,0,0,0.3497056488947812,0.6054406897871414,0.4433928099631699,0.3027794493657867,0.29222498665806057,0.41933344706089537,0.22078923661690575,0.24234153520510057
11662,E0,2025/2026,2025-08,1,2,2025-08-25,Newcastle,Liverpool,0.7219367783204422,0.4077149403472268,market_chance_context,0.7250000000000004,False,1,1,1,0.8624588480885313,0.7470599851362162,0.7219367783204422,0.8302231852233276,0.9511170635596329,0.8177820560233305,0.7126763817638377,0.965381393530573
16658,SP1,2025/2026,2025-08,1,2,2025-08-25,Ath Bilbao,Vallecano,0.3732604615399107,0.4077149403472268,market_chance_context,0.7250000000000004,False,0,0,1,0.258300559879038,0.08016450683272283,0.3732604615399107,0.27499524793966684,0.0175776455440238,0.3453711437979892,0.46143129390739873,0.08956940630649773
16659,SP1,2025/2026,2025-08,1,2,2025-08-25,Sevilla,Getafe,0.09419428818000276,0.4077149403472268,market_chance_context,0.7250000000000004,False,0,1,0,0.36997042396218793,0.11382584091258784,0.09419428818000276,0.32911921471920075,0.03228894748191202,0.417901137406688,0.11036902574518563,0.005697680871527174
16660,SP1,2025/2026,2025-08,1,6,2025-08-27,Celta,Betis,0.641674405557806,0.4077149403472268,market_chance_context,0.7250000000000004,False,1,1,1,0.678600842949397,0.7475689032729661,0.641674405557806,0.59175748679207,0.8883880399798975,0.6485724018309262,0.7428355310244069,0.8333462616194572
6851,I1,2025/2026,2025-08,1,2,2025-08-29,Cremonese,Sassuolo,0.9372631764997241,0.4077149403472268,market_chance_context,0.7250000000000004,False,1,1,1,0.6100099911084966,0.9699702798780035,0.9372631764997241,0.5354216438719555,0.9853999883005592,0.6742916272663044,0.8966357887316996,0.9902714637148469
6852,I1,2025/2026,2025-08,1,2,2025-08-29,Lecce,Milan,0.6566733536115056,0.4077149403472268,market_chance_context,0.7250000000000004,False,1,0,0,0.3152509917006697,0.8589416832787655,0.6566733536115056,0.2098357731194195,0.891923806779941,0.4044616572660917,0.34027347328384805,0.5577727875528964
9066,D1,2025/2026,2025-08,1,2,2025-08-29,Hamburg,St Pauli,0.9926922556759419,0.4077149403472268,market_chance_context,0.7250000000000004,False,1,0,0,0.998365899975878,0.9995139822693876,0.9926922556759419,0.997263427408265,0.999305812510658,0.9633158001161397,0.9998848181227099,0.9998001835658248
14072,F1,2025/2026,2025-08,1,3,2025-08-29,Lens,Brest,0.6915558765474885,0.4077149403472268,market_chance_context,0.7250000000000004,False,1,1,1,0.6294991929732977,0.7350019459270063,0.6915558765474885,0.5420187255823788,0.8676979539426246,0.6053147613349413,0.6314478020111153,0.825876116736567
16661,SP1,2025/2026,2025-08,1,3,2025-08-29,Elche,Levante,0.5167545944437933,0.4077149403472268,market_chance_context,0.7250000000000004,False,1,0,0,0.5741065877918821,0.5957601703617319,0.5167545944437933,0.4845405167084169,0.7391224172349905,0.6222722314948936,0.4625065384655407,0.4605874139408042
16662,SP1,2025/2026,2025-08,1,3,2025-08-29,Valencia,Getafe,0.19610016190522458,0.4077149403472268,market_chance_context,0.7250000000000004,False,0,0,1,0.32724832026684797,0.35587227621455125,0.19610016190522458,0.2546764167716131,0.32808544836756287,0.40084867330988133,0.4512995283603851,0.08559701048293757
6853,I1,2025/2026,2025-08,1,2,2025-08-30,Bologna,Como,0.6960981409628457,0.4077149403472268,market_chance_context,0.7250000000000004,False,1,0,0,0.6092061028551778,0.8081438940708956,0.6960981409628457,0.600510639465263,0.8083526914950787,0.6820452588170178,0.5071189559949835,0.8825686710409842
6854,I1,2025/2026,2025-08,1,2,2025-08-30,Parma,Atalanta,0.8780361205770064,0.4077149403472268,market_chance_context,0.7250000000000004,False,1,1,1,0.5248309770637029,0.931411443145143,0.8780361205770064,0.3469329944274615,0.9455801702662139,0.6476438023490142,0.8383782485894112,0.9498365586780295
6855,I1,2025/2026,2025-08,1,2,2025-08-30,Napoli,Cagliari,0.4816575861813412,0.4077149403472268,market_chance_context,0.7250000000000004,False,1,0,0,0.38062380924753536,0.5261662166251752,0.4816575861813412,0.44450796924558106,0.4441014704780745,0.42817099987837975,0.1961862484393069,0.2825164781222075
6856,I1,2025/2026,2025-08,1,2,2025-08-30,Pisa,Roma,0.9925398517700567,0.4077149403472268,market_chance_context,0.7250000000000004,False,1,0,0,0.9953577800769073,0.9996285671471214,0.9925398517700567,0.9884839577753426,0.999447086118294,0.9356285572147095,0.9998222010963592,0.9994326651463178
9067,D1,2025/2026,2025-08,1,2,2025-08-30,Hoffenheim,Ein Frankfurt,0.7592726021982481,0.4077149403472268,market_chance_context,0.7250000000000004,False,1,1,1,0.896757959072534,0.8499129563774477,0.7592726021982481,0.8916213023507131,0.9271505151115503,0.8217394808767043,0.7934893221456032,0.9731851552556166
9068,D1,2025/2026,2025-08,1,2,2025-08-30,RB Leipzig,Heidenheim,0.6200216928411827,0.4077149403472268,market_chance_context,0.7250000000000004,False,1,0,0,0.7465092874614458,0.7514932578588277,0.6200216928411827,0.8012890971965345,0.9577357856792467,0.7210128552119895,0.7127144734648811,0.9711357869055297
9069,D1,2025/2026,2025-08,1,2,2025-08-30,Stuttgart,M'gladbach,0.8085891959453576,0.4077149403472268,market_chance_context,0.7250000000000004,False,1,0,0,0.7427935191853525,0.8524864892236289,0.8085891959453576,0.7207959956588563,0.8981778237916507,0.7392771551782412,0.6077335464201618,0.9399416550561696
9070,D1,2025/2026,2025-08,1,2,2025-08-30,Werder Bremen,Leverkusen,0.7014594676804347,0.4077149403472268,market_chance_context,0.7250000000000004,False,1,1,1,0.7639282425095221,0.8067305519714708,0.7014594676804347,0.7760331945180788,0.8777339192121415,0.6571605779799985,0.6281602481479536,0.9682959536198802
9071,D1,2025/2026,2025-08,1,2,2025-08-30,Augsburg,Bayern Munich,0.6546507334676125,0.4077149403472268,market_chance_context,0.7250000000000004,False,1,1,1,0.6912501766982825,0.8224207640870831,0.6546507334676125,0.6849804773452265,0.8294131655415194,0.627999880866461,0.5247079033086994,0.7618698682453213
11663,E0,2025/2026,2025-08,1,3,2025-08-30,Chelsea,Fulham,0.8652201444358395,0.4077149403472268,market_chance_context,0.7250000000000004,False,1,0,0,0.44893256689127226,0.8976085412304103,0.8652201444358395,0.4613229154098588,0.954113378362129,0.5708787656831962,0.8366439851583712,0.9715673185513574
11664,E0,2025/2026,2025-08,1,3,2025-08-30,Man United,Burnley,0.4077149403472268,0.4077149403472268,market_chance_context,0.7250000000000004,False,1,1,1,0.48083151906421834,0.43047548779479194,0.4077149403472268,0.4411865166637794,0.6508364621488261,0.48134331494062627,0.5923653740090821,0.7296905219843562
11665,E0,2025/2026,2025-08,1,3,2025-08-30,Sunderland,Brentford,0.994521872176527,0.4077149403472268,market_chance_context,0.7250000000000004,False,1,1,1,0.997659540755788,0.9995402619902636,0.994521872176527,0.995632789397129,0.9996125000244707,0.9535211593413537,0.9999697101077725,0.999986919902569
11666,E0,2025/2026,2025-08,1,3,2025-08-30,Tottenham,Bournemouth,0.7052525142892913,0.4077149403472268,market_chance_context,0.7250000000000004,False,1,0,0,0.4706995727279582,0.8034869142356666,0.7052525142892913,0.414478828575023,0.606193258312097,0.5460903280795236,0.5800542787838933,0.7408136362402734
11667,E0,2025/2026,2025-08,1,3,2025-08-30,Wolves,Everton,0.29083329240355044,0.4077149403472268,market_chance_context,0.7250000000000004,False,0,1,0,0.5891169203235,0.4278391925279404,0.29083329240355044,0.4769666433480443,0.29706060686068675,0.4881316048878067,0.4819938359859727,0.5203380426598462
11668,E0,2025/2026,2025-08,1,3,2025-08-30,Leeds,Newcastle,0.6732456906013741,0.4077149403472268,market_chance_context,0.7250000000000004,False,1,0,0,0.4975984855367096,0.8099788695965336,0.6732456906013741,0.3989090153803245,0.7793940543808022,0.6424559641876112,0.7235541391386437,0.9180953690426025
14073,F1,2025/2026,2025-08,1,3,2025-08-30,Lorient,Lille,0.6232707905532817,0.4077149403472268,market_chance_context,0.7250000000000004,False,1,1,1,0.6976822123338775,0.6935393310202581,0.6232707905532817,0.6865958195855468,0.9220998119906637,0.6048660229466103,0.7016658638322854,0.9337443706429317
14074,F1,2025/2026,2025-08,1,3,2025-08-30,Nantes,Auxerre,0.46314301068902675,0.4077149403472268,market_chance_context,0.7250000000000004,False,1,0,0,0.5695716857243687,0.47661073709578006,0.46314301068902675,0.47215486454601163,0.8472242158478948,0.5071576667911191,0.7015745028031408,0.8587912049507598
14075,F1,2025/2026,2025-08,1,3,2025-08-30,Toulouse,Paris SG,0.60644691849722,0.4077149403472268,market_chance_context,0.7250000000000004,False,1,1,1,0.68338995636969,0.571158258519051,0.60644691849722,0.6530563739849802,0.9388787131139297,0.6287943446084546,0.7631710900389052,0.9659235533471092
16663,SP1,2025/2026,2025-08,1,3,2025-08-30,Alaves,Ath Madrid,0.35721542294483244,0.4077149403472268,market_chance_context,0.7250000000000004,False,0,1,0,0.3838745363340308,0.40619297667924203,0.35721542294483244,0.34370297348127044,0.5334265235322508,0.40449084256359846,0.41792557112589435,0.3498225729513493
16664,SP1,2025/2026,2025-08,1,3,2025-08-30,Oviedo,Sociedad,0.9759874952210946,0.4077149403472268,market_chance_context,0.7250000000000004,False,1,0,0,0.9951709499249795,0.997295928710799,0.9759874952210946,0.9922832689742828,0.9941250624313811,0.9477962316685442,0.9999275599682121,0.9988442506677548
16665,SP1,2025/2026,2025-08,1,3,2025-08-30,Girona,Sevilla,0.6099613149747831,0.4077149403472268,market_chance_context,0.7250000000000004,False,1,0,0,0.5000698020381154,0.6763208514868535,0.6099613149747831,0.4748399489579805,0.40691514974522064,0.5371495488456356,0.4479554074097696,0.2976292554437155
16666,SP1,2025/2026,2025-08,1,3,2025-08-30,Real Madrid,Mallorca,0.31598494957775547,0.4077149403472268,market_chance_context,0.7250000000000004,False,0,1,0,0.4801023968225595,0.3922433251918167,0.31598494957775547,0.4793168983726865,0.5785596508758536,0.6091819803748376,0.38189730976689235,0.43392372742672325
6857,I1,2025/2026,2025-08,1,2,2025-08-31,Genoa,Juventus,0.4949314922652131,0.4077149403472268,market_chance_context,0.7250000000000004,False,1,0,0,0.4380457824160508,0.60981668249301,0.4949314922652131,0.3190943398674952,0.7240913997126089,0.45824357712857594,0.23631244974646914,0.30224741012400885
6858,I1,2025/2026,2025-08,1,2,2025-08-31,Torino,Fiorentina,0.6058348980149996,0.4077149403472268,market_chance_context,0.7250000000000004,False,1,0,0,0.499763828711893,0.7078571693467294,0.6058348980149996,0.4001710071025432,0.7226517391023377,0.5926905812286114,0.45602684647776004,0.6508339314332064
6859,I1,2025/2026,2025-08,1,2,2025-08-31,Inter,Udinese,0.40449331785597065,0.4077149403472268,market_chance_context,0.7250000000000004,False,0,1,0,0.3428393149026125,0.6027063544426771,0.40449331785597065,0.3345456150791864,0.4051636330515735,0.45856783959385716,0.22585499677176152,0.17026307783215494
6860,I1,2025/2026,2025-08,1,2,2025-08-31,Lazio,Verona,0.32384933238332214,0.4077149403472268,market_chance_context,0.7250000000000004,False,0,0,1,0.3168099744679792,0.5560457383658987,0.32384933238332214,0.2586345940042064,0.32545669984223746,0.3810930833811408,0.16834507176922556,0.15734969085928524
9072,D1,2025/2026,2025-08,1,2,2025-08-31,Wolfsburg,Mainz,0.7219005620476148,0.4077149403472268,market_chance_context,0.7250000000000004,False,1,1,1,0.7974704959495413,0.8075251499745228,0.7219005620476148,0.8021005998045588,0.897879302586171,0.748581585332947,0.7390773239651505,0.9443041789855232
9073,D1,2025/2026,2025-08,1,2,2025-08-31,Dortmund,Union Berlin,0.3861743860538398,0.4077149403472268,market_chance_context,0.7250000000000004,False,0,0,1,0.722711838229782,0.6171972162380441,0.3861743860538398,0.6463023193812947,0.8319874250710767,0.5519277152074815,0.5281039963802535,0.618174816438202
9074,D1,2025/2026,2025-08,1,2,2025-08-31,FC Koln,Freiburg,0.3487071123107981,0.4077149403472268,market_chance_context,0.7250000000000004,False,0,1,0,0.6232868789449413,0.34272992073216196,0.3487071123107981,0.6556226032489105,0.425589324378879,0.5826851790199465,0.46662840376300474,0.801410970132466
11669,E0,2025/2026,2025-08,1,3,2025-08-31,Brighton,Man City,0.6622636663626278,0.4077149403472268,market_chance_context,0.7250000000000004,False,1,1,1,0.7838671667644357,0.6526081805010767,0.6622636663626278,0.7363084283084873,0.854858729178432,0.7325831352255601,0.6706651481988356,0.9108391640541746
11670,E0,2025/2026,2025-08,1,3,2025-08-31,Nott'm Forest,West Ham,0.25861824325311283,0.4077149403472268,market_chance_context,0.7250000000000004,False,0,0,1,0.4657857553465828,0.33089986291105555,0.25861824325311283,0.46183378254819885,0.3737637468797791,0.4290186688279655,0.4979460353599826,0.685566020979684
11671,E0,2025/2026,2025-08,1,3,2025-08-31,Liverpool,Arsenal,0.8023205543440484,0.4077149403472268,market_chance_context,0.7250000000000004,False,1,0,0,0.7836951496454553,0.8621125024619877,0.8023205543440484,0.7584541862464429,0.8946139910066438,0.749649483077345,0.8061504489645581,0.974561590530286
11672,E0,2025/2026,2025-08,1,3,2025-08-31,Aston Villa,Crystal Palace,0.719213075926386,0.4077149403472268,market_chance_context,0.7250000000000004,False,1,0,0,0.6482250580757176,0.8643192388472226,0.719213075926386,0.5436416814430852,0.8659164441273746,0.6397956118624658,0.7574558397960702,0.9455773425185168
14076,F1,2025/2026,2025-08,1,3,2025-08-31,Angers,Rennes,0.2950265538096476,0.4077149403472268,market_chance_context,0.7250000000000004,False,0,1,0,0.4963883911921736,0.3108878238699179,0.2950265538096476,0.48553018643027684,0.18917363139590446,0.4554708968392319,0.23038900961427247,0.13401692024594128
14077,F1,2025/2026,2025-08,1,3,2025-08-31,Le Havre,Nice,0.6364594698314369,0.4077149403472268,market_chance_context,0.7250000000000004,False,1,1,1,0.5446553281219912,0.6255577366898282,0.6364594698314369,0.5935217314248107,0.8389608254017908,0.5465274580822828,0.5870888717997284,0.8513217171774057
14078,F1,2025/2026,2025-08,1,3,2025-08-31,Monaco,Strasbourg,0.4855308832162341,0.4077149403472268,market_chance_context,0.7250000000000004,False,1,1,1,0.815017121649037,0.5588352392687882,0.4855308832162341,0.8142764523269682,0.973927767934386,0.7227332645199105,0.8090428197204024,0.947815121818227
14079,F1,2025/2026,2025-08,1,3,2025-08-31,Paris FC,Metz,0.989374308146424,0.4077149403472268,market_chance_context,0.7250000000000004,False,1,1,1,0.997796190904273,0.9985748157904198,0.989374308146424,0.9976758029430064,0.9990346709815989,0.9557404001839265,0.9999738364084715,0.9999805139599149
14080,F1,2025/2026,2025-08,1,3,2025-08-31,Lyon,Marseille,0.7507153861927194,0.4077149403472268,market_chance_context,0.7250000000000004,False,1,0,0,0.9009784194948183,0.7713036858177899,0.7507153861927194,0.9350458892434383,0.9434748096330987,0.845911167502325,0.9028272990157152,0.9877466434240024
16667,SP1,2025/2026,2025-08,1,3,2025-08-31,Celta,Villarreal,0.7723048111639356,0.4077149403472268,market_chance_context,0.7250000000000004,False,1,1,1,0.674033407859774,0.9019453711997374,0.7723048111639356,0.5650672889560417,0.883288890166045,0.6887043615688799,0.8150297424695143,0.8905850438592211
16668,SP1,2025/2026,2025-08,1,3,2025-08-31,Betis,Ath Bilbao,0.09412615345400116,0.4077149403472268,market_chance_context,0.7250000000000004,False,0,1,0,0.5251588303855077,0.20197558792163853,0.09412615345400116,0.44808447382548655,0.028157189332882488,0.5058167416619954,0.2628437545459277,0.009712264322143564
16669,SP1,2025/2026,2025-08,1,3,2025-08-31,Espanol,Osasuna,0.2562772964169666,0.4077149403472268,market_chance_context,0.7250000000000004,False,0,0,1,0.5470067068379015,0.33816310107172454,0.2562772964169666,0.36097131957302697,0.4223736302303916,0.6061599597810902,0.40022341613167023,0.17433814964359517
16670,SP1,2025/2026,2025-08,1,3,2025-08-31,Vallecano,Barcelona,0.5142197663590173,0.4077149403472268,market_chance_context,0.7250000000000004,False,1,1,1,0.4505060464558867,0.4723399003921896,0.5142197663590173,0.5245256409973407,0.35848308733583806,0.5052406933948731,0.3784835004269877,0.43579184306354607
9075,D1,2025/2026,2025-09,2,3,2025-09-12,Leverkusen,Ein Frankfurt,0.8937701582152499,0.6157555299280435,market_goal_context,0.7500000000000004,True,1,1,1,0.8713935702200928,0.8037606180511592,0.6741085582921084,0.8937701582152499,0.7035992744881807,0.7624862057638625,0.7898102273208665,0.9120911565060265
14081,F1,2025/2026,2025-09,2,4,2025-09-12,Marseille,Lorient,0.759256510616577,0.63723631685081,market_goal_context,0.7500000000000004,True,1,0,0,0.6869909027255892,0.8030318713889031,0.6993386912567501,0.759256510616577,0.9462991183904776,0.6968337288646647,0.8563578327972504,0.9711275239091184
16671,SP1,2025/2026,2025-09,2,4,2025-09-12,Sevilla,Elche,0.38098328243936924,0.2655391315922772,market_goal_context,0.7500000000000004,True,1,1,1,0.42179234647184394,0.365321234599017,0.2981647358102938,0.38098328243936924,0.24925500774654039,0.37439422552241935,0.27770263202037987,0.16737771778316668
6861,I1,2025/2026,2025-09,2,3,2025-09-13,Cagliari,Parma,0.6766636692149355,0.4448747724710178,market_goal_context,0.7500000000000004,True,1,0,0,0.6383503437036361,0.8940411012483518,0.8333634926272397,0.6766636692149355,0.9826622365190956,0.6051358761572181,0.7480570142805582,0.9926255242844075
6862,I1,2025/2026,2025-09,2,3,2025-09-13,Juventus,Inter,0.5286044148614453,0.4448747724710178,market_goal_context,0.7500000000000004,True,1,1,1,0.596880893695775,0.7919813475379163,0.7873080085862764,0.5286044148614453,0.9745241348101861,0.6218305246899549,0.42821152330697887,0.9606434546772161
6863,I1,2025/2026,2025-09,2,3,2025-09-13,Fiorentina,Napoli,0.5827843773081961,0.4448747724710178,market_goal_context,0.7500000000000004,True,1,1,1,0.5934304097789421,0.8307886805790103,0.8176048704226809,0.5827843773081961,0.9504630113242745,0.49412388798360335,0.5867187060493214,0.9852849468029243
9076,D1,2025/2026,2025-09,2,3,2025-09-13,Freiburg,Stuttgart,0.7696084604402036,0.6157555299280435,market_goal_context,0.7500000000000004,True,1,1,1,0.6876395309471928,0.9246607722940107,0.893383261986062,0.7696084604402036,0.8446378051180754,0.6767608205798696,0.7449671414192252,0.9334167370485192
9077,D1,2025/2026,2025-09,2,3,2025-09-13,Heidenheim,Dortmund,0.49991267691212316,0.6157555299280435,market_goal_context,0.7500000000000004,True,0,0,1,0.5186233070127372,0.7996408173247317,0.7440405176608189,0.49991267691212316,0.6182640370722607,0.5192643344939589,0.6448175500508025,0.644494024409464
9078,D1,2025/2026,2025-09,2,3,2025-09-13,Mainz,RB Leipzig,0.751593248788702,0.6157555299280435,market_goal_context,0.7500000000000004,True,1,0,0,0.7629787306852093,0.8562613602172934,0.8382764964544275,0.751593248788702,0.9107948181395685,0.7407093798116748,0.674796868308848,0.8926342659840304
9079,D1,2025/2026,2025-09,2,3,2025-09-13,Union Berlin,Hoffenheim,0.7635629971482097,0.6157555299280435,market_goal_context,0.7500000000000004,True,1,1,1,0.7265491435296189,0.8363192262727132,0.7865462764072628,0.7635629971482097,0.7175181389291193,0.6973584527945923,0.8177270196692038,0.86353049926046
9080,D1,2025/2026,2025-09,2,3,2025-09-13,Wolfsburg,FC Koln,0.6307451977122481,0.6157555299280435,market_goal_context,0.7500000000000004,True,1,1,1,0.6096412199664949,0.8944006414377853,0.8853265589952675,0.6307451977122481,0.8864900555893633,0.5743356930236397,0.6545329384827143,0.95370463927788
9081,D1,2025/2026,2025-09,2,3,2025-09-13,Bayern Munich,Hamburg,0.5707138154595731,0.6157555299280435,market_goal_context,0.7500000000000004,True,0,0,1,0.5069850092730137,0.8587925264348324,0.7651107455025202,0.5707138154595731,0.27595321201609563,0.4407379093347751,0.6148250605766782,0.3809613343513763
11673,E0,2025/2026,2025-09,2,4,2025-09-13,Arsenal,Nott'm Forest,0.371394932080629,0.5382166770511813,market_goal_context,0.7500000000000004,True,0,0,1,0.3293785340891365,0.37300421720781424,0.3533335622183373,0.371394932080629,0.4180713919394176,0.35386111891208283,0.22038498212458005,0.6791785123055927
11674,E0,2025/2026,2025-09,2,4,2025-09-13,Bournemouth,Brighton,0.7828388216712345,0.5382166770511813,market_goal_context,0.7500000000000004,True,1,1,1,0.7032206373656801,0.9184538523417901,0.9362407774843506,0.7828388216712345,0.9631939193830592,0.7309937226042006,0.9310198341899706,0.9954533337715629
11675,E0,2025/2026,2025-09,2,4,2025-09-13,Crystal Palace,Sunderland,0.5594000775381032,0.5382166770511813,market_goal_context,0.7500000000000004,True,1,0,0,0.478436287320331,0.8346341048907682,0.7365243456965682,0.5594000775381032,0.8036184368490046,0.49425124049729874,0.511756941937169,0.7959650882606196
11676,E0,2025/2026,2025-09,2,4,2025-09-13,Everton,Aston Villa,0.5382166770511813,0.5382166770511813,market_goal_context,0.7500000000000004,True,1,0,0,0.4741161254453909,0.607419652203606,0.6343164248864593,0.5382166770511813,0.5923825285177817,0.4982621988673967,0.5368464007997431,0.8320219558966424
11677,E0,2025/2026,2025-09,2,4,2025-09-13,Fulham,Leeds,0.5082830369970237,0.5382166770511813,market_goal_context,0.7500000000000004,True,0,0,1,0.5066231425551545,0.8532531749744379,0.7909148110464301,0.5082830369970237,0.8444266858413274,0.5325871826044154,0.6318066294149284,0.9578357826469476
11678,E0,2025/2026,2025-09,2,4,2025-09-13,Newcastle,Wolves,0.727169658522354,0.5382166770511813,market_goal_context,0.7500000000000004,True,1,0,0,0.6786794313481201,0.5208657601574825,0.42247327806626633,0.727169658522354,0.9377693176366935,0.6471875702255128,0.671672655014101,0.9536719047845281
11679,E0,2025/2026,2025-09,2,4,2025-09-13,West Ham,Tottenham,0.579168200892262,0.5382166770511813,market_goal_context,0.7500000000000004,True,1,0,0,0.5323244865246956,0.7104245679867031,0.6484784641086867,0.579168200892262,0.7260113265642906,0.507008392347198,0.4777393955170458,0.848929435223919
11680,E0,2025/2026,2025-09,2,4,2025-09-13,Brentford,Chelsea,0.6082312308708986,0.5382166770511813,market_goal_context,0.7500000000000004,True,1,1,1,0.48739259592809364,0.70445963431218,0.799017647711106,0.6082312308708986,0.8504116854214214,0.5852692710449398,0.6107047562194865,0.9670207378268572
14082,F1,2025/2026,2025-09,2,4,2025-09-13,Nice,Nantes,0.5484704030317152,0.63723631685081,market_goal_context,0.7500000000000004,True,0,0,1,0.4814162253186308,0.5416473688011694,0.5472357413828319,0.5484704030317152,0.6424909775707364,0.4125509301744616,0.6307393953472439,0.9184417150878901
14083,F1,2025/2026,2025-09,2,4,2025-09-13,Auxerre,Monaco,0.8036191561588397,0.63723631685081,market_goal_context,0.7500000000000004,True,1,1,1,0.7387361419955848,0.22816333800013255,0.3017640197843621,0.8036191561588397,0.4792916816817796,0.6249886392858902,0.48487769071741077,0.6269720598913828
16672,SP1,2025/2026,2025-09,2,4,2025-09-13,Getafe,Oviedo,0.19493497848483243,0.2655391315922772,market_goal_context,0.7500000000000004,True,0,0,1,0.17229965632608552,0.1878834566680877,0.20387448104177222,0.19493497848483243,0.013060438221892427,0.29022606403118884,0.2460169666025346,0.0066860173633645735
16673,SP1,2025/2026,2025-09,2,4,2025-09-13,Sociedad,Real Madrid,0.45464383796754604,0.2655391315922772,market_goal_context,0.7500000000000004,True,1,1,1,0.35979019019376035,0.7207471287458662,0.6740848762334799,0.45464383796754604,0.7053166712563945,0.4504881578394395,0.48965235208081226,0.5838863194907093
16674,SP1,2025/2026,2025-09,2,4,2025-09-13,Ath Bilbao,Alaves,0.19533449082006282,0.2655391315922772,market_goal_context,0.7500000000000004,True,0,0,1,0.2305219755941468,0.07966520610768217,0.3290685828010801,0.19533449082006282,0.03459180493811627,0.2930346587271533,0.6195426652093435,0.09762255707900158
16675,SP1,2025/2026,2025-09,2,4,2025-09-13,Ath Madrid,Villarreal,0.7146544340293953,0.2655391315922772,market_goal_context,0.7500000000000004,True,1,0,0,0.6784678086817282,0.6269934377458756,0.7270523622011913,0.7146544340293953,0.6352291321001047,0.6622203217128617,0.6427274316984323,0.7712472970902033
6864,I1,2025/2026,2025-09,2,3,2025-09-14,Roma,Torino,0.27567392745396974,0.4448747724710178,market_goal_context,0.7500000000000004,True,0,0,1,0.3402339331920931,0.46612298671393626,0.49565224730350543,0.27567392745396974,0.5229884539250325,0.3814656393769119,0.17452806981599311,0.37856038023780325
6865,I1,2025/2026,2025-09,2,3,2025-09-14,Atalanta,Lecce,0.43823516088217424,0.4448747724710178,market_goal_context,0.7500000000000004,True,0,1,0,0.4153302803304591,0.6626683167004208,0.6099543287311805,0.43823516088217424,0.7185751104171001,0.4968577162409739,0.3040657390462665,0.7475838947329625
6866,I1,2025/2026,2025-09,2,3,2025-09-14,Pisa,Udinese,0.6658690379228187,0.4448747724710178,market_goal_context,0.7500000000000004,True,1,0,0,0.5899570009874657,0.6966603977817186,0.6191509850430007,0.6658690379228187,0.8664780558951548,0.49485882134125625,0.36883299998314534,0.6595853958150086
6867,I1,2025/2026,2025-09,2,3,2025-09-14,Sassuolo,Lazio,0.7132183428077872,0.4448747724710178,market_goal_context,0.7500000000000004,True,1,0,0,0.6885656817314365,0.6394996004146882,0.6649904038215311,0.7132183428077872,0.9665159378061604,0.6481083272465145,0.5826550931064693,0.9872380268154887
6868,I1,2025/2026,2025-09,2,3,2025-09-14,Milan,Bologna,0.6654109202843634,0.4448747724710178,market_goal_context,0.7500000000000004,True,1,0,0,0.6625925048404149,0.8349801738108302,0.8225336269386141,0.6654109202843634,0.9255763887941425,0.6188960033056701,0.6451033675984338,0.9807826404929705
9082,D1,2025/2026,2025-09,2,3,2025-09-14,St Pauli,Augsburg,0.3887997117626056,0.6157555299280435,market_goal_context,0.7500000000000004,True,0,1,0,0.47722671032882535,0.6188175206763107,0.6515862653503388,0.3887997117626056,0.31327655655970515,0.47265483103762623,0.40363378682166917,0.39483299826197255
9083,D1,2025/2026,2025-09,2,3,2025-09-14,M'gladbach,Werder Bremen,0.8017334939346323,0.6157555299280435,market_goal_context,0.7500000000000004,True,1,0,0,0.768948416967589,0.7717639085291977,0.7620805257484683,0.8017334939346323,0.6518814075562808,0.7207369056102654,0.5010406822113344,0.8063181813816112
11681,E0,2025/2026,2025-09,2,4,2025-09-14,Burnley,Liverpool,0.6482578308291289,0.5382166770511813,market_goal_context,0.7500000000000004,True,1,0,0,0.5522976380856314,0.5753900289404674,0.6045914795968502,0.6482578308291289,0.9229424845667568,0.6040848497692127,0.45716876213491864,0.9447033944362686
11682,E0,2025/2026,2025-09,2,4,2025-09-14,Man City,Man United,0.8054762329368339,0.5382166770511813,market_goal_context,0.7500000000000004,True,1,0,0,0.6712239799908397,0.8791567386540884,0.8637400925711437,0.8054762329368339,0.8873710421826414,0.6514771272679973,0.672456094251272,0.9741844906575738
14084,F1,2025/2026,2025-09,2,4,2025-09-14,Lille,Toulouse,0.6229077308926525,0.63723631685081,market_goal_context,0.7500000000000004,True,0,1,0,0.6737861483488519,0.5072541258750234,0.4627778210505384,0.6229077308926525,0.8898856926602083,0.6096957578031202,0.7770232191951072,0.8065180192977288
14085,F1,2025/2026,2025-09,2,4,2025-09-14,Brest,Paris FC,0.9250985898955089,0.63723631685081,market_goal_context,0.7500000000000004,True,1,1,1,0.8799309475883456,0.8528502636340917,0.8504544344753895,0.9250985898955089,0.985366549425658,0.8287611537468793,0.9654099880677981,0.998391900493712
14086,F1,2025/2026,2025-09,2,4,2025-09-14,Metz,Angers,0.6458917272903725,0.63723631685081,market_goal_context,0.7500000000000004,True,1,1,1,0.5306809828627539,0.3944659145975011,0.4059240412486481,0.6458917272903725,0.39987828734788805,0.4868223949736543,0.42816266970521033,0.7169878700609933
14087,F1,2025/2026,2025-09,2,4,2025-09-14,Paris SG,Lens,0.7478569796063991,0.63723631685081,market_goal_context,0.7500000000000004,True,1,0,0,0.7012422923366501,0.5432476328031777,0.5222692589720742,0.7478569796063991,0.7698354527256415,0.6711140679994148,0.5227968636170385,0.6707582379375595
14088,F1,2025/2026,2025-09,2,4,2025-09-14,Strasbourg,Le Havre,0.63723631685081,0.63723631685081,market_goal_context,0.7500000000000004,True,1,0,0,0.5729950078030951,0.5454086329553149,0.6319648899676276,0.63723631685081,0.8625394839662446,0.5682461857226117,0.6748420361959301,0.8949743921272711
14089,F1,2025/2026,2025-09,2,4,2025-09-14,Rennes,Lyon,0.6439431198803017,0.63723631685081,market_goal_context,0.7500000000000004,True,1,1,1,0.5934546294442179,0.8124158627536705,0.789283470090134,0.6439431198803017,0.8420283479651179,0.5960172135900066,0.759608121722391,0.9650768504129777
16676,SP1,2025/2026,2025-09,2,4,2025-09-14,Celta,Girona,0.34131852626517684,0.2655391315922772,market_goal_context,0.7500000000000004,True,1,1,1,0.4003705528402971,0.3515894385457883,0.2768901799411121,0.34131852626517684,0.24936174503588754,0.45184285479612346,0.35855838955049785,0.174540184507319
16677,SP1,2025/2026,2025-09,2,4,2025-09-14,Levante,Betis,0.6603750322680629,0.2655391315922772,market_goal_context,0.7500000000000004,True,1,1,1,0.5721288948968967,0.7394776676332836,0.7807534402858299,0.6603750322680629,0.7774898119847415,0.5489621303235561,0.7095273040154351,0.9328368316082644
16678,SP1,2025/2026,2025-09,2,4,2025-09-14,Osasuna,Vallecano,0.577756444200591,0.2655391315922772,market_goal_context,0.7500000000000004,True,1,0,0,0.5975267394856641,0.619895522835561,0.5690360956603264,0.577756444200591,0.9163381430026231,0.667899841953842,0.8668325141135108,0.943540078076498
16679,SP1,2025/2026,2025-09,2,4,2025-09-14,Barcelona,Valencia,0.5577866190872155,0.2655391315922772,market_goal_context,0.7500000000000004,True,1,0,0,0.4979602916100693,0.7984305995906175,0.7249869682134231,0.5577866190872155,0.6452733445449046,0.5210833034099623,0.5563445237714224,0.6384055934806695
6869,I1,2025/2026,2025-09,2,3,2025-09-15,Verona,Cremonese,0.4553277277703175,0.4448747724710178,market_goal_context,0.7500000000000004,True,1,0,0,0.48510488619885167,0.5879411529619849,0.5701920790644923,0.4553277277703175,0.5492157346209819,0.47008849090849036,0.1211769005470597,0.28081445720886855
6870,I1,2025/2026,2025-09,2,3,2025-09-15,Como,Genoa,0.6789225859241608,0.4448747724710178,market_goal_context,0.7500000000000004,True,1,1,1,0.5918110637333128,0.7340301009619142,0.7418578173286027,0.6789225859241608,0.9662512845285461,0.5626409384379691,0.6321685498444267,0.987807036220596
16680,SP1,2025/2026,2025-09,2,4,2025-09-15,Espanol,Mallorca,0.29990088334984827,0.2655391315922772,market_goal_context,0.7500000000000004,True,1,1,1,0.3678769871047023,0.3234164352186459,0.34395788581850617,0.29990088334984827,0.29932486971126127,0.5103590866718638,0.2962097736680313,0.32001985647513415
6871,I1,2025/2026,2025-09,2,4,2025-09-19,Lecce,Cagliari,0.3981258618430919,0.4448747724710178,market_goal_context,0.7500000000000004,True,0,1,0,0.4103963045565806,0.6636931902741702,0.5988774799211614,0.3981258618430919,0.6035287146438963,0.46193497026638497,0.15459156862537146,0.6316187226271737
9084,D1,2025/2026,2025-09,2,4,2025-09-19,Stuttgart,St Pauli,0.5551258580205991,0.6157555299280435,market_goal_context,0.7500000000000004,True,0,0,1,0.5124264204633661,0.8668026755493311,0.8811250576210345,0.5551258580205991,0.8540344623966496,0.46425573568014444,0.511707609592854,0.6504742826908817
14090,F1,2025/2026,2025-09,2,5,2025-09-19,Lyon,Angers,0.5556309890424819,0.63723631685081,market_goal_context,0.7500000000000004,True,0,0,1,0.43059655997272894,0.3140886331817066,0.30724550896891495,0.5556309890424819,0.32030892292555374,0.4293819052197193,0.36585421402839546,0.6106491354103836
16681,SP1,2025/2026,2025-09,2,5,2025-09-19,Betis,Sociedad,0.5349728601132677,0.2655391315922772,market_goal_context,0.7500000000000004,True,1,1,1,0.4183152186705113,0.8076691681812717,0.7703290865040269,0.5349728601132677,0.7514458704076161,0.5283051650709314,0.8323840347844638,0.927451415268613
6872,I1,2025/2026,2025-09,2,4,2025-09-20,Bologna,Genoa,0.5846432886775099,0.4448747724710178,market_goal_context,0.7500000000000004,True,1,1,1,0.4504082314746569,0.7063143577636452,0.6544253350204593,0.5846432886775099,0.8393749687768686,0.46587020690149294,0.4345773930467139,0.9577503204278882
6873,I1,2025/2026,2025-09,2,4,2025-09-20,Verona,Juventus,0.22711654547487625,0.4448747724710178,market_goal_context,0.7500000000000004,True,0,1,0,0.2404186076236852,0.4995596473843341,0.46344594557674534,0.22711654547487625,0.48708327302874593,0.27869681275706465,0.11976670789670922,0.1740448665793707
6874,I1,2025/2026,2025-09,2,4,2025-09-20,Udinese,Milan,0.5839691882092375,0.4448747724710178,market_goal_context,0.7500000000000004,True,1,0,0,0.47879998841521076,0.8310218800036542,0.8100638095968883,0.5839691882092375,0.9415970867984332,0.5624570677643648,0.5025540195429847,0.9562650237648226
9085,D1,2025/2026,2025-09,2,4,2025-09-20,Augsburg,Mainz,0.6760909033588052,0.6157555299280435,market_goal_context,0.7500000000000004,True,1,1,1,0.682653500823436,0.7904682238521095,0.7177638653004336,0.6760909033588052,0.6540435470393379,0.7035373409483399,0.6336051040032926,0.7123175937959665
9086,D1,2025/2026,2025-09,2,4,2025-09-20,Hamburg,Heidenheim,0.7627165105538402,0.6157555299280435,market_goal_context,0.7500000000000004,True,1,1,1,0.7227836542422765,0.4491292629305547,0.37011998165665194,0.7627165105538402,0.4746488346505487,0.6533000055416521,0.28308677080778644,0.1660513804175134
9087,D1,2025/2026,2025-09,2,4,2025-09-20,Hoffenheim,Bayern Munich,0.6505316577121482,0.6157555299280435,market_goal_context,0.7500000000000004,True,1,1,1,0.5674449017941281,0.8309811521161565,0.8608339557613343,0.6505316577121482,0.7001348691104516,0.5846572893242258,0.6725084246711232,0.8588259714463015
9088,D1,2025/2026,2025-09,2,4,2025-09-20,Werder Bremen,Freiburg,0.8382871974562187,0.6157555299280435,market_goal_context,0.7500000000000004,True,1,0,0,0.8002549032984629,0.88477680335984,0.8633247704967763,0.8382871974562187,0.8476494977956269,0.7542788908876576,0.8313922429690647,0.9700645618893898
9089,D1,2025/2026,2025-09,2,4,2025-09-20,RB Leipzig,FC Koln,0.7958759098389441,0.6157555299280435,market_goal_context,0.7500000000000004,True,1,1,1,0.7249857089196062,0.9480431183227146,0.9374483619003348,0.7958759098389441,0.982431350015534,0.7203144689038683,0.7983368584940106,0.9943256108823879
11683,E0,2025/2026,2025-09,2,5,2025-09-20,Liverpool,Everton,0.6288047632143078,0.5382166770511813,market_goal_context,0.7500000000000004,True,1,1,1,0.4994930632408447,0.6013905872702027,0.5575479899718594,0.6288047632143078,0.7547401654378959,0.5308189235294793,0.2447417097716826,0.9305030023870307
11684,E0,2025/2026,2025-09,2,5,2025-09-20,Brighton,Tottenham,0.7835437347259282,0.5382166770511813,market_goal_context,0.7500000000000004,True,1,1,1,0.7370012785068765,0.6454583428666237,0.5756247408821045,0.7835437347259282,0.6545559933020093,0.7009314517900996,0.3675733834164064,0.8551932352811972
11685,E0,2025/2026,2025-09,2,5,2025-09-20,Burnley,Nott'm Forest,0.5729516771052553,0.5382166770511813,market_goal_context,0.7500000000000004,True,1,1,1,0.5356087421251411,0.7979178046713905,0.7787295631555394,0.5729516771052553,0.8987842563097647,0.556334319866228,0.7343711073523582,0.9713489358966643
11686,E0,2025/2026,2025-09,2,5,2025-09-20,West Ham,Crystal Palace,0.532742247546769,0.5382166770511813,market_goal_context,0.7500000000000004,True,0,1,0,0.594894772306784,0.6654203959876807,0.5641761649784917,0.532742247546769,0.8705799766229282,0.5351618817361026,0.647892715554658,0.8596566244656578
11687,E0,2025/2026,2025-09,2,5,2025-09-20,Wolves,Leeds,0.5166617651136297,0.5382166770511813,market_goal_context,0.7500000000000004,True,0,1,0,0.5893632821899688,0.749252328085931,0.6536934325722856,0.5166617651136297,0.5767757946803082,0.5790663334321295,0.496259865500607,0.7153124919486017
11688,E0,2025/2026,2025-09,2,5,2025-09-20,Man United,Chelsea,0.736353316318094,0.5382166770511813,market_goal_context,0.7500000000000004,True,1,1,1,0.6816974841518247,0.727727404907435,0.6912301657518533,0.736353316318094,0.7345824388817094,0.6564558155864014,0.7362966747691038,0.9399769422288318
11689,E0,2025/2026,2025-09,2,5,2025-09-20,Fulham,Brentford,0.6320531278554885,0.5382166770511813,market_goal_context,0.7500000000000004,True,1,1,1,0.58319952519946,0.8058541331728108,0.786619949839615,0.6320531278554885,0.966136868222189,0.506897977639347,0.8830489805070422,0.9909722227711577
14091,F1,2025/2026,2025-09,2,5,2025-09-20,Nantes,Rennes,0.6095152371248665,0.63723631685081,market_goal_context,0.7500000000000004,True,0,1,0,0.4773128534222462,0.4775995714580159,0.5005530706057307,0.6095152371248665,0.45768533931356853,0.4430002756020593,0.37503746016616096,0.4698713480171467
14092,F1,2025/2026,2025-09,2,5,2025-09-20,Brest,Nice,0.7836144210184071,0.63723631685081,market_goal_context,0.7500000000000004,True,1,1,1,0.7096128552271821,0.7015260106889603,0.7290717463463239,0.7836144210184071,0.8710883355757211,0.727276760851615,0.8872916901326181,0.982260075626948
14093,F1,2025/2026,2025-09,2,5,2025-09-20,Lens,Lille,0.7598138009599842,0.63723631685081,market_goal_context,0.7500000000000004,True,1,0,0,0.7057862286867881,0.6113247316131157,0.6288524642220348,0.7598138009599842,0.8309207377695734,0.6568788486412499,0.49263258543712496,0.9297830893245518
16682,SP1,2025/2026,2025-09,2,5,2025-09-20,Girona,Levante,0.5216653585587452,0.2655391315922772,market_goal_context,0.7500000000000004,True,1,0,0,0.5001286013146995,0.8241953750002698,0.8048346517089126,0.5216653585587452,0.6328403188866195,0.5532546237951486,0.716970140698561,0.7033543572425659
16683,SP1,2025/2026,2025-09,2,5,2025-09-20,Real Madrid,Espanol,0.3715973474701022,0.2655391315922772,market_goal_context,0.7500000000000004,True,1,0,0,0.39510651074771863,0.6990794627353095,0.6249669629898702,0.3715973474701022,0.3567864779486453,0.532342235461029,0.3819740938829372,0.40019256091450356
16684,SP1,2025/2026,2025-09,2,5,2025-09-20,Alaves,Sevilla,0.23426583662663572,0.2655391315922772,market_goal_context,0.7500000000000004,True,0,1,0,0.29864079446431374,0.3318199350744407,0.36378981876253247,0.23426583662663572,0.12351630810040673,0.4091041114400218,0.2563834982543214,0.07139336715962818
16685,SP1,2025/2026,2025-09,2,5,2025-09-20,Villarreal,Osasuna,0.5023131867421051,0.2655391315922772,market_goal_context,0.7500000000000004,True,1,1,1,0.6016466351537705,0.6156649151917698,0.581748402901692,0.5023131867421051,0.7842935413197275,0.6237586911534196,0.7347929879263264,0.6517614838003027
16686,SP1,2025/2026,2025-09,2,5,2025-09-20,Valencia,Ath Bilbao,0.2439615375307345,0.2655391315922772,market_goal_context,0.7500000000000004,True,0,0,1,0.3768498949461708,0.20386610145905917,0.10384075199745192,0.2439615375307345,0.019887273241315936,0.44069080486297524,0.2900531091294675,0.009411949793934027
6875,I1,2025/2026,2025-09,2,4,2025-09-21,Lazio,Roma,0.7580483448508786,0.4448747724710178,market_goal_context,0.7500000000000004,True,1,0,0,0.7220884774367909,0.839429243436858,0.813910152492406,0.7580483448508786,0.972992653353316,0.6545946400526322,0.649208203733535,0.9935377057835445
6876,I1,2025/2026,2025-09,2,4,2025-09-21,Cremonese,Parma,0.5200550400436296,0.4448747724710178,market_goal_context,0.7500000000000004,True,1,0,0,0.5160493158206584,0.889178692940162,0.7960713967391388,0.5200550400436296,0.949705304914936,0.5374897346689033,0.6074210598749276,0.944915207985588
6877,I1,2025/2026,2025-09,2,4,2025-09-21,Torino,Atalanta,0.4448747724710178,0.4448747724710178,market_goal_context,0.7500000000000004,True,1,0,0,0.5074069547995858,0.8282988993133229,0.7795031430076376,0.4448747724710178,0.9455981240783794,0.6031846285651795,0.591828861160404,0.9450569161737254
6878,I1,2025/2026,2025-09,2,4,2025-09-21,Fiorentina,Como,0.798607522608912,0.4448747724710178,market_goal_context,0.7500000000000004,True,1,1,1,0.7032778645096993,0.7997408403856343,0.8541502557124714,0.798607522608912,0.9660436457691134,0.6614990309141604,0.5407048084064032,0.9821340614018369
6879,I1,2025/2026,2025-09,2,4,2025-09-21,Inter,Sassuolo,0.4218284923991481,0.4448747724710178,market_goal_context,0.7500000000000004,True,0,1,0,0.44457731701607967,0.8209500990159657,0.7402459888635218,0.4218284923991481,0.933387622842614,0.5382292402054417,0.46810380616760217,0.8986433370673026
9090,D1,2025/2026,2025-09,2,4,2025-09-21,Ein Frankfurt,Union Berlin,0.8027826137405485,0.6157555299280435,market_goal_context,0.7500000000000004,True,1,1,1,0.8138636289992419,0.7620317526784584,0.6798345615188764,0.8027826137405485,0.9583823156426001,0.6830748599678178,0.9074550837262804,0.9643982023046723
9091,D1,2025/2026,2025-09,2,4,2025-09-21,Leverkusen,M'gladbach,0.676346017988747,0.6157555299280435,market_goal_context,0.7500000000000004,True,1,1,1,0.7087811360519214,0.905161784210807,0.8113609863403256,0.676346017988747,0.9485759179928294,0.7203575691125016,0.8865769980017695,0.9407105193818598
9092,D1,2025/2026,2025-09,2,4,2025-09-21,Dortmund,Wolfsburg,0.6469946607336541,0.6157555299280435,market_goal_context,0.7500000000000004,True,1,0,0,0.6034692775845583,0.7645352107363378,0.6929304368381795,0.6469946607336541,0.63070386399527,0.5286583413184653,0.5247275271022198,0.7324619844259157
11690,E0,2025/2026,2025-09,2,5,2025-09-21,Bournemouth,Newcastle,0.7262430924135751,0.5382166770511813,market_goal_context,0.7500000000000004,True,1,0,0,0.7386750616096583,0.8458688188407237,0.8469609491776708,0.7262430924135751,0.9587611074450086,0.7075485223672621,0.9013932621894056,0.9917692424420277
11691,E0,2025/2026,2025-09,2,5,2025-09-21,Sunderland,Aston Villa,0.712386274846235,0.5382166770511813,market_goal_context,0.7500000000000004,True,1,1,1,0.6691653323322484,0.5937326780696365,0.5950778135633463,0.712386274846235,0.8876146891351627,0.6220089243838661,0.7094885413672741,0.9278043650438159
11692,E0,2025/2026,2025-09,2,5,2025-09-21,Arsenal,Man City,0.6760711368257827,0.5382166770511813,market_goal_context,0.7500000000000004,True,1,1,1,0.6284305070864393,0.6550668435415234,0.7509444283778752,0.6760711368257827,0.8772841080500897,0.5871227547419452,0.6093628257357039,0.9840833036107398
14094,F1,2025/2026,2025-09,2,5,2025-09-21,Paris FC,Strasbourg,0.9431641492917696,0.63723631685081,market_goal_context,0.7500000000000004,True,1,1,1,0.8408570025798021,0.8754138910673914,0.8880042198644079,0.9431641492917696,0.9754012672968633,0.8568479856558178,0.8389436931329313,0.9909387325269977
14095,F1,2025/2026,2025-09,2,5,2025-09-21,Auxerre,Toulouse,0.5704735250089029,0.63723631685081,market_goal_context,0.7500000000000004,True,0,0,1,0.6520246635690263,0.3655454560316581,0.30645882249125805,0.5704735250089029,0.6127837164933119,0.617731436974757,0.6181796425462934,0.6384279317933466
14096,F1,2025/2026,2025-09,2,5,2025-09-21,Le Havre,Lorient,0.6153014926444595,0.63723631685081,market_goal_context,0.7500000000000004,True,0,1,0,0.6160117429698063,0.6720809554873385,0.5929893251825744,0.6153014926444595,0.7327141653014473,0.6674162100359471,0.6524490256760456,0.8793212864754077
14097,F1,2025/2026,2025-09,2,5,2025-09-21,Monaco,Metz,0.7979389734132204,0.63723631685081,market_goal_context,0.7500000000000004,True,1,1,1,0.713114144799195,0.6423619068673864,0.5382963700570489,0.7979389734132204,0.8005614497521599,0.6823819291183943,0.754808875572915,0.8276815716440594
16687,SP1,2025/2026,2025-09,2,5,2025-09-21,Vallecano,Celta,0.3589599048617462,0.2655391315922772,market_goal_context,0.7500000000000004,True,1,1,1,0.4307055398550169,0.6704485556852098,0.554279286506413,0.3589599048617462,0.507756968311798,0.5041006953422152,0.6231639279601898,0.39207735129951143
16688,SP1,2025/2026,2025-09,2,5,2025-09-21,Mallorca,Ath Madrid,0.3800366002205747,0.2655391315922772,market_goal_context,0.7500000000000004,True,1,1,1,0.3489689290839148,0.1563720692167712,0.15213475502102047,0.3800366002205747,0.1312670160248879,0.4357497474832899,0.16174578386646682,0.022034853878756488
16689,SP1,2025/2026,2025-09,2,5,2025-09-21,Elche,Oviedo,0.15837959970384383,0.2655391315922772,market_goal_context,0.7500000000000004,True,0,0,1,0.1419193528930982,0.18638251646649254,0.1497749474758509,0.15837959970384383,0.01683927137500216,0.32144423894508456,0.18020340532215906,0.005179402124402474
16690,SP1,2025/2026,2025-09,2,5,2025-09-21,Barcelona,Getafe,0.2645155594359067,0.2655391315922772,market_goal_context,0.7500000000000004,True,0,0,1,0.2467194032181537,0.603243580996039,0.36634103704351895,0.2645155594359067,0.18687830150416954,0.45194405422242045,0.25498316027066187,0.0900137693401816
6880,I1,2025/2026,2025-09,2,4,2025-09-22,Napoli,Pisa,0.49830038871623367,0.4448747724710178,market_goal_context,0.7500000000000004,True,1,1,1,0.25507547974607203,0.43094884669259304,0.46071993747666434,0.49830038871623367,0.1828967218804418,0.27185693583471715,0.1481556907227743,0.16450627693112782
14098,F1,2025/2026,2025-09,2,5,2025-09-22,Marseille,Paris SG,0.7643805086951053,0.63723631685081,market_goal_context,0.7500000000000004,True,1,0,0,0.7434078448176318,0.8278391119228203,0.7780451404904921,0.7643805086951053,0.9129633549564333,0.7125944653023274,0.7830628999947192,0.95320523782368
16691,SP1,2025/2026,2025-09,2,6,2025-09-23,Ath Bilbao,Girona,0.25344647527156433,0.2655391315922772,market_goal_context,0.7500000000000004,True,0,1,0,0.3430918839893497,0.10334463873357445,0.38745810318668145,0.25344647527156433,0.04217964322293322,0.4037461740422188,0.6481731892334651,0.11617547160698144
16692,SP1,2025/2026,2025-09,2,6,2025-09-23,Espanol,Valencia,0.46159300283993276,0.2655391315922772,market_goal_context,0.7500000000000004,True,1,1,1,0.45240461147750693,0.33736811538725664,0.39377560396272693,0.46159300283993276,0.19309264304046642,0.4157180538131454,0.393795240674876,0.25062040632424687
16693,SP1,2025/2026,2025-09,2,6,2025-09-23,Levante,Real Madrid,0.6082788333038273,0.2655391315922772,market_goal_context,0.7500000000000004,True,1,1,1,0.5786501895866216,0.82973711463827,0.7797992389428335,0.6082788333038273,0.9769926881526478,0.6485902303461158,0.7283445848491609,0.9509926246087274
16694,SP1,2025/2026,2025-09,2,6,2025-09-23,Sevilla,Villarreal,0.523906258242771,0.2655391315922772,market_goal_context,0.7500000000000004,True,1,1,1,0.5524575780331392,0.5557430125928129,0.47096193109279894,0.523906258242771,0.21053261782281163,0.575448535732183,0.32994473809004843,0.20698485679387785
16695,SP1,2025/2026,2025-09,2,6,2025-09-24,Getafe,Alaves,0.1424948587936964,0.2655391315922772,market_goal_context,0.7500000000000004,True,0,1,0,0.1595705785743581,0.26839161809962114,0.25774437492335445,0.1424948587936964,0.07753060143380429,0.20045781200823504,0.18851710615863312,0.027230128792411074
16696,SP1,2025/2026,2025-09,2,6,2025-09-24,Ath Madrid,Vallecano,0.5625681984608727,0.2655391315922772,market_goal_context,0.7500000000000004,True,1,1,1,0.5344843139913203,0.4575766324359965,0.5984697690350901,0.5625681984608727,0.8062638171077348,0.5812713106498689,0.6857788064334417,0.6902674818845924
16697,SP1,2025/2026,2025-09,2,6,2025-09-24,Sociedad,Mallorca,0.2655391315922772,0.2655391315922772,market_goal_context,0.7500000000000004,True,1,0,0,0.3077911820085023,0.5268149876866388,0.4353030838277495,0.2655391315922772,0.4869754328203781,0.44053445681213294,0.27057730488449544,0.22640729717390679
16698,SP1,2025/2026,2025-09,2,6,2025-09-25,Osasuna,Elche,0.5673742578131571,0.2655391315922772,market_goal_context,0.7500000000000004,True,1,1,1,0.5537488543559358,0.597527388065174,0.6279996496448974,0.5673742578131571,0.8371050205682731,0.513279676095356,0.7939631390088118,0.9345685304174697
16699,SP1,2025/2026,2025-09,2,6,2025-09-25,Oviedo,Barcelona,0.5403194347547223,0.2655391315922772,market_goal_context,0.7500000000000004,True,1,1,1,0.42112321312814477,0.8303519707147853,0.8704813915997308,0.5403194347547223,0.8730075058160168,0.5613304325294334,0.7642538708263774,0.7752525028278336
9093,D1,2025/2026,2025-09,2,5,2025-09-26,Bayern Munich,Werder Bremen,0.7343912043769587,0.6157555299280435,market_goal_context,0.7500000000000004,True,1,0,0,0.6481250387669528,0.8118535960120667,0.7908952281350025,0.7343912043769587,0.7000210416964765,0.6506157796871987,0.60197129545156,0.8564737311132826
14099,F1,2025/2026,2025-09,2,6,2025-09-26,Strasbourg,Marseille,0.9260835545182914,0.63723631685081,market_goal_context,0.7500000000000004,True,1,1,1,0.8698134917989419,0.7396119514864973,0.8237385537478309,0.9260835545182914,0.9917852157716333,0.7721521674227991,0.9471262560437145,0.9968410491192855
16700,SP1,2025/2026,2025-09,2,7,2025-09-26,Girona,Espanol,0.5864753497846937,0.2655391315922772,market_goal_context,0.7500000000000004,True,1,0,0,0.5588061851806951,0.6902984849300363,0.6670210377461632,0.5864753497846937,0.35719040071711355,0.5908247433391813,0.5844857481999974,0.43468511443018193
6881,I1,2025/2026,2025-09,2,5,2025-09-27,Como,Cremonese,0.6502451025949543,0.4448747724710178,market_goal_context,0.7500000000000004,True,1,1,1,0.6309334815238326,0.7957572363680482,0.7327832586469826,0.6502451025949543,0.9619115760175385,0.6004952991132892,0.47108466275270483,0.9496812766591185
6882,I1,2025/2026,2025-09,2,5,2025-09-27,Juventus,Atalanta,0.48900052558308055,0.4448747724710178,market_goal_context,0.7500000000000004,True,1,1,1,0.5398676908184293,0.8167766518615369,0.7809359520509663,0.48900052558308055,0.9173253937474988,0.5937619780343316,0.3669359121531632,0.8938133946005958
6883,I1,2025/2026,2025-09,2,5,2025-09-27,Cagliari,Inter,0.6591108410647378,0.4448747724710178,market_goal_context,0.7500000000000004,True,1,0,0,0.6620398288713788,0.8038110532938418,0.7576918767512036,0.6591108410647378,0.9954660476327941,0.6881940029159346,0.690059902602137,0.9941904930316433
9094,D1,2025/2026,2025-09,2,5,2025-09-27,Heidenheim,Augsburg,0.5018506122287997,0.6157555299280435,market_goal_context,0.7500000000000004,True,0,1,0,0.5394099791001161,0.806172890587557,0.7467944253070248,0.5018506122287997,0.2408404011722523,0.5592243393755614,0.5508731228641474,0.6015169444575185
9095,D1,2025/2026,2025-09,2,5,2025-09-27,Mainz,Dortmund,0.6354818163110774,0.6157555299280435,market_goal_context,0.7500000000000004,True,1,0,0,0.7255376515782831,0.9194837584801209,0.8584683345878353,0.6354818163110774,0.9551581812078671,0.6802990442044802,0.8425640162493894,0.8707665883764805
9096,D1,2025/2026,2025-09,2,5,2025-09-27,St Pauli,Leverkusen,0.4322621303640064,0.6157555299280435,market_goal_context,0.7500000000000004,True,0,1,0,0.5299210364934877,0.6088206303936853,0.6899696443610632,0.4322621303640064,0.41248034277669254,0.41921376353872797,0.47592545936869124,0.5585748949117085
9097,D1,2025/2026,2025-09,2,5,2025-09-27,Wolfsburg,RB Leipzig,0.8460118701948081,0.6157555299280435,market_goal_context,0.7500000000000004,True,1,0,0,0.8281096837788969,0.9152228177024627,0.910666722544248,0.8460118701948081,0.8991184383406797,0.7948889721669846,0.7862563890427606,0.9604112745095906
9098,D1,2025/2026,2025-09,2,5,2025-09-27,M'gladbach,Ein Frankfurt,0.8719000676024565,0.6157555299280435,market_goal_context,0.7500000000000004,True,1,1,1,0.8705080950012047,0.8442388153592238,0.8021685404360335,0.8719000676024565,0.873584130511672,0.7616076046545999,0.6257820319992219,0.9304428279006389
11693,E0,2025/2026,2025-09,2,6,2025-09-27,Brentford,Man United,0.7556539992396292,0.5382166770511813,market_goal_context,0.7500000000000004,True,1,1,1,0.7054119751805471,0.8497706195981907,0.8567337763100621,0.7556539992396292,0.9325733096499771,0.71838997676787,0.7898377145804758,0.9882434678588297
11694,E0,2025/2026,2025-09,2,6,2025-09-27,Chelsea,Brighton,0.7335505221761978,0.5382166770511813,market_goal_context,0.7500000000000004,True,1,1,1,0.6996822354967057,0.9684275814709274,0.9472542026307698,0.7335505221761978,0.9938757185316909,0.725095217767109,0.952258166290253,0.9978457714927192
11695,E0,2025/2026,2025-09,2,6,2025-09-27,Crystal Palace,Liverpool,0.7464403062233678,0.5382166770511813,market_goal_context,0.7500000000000004,True,1,1,1,0.6931319448735014,0.7996753393700443,0.8116187335409804,0.7464403062233678,0.9562025708902845,0.7072927044699626,0.3899234744585964,0.959212222984173
11696,E0,2025/2026,2025-09,2,6,2025-09-27,Leeds,Bournemouth,0.42948789765262596,0.5382166770511813,market_goal_context,0.7500000000000004,True,0,1,0,0.4081079004455874,0.6488164429929312,0.622350763272435,0.42948789765262596,0.5315591435582847,0.49036113766022266,0.4120552920119645,0.7036314966925217
11697,E0,2025/2026,2025-09,2,6,2025-09-27,Man City,Burnley,0.6833048939210364,0.5382166770511813,market_goal_context,0.7500000000000004,True,1,1,1,0.4707200676515922,0.6153658414920999,0.6981743598758147,0.6833048939210364,0.8985149414777605,0.489409007369905,0.3421347791501218,0.8831576819676795
11698,E0,2025/2026,2025-09,2,6,2025-09-27,Nott'm Forest,Sunderland,0.7205904216122846,0.5382166770511813,market_goal_context,0.7500000000000004,True,1,0,0,0.5316639147871977,0.7888361181172411,0.7721364671434885,0.7205904216122846,0.7986067008268533,0.49558260306578,0.7811804874394299,0.9380832550890258
11699,E0,2025/2026,2025-09,2,6,2025-09-27,Tottenham,Wolves,0.5278880212398492,0.5382166770511813,market_goal_context,0.7500000000000004,True,0,1,0,0.4307773166414468,0.487615948058074,0.48562273092301667,0.5278880212398492,0.7739097687603765,0.4788542951484749,0.41139008630140844,0.847776946487855
14100,F1,2025/2026,2025-09,2,6,2025-09-27,Lorient,Monaco,0.7212273893027227,0.63723631685081,market_goal_context,0.7500000000000004,True,1,1,1,0.6703892537249679,0.4585637723402419,0.4508234988054833,0.7212273893027227,0.6988781145216283,0.5697766483678317,0.6057433918475429,0.8064479429001669
14101,F1,2025/2026,2025-09,2,6,2025-09-27,Toulouse,Nantes,0.4195367753484424,0.63723631685081,market_goal_context,0.7500000000000004,True,0,1,0,0.37355697308081526,0.44845352899624286,0.40871678572337544,0.4195367753484424,0.5829514410105008,0.32916585982482044,0.4646705634002971,0.6999062540265363
14102,F1,2025/2026,2025-09,2,6,2025-09-27,Paris SG,Auxerre,0.6786025219866623,0.63723631685081,market_goal_context,0.7500000000000004,True,1,0,0,0.591449587657324,0.625895235547085,0.47394514925122866,0.6786025219866623,0.6535033610405719,0.5906649633569074,0.42642134758317585,0.6475077704982969
16701,SP1,2025/2026,2025-09,2,7,2025-09-27,Getafe,Levante,0.37080863922363133,0.2655391315922772,market_goal_context,0.7500000000000004,True,1,1,1,0.36534577750540065,0.5289683416817607,0.5575766593025256,0.37080863922363133,0.27644997291175144,0.4164760063679957,0.42171610733972287,0.31461550187830545
16702,SP1,2025/2026,2025-09,2,7,2025-09-27,Ath Madrid,Real Madrid,0.8584459223236708,0.2655391315922772,market_goal_context,0.7500000000000004,True,1,1,1,0.8080496841057071,0.8170573059208394,0.896373953172647,0.8584459223236708,0.9285630344739676,0.7788528495994904,0.8449172812174977,0.9711096361826209
16703,SP1,2025/2026,2025-09,2,7,2025-09-27,Mallorca,Alaves,0.2606611051425651,0.2655391315922772,market_goal_context,0.7500000000000004,True,0,0,1,0.21701871752140778,0.2882673997384946,0.35274484182895693,0.2606611051425651,0.1631217133860225,0.31911481988668283,0.24667838776007328,0.07332508253608298
16704,SP1,2025/2026,2025-09,2,7,2025-09-27,Villarreal,Ath Bilbao,0.4629006236983169,0.2655391315922772,market_goal_context,0.7500000000000004,True,1,0,0,0.587739937369048,0.23811109724677484,0.14062812069739716,0.4629006236983169,0.017653769466155714,0.6239401529643959,0.3459397839670899,0.006198768242292513
6884,I1,2025/2026,2025-09,2,5,2025-09-28,Sassuolo,Udinese,0.6804654120496233,0.4448747724710178,market_goal_context,0.7500000000000004,True,1,1,1,0.6098168953693348,0.6194607366163818,0.6568744164622572,0.6804654120496233,0.91348844273723,0.5983292269993653,0.4779128421896894,0.9142558076118464
6885,I1,2025/2026,2025-09,2,5,2025-09-28,Pisa,Fiorentina,0.5625123255564535,0.4448747724710178,market_goal_context,0.7500000000000004,True,1,0,0,0.5339798319203312,0.6002679080005894,0.4826092633079426,0.5625123255564535,0.6917305008310757,0.4667329598349203,0.2111517889462379,0.4038791227186148
6886,I1,2025/2026,2025-09,2,5,2025-09-28,Roma,Verona,0.273303162636778,0.4448747724710178,market_goal_context,0.7500000000000004,True,0,0,1,0.27624839989597016,0.30794771676713334,0.26303999867680306,0.273303162636778,0.18667687390090965,0.3296116382106088,0.09113646795746722,0.16008063102719408
6887,I1,2025/2026,2025-09,2,5,2025-09-28,Lecce,Bologna,0.39914123631720316,0.4448747724710178,market_goal_context,0.7500000000000004,True,0,1,0,0.3767798761882424,0.7080246067116102,0.6873675418529022,0.39914123631720316,0.7785625467921073,0.4023888945536077,0.3413183005525609,0.9004076650249153
6888,I1,2025/2026,2025-09,2,5,2025-09-28,Milan,Napoli,0.5843921393400453,0.4448747724710178,market_goal_context,0.7500000000000004,True,1,1,1,0.6023844786110286,0.939227796148545,0.9296841130302289,0.5843921393400453,0.9721176002459616,0.5716069441706422,0.6563269446793921,0.9922417662789609
9099,D1,2025/2026,2025-09,2,5,2025-09-28,Freiburg,Hoffenheim,0.8223969578645193,0.6157555299280435,market_goal_context,0.7500000000000004,True,1,1,1,0.7606800837275562,0.897589963070676,0.8835412561312143,0.8223969578645193,0.776490869174203,0.7142630634689167,0.7941364102140063,0.913836336944582
9100,D1,2025/2026,2025-09,2,5,2025-09-28,FC Koln,Stuttgart,0.6157555299280435,0.6157555299280435,market_goal_context,0.7500000000000004,True,1,1,1,0.5602737742363352,0.898618851801234,0.8565312951669104,0.6157555299280435,0.6736782338302392,0.6164011401282444,0.6451780620080364,0.863767396142586
9101,D1,2025/2026,2025-09,2,5,2025-09-28,Union Berlin,Hamburg,0.4986057311220385,0.6157555299280435,market_goal_context,0.7500000000000004,True,0,0,1,0.6236455542629614,0.8057124457072646,0.5492551646781072,0.4986057311220385,0.47783704199741867,0.5056661083807672,0.7807731888133143,0.1930589727374535
11700,E0,2025/2026,2025-09,2,6,2025-09-28,Aston Villa,Fulham,0.6516114095588936,0.5382166770511813,market_goal_context,0.7500000000000004,True,1,1,1,0.5479381888992152,0.805290792333685,0.8342916366144162,0.6516114095588936,0.9367963545486756,0.5977254311630852,0.664242169231227,0.9845484959431506
11701,E0,2025/2026,2025-09,2,6,2025-09-28,Newcastle,Arsenal,0.7618092316910061,0.5382166770511813,market_goal_context,0.7500000000000004,True,1,1,1,0.6705646933929664,0.7271847680629258,0.7747640223782224,0.7618092316910061,0.9594065028097887,0.6955433673439064,0.7194371424703516,0.9929686429818839
14103,F1,2025/2026,2025-09,2,6,2025-09-28,Nice,Paris FC,0.8953543875826931,0.63723631685081,market_goal_context,0.7500000000000004,True,1,1,1,0.8641420077999034,0.8038534501012603,0.7720547027306357,0.8953543875826931,0.9532365436241351,0.7793862236470401,0.9268131103464297,0.9849875753744112
14104,F1,2025/2026,2025-09,2,6,2025-09-28,Angers,Brest,0.7070685306912965,0.63723631685081,market_goal_context,0.7500000000000004,True,1,0,0,0.6148546432007888,0.5238783138224172,0.6722498024022987,0.7070685306912965,0.7661178607772904,0.6095021453651106,0.49780337117755186,0.901759559724502
14105,F1,2025/2026,2025-09,2,6,2025-09-28,Lille,Lyon,0.7972066665377923,0.63723631685081,market_goal_context,0.7500000000000004,True,1,0,0,0.750155094573457,0.7784178303679614,0.7919441039215873,0.7972066665377923,0.9235072976200017,0.6732928317060413,0.9004003997087302,0.9854292461601026
14106,F1,2025/2026,2025-09,2,6,2025-09-28,Metz,Le Havre,0.6914533959154752,0.63723631685081,market_goal_context,0.7500000000000004,True,1,0,0,0.6318704275693129,0.4382781304141899,0.5156930925330614,0.6914533959154752,0.7054649740856527,0.6303855077400676,0.5445358402850609,0.8191580880822673
14107,F1,2025/2026,2025-09,2,6,2025-09-28,Rennes,Lens,0.725092147934576,0.63723631685081,market_goal_context,0.7500000000000004,True,1,0,0,0.7117097694251378,0.8107803495921395,0.8256924712458311,0.725092147934576,0.9664271144027429,0.6788181268353599,0.9046738196588152,0.9887179235498751
16705,SP1,2025/2026,2025-09,2,7,2025-09-28,Vallecano,Sevilla,0.33734122673665623,0.2655391315922772,market_goal_context,0.7500000000000004,True,1,0,0,0.41505026862801747,0.5460637634230779,0.4722257472235355,0.33734122673665623,0.3396070604633996,0.4886751922074346,0.5218639558295399,0.23416571362692581
16706,SP1,2025/2026,2025-09,2,7,2025-09-28,Elche,Celta,0.34945997563970066,0.2655391315922772,market_goal_context,0.7500000000000004,True,1,1,1,0.345444320639822,0.5401276071233626,0.500646693642589,0.34945997563970066,0.2670610213253771,0.45002926499673074,0.30172999776910847,0.15318394652981485
16707,SP1,2025/2026,2025-09,2,7,2025-09-28,Barcelona,Sociedad,0.5483060108878205,0.2655391315922772,market_goal_context,0.7500000000000004,True,1,1,1,0.4281414536936595,0.867828725025282,0.8291049726913602,0.5483060108878205,0.6565773325602723,0.6010386834171285,0.7567126307300401,0.8598705540657726
16708,SP1,2025/2026,2025-09,2,7,2025-09-28,Betis,Osasuna,0.529037461105404,0.2655391315922772,market_goal_context,0.7500000000000004,True,1,0,0,0.5004441202088743,0.8047565998976891,0.7647038286247396,0.529037461105404,0.9386628386623279,0.5149859828548798,0.7949429490203155,0.9485850271514711
6889,I1,2025/2026,2025-09,2,5,2025-09-29,Parma,Torino,0.510044959442057,0.4448747724710178,market_goal_context,0.7500000000000004,True,1,1,1,0.5913324372210461,0.8390244613152973,0.794110824834517,0.510044959442057,0.9736823343638874,0.5777876136701536,0.6640332393757373,0.9711167730155873
6890,I1,2025/2026,2025-09,2,5,2025-09-29,Genoa,Lazio,0.6696677752999182,0.4448747724710178,market_goal_context,0.7500000000000004,True,1,0,0,0.5641982091291046,0.7689167384219345,0.8227684832852756,0.6696677752999182,0.9529357315263769,0.5290305602657202,0.4434974492354339,0.9734733353751455
11702,E0,2025/2026,2025-09,2,6,2025-09-29,Everton,West Ham,0.5157034587175459,0.5382166770511813,market_goal_context,0.7500000000000004,True,0,1,0,0.39626731999752435,0.3822206055550414,0.42636723684072614,0.5157034587175459,0.4059674007825694,0.43524711567999935,0.38489579332169155,0.773015265431078
16709,SP1,2025/2026,2025-09,2,7,2025-09-30,Valencia,Oviedo,0.26224661800415056,0.2655391315922772,market_goal_context,0.7500000000000004,True,0,1,0,0.22221768011819057,0.3447231615794305,0.3524143825345175,0.26224661800415056,0.06391137235897967,0.39627440846616074,0.5257119167807158,0.08514784448969848
6891,I1,2025/2026,2025-10,3,6,2025-10-03,Verona,Sassuolo,0.3907638642276306,0.5446444061187357,recent_form,0.6000000000000003,False,0,0,1,0.45462482253437275,0.5805703839016312,0.6095413991214138,0.42955850732631656,0.4185125473835748,0.4398739817024202,0.3907638642276306,0.46311438158291723
9102,D1,2025/2026,2025-10,3,6,2025-10-03,Hoffenheim,FC Koln,0.5851365663318359,0.5446444061187357,recent_form,0.6000000000000003,False,1,0,0,0.7420398248177102,0.7265914088770663,0.7232880514250855,0.7634858930040426,0.8652820941495859,0.639120201702237,0.5851365663318359,0.8753168458715821
11703,E0,2025/2026,2025-10,3,7,2025-10-03,Bournemouth,Fulham,0.5143840131558821,0.5446444061187357,recent_form,0.6000000000000003,False,0,1,0,0.29828463271965666,0.6206603656692199,0.5532978532607475,0.28756825838497235,0.34194436348087376,0.3405359050974543,0.5143840131558821,0.37835820280708454
14108,F1,2025/2026,2025-10,3,7,2025-10-03,Paris FC,Lorient,0.5320490541362239,0.5446444061187357,recent_form,0.6000000000000003,False,0,0,1,0.5998926927424655,0.7536296057351649,0.6554362252905063,0.5676627636999035,0.7849444676582902,0.6173710779129493,0.5320490541362239,0.7404245075436289
16710,SP1,2025/2026,2025-10,3,8,2025-10-03,Osasuna,Getafe,0.45576380339702866,0.5446444061187357,recent_form,0.6000000000000003,False,0,1,0,0.37894919119646014,0.21181795063399614,0.18997662857802283,0.32896779441133617,0.18001766310368256,0.45338754543727156,0.45576380339702866,0.07435231680016184
6892,I1,2025/2026,2025-10,3,6,2025-10-04,Lazio,Torino,0.381522023017633,0.5446444061187357,recent_form,0.6000000000000003,False,0,1,0,0.42231742703729197,0.7950599406275353,0.8075744171786946,0.45966275135064866,0.7540470085993134,0.4355935561675103,0.381522023017633,0.8243791762525385
6893,I1,2025/2026,2025-10,3,6,2025-10-04,Parma,Lecce,0.47298270946097404,0.5446444061187357,recent_form,0.6000000000000003,False,0,0,1,0.43044490863391255,0.7083527028789615,0.6926832035046537,0.36842697816865105,0.7090945098631798,0.44946213353153436,0.47298270946097404,0.6135249789752104
6894,I1,2025/2026,2025-10,3,6,2025-10-04,Inter,Cremonese,0.22296683548310206,0.5446444061187357,recent_form,0.6000000000000003,False,0,1,0,0.5815955439031781,0.32383429108621403,0.39200183632081836,0.6240479106119191,0.47525030840560445,0.4772750775662273,0.22296683548310206,0.23613500150649064
6895,I1,2025/2026,2025-10,3,6,2025-10-04,Atalanta,Como,0.6170011540033962,0.5446444061187357,recent_form,0.6000000000000003,False,1,1,1,0.7268412977592776,0.9081070399765531,0.8661817666967498,0.7533851546353633,0.9461780561488523,0.7174746601102209,0.6170011540033962,0.9739244398740046
9103,D1,2025/2026,2025-10,3,6,2025-10-04,Augsburg,Wolfsburg,0.700578618014414,0.5446444061187357,recent_form,0.6000000000000003,False,1,1,1,0.7228642252053623,0.7555088370291521,0.7284220694582257,0.7714025192720891,0.7610595738744429,0.695616555227773,0.700578618014414,0.9055818581979705
9104,D1,2025/2026,2025-10,3,6,2025-10-04,Dortmund,RB Leipzig,0.8517749118601741,0.5446444061187357,recent_form,0.6000000000000003,False,1,1,1,0.8242662068308237,0.9242785664633895,0.9021740618657699,0.8125038962900152,0.9671806103793926,0.7840745270424603,0.8517749118601741,0.9707838439069568
9105,D1,2025/2026,2025-10,3,6,2025-10-04,Leverkusen,Union Berlin,0.6669462910422312,0.5446444061187357,recent_form,0.6000000000000003,False,1,0,0,0.6758612353842035,0.5903276318465401,0.5188937832218274,0.651280090637567,0.8220679902678262,0.6016176551029853,0.6669462910422312,0.7808058588708785
9106,D1,2025/2026,2025-10,3,6,2025-10-04,Werder Bremen,St Pauli,0.7180686614820533,0.5446444061187357,recent_form,0.6000000000000003,False,1,0,0,0.6834152874780288,0.859126425184815,0.7588020096274217,0.6935827771337669,0.8476847804250737,0.6601629971652643,0.7180686614820533,0.8689457135067018
9107,D1,2025/2026,2025-10,3,6,2025-10-04,Ein Frankfurt,Bayern Munich,0.957323646377663,0.5446444061187357,recent_form,0.6000000000000003,False,1,0,0,0.8052038551556004,0.9497366416958751,0.953818118250451,0.8515163413439366,0.9836863726607105,0.7305651218879512,0.957323646377663,0.9953913034090996
11704,E0,2025/2026,2025-10,3,7,2025-10-04,Leeds,Tottenham,0.7647839745837672,0.5446444061187357,recent_form,0.6000000000000003,False,1,1,1,0.522490355458414,0.8469807854353878,0.7483757256059492,0.5258749763286404,0.6663456088078932,0.5368195922528745,0.7647839745837672,0.8422853728813777
11705,E0,2025/2026,2025-10,3,7,2025-10-04,Arsenal,West Ham,0.4044381746407367,0.5446444061187357,recent_form,0.6000000000000003,False,0,0,1,0.2738821971990319,0.3883252859885785,0.373663335028442,0.275131525336409,0.32536316562357465,0.36385153199260906,0.4044381746407367,0.2523996332433739
11706,E0,2025/2026,2025-10,3,7,2025-10-04,Man United,Sunderland,0.7233421774133333,0.5446444061187357,recent_form,0.6000000000000003,False,1,0,0,0.5526539182639175,0.7371734696984493,0.6612064256919714,0.5817899826327442,0.5663614832891579,0.5634646206785289,0.7233421774133333,0.7095618921431929
11707,E0,2025/2026,2025-10,3,7,2025-10-04,Chelsea,Liverpool,0.8625341119701724,0.5446444061187357,recent_form,0.6000000000000003,False,1,1,1,0.705467185929412,0.8660231163267099,0.8401650439438725,0.7574843363504884,0.7311003830322482,0.6917578514462819,0.8625341119701724,0.916058214873483
14109,F1,2025/2026,2025-10,3,7,2025-10-04,Metz,Marseille,0.6144280145048442,0.5446444061187357,recent_form,0.6000000000000003,False,1,0,0,0.6171185882860611,0.32712680084590084,0.4303491938667435,0.6979187312052789,0.6608973761649006,0.5149364118482856,0.6144280145048442,0.5986713883200105
14110,F1,2025/2026,2025-10,3,7,2025-10-04,Brest,Nantes,0.7767914560689884,0.5446444061187357,recent_form,0.6000000000000003,False,1,0,0,0.5532012995638332,0.6643240782874675,0.7971346291684737,0.7102325653372628,0.8897563501941099,0.5488373337315209,0.7767914560689884,0.9779830820681609
14111,F1,2025/2026,2025-10,3,7,2025-10-04,Auxerre,Lens,0.8339127819088894,0.5446444061187357,recent_form,0.6000000000000003,False,1,1,1,0.6042302354318355,0.48884091060897467,0.5572604393287486,0.5966431980626354,0.8018759079957807,0.6159031201818284,0.8339127819088894,0.8570654793612696
16711,SP1,2025/2026,2025-10,3,8,2025-10-04,Oviedo,Levante,0.5931049722643158,0.5446444061187357,recent_form,0.6000000000000003,False,1,0,0,0.3902551292019771,0.5895481941160946,0.4894557663436762,0.3254369434663711,0.3573410597921325,0.3980183031708026,0.5931049722643158,0.35560122869532046
16712,SP1,2025/2026,2025-10,3,8,2025-10-04,Girona,Valencia,0.3878637160272091,0.5446444061187357,recent_form,0.6000000000000003,False,0,1,0,0.36697850700543866,0.6021614803040256,0.580686186284364,0.2938091613054634,0.13507331977770914,0.3878505324552987,0.3878637160272091,0.1694579146543851
16713,SP1,2025/2026,2025-10,3,8,2025-10-04,Ath Bilbao,Mallorca,0.5034272975952572,0.5446444061187357,recent_form,0.6000000000000003,False,0,1,0,0.29109392344933094,0.10958921379273728,0.4109034842451041,0.24668437974988056,0.06915901541838526,0.4783642691262956,0.5034272975952572,0.22672946549467182
16714,SP1,2025/2026,2025-10,3,8,2025-10-04,Real Madrid,Villarreal,0.8509909663849412,0.5446444061187357,recent_form,0.6000000000000003,False,1,1,1,0.7878194020582318,0.8542496151238624,0.8828609779687083,0.8544255591707981,0.9365205070120554,0.7583572797341507,0.8509909663849412,0.969297009156601
6896,I1,2025/2026,2025-10,3,6,2025-10-05,Udinese,Cagliari,0.34441991206112377,0.5446444061187357,recent_form,0.6000000000000003,False,0,1,0,0.31428888262353444,0.5267566521976376,0.5997860191866428,0.34465067945794925,0.43202339881579177,0.40942592670607536,0.34441991206112377,0.5069773612602558
6897,I1,2025/2026,2025-10,3,6,2025-10-05,Bologna,Pisa,0.4649334945480304,0.5446444061187357,recent_form,0.6000000000000003,False,0,0,1,0.19039902054569757,0.647524593309417,0.48043190543453557,0.20406350260017725,0.37408757155765676,0.27010943318481856,0.4649334945480304,0.2932265796859304
6898,I1,2025/2026,2025-10,3,6,2025-10-05,Fiorentina,Roma,0.5446444061187357,0.5446444061187357,recent_form,0.6000000000000003,False,1,1,1,0.4551640502461666,0.8464179930666513,0.8277077910696881,0.37779286204256035,0.6741873410232407,0.4296195078863563,0.5446444061187357,0.7522721229231414
6899,I1,2025/2026,2025-10,3,6,2025-10-05,Napoli,Genoa,0.33616456707684894,0.5446444061187357,recent_form,0.6000000000000003,False,0,1,0,0.2831580597351502,0.5916691400117108,0.6617692668941186,0.439776365601422,0.571819923936678,0.3836813208650396,0.33616456707684894,0.7012327379645049
6900,I1,2025/2026,2025-10,3,6,2025-10-05,Juventus,Milan,0.5187564776211762,0.5446444061187357,recent_form,0.6000000000000003,False,0,0,1,0.46936612369391534,0.7780339222281636,0.7065806924241244,0.43677255868922843,0.7119485467175265,0.5684350836742327,0.5187564776211762,0.6529677874358149
9108,D1,2025/2026,2025-10,3,6,2025-10-05,Stuttgart,Heidenheim,0.7210613623745612,0.5446444061187357,recent_form,0.6000000000000003,False,1,0,0,0.5584087432037435,0.7630265283025658,0.7773737107742816,0.6658378423151532,0.8251174941877677,0.5742721824908831,0.7210613623745612,0.9406293549211903
9109,D1,2025/2026,2025-10,3,6,2025-10-05,Hamburg,Mainz,0.3961964047350218,0.5446444061187357,recent_form,0.6000000000000003,False,0,0,1,0.7169911358851102,0.7809774463774252,0.7332609725701321,0.7393801798940014,0.680688683237057,0.6859162780006658,0.3961964047350218,0.5590753269694657
9110,D1,2025/2026,2025-10,3,6,2025-10-05,M'gladbach,Freiburg,0.5257784211346467,0.5446444061187357,recent_form,0.6000000000000003,False,0,0,1,0.7048776703242551,0.7302808488284956,0.8127534533571563,0.7862585540154706,0.6851754828774803,0.6756899268362295,0.5257784211346467,0.9144444725388111
11708,E0,2025/2026,2025-10,3,7,2025-10-05,Aston Villa,Burnley,0.4533901260753626,0.5446444061187357,recent_form,0.6000000000000003,False,0,1,0,0.42025871062570025,0.5876089681726181,0.5202576295042194,0.3818286270202734,0.47531238008497784,0.4925413441211449,0.4533901260753626,0.2265244894731343
11709,E0,2025/2026,2025-10,3,7,2025-10-05,Everton,Crystal Palace,0.7457936679995516,0.5446444061187357,recent_form,0.6000000000000003,False,1,1,1,0.4781336948251765,0.6146325420069618,0.5637542445750258,0.4086298158141521,0.4870198910764317,0.45960065448793525,0.7457936679995516,0.6115269394701236
11710,E0,2025/2026,2025-10,3,7,2025-10-05,Newcastle,Nott'm Forest,0.418557735706519,0.5446444061187357,recent_form,0.6000000000000003,False,0,0,1,0.319143401745655,0.673784003641695,0.5430861619913808,0.22312201458591632,0.32062228508995944,0.4011717156473839,0.418557735706519,0.1314390664137222
11711,E0,2025/2026,2025-10,3,7,2025-10-05,Wolves,Brighton,0.6844057567880175,0.5446444061187357,recent_form,0.6000000000000003,False,1,1,1,0.5539986173187919,0.6520497829371203,0.6464874227792975,0.5653410323331676,0.5873386963714586,0.49014549343787395,0.6844057567880175,0.7355296119955589
11712,E0,2025/2026,2025-10,3,7,2025-10-05,Brentford,Man City,0.8347452011885546,0.5446444061187357,recent_form,0.6000000000000003,False,1,0,0,0.5535841218402072,0.7824441908466554,0.8638773892538635,0.5674218796488879,0.846834602911819,0.5619922252768417,0.8347452011885546,0.9697118824209799
14112,F1,2025/2026,2025-10,3,7,2025-10-05,Lyon,Toulouse,0.6920138269702839,0.5446444061187357,recent_form,0.6000000000000003,False,1,1,1,0.5871518181231231,0.6840351826866878,0.628389605599263,0.5464238663359662,0.8447485707122447,0.6688234120116775,0.6920138269702839,0.7736310691899251
14113,F1,2025/2026,2025-10,3,7,2025-10-05,Le Havre,Rennes,0.7818621341203497,0.5446444061187357,recent_form,0.6000000000000003,False,1,1,1,0.6788150370784293,0.7487566609307009,0.7065093137754784,0.6468871152069057,0.7995192886469179,0.6291335527302292,0.7818621341203497,0.8936511459748872
14114,F1,2025/2026,2025-10,3,7,2025-10-05,Monaco,Nice,0.8946610088312223,0.5446444061187357,recent_form,0.6000000000000003,False,1,1,1,0.7265939408814949,0.8461825706915348,0.757980548191867,0.7385358144768945,0.9079013644173252,0.6776690941060401,0.8946610088312223,0.8446390288458671
14115,F1,2025/2026,2025-10,3,7,2025-10-05,Strasbourg,Angers,0.6731225737993582,0.5446444061187357,recent_form,0.6000000000000003,False,1,0,0,0.4781772609839475,0.43120950574323047,0.5095847431480408,0.49946328961826447,0.5528947453488681,0.49685590725452894,0.6731225737993582,0.7540227857557441
14116,F1,2025/2026,2025-10,3,7,2025-10-05,Lille,Paris SG,0.7536102349337247,0.5446444061187357,recent_form,0.6000000000000003,False,1,1,1,0.6021108582945244,0.7270952403713318,0.778570443740715,0.5634635158078909,0.8255792793231596,0.5618658017997529,0.7536102349337247,0.9034280026865726
16715,SP1,2025/2026,2025-10,3,8,2025-10-05,Alaves,Elche,0.33085713279686657,0.5446444061187357,recent_form,0.6000000000000003,False,0,1,0,0.2873338142228583,0.2528034842474214,0.2758182331207927,0.2733518133463853,0.07568162387152698,0.31246088711773273,0.33085713279686657,0.08661007102522754
16716,SP1,2025/2026,2025-10,3,8,2025-10-05,Sevilla,Barcelona,0.6374168734044039,0.5446444061187357,recent_form,0.6000000000000003,False,1,1,1,0.49102866956112406,0.6066606134645584,0.6631580991744495,0.5487146593461985,0.35652599720836525,0.5877321726754506,0.6374168734044039,0.3838192946984237
16717,SP1,2025/2026,2025-10,3,8,2025-10-05,Espanol,Betis,0.5774583770729883,0.5446444061187357,recent_form,0.6000000000000003,False,1,1,1,0.6437298469220749,0.6122666790987407,0.5782623152593331,0.6770725412699024,0.37846047748130324,0.6574865918747459,0.5774583770729883,0.5024502257546114
16718,SP1,2025/2026,2025-10,3,8,2025-10-05,Sociedad,Vallecano,0.42373985507131234,0.5446444061187357,recent_form,0.6000000000000003,False,0,0,1,0.343443707608498,0.4387857593364674,0.5091190775162319,0.5379050682303095,0.3121564726328795,0.4998594503929319,0.42373985507131234,0.4220178026639893
16719,SP1,2025/2026,2025-10,3,8,2025-10-05,Celta,Ath Madrid,0.5474106452327936,0.5446444061187357,recent_form,0.6000000000000003,False,1,1,1,0.47496094483540163,0.6199850450532723,0.5435089689957322,0.4270300379765444,0.557729998344788,0.48753948064261937,0.5474106452327936,0.3442599939642717
9111,D1,2025/2026,2025-10,3,7,2025-10-17,Union Berlin,M'gladbach,0.7447169500414503,0.5446444061187357,recent_form,0.6000000000000003,False,1,1,1,0.6595686168748102,0.8013230637880946,0.7737272762893453,0.6420636906717161,0.9112649203869246,0.6324505049605612,0.7447169500414503,0.9406202530516496
14117,F1,2025/2026,2025-10,3,8,2025-10-17,Paris SG,Strasbourg,0.5238269680612875,0.5446444061187357,recent_form,0.6000000000000003,False,0,1,0,0.6748516811724306,0.5855987695901005,0.531465087764452,0.7036308478716801,0.722612807527493,0.6480589469824318,0.5238269680612875,0.6396193115493437
16720,SP1,2025/2026,2025-10,3,9,2025-10-17,Oviedo,Espanol,0.6213687799750264,0.5446444061187357,recent_form,0.6000000000000003,False,1,0,0,0.35338419557197176,0.5734134246284658,0.5274570928342271,0.335788379032634,0.32700787316785257,0.42403472264064623,0.6213687799750264,0.2498039929137386
6901,I1,2025/2026,2025-10,3,7,2025-10-18,Lecce,Sassuolo,0.8011727014865407,0.5446444061187357,recent_form,0.6000000000000003,False,1,0,0,0.559875619097792,0.8752833088322453,0.8428778673306805,0.5513777283968843,0.8634167896766862,0.5612111316957299,0.8011727014865407,0.9457319673058056
6902,I1,2025/2026,2025-10,3,7,2025-10-18,Pisa,Verona,0.21893274310858313,0.5446444061187357,recent_form,0.6000000000000003,False,0,0,1,0.2493315214683639,0.6745673176810104,0.4810071392364279,0.21776326646349542,0.16510251149889296,0.2924762205761259,0.21893274310858313,0.1314463198801984
6903,I1,2025/2026,2025-10,3,7,2025-10-18,Torino,Napoli,0.20259893826122355,0.5446444061187357,recent_form,0.6000000000000003,False,0,0,1,0.250597612467956,0.5697438991519194,0.7378979218495634,0.28021195111376795,0.5562727191230975,0.3617271846036009,0.20259893826122355,0.627020366734175
6904,I1,2025/2026,2025-10,3,7,2025-10-18,Roma,Inter,0.4198178608397577,0.5446444061187357,recent_form,0.6000000000000003,False,0,0,1,0.5288705047363198,0.7750337925069487,0.8583397828160848,0.5466460990074101,0.8736315796708076,0.6138403728983245,0.4198178608397577,0.9444224103029667
9112,D1,2025/2026,2025-10,3,7,2025-10-18,FC Koln,Augsburg,0.4926223969611283,0.5446444061187357,recent_form,0.6000000000000003,False,0,1,0,0.5802983206084724,0.8117551476754267,0.731391783211033,0.548088622723317,0.5128287295100834,0.5881432777108738,0.4926223969611283,0.6414508460080458
9113,D1,2025/2026,2025-10,3,7,2025-10-18,Heidenheim,Werder Bremen,0.6416262874653887,0.5446444061187357,recent_form,0.6000000000000003,False,1,1,1,0.678502397518498,0.7379473135286005,0.823878262498809,0.7096647275948749,0.5414502790696699,0.6453606266496509,0.6416262874653887,0.8989797490472494
9114,D1,2025/2026,2025-10,3,7,2025-10-18,Mainz,Leverkusen,0.6828235527054264,0.5446444061187357,recent_form,0.6000000000000003,False,1,1,1,0.7527958711716121,0.8330572258737726,0.7293748440012533,0.6835423023770064,0.8358168403404378,0.6164764571633234,0.6828235527054264,0.8301412794176358
9115,D1,2025/2026,2025-10,3,7,2025-10-18,RB Leipzig,Hamburg,0.8707889805143275,0.5446444061187357,recent_form,0.6000000000000003,False,1,1,1,0.7724822237385245,0.9461466362270732,0.8067461142446501,0.7183617114195611,0.9669988425456338,0.7897215525043689,0.8707889805143275,0.8576978594608278
9116,D1,2025/2026,2025-10,3,7,2025-10-18,Wolfsburg,Stuttgart,0.8268379262413214,0.5446444061187357,recent_form,0.6000000000000003,False,1,0,0,0.8055859985297197,0.9151354908415207,0.8968074981541957,0.8209646052801434,0.9505781651445004,0.7151551706670021,0.8268379262413214,0.9722246223272941
9117,D1,2025/2026,2025-10,3,7,2025-10-18,Bayern Munich,Dortmund,0.7940770795807818,0.5446444061187357,recent_form,0.6000000000000003,False,1,1,1,0.8061419548729456,0.7706036288716032,0.7444424653919953,0.8266425401717025,0.8637550508777431,0.7202618080476859,0.7940770795807818,0.9231046522594378
11713,E0,2025/2026,2025-10,3,8,2025-10-18,Nott'm Forest,Chelsea,0.725199246504153,0.5446444061187357,recent_form,0.6000000000000003,False,1,0,0,0.42394289204132474,0.7235992630703632,0.8008944043680315,0.4978975281352011,0.524888677245161,0.4245228627775238,0.725199246504153,0.7131592287931229
11714,E0,2025/2026,2025-10,3,8,2025-10-18,Brighton,Newcastle,0.7142745762155084,0.5446444061187357,recent_form,0.6000000000000003,False,1,1,1,0.7453007145271067,0.6090051963116031,0.6834701932453557,0.7141035808283268,0.5157365398386752,0.6470515858726844,0.7142745762155084,0.8087753138783604
11715,E0,2025/2026,2025-10,3,8,2025-10-18,Burnley,Leeds,0.6523961768871661,0.5446444061187357,recent_form,0.6000000000000003,False,1,0,0,0.35029175145696984,0.8148258554986093,0.6891030966085362,0.30685162599533633,0.7227830321847891,0.4286651283271604,0.6523961768871661,0.8255359025125755
11716,E0,2025/2026,2025-10,3,8,2025-10-18,Crystal Palace,Bournemouth,0.4357328458086427,0.5446444061187357,recent_form,0.6000000000000003,False,0,1,0,0.28964028788029106,0.8011533598652234,0.8091933664278627,0.3026645924937892,0.25745370764050013,0.3691961207855183,0.4357328458086427,0.36727742077613224
11717,E0,2025/2026,2025-10,3,8,2025-10-18,Man City,Everton,0.5368800878982471,0.5446444061187357,recent_form,0.6000000000000003,False,0,0,1,0.45483381883835866,0.7188064300159968,0.7899097285443495,0.6541128324862918,0.758918587129949,0.4680030394742098,0.5368800878982471,0.9130313516512849
11718,E0,2025/2026,2025-10,3,8,2025-10-18,Sunderland,Wolves,0.3390199091854938,0.5446444061187357,recent_form,0.6000000000000003,False,0,0,1,0.41740221344206807,0.5903980704682001,0.49471744448089283,0.41654931096240627,0.16607263352645588,0.4118082212580854,0.3390199091854938,0.2658673253945001
11719,E0,2025/2026,2025-10,3,8,2025-10-18,Fulham,Arsenal,0.5072124994039929,0.5446444061187357,recent_form,0.6000000000000003,False,0,0,1,0.2965096381969987,0.48719091773026163,0.648062260996306,0.3366822728590329,0.5185807247309283,0.3921560424031846,0.5072124994039929,0.5907683831392152
14118,F1,2025/2026,2025-10,3,8,2025-10-18,Nice,Lyon,0.6470411771433404,0.5446444061187357,recent_form,0.6000000000000003,False,1,1,1,0.6715066165906641,0.5631234029633916,0.5618471906329725,0.725123896470113,0.3177830922724281,0.6076136111742023,0.6470411771433404,0.7005823214595808
14119,F1,2025/2026,2025-10,3,8,2025-10-18,Angers,Monaco,0.5127614807498028,0.5446444061187357,recent_form,0.6000000000000003,False,0,1,0,0.6079788920862871,0.39521656762705865,0.4318024899645428,0.694780879315563,0.6722419289714233,0.49051234441627606,0.5127614807498028,0.5519558059628062
14120,F1,2025/2026,2025-10,3,8,2025-10-18,Marseille,Le Havre,0.8424453823217564,0.5446444061187357,recent_form,0.6000000000000003,False,1,1,1,0.6236018178919093,0.6170331273409767,0.6104040418723994,0.710967960929579,0.9204913968170473,0.534096766877735,0.8424453823217564,0.9476239193254595
16721,SP1,2025/2026,2025-10,3,9,2025-10-18,Sevilla,Mallorca,0.29319259882196974,0.5446444061187357,recent_form,0.6000000000000003,False,0,1,0,0.2274920384086848,0.30236708231900283,0.35704607491384444,0.25896254482358033,0.07872058637099355,0.4128071736412387,0.29319259882196974,0.126429244207291
16722,SP1,2025/2026,2025-10,3,9,2025-10-18,Barcelona,Girona,0.7274967790327844,0.5446444061187357,recent_form,0.6000000000000003,False,1,1,1,0.48073825372102635,0.7401026236704005,0.6835404494494157,0.5398688037813797,0.4559516649873286,0.6253299492524005,0.7274967790327844,0.47952429387539985
16723,SP1,2025/2026,2025-10,3,9,2025-10-18,Villarreal,Betis,0.840169481101131,0.5446444061187357,recent_form,0.6000000000000003,False,1,1,1,0.7152953100612114,0.7632211924280619,0.8093330263972229,0.7830731946148921,0.8417746904081254,0.7427404442023039,0.840169481101131,0.9027158498547614
16724,SP1,2025/2026,2025-10,3,9,2025-10-18,Ath Madrid,Osasuna,0.5080687661113245,0.5446444061187357,recent_form,0.6000000000000003,False,0,0,1,0.331949069724436,0.4325760263536977,0.37116550262688236,0.22186839448991527,0.4677476669275696,0.36256992126216575,0.5080687661113245,0.1455588272175473
6905,I1,2025/2026,2025-10,3,7,2025-10-19,Como,Juventus,0.5724366221168529,0.5446444061187357,recent_form,0.6000000000000003,False,1,0,0,0.5843206472494828,0.8066830971670509,0.8046681873808882,0.5959273629785693,0.8359353243544062,0.5723619216411512,0.5724366221168529,0.9188847932152153
6906,I1,2025/2026,2025-10,3,7,2025-10-19,Cagliari,Bologna,0.6365794763267651,0.5446444061187357,recent_form,0.6000000000000003,False,1,0,0,0.6272422866618951,0.7166758143839563,0.7671985542516226,0.696637478999802,0.9367737470177189,0.5883591945064388,0.6365794763267651,0.9797009158067594
6907,I1,2025/2026,2025-10,3,7,2025-10-19,Genoa,Parma,0.4413155697785065,0.5446444061187357,recent_form,0.6000000000000003,False,0,0,1,0.2943801130092966,0.7442271389841048,0.6676253155937037,0.24006772422466957,0.7168644538575157,0.36604559671351633,0.4413155697785065,0.7278461512666106
6908,I1,2025/2026,2025-10,3,7,2025-10-19,Atalanta,Lazio,0.37498708559728267,0.5446444061187357,recent_form,0.6000000000000003,False,0,0,1,0.652203402423989,0.5956011363391182,0.6522457491052874,0.6573630940202924,0.8999538413398565,0.5880355424317762,0.37498708559728267,0.9329541082818001
6909,I1,2025/2026,2025-10,3,7,2025-10-19,Milan,Fiorentina,0.3742020131537388,0.5446444061187357,recent_form,0.6000000000000003,False,0,1,0,0.37401881771339696,0.6730369605880249,0.6482882602789424,0.33216107043546217,0.646705244386565,0.47553005233420537,0.3742020131537388,0.5717186912277843
9118,D1,2025/2026,2025-10,3,7,2025-10-19,Freiburg,Ein Frankfurt,0.6312944361986111,0.5446444061187357,recent_form,0.6000000000000003,False,1,1,1,0.804503916692535,0.8438348785707025,0.8691964763589834,0.8413098643519844,0.7820738374871041,0.7076519195774098,0.6312944361986111,0.9648340872313022
9119,D1,2025/2026,2025-10,3,7,2025-10-19,St Pauli,Hoffenheim,0.32447635400395314,0.5446444061187357,recent_form,0.6000000000000003,False,0,0,1,0.626723934336822,0.3319832343135443,0.3665876365731348,0.6691273576361159,0.1996948040059776,0.5219749909433242,0.32447635400395314,0.18492772463124704
11720,E0,2025/2026,2025-10,3,8,2025-10-19,Tottenham,Aston Villa,0.43327417678671915,0.5446444061187357,recent_form,0.6000000000000003,False,0,1,0,0.44355656207193234,0.5917937128707571,0.5992897333972492,0.45525616875295644,0.3003997961564117,0.47790657128470426,0.43327417678671915,0.4031243527824566
11721,E0,2025/2026,2025-10,3,8,2025-10-19,Liverpool,Man United,0.5711718836716435,0.5446444061187357,recent_form,0.6000000000000003,False,1,1,1,0.49435660451388375,0.8008197177456262,0.6619150924353637,0.5367867025098576,0.3995965298583053,0.5209509145757628,0.5711718836716435,0.4063190348618615
14121,F1,2025/2026,2025-10,3,8,2025-10-19,Lens,Paris FC,0.9459396612808484,0.5446444061187357,recent_form,0.6000000000000003,False,1,1,1,0.8367221038653596,0.9167836928346161,0.8769413194537928,0.8475641730371103,0.9945898909453529,0.8083154427587027,0.9459396612808484,0.9957945521082466
14122,F1,2025/2026,2025-10,3,8,2025-10-19,Lorient,Brest,0.8936294297343061,0.5446444061187357,recent_form,0.6000000000000003,False,1,1,1,0.6854364517669517,0.822922133571557,0.8430868352986166,0.7314470680842398,0.9524170701031731,0.6874920443268353,0.8936294297343061,0.9873884006884747
14123,F1,2025/2026,2025-10,3,8,2025-10-19,Rennes,Auxerre,0.6085323529737076,0.5446444061187357,recent_form,0.6000000000000003,False,1,1,1,0.5058113790910693,0.5116477617017908,0.4417312425342953,0.5487059679727225,0.7837115708576113,0.5791885080237607,0.6085323529737076,0.7013137067528173
14124,F1,2025/2026,2025-10,3,8,2025-10-19,Toulouse,Metz,0.5983260578400942,0.5446444061187357,recent_form,0.6000000000000003,False,1,0,0,0.49299249609890844,0.597968350302291,0.4934233604184558,0.4381639983844269,0.6213585660099368,0.511380816084628,0.5983260578400942,0.4857364890049905
14125,F1,2025/2026,2025-10,3,8,2025-10-19,Nantes,Lille,0.7671185021561528,0.5446444061187357,recent_form,0.6000000000000003,False,1,0,0,0.6201602259493605,0.6474623845671483,0.7568881719730735,0.6957055988288614,0.8959638633441108,0.6056030608044006,0.7671185021561528,0.9492153596622961
16725,SP1,2025/2026,2025-10,3,9,2025-10-19,Elche,Ath Bilbao,0.13530048698146704,0.5446444061187357,recent_form,0.6000000000000003,False,0,0,1,0.2574972512227084,0.0714975391853415,0.04466944440100261,0.16973491679931801,0.004242091116349405,0.3552633345225828,0.13530048698146704,0.000611110667624465
16726,SP1,2025/2026,2025-10,3,9,2025-10-19,Celta,Sociedad,0.7166212834355234,0.5446444061187357,recent_form,0.6000000000000003,False,1,1,1,0.42271940572913197,0.8066439415763763,0.719657121675935,0.340375134271674,0.6293161263604407,0.4914281266758258,0.7166212834355234,0.4830343815372954
16727,SP1,2025/2026,2025-10,3,9,2025-10-19,Levante,Vallecano,0.8408513791323257,0.5446444061187357,recent_form,0.6000000000000003,False,1,0,0,0.6302939065656584,0.6746323875330088,0.7645208577712412,0.6796266145292299,0.8356475323614094,0.7164407525304831,0.8408513791323257,0.9483709511320487
16728,SP1,2025/2026,2025-10,3,9,2025-10-19,Getafe,Real Madrid,0.6038709033058779,0.5446444061187357,recent_form,0.6000000000000003,False,1,0,0,0.33011098616917206,0.5406250339245123,0.623880771058749,0.3675426432764183,0.8130205277503851,0.3858834909551396,0.6038709033058779,0.5421278229600065
6910,I1,2025/2026,2025-10,3,7,2025-10-20,Cremonese,Udinese,0.7497536851824251,0.5446444061187357,recent_form,0.6000000000000003,False,1,1,1,0.3927696848783432,0.8617556420179793,0.7131712307388416,0.38859505855123655,0.8824326823257409,0.5877308380191272,0.7497536851824251,0.895395427127102
11722,E0,2025/2026,2025-10,3,8,2025-10-20,West Ham,Brentford,0.7259735936950692,0.5446444061187357,recent_form,0.6000000000000003,False,1,0,0,0.48097575513918356,0.8518410689711239,0.8514827258561724,0.5041521572869022,0.7214854838755963,0.3683613410247645,0.7259735936950692,0.8712424776618336
16729,SP1,2025/2026,2025-10,3,9,2025-10-20,Alaves,Valencia,0.2421612512742073,0.5446444061187357,recent_form,0.6000000000000003,False,0,0,1,0.27758638577132333,0.2994032978694611,0.27023175200096233,0.22978228962502098,0.0639462735093385,0.347440070688091,0.2421612512742073,0.06321450913119743
6911,I1,2025/2026,2025-10,3,8,2025-10-24,Milan,Pisa,0.23707006414432738,0.5446444061187357,recent_form,0.6000000000000003,False,0,1,0,0.1432676486845311,0.618202091083718,0.5767843533608891,0.13176013266779504,0.13842993309943594,0.22855650264681784,0.23707006414432738,0.059998094008800296
9120,D1,2025/2026,2025-10,3,8,2025-10-24,Werder Bremen,Union Berlin,0.6516969509220126,0.5446444061187357,recent_form,0.6000000000000003,False,1,0,0,0.753245843618243,0.831410908525542,0.7438134501043813,0.7372980523612722,0.8441970202654483,0.6815354359411274,0.6516969509220126,0.7980408577385891
11723,E0,2025/2026,2025-10,3,9,2025-10-24,Leeds,West Ham,0.4821169313812228,0.5446444061187357,recent_form,0.6000000000000003,False,0,1,0,0.34093394618515943,0.510528076384378,0.3697461652534189,0.23129010036316391,0.5338129610535692,0.4551468419936235,0.4821169313812228,0.2247404740675747
14126,F1,2025/2026,2025-10,3,9,2025-10-24,Paris FC,Nantes,0.41312400199727517,0.5446444061187357,recent_form,0.6000000000000003,False,0,1,0,0.5120248534915882,0.7031244800917795,0.6905181307424193,0.586109160450803,0.7895399307245919,0.4803401045872826,0.41312400199727517,0.784390016267859
16730,SP1,2025/2026,2025-10,3,10,2025-10-24,Sociedad,Sevilla,0.3717281032181615,0.5446444061187357,recent_form,0.6000000000000003,False,0,1,0,0.3870311635264454,0.4105887823645933,0.45059414058063196,0.5021833276789124,0.1626089521440696,0.4635894854970725,0.3717281032181615,0.33549473981513456
6912,I1,2025/2026,2025-10,3,8,2025-10-25,Parma,Como,0.5489812869389515,0.5446444061187357,recent_form,0.6000000000000003,False,1,0,0,0.6415054332954806,0.7919405251620578,0.810389138623429,0.7118774786940065,0.9235636439110985,0.6312256150812974,0.5489812869389515,0.9267326538830954
6913,I1,2025/2026,2025-10,3,8,2025-10-25,Udinese,Lecce,0.30531235079125224,0.5446444061187357,recent_form,0.6000000000000003,False,0,1,0,0.20832406487043642,0.53415482717513,0.5640378787757983,0.22009417779419482,0.3082463294313168,0.28961538374843226,0.30531235079125224,0.37177098766230343
6914,I1,2025/2026,2025-10,3,8,2025-10-25,Napoli,Inter,0.6041915457689511,0.5446444061187357,recent_form,0.6000000000000003,False,1,1,1,0.7448267855744999,0.8412592066004051,0.9152294807385877,0.8638744565195842,0.9688106567791144,0.7712594495159725,0.6041915457689511,0.9872709448631267
6915,I1,2025/2026,2025-10,3,8,2025-10-25,Cremonese,Atalanta,0.6791879470384865,0.5446444061187357,recent_form,0.6000000000000003,False,1,1,1,0.5509898448128517,0.7790513668378859,0.7632971828852855,0.5767553411878281,0.9428277050707848,0.6509834224085388,0.6791879470384865,0.9520518761335153
9121,D1,2025/2026,2025-10,3,8,2025-10-25,Augsburg,RB Leipzig,0.7382779422299538,0.5446444061187357,recent_form,0.6000000000000003,False,1,0,0,0.8126135759139755,0.8300011473497881,0.789084295653143,0.8125392748926552,0.8809601124692213,0.8201902379361757,0.7382779422299538,0.9428074040897746
9122,D1,2025/2026,2025-10,3,8,2025-10-25,Ein Frankfurt,St Pauli,0.9057716464569426,0.5446444061187357,recent_form,0.6000000000000003,False,1,0,0,0.8100291315850612,0.7679713128010711,0.7440163734264155,0.8220544948793626,0.9354357227884993,0.7041898601498414,0.9057716464569426,0.9625599386753787
9123,D1,2025/2026,2025-10,3,8,2025-10-25,Hamburg,Wolfsburg,0.5261671300374386,0.5446444061187357,recent_form,0.6000000000000003,False,0,0,1,0.7573387311272479,0.8635534696413841,0.8496405827041178,0.8488774392317455,0.8483091598028645,0.7168767618444895,0.5261671300374386,0.8806529285555988
9124,D1,2025/2026,2025-10,3,8,2025-10-25,Hoffenheim,Heidenheim,0.6913254479319721,0.5446444061187357,recent_form,0.6000000000000003,False,1,1,1,0.6492294946915186,0.5320011040453282,0.5841168502410613,0.6833722173921063,0.797167595307467,0.6463997379393882,0.6913254479319721,0.7957741321695421
9125,D1,2025/2026,2025-10,3,8,2025-10-25,M'gladbach,Bayern Munich,0.6474976838941655,0.5446444061187357,recent_form,0.6000000000000003,False,1,0,0,0.494596940221601,0.9253769339503388,0.9451241440562914,0.597444438781211,0.9198262170653256,0.572369982238056,0.6474976838941655,0.9622592144134611
9126,D1,2025/2026,2025-10,3,8,2025-10-25,Dortmund,FC Koln,0.7074718232970154,0.5446444061187357,recent_form,0.6000000000000003,False,1,0,0,0.6701109451912066,0.8508676909751667,0.80584233340961,0.6615061657765674,0.8940262990635183,0.5530198491242464,0.7074718232970154,0.8875627056176474
11724,E0,2025/2026,2025-10,3,9,2025-10-25,Chelsea,Sunderland,0.7795266984331911,0.5446444061187357,recent_form,0.6000000000000003,False,1,1,1,0.48092284852318845,0.8033846671932209,0.7067328875654973,0.5088106088021669,0.7639213421978986,0.5147864108256083,0.7795266984331911,0.6954114885313352
11725,E0,2025/2026,2025-10,3,9,2025-10-25,Newcastle,Fulham,0.6129584068608644,0.5446444061187357,recent_form,0.6000000000000003,False,1,1,1,0.3518161762736166,0.7663482729737024,0.761892684721186,0.40278081143788685,0.6624394228705591,0.42799647767003796,0.6129584068608644,0.6974849911160464
11726,E0,2025/2026,2025-10,3,9,2025-10-25,Man United,Brighton,0.8998415349471994,0.5446444061187357,recent_form,0.6000000000000003,False,1,1,1,0.6828241237033019,0.8678665993865736,0.8350920527730791,0.7061679716784741,0.7844945834447143,0.6271149526012609,0.8998415349471994,0.9381401032047558
11727,E0,2025/2026,2025-10,3,9,2025-10-25,Brentford,Liverpool,0.7435942887803578,0.5446444061187357,recent_form,0.6000000000000003,False,1,1,1,0.585256035041775,0.8062423288794838,0.8430136353506504,0.6718669698719495,0.7532564376154147,0.6225347152261805,0.7435942887803578,0.9553608064746272
14127,F1,2025/2026,2025-10,3,9,2025-10-25,Brest,Paris SG,0.7239073293056855,0.5446444061187357,recent_form,0.6000000000000003,False,1,0,0,0.625036076320981,0.7079474735026073,0.8121171043166998,0.7028626464562016,0.9467468832769437,0.6957983296448329,0.7239073293056855,0.948895906216392
14128,F1,2025/2026,2025-10,3,9,2025-10-25,Monaco,Toulouse,0.8732370075762524,0.5446444061187357,recent_form,0.6000000000000003,False,1,0,0,0.7280727572555306,0.7759791437807021,0.6944138865272683,0.6850310983606374,0.9342642617109203,0.726517587294547,0.8732370075762524,0.9181793765704207
14129,F1,2025/2026,2025-10,3,9,2025-10-25,Lens,Marseille,0.9569177538988485,0.5446444061187357,recent_form,0.6000000000000003,False,1,1,1,0.8146625697364593,0.8573223970950008,0.8344329924425888,0.8304919561423934,0.9881824627941527,0.7058654062521106,0.9569177538988485,0.995375572304722
16731,SP1,2025/2026,2025-10,3,10,2025-10-25,Girona,Oviedo,0.5067336865565939,0.5446444061187357,recent_form,0.6000000000000003,False,0,1,0,0.40068752209975883,0.5289240954090884,0.45659530903300005,0.41594206249865934,0.40232648251755104,0.5164040867090643,0.5067336865565939,0.1290808769398052
16732,SP1,2025/2026,2025-10,3,10,2025-10-25,Espanol,Elche,0.4631186758839398,0.5446444061187357,recent_form,0.6000000000000003,False,0,0,1,0.5108571038566845,0.4436337389211913,0.4900247944382696,0.5589119257618997,0.31830644252939333,0.496603998010216,0.4631186758839398,0.47354408269517284
16733,SP1,2025/2026,2025-10,3,10,2025-10-25,Ath Bilbao,Getafe,0.47370822508637683,0.5446444061187357,recent_form,0.6000000000000003,False,0,0,1,0.27112984183483846,0.04500374447291157,0.2064526174346707,0.21986219832937462,0.013705369167654882,0.3285676937298513,0.47370822508637683,0.021968303565884476
16734,SP1,2025/2026,2025-10,3,10,2025-10-25,Valencia,Villarreal,0.8322226480832994,0.5446444061187357,recent_form,0.6000000000000003,False,1,0,0,0.5667981015413118,0.7970298208137507,0.8815501438668308,0.6539460016376158,0.7972925724082474,0.5814074640271244,0.8322226480832994,0.9368005601909722
6916,I1,2025/2026,2025-10,3,8,2025-10-26,Torino,Genoa,0.2175669757963505,0.5446444061187357,recent_form,0.6000000000000003,False,0,1,0,0.17124691814141751,0.5552923577925646,0.5734840327571901,0.15767189921724084,0.24698260711344855,0.31003124939944904,0.2175669757963505,0.26295374179306247
6917,I1,2025/2026,2025-10,3,8,2025-10-26,Sassuolo,Roma,0.22324545336435045,0.5446444061187357,recent_form,0.6000000000000003,False,0,0,1,0.3863056021353373,0.5974971382459919,0.5903783444575819,0.3658629900387682,0.539796019317718,0.414459132099569,0.22324545336435045,0.4270732159448843
6918,I1,2025/2026,2025-10,3,8,2025-10-26,Verona,Cagliari,0.16668215102749928,0.5446444061187357,recent_form,0.6000000000000003,False,0,1,0,0.3060777947437157,0.332360746157538,0.4238672819582076,0.33874840287488156,0.2080218205618402,0.38252919271137126,0.16668215102749928,0.16168475976763
6919,I1,2025/2026,2025-10,3,8,2025-10-26,Fiorentina,Bologna,0.5757325400445684,0.5446444061187357,recent_form,0.6000000000000003,False,1,1,1,0.5165926666376888,0.7711303269296809,0.7531795602547198,0.5336912607751131,0.6882127340966402,0.4816577106796496,0.5757325400445684,0.9231829106758032
6920,I1,2025/2026,2025-10,3,8,2025-10-26,Lazio,Juventus,0.6693881693169499,0.5446444061187357,recent_form,0.6000000000000003,False,1,0,0,0.6114240912081769,0.9103890194679973,0.8743231370165713,0.581914079012614,0.9489477709567057,0.558684185375071,0.6693881693169499,0.9552616113545733
9127,D1,2025/2026,2025-10,3,8,2025-10-26,Leverkusen,Freiburg,0.7825559138056961,0.5446444061187357,recent_form,0.6000000000000003,False,1,0,0,0.7874852514192963,0.6576078848687755,0.6977018208469131,0.8244642041343776,0.8751549239552182,0.6854166660698513,0.7825559138056961,0.9489684617415949
9128,D1,2025/2026,2025-10,3,8,2025-10-26,Stuttgart,Mainz,0.833349008577981,0.5446444061187357,recent_form,0.6000000000000003,False,1,1,1,0.7053574318490885,0.9108453729209006,0.8624968511900297,0.6630437847968387,0.9352562162112303,0.6488985275915439,0.833349008577981,0.9629034865566191
11728,E0,2025/2026,2025-10,3,9,2025-10-26,Arsenal,Crystal Palace,0.5183701241418842,0.5446444061187357,recent_form,0.6000000000000003,False,0,0,1,0.4712949465239416,0.38437671799947765,0.3014637165927172,0.37905596881894765,0.41409491840338347,0.4324313353349873,0.5183701241418842,0.21157794967153173
11729,E0,2025/2026,2025-10,3,9,2025-10-26,Aston Villa,Man City,0.7752190108870821,0.5446444061187357,recent_form,0.6000000000000003,False,1,0,0,0.6858033723289271,0.7111634873843343,0.7621553466275334,0.7330826556136794,0.8136772809517203,0.6451037711324041,0.7752190108870821,0.9012201180139184
11730,E0,2025/2026,2025-10,3,9,2025-10-26,Bournemouth,Nott'm Forest,0.27335140778915074,0.5446444061187357,recent_form,0.6000000000000003,False,0,0,1,0.21222051351517374,0.49550705000967527,0.5537275457574786,0.22325990202333118,0.10959286677096347,0.2546427567342787,0.27335140778915074,0.1312103734133436
11731,E0,2025/2026,2025-10,3,9,2025-10-26,Wolves,Burnley,0.21457933554605196,0.5446444061187357,recent_form,0.6000000000000003,False,0,1,0,0.22896431621431354,0.2859115064879135,0.33258184846015215,0.23733378379641548,0.08992469638801363,0.309109045646574,0.21457933554605196,0.09977057414529801
11732,E0,2025/2026,2025-10,3,9,2025-10-26,Everton,Tottenham,0.7191686167557205,0.5446444061187357,recent_form,0.6000000000000003,False,1,0,0,0.45680747257019216,0.7652628089947675,0.6999360333170526,0.4972767980983679,0.4361911518685319,0.4470419702667,0.7191686167557205,0.7145280553186201
14130,F1,2025/2026,2025-10,3,9,2025-10-26,Lille,Metz,0.7317008303483133,0.5446444061187357,recent_form,0.6000000000000003,False,1,1,1,0.4502065430396377,0.7260067030600541,0.7781913405741054,0.5524897850735682,0.7999156363992731,0.45699698319897636,0.7317008303483133,0.8252355790901761
14131,F1,2025/2026,2025-10,3,9,2025-10-26,Angers,Lorient,0.5652352102585958,0.5446444061187357,recent_form,0.6000000000000003,False,1,0,0,0.5140627911213467,0.54178018619807,0.5289966685764987,0.5145876799700472,0.6189410817495195,0.4755128816493062,0.5652352102585958,0.5492978766113532
14132,F1,2025/2026,2025-10,3,9,2025-10-26,Auxerre,Le Havre,0.8136100923308263,0.5446444061187357,recent_form,0.6000000000000003,False,1,0,0,0.6769017247336463,0.4398254037835083,0.46676752253342685,0.6431450169287439,0.7799299309079613,0.6301999793983559,0.8136100923308263,0.864476385245006
14133,F1,2025/2026,2025-10,3,9,2025-10-26,Rennes,Nice,0.7348958281406973,0.5446444061187357,recent_form,0.6000000000000003,False,1,1,1,0.6490247943288177,0.725515030599672,0.7745460296366097,0.7081650171465398,0.8979178409267985,0.6451192005983118,0.7348958281406973,0.9252421421204386
14134,F1,2025/2026,2025-10,3,9,2025-10-26,Lyon,Strasbourg,0.7885195696774351,0.5446444061187357,recent_form,0.6000000000000003,False,1,1,1,0.7685844011559074,0.802215991812941,0.7954992775527654,0.7949065514806618,0.8705484736136185,0.7542299010762645,0.7885195696774351,0.9251336622804722
16735,SP1,2025/2026,2025-10,3,10,2025-10-26,Mallorca,Levante,0.4550624527516845,0.5446444061187357,recent_form,0.6000000000000003,False,0,1,0,0.41617880610754415,0.6536668339219183,0.6167372521227256,0.4076953751624569,0.6863996452162955,0.48497634571881126,0.4550624527516845,0.3611327344711746
16736,SP1,2025/2026,2025-10,3,10,2025-10-26,Real Madrid,Barcelona,0.9623729569454403,0.5446444061187357,recent_form,0.6000000000000003,False,1,1,1,0.8758615345447471,0.9759981439150986,0.9701024464764559,0.9357020971956322,0.968550110543073,0.9007820749223262,0.9623729569454403,0.9954894151281878
16737,SP1,2025/2026,2025-10,3,10,2025-10-26,Osasuna,Celta,0.7144783883924445,0.5446444061187357,recent_form,0.6000000000000003,False,1,1,1,0.5569783561444854,0.4223287639674184,0.32363497106935174,0.43592032297552524,0.569193283759995,0.5980345677713004,0.7144783883924445,0.30302859605378596
16738,SP1,2025/2026,2025-10,3,10,2025-10-26,Vallecano,Alaves,0.44612664768477506,0.5446444061187357,recent_form,0.6000000000000003,False,0,0,1,0.2616923500163734,0.6295809350157224,0.46573571300097705,0.2346479147016978,0.3242562299626177,0.2916189836482586,0.44612664768477506,0.2623584680729871
16739,SP1,2025/2026,2025-10,3,10,2025-10-27,Betis,Ath Madrid,0.8374648609676845,0.5446444061187357,recent_form,0.6000000000000003,False,1,0,0,0.5959923124251122,0.6112788337198805,0.5960189772996536,0.635875969504636,0.6288122872242633,0.5823715145915571,0.8374648609676845,0.8305102862698872
6921,I1,2025/2026,2025-10,3,9,2025-10-28,Lecce,Napoli,0.35334709498707917,0.5446444061187357,recent_form,0.6000000000000003,False,0,0,1,0.34872282573446256,0.6355674506943589,0.7193336812474078,0.38399581352162343,0.8355842871938208,0.4288034878354198,0.35334709498707917,0.7949335096015028
6922,I1,2025/2026,2025-10,3,9,2025-10-28,Atalanta,Milan,0.5607655604056303,0.5446444061187357,recent_form,0.6000000000000003,False,1,1,1,0.6556434561533064,0.8081507670881843,0.7631453222633452,0.6252079989476941,0.8072160681588926,0.6388584123890191,0.5607655604056303,0.8816258784791624
6923,I1,2025/2026,2025-10,3,9,2025-10-29,Como,Verona,0.39162158132083147,0.5446444061187357,recent_form,0.6000000000000003,False,0,1,0,0.38712331073720413,0.6017577678883406,0.5612307478579158,0.35276611718693995,0.42371542629663306,0.4335537370185536,0.39162158132083147,0.5126595197130058
6924,I1,2025/2026,2025-10,3,9,2025-10-29,Juventus,Udinese,0.34745542839115745,0.5446444061187357,recent_form,0.6000000000000003,False,0,1,0,0.2441619955569979,0.7017894627757475,0.6220237949791929,0.25308240776516966,0.6437308563280378,0.40768483056309357,0.34745542839115745,0.4055991549774085
6925,I1,2025/2026,2025-10,3,9,2025-10-29,Roma,Parma,0.11177823974323357,0.5446444061187357,recent_form,0.6000000000000003,False,0,1,0,0.19137374519104877,0.4313735464619326,0.46031691419177034,0.1794803331862,0.08618311985749855,0.2982791218102063,0.11177823974323357,0.10697808215351669
6926,I1,2025/2026,2025-10,3,9,2025-10-29,Bologna,Torino,0.47475669685490945,0.5446444061187357,recent_form,0.6000000000000003,False,0,0,1,0.40556171435251415,0.6682200941898242,0.6432013834112504,0.4587458343238834,0.7760804736872976,0.44120954916284594,0.47475669685490945,0.8485148383690596
6927,I1,2025/2026,2025-10,3,9,2025-10-29,Genoa,Cremonese,0.2924209823517873,0.5446444061187357,recent_form,0.6000000000000003,False,0,0,1,0.3510707622490974,0.6086672815701892,0.6164334694638507,0.3325967475487889,0.6698250302245108,0.3018281817218971,0.2924209823517873,0.5707293968188054
6928,I1,2025/2026,2025-10,3,9,2025-10-29,Inter,Fiorentina,0.17362857556137612,0.5446444061187357,recent_form,0.6000000000000003,False,0,0,1,0.39988805976451985,0.3386156109946687,0.31110461132755846,0.4379655166680849,0.30948639488436025,0.5228291639766992,0.17362857556137612,0.19666559165129033
14135,F1,2025/2026,2025-10,3,10,2025-10-29,Le Havre,Brest,0.8093969786059295,0.5446444061187357,recent_form,0.6000000000000003,False,1,0,0,0.7545384793586979,0.751747990483151,0.8164175609952278,0.7870776422011322,0.9340480324506207,0.7081363316714275,0.8093969786059295,0.9766167729688952
14136,F1,2025/2026,2025-10,3,10,2025-10-29,Lorient,Paris SG,0.7628367337210219,0.5446444061187357,recent_form,0.6000000000000003,False,1,1,1,0.49539041827893987,0.7478459400621709,0.8295111732809756,0.5380673196977507,0.9240404666419282,0.5493218064793958,0.7628367337210219,0.9561306140850581
14137,F1,2025/2026,2025-10,3,10,2025-10-29,Metz,Lens,0.4552150586780427,0.5446444061187357,recent_form,0.6000000000000003,False,0,0,1,0.5022485468159713,0.2888860693841011,0.38504018862805167,0.6458951437131338,0.4768072102413008,0.5323859057465494,0.4552150586780427,0.3360018934622068
14138,F1,2025/2026,2025-10,3,10,2025-10-29,Nice,Lille,0.7223577752424466,0.5446444061187357,recent_form,0.6000000000000003,False,1,0,0,0.7803822958425624,0.6095697868343967,0.7233982976221857,0.8540307481200796,0.6839140423531821,0.7552605311529543,0.7223577752424466,0.9264542125027972
14139,F1,2025/2026,2025-10,3,10,2025-10-29,Marseille,Angers,0.6468781330481457,0.5446444061187357,recent_form,0.6000000000000003,False,1,1,1,0.44158237788634086,0.4341178071063637,0.4784702033362494,0.6030280594615276,0.6474301271440617,0.41034641169446057,0.6468781330481457,0.7819002632291101
14140,F1,2025/2026,2025-10,3,10,2025-10-29,Nantes,Monaco,0.8024532623664571,0.5446444061187357,recent_form,0.6000000000000003,False,1,1,1,0.7311215832498464,0.6282527697576759,0.6779630708716926,0.7651516731358191,0.912294673437485,0.5940823351173826,0.8024532623664571,0.9339477318704175
14141,F1,2025/2026,2025-10,3,10,2025-10-29,Paris FC,Lyon,0.644162763777637,0.5446444061187357,recent_form,0.6000000000000003,False,1,1,1,0.7016810592093363,0.8279798851321315,0.7888651592895193,0.7610954089112105,0.7145003991039537,0.6722845966204974,0.644162763777637,0.9065761118242147
14142,F1,2025/2026,2025-10,3,10,2025-10-29,Strasbourg,Auxerre,0.765325371052231,0.5446444061187357,recent_form,0.6000000000000003,False,1,0,0,0.5895737757297337,0.5549329381148662,0.6100193165302198,0.5905172382151944,0.7860324584948657,0.5934293439261223,0.765325371052231,0.7820450088430945
14143,F1,2025/2026,2025-10,3,10,2025-10-29,Toulouse,Rennes,0.8833764325103706,0.5446444061187357,recent_form,0.6000000000000003,False,1,1,1,0.6715099620374348,0.839233792089667,0.8098528624225723,0.66541461140212,0.9002119671655161,0.6505276336444341,0.8833764325103706,0.9506639485986131
6929,I1,2025/2026,2025-10,3,9,2025-10-30,Cagliari,Sassuolo,0.8510376420564608,0.5446444061187357,recent_form,0.6000000000000003,False,1,1,1,0.6550058184116038,0.9005063617024773,0.8833954907622008,0.6707963275132974,0.9390409019235368,0.5872527876877994,0.8510376420564608,0.9814240380506553
6930,I1,2025/2026,2025-10,3,9,2025-10-30,Pisa,Lazio,0.18454161969569396,0.5446444061187357,recent_form,0.6000000000000003,False,0,0,1,0.3313123645491404,0.5499511851641457,0.5286406135529589,0.31923262414332026,0.6158550531312271,0.2965954925024337,0.18454161969569396,0.47488869895940583
9129,D1,2025/2026,2025-10,3,9,2025-10-31,Augsburg,Dortmund,0.5594946215172623,0.5446444061187357,recent_form,0.6000000000000003,False,1,0,0,0.637428938407644,0.6379401707365535,0.5649476419113779,0.5707873929220179,0.555373236604072,0.6332767195537786,0.5594946215172623,0.34530780147307205
16740,SP1,2025/2026,2025-10,3,11,2025-10-31,Getafe,Girona,0.47296080998195683,0.5446444061187357,recent_form,0.6000000000000003,False,0,1,0,0.22854300400827093,0.43976130965163657,0.4733617308149573,0.2349024569384569,0.26679274541071357,0.35295330508531275,0.47296080998195683,0.20276832429859643
6931,I1,2025/2026,2025-11,4,10,2025-11-01,Udinese,Atalanta,0.47260489014319024,0.3587837246195683,compact_btts_form,0.7750000000000005,True,1,0,0,0.42582028217224727,0.5490962899826155,0.5402390562104837,0.39289344220270483,0.4531254421088267,0.47260489014319024,0.35620166968791817,0.31700521405688864
6932,I1,2025/2026,2025-11,4,10,2025-11-01,Napoli,Como,0.6129767072242952,0.3587837246195683,compact_btts_form,0.7750000000000005,True,1,0,0,0.6553641055110339,0.7599447958094807,0.7702384887118686,0.6869056096409661,0.9179376697026226,0.6129767072242952,0.6198174486207261,0.9407352501998885
6933,I1,2025/2026,2025-11,4,10,2025-11-01,Cremonese,Juventus,0.5407467048664489,0.3587837246195683,compact_btts_form,0.7750000000000005,True,1,1,1,0.4499691805049193,0.910045669788364,0.8612805897130249,0.40682648352036205,0.9937760422946779,0.5407467048664489,0.8616362905328633,0.9811064807418596
9130,D1,2025/2026,2025-11,4,9,2025-11-01,Heidenheim,Ein Frankfurt,0.7008277855413908,0.6299598043333093,compact_btts_form,0.7750000000000005,True,1,1,1,0.6989440744403856,0.7526688991918212,0.7778349855938484,0.7404490731992712,0.5615872031385627,0.7008277855413908,0.5232648942297426,0.8691443797709207
9131,D1,2025/2026,2025-11,4,9,2025-11-01,Mainz,Werder Bremen,0.7051471896806014,0.6299598043333093,compact_btts_form,0.7750000000000005,True,1,1,1,0.6957111512505982,0.8506637242997359,0.8375310821043164,0.730627914435083,0.8857145675804207,0.7051471896806014,0.6784488727040288,0.9657055575115551
9132,D1,2025/2026,2025-11,4,9,2025-11-01,RB Leipzig,Stuttgart,0.8227562383087078,0.6299598043333093,compact_btts_form,0.7750000000000005,True,1,1,1,0.8650060618507917,0.936594415568979,0.9096968331708899,0.8961905644913621,0.9814590675004716,0.8227562383087078,0.8705501934223682,0.9900728836242277
9133,D1,2025/2026,2025-11,4,9,2025-11-01,St Pauli,M'gladbach,0.5321722845463285,0.6299598043333093,compact_btts_form,0.7750000000000005,True,0,0,1,0.5918402135603631,0.5263606354226504,0.4456442297077555,0.5125673822793568,0.5086274603224417,0.5321722845463285,0.34309908998436045,0.499522164101784
9134,D1,2025/2026,2025-11,4,9,2025-11-01,Union Berlin,Freiburg,0.6626695302940714,0.6299598043333093,compact_btts_form,0.7750000000000005,True,1,0,0,0.7457808808893466,0.4318343402701491,0.5635076700952014,0.7646750182328005,0.7092324578136535,0.6626695302940714,0.5220146591964591,0.8875118196945261
9135,D1,2025/2026,2025-11,4,9,2025-11-01,Bayern Munich,Leverkusen,0.7765333074495558,0.6299598043333093,compact_btts_form,0.7750000000000005,True,1,0,0,0.8031339292729308,0.8055900983345289,0.8291814996620391,0.8572497097016871,0.9155529307100194,0.7765333074495558,0.8568597425539417,0.9906604322270511
11733,E0,2025/2026,2025-11,4,10,2025-11-01,Brighton,Leeds,0.529412557838722,0.4455316854238786,compact_btts_form,0.7750000000000005,True,1,0,0,0.5988488889778183,0.6830562346561235,0.7472982100005618,0.6262615142599238,0.49358970737472435,0.529412557838722,0.7114844385420893,0.9014867218238668
11734,E0,2025/2026,2025-11,4,10,2025-11-01,Burnley,Arsenal,0.4455316854238786,0.4455316854238786,compact_btts_form,0.7750000000000005,True,1,0,0,0.36823408824582426,0.5432722967028162,0.5906855878823585,0.33425870296626786,0.8195275327783792,0.4455316854238786,0.2894578357952664,0.49919587743232824
11735,E0,2025/2026,2025-11,4,10,2025-11-01,Crystal Palace,Brentford,0.5843073236992238,0.4455316854238786,compact_btts_form,0.7750000000000005,True,1,0,0,0.6323336479735476,0.9129963078400765,0.884570415424945,0.6017035338947484,0.9083427262922676,0.5843073236992238,0.8026589339175028,0.9474529911575039
11736,E0,2025/2026,2025-11,4,10,2025-11-01,Fulham,Wolves,0.4164185739248869,0.4455316854238786,compact_btts_form,0.7750000000000005,True,0,0,1,0.43144655229474044,0.3798559552593092,0.4281880395599076,0.40132654209371893,0.3016648307179905,0.4164185739248869,0.47286372814321,0.2824059943814207
11737,E0,2025/2026,2025-11,4,10,2025-11-01,Nott'm Forest,Man United,0.46988794842362497,0.4455316854238786,compact_btts_form,0.7750000000000005,True,1,1,1,0.5786404291790963,0.507165300153005,0.508589891899331,0.5525127269309978,0.3347069855571402,0.46988794842362497,0.5020134775451482,0.24624145061098668
11738,E0,2025/2026,2025-11,4,10,2025-11-01,Tottenham,Chelsea,0.5164899193019846,0.4455316854238786,compact_btts_form,0.7750000000000005,True,1,0,0,0.5925728544852455,0.7604068860200704,0.7335947855167212,0.6134199074472907,0.4552298732789151,0.5164899193019846,0.5975184333031441,0.5791089927117964
11739,E0,2025/2026,2025-11,4,10,2025-11-01,Liverpool,Aston Villa,0.6541771213177179,0.4455316854238786,compact_btts_form,0.7750000000000005,True,1,0,0,0.6860686630296678,0.8532989660438821,0.8077532388071667,0.7471548008675528,0.7734049390325617,0.6541771213177179,0.7554266519869015,0.9257476286867725
14144,F1,2025/2026,2025-11,4,11,2025-11-01,Paris SG,Nice,0.5702549167151723,0.5521303638276351,compact_btts_form,0.7750000000000005,True,1,0,0,0.6577591368385398,0.7255954755428234,0.7319695284487112,0.7280054762149795,0.910496874655481,0.5702549167151723,0.6803581342853944,0.8594234294385171
14145,F1,2025/2026,2025-11,4,11,2025-11-01,Monaco,Paris FC,0.767128136643871,0.5521303638276351,compact_btts_form,0.7750000000000005,True,1,0,0,0.8467712938105738,0.7605546234897552,0.6352618431249502,0.8494841679140459,0.8908461589252755,0.767128136643871,0.904396192330822,0.9431762832589354
14146,F1,2025/2026,2025-11,4,11,2025-11-01,Auxerre,Marseille,0.6410516860453866,0.5521303638276351,compact_btts_form,0.7750000000000005,True,1,0,0,0.7456971787643806,0.54128549752082,0.6380663841365204,0.7843277535785154,0.904462992401733,0.6410516860453866,0.8611651733950462,0.9419797548956065
16741,SP1,2025/2026,2025-11,4,11,2025-11-01,Villarreal,Vallecano,0.6202408135406929,0.4526604717011682,compact_btts_form,0.7750000000000005,True,1,0,0,0.5818465798730201,0.6107344327848659,0.7141594822379976,0.7004109706408812,0.6705776273151771,0.6202408135406929,0.5708572498939257,0.842771585546747
16742,SP1,2025/2026,2025-11,4,11,2025-11-01,Ath Madrid,Sevilla,0.47575156303213006,0.4526604717011682,compact_btts_form,0.7750000000000005,True,1,0,0,0.45836573921887597,0.4054454502369545,0.5306232488757998,0.5343540337924373,0.35922841703008657,0.47575156303213006,0.3504500340307271,0.4499794827500385
16743,SP1,2025/2026,2025-11,4,11,2025-11-01,Sociedad,Ath Bilbao,0.4526604717011682,0.4526604717011682,compact_btts_form,0.7750000000000005,True,1,1,1,0.4028901847465159,0.2552964598027536,0.1523902682547228,0.286675724317843,0.026562138583385995,0.4526604717011682,0.4350361330582591,0.014084451895041868
16744,SP1,2025/2026,2025-11,4,11,2025-11-01,Real Madrid,Valencia,0.642736317256427,0.4526604717011682,compact_btts_form,0.7750000000000005,True,1,0,0,0.6315444527743107,0.5928983539368419,0.6046967949910276,0.6199825051019038,0.6663964719760375,0.642736317256427,0.5425176403776055,0.45731258139862724
6934,I1,2025/2026,2025-11,4,10,2025-11-02,Verona,Inter,0.4465369480219152,0.3587837246195683,compact_btts_form,0.7750000000000005,True,1,1,1,0.33501551452856193,0.28516964383767623,0.2808920782288204,0.3171145542322802,0.31148511520038946,0.4465369480219152,0.1562713769178846,0.19380749541401007
6935,I1,2025/2026,2025-11,4,10,2025-11-02,Fiorentina,Lecce,0.3133189876701547,0.3587837246195683,compact_btts_form,0.7750000000000005,True,0,0,1,0.2368357097387782,0.5156621941623911,0.4867359862965638,0.2746046827551304,0.3308192881030742,0.3133189876701547,0.32079398067037157,0.2659229575494683
6936,I1,2025/2026,2025-11,4,10,2025-11-02,Torino,Pisa,0.250790058321034,0.3587837246195683,compact_btts_form,0.7750000000000005,True,0,1,0,0.17071456320364992,0.49083885752068657,0.5303020927941909,0.15246614692169333,0.062130582467044615,0.250790058321034,0.3165209979718695,0.03924355922845734
6937,I1,2025/2026,2025-11,4,10,2025-11-02,Parma,Bologna,0.40672246748650204,0.3587837246195683,compact_btts_form,0.7750000000000005,True,1,1,1,0.3378205126590829,0.7741182640303347,0.7664381403922444,0.3740671215329154,0.6647174497862844,0.40672246748650204,0.5447284172341283,0.8642690494634349
6938,I1,2025/2026,2025-11,4,10,2025-11-02,Milan,Roma,0.5479967449151271,0.3587837246195683,compact_btts_form,0.7750000000000005,True,1,0,0,0.622830884024141,0.6349095611283502,0.5893432929719589,0.6060710132110831,0.5681796999957316,0.5479967449151271,0.4933055409580729,0.7898753368968447
9136,D1,2025/2026,2025-11,4,9,2025-11-02,FC Koln,Hamburg,0.7808050383790637,0.6299598043333093,compact_btts_form,0.7750000000000005,True,1,1,1,0.8175537110714707,0.9349371568829551,0.836386237371653,0.8395136262940218,0.9401957126078803,0.7808050383790637,0.8778395627959256,0.9666279374053394
9137,D1,2025/2026,2025-11,4,9,2025-11-02,Wolfsburg,Hoffenheim,0.7408733536143145,0.6299598043333093,compact_btts_form,0.7750000000000005,True,1,1,1,0.7916762778825323,0.9071999316857682,0.9014631621107329,0.8519692205701692,0.9701652495759748,0.7408733536143145,0.8690905947246842,0.9939868648419389
11740,E0,2025/2026,2025-11,4,10,2025-11-02,West Ham,Newcastle,0.44486087561154664,0.4455316854238786,compact_btts_form,0.7750000000000005,True,0,1,0,0.5867228106829476,0.7499973169780159,0.7163542814938189,0.5046395910408396,0.9234789191066779,0.44486087561154664,0.687863213517218,0.8442711257348129
11741,E0,2025/2026,2025-11,4,10,2025-11-02,Man City,Bournemouth,0.5060713296375684,0.4455316854238786,compact_btts_form,0.7750000000000005,True,1,1,1,0.6421328341212842,0.7114576571812069,0.7523612714063956,0.6613894392263517,0.7630010757748215,0.5060713296375684,0.5582813963104646,0.761646536363221
14147,F1,2025/2026,2025-11,4,11,2025-11-02,Rennes,Strasbourg,0.6473526954275215,0.5521303638276351,compact_btts_form,0.7750000000000005,True,1,1,1,0.7253663431127942,0.8433889545491433,0.7952553126620175,0.7023318253045918,0.8631885972324841,0.6473526954275215,0.8051048926846298,0.8313343943291137
14148,F1,2025/2026,2025-11,4,11,2025-11-02,Lens,Lorient,0.6080807068482523,0.5521303638276351,compact_btts_form,0.7750000000000005,True,1,0,0,0.6688320333752993,0.6684650301299476,0.5783336217564444,0.6540032222306819,0.9156277299052532,0.6080807068482523,0.8224863746635945,0.9325916012374258
14149,F1,2025/2026,2025-11,4,11,2025-11-02,Lille,Angers,0.3595708999416176,0.5521303638276351,compact_btts_form,0.7750000000000005,True,0,0,1,0.4253459243183079,0.5200239116873253,0.6469018678497997,0.5171710645512846,0.7932992455012362,0.3595708999416176,0.6826461648650093,0.8661217561669786
14150,F1,2025/2026,2025-11,4,11,2025-11-02,Nantes,Metz,0.5133741692158904,0.5521303638276351,compact_btts_form,0.7750000000000005,True,0,0,1,0.49389920015185046,0.6568376300684471,0.8084547314745141,0.6559889434232817,0.5145316057046369,0.5133741692158904,0.5537306962454108,0.8188565580330674
14151,F1,2025/2026,2025-11,4,11,2025-11-02,Toulouse,Le Havre,0.5566428570266116,0.5521303638276351,compact_btts_form,0.7750000000000005,True,1,0,0,0.614471058417219,0.4488150506840694,0.4776076558254108,0.5873800184770308,0.6380634432972209,0.5566428570266116,0.6126474153296846,0.7501365660319586
14152,F1,2025/2026,2025-11,4,11,2025-11-02,Brest,Lyon,0.6220460942427144,0.5521303638276351,compact_btts_form,0.7750000000000005,True,1,0,0,0.645818049371167,0.8465181074074769,0.8461398284997367,0.7151481400122283,0.8703017454266522,0.6220460942427144,0.8088151326483715,0.8923134009897382
16745,SP1,2025/2026,2025-11,4,11,2025-11-02,Levante,Celta,0.6015149939201765,0.4526604717011682,compact_btts_form,0.7750000000000005,True,1,1,1,0.7345769993098247,0.7350732288690314,0.6000396195539975,0.629110626778376,0.9123695945940925,0.6015149939201765,0.7477440467166964,0.7573586053849287
16746,SP1,2025/2026,2025-11,4,11,2025-11-02,Alaves,Espanol,0.5419811326557189,0.4526604717011682,compact_btts_form,0.7750000000000005,True,1,1,1,0.40674888822170424,0.3619752551777795,0.3662484062655874,0.3929446155426176,0.1975565811535054,0.5419811326557189,0.5012351328818757,0.3629803529311915
16747,SP1,2025/2026,2025-11,4,11,2025-11-02,Barcelona,Elche,0.6776637490129515,0.4526604717011682,compact_btts_form,0.7750000000000005,True,1,1,1,0.7685530889982768,0.7737739484372022,0.7012402125297506,0.8279559045344922,0.9430245373769527,0.6776637490129515,0.8758281971123699,0.976265666992608
16748,SP1,2025/2026,2025-11,4,11,2025-11-02,Betis,Mallorca,0.44355007763693305,0.4526604717011682,compact_btts_form,0.7750000000000005,True,0,0,1,0.42533035077491566,0.5378173080183472,0.5481373937460504,0.5002742504271274,0.6433076874169767,0.44355007763693305,0.6967559687883363,0.8068160691443224
6939,I1,2025/2026,2025-11,4,10,2025-11-03,Sassuolo,Genoa,0.2701272984474918,0.3587837246195683,compact_btts_form,0.7750000000000005,True,0,1,0,0.1927462080058243,0.6941906535081862,0.6528570648915761,0.13882584180842367,0.08696687214984537,0.2701272984474918,0.2326691557514146,0.13026506801447074
6940,I1,2025/2026,2025-11,4,10,2025-11-03,Lazio,Cagliari,0.4350942019403439,0.3587837246195683,compact_btts_form,0.7750000000000005,True,1,0,0,0.37219415331875244,0.6802632339601816,0.6880050134302608,0.3582735025844265,0.5769251089144365,0.4350942019403439,0.4325726231991618,0.6482307143865521
11742,E0,2025/2026,2025-11,4,10,2025-11-03,Sunderland,Everton,0.4724494869199914,0.4455316854238786,compact_btts_form,0.7750000000000005,True,1,1,1,0.5061672437354227,0.7417660411805512,0.6573816731417084,0.4232372738456308,0.5271642118732496,0.4724494869199914,0.5318657911714951,0.6924819244717454
16749,SP1,2025/2026,2025-11,4,11,2025-11-03,Oviedo,Osasuna,0.41843446082269753,0.4526604717011682,compact_btts_form,0.7750000000000005,True,0,0,1,0.37735139556116265,0.5713000764377587,0.5865623317886719,0.3548408385903122,0.3757449231722585,0.41843446082269753,0.6224166308541854,0.41630990053910266
6941,I1,2025/2026,2025-11,4,11,2025-11-07,Pisa,Cremonese,0.2989665627926276,0.3587837246195683,compact_btts_form,0.7750000000000005,True,0,0,1,0.24026390860852112,0.6653779770140841,0.5617677456452459,0.17968626415081274,0.14806709414438754,0.2989665627926276,0.11867260207567921,0.15588780351617487
9138,D1,2025/2026,2025-11,4,10,2025-11-07,Werder Bremen,Wolfsburg,0.775830754040442,0.6299598043333093,compact_btts_form,0.7750000000000005,True,1,1,1,0.8187593760138518,0.9143912784054483,0.8540063614695059,0.8819938450925559,0.967044983480348,0.775830754040442,0.8371634351485203,0.9901826048688402
14153,F1,2025/2026,2025-11,4,12,2025-11-07,Paris FC,Rennes,0.5805046225187203,0.5521303638276351,compact_btts_form,0.7750000000000005,True,1,0,0,0.6367942762188434,0.7804776798217075,0.6715134147185029,0.586949516021839,0.7822618655548205,0.5805046225187203,0.6529326173454364,0.6830240332205095
16750,SP1,2025/2026,2025-11,4,12,2025-11-07,Elche,Sociedad,0.526187380464046,0.4526604717011682,compact_btts_form,0.7750000000000005,True,1,1,1,0.4452401177862617,0.7767236468039165,0.8044915147536627,0.5858877161613452,0.7657471147522175,0.526187380464046,0.8275962484511058,0.9150314427746383
6942,I1,2025/2026,2025-11,4,11,2025-11-08,Como,Cagliari,0.4751825898364605,0.3587837246195683,compact_btts_form,0.7750000000000005,True,1,0,0,0.45122881248741936,0.5940102910043227,0.7116221542617145,0.444135216191364,0.7223866486957023,0.4751825898364605,0.48619547629844884,0.7848867095288474
6943,I1,2025/2026,2025-11,4,11,2025-11-08,Lecce,Verona,0.3634788860662491,0.3587837246195683,compact_btts_form,0.7750000000000005,True,1,0,0,0.2600073909271836,0.5675875074206075,0.4775325319662403,0.2321136504536426,0.08676269104461756,0.3634788860662491,0.29618237844053424,0.18623501220678612
6944,I1,2025/2026,2025-11,4,11,2025-11-08,Juventus,Torino,0.4451169650231051,0.3587837246195683,compact_btts_form,0.7750000000000005,True,1,0,0,0.289873381484026,0.5844870611391233,0.6044815224363356,0.2901317538437389,0.4958732165944832,0.4451169650231051,0.23617058961192947,0.33348541507531765
6945,I1,2025/2026,2025-11,4,11,2025-11-08,Parma,Milan,0.43417741827966017,0.3587837246195683,compact_btts_form,0.7750000000000005,True,1,1,1,0.41879510696109457,0.56386931960687,0.49811600504391595,0.3635502582211508,0.6649718129443138,0.43417741827966017,0.33333168654979034,0.401500684606209
9139,D1,2025/2026,2025-11,4,10,2025-11-08,Hamburg,Dortmund,0.5809088428711222,0.6299598043333093,compact_btts_form,0.7750000000000005,True,0,1,0,0.6398214870242632,0.7096085070290914,0.6130581001807567,0.6493983105290357,0.6496763877222749,0.5809088428711222,0.25584429822738186,0.3870531380080027
9140,D1,2025/2026,2025-11,4,10,2025-11-08,Hoffenheim,RB Leipzig,0.8204239143367683,0.6299598043333093,compact_btts_form,0.7750000000000005,True,1,1,1,0.9082376215452054,0.8645438981770812,0.8691849261230032,0.9191507610078609,0.9751564889725122,0.8204239143367683,0.8570778680564661,0.9916621232064828
9141,D1,2025/2026,2025-11,4,10,2025-11-08,Leverkusen,Heidenheim,0.6453871325670701,0.6299598043333093,compact_btts_form,0.7750000000000005,True,1,0,0,0.6861161913150566,0.5430814326549711,0.5211019844881966,0.7294139046600273,0.8368217765432739,0.6453871325670701,0.6999883730869865,0.8999459287961344
9142,D1,2025/2026,2025-11,4,10,2025-11-08,Union Berlin,Bayern Munich,0.5779056475575137,0.6299598043333093,compact_btts_form,0.7750000000000005,True,0,1,0,0.6207676119602292,0.6511193430273469,0.7337374555053192,0.716781442917695,0.8683102678628272,0.5779056475575137,0.657412228340189,0.8864159747876501
9143,D1,2025/2026,2025-11,4,10,2025-11-08,M'gladbach,FC Koln,0.6874418109382436,0.6299598043333093,compact_btts_form,0.7750000000000005,True,1,1,1,0.8042155311138212,0.793658124606299,0.8397966553896682,0.8386646443252481,0.9445047307313641,0.6874418109382436,0.6790318591336615,0.9757030818599877
11743,E0,2025/2026,2025-11,4,11,2025-11-08,Tottenham,Man United,0.613787969193699,0.4455316854238786,compact_btts_form,0.7750000000000005,True,1,1,1,0.704398576330743,0.7753837367536035,0.7074425180745876,0.6690276829365648,0.5013494158686708,0.613787969193699,0.7349458962281907,0.567319147083317
11744,E0,2025/2026,2025-11,4,11,2025-11-08,Everton,Fulham,0.4631082756161064,0.4455316854238786,compact_btts_form,0.7750000000000005,True,1,0,0,0.5071786305115275,0.6611211606633831,0.6189867195745294,0.5421047913441348,0.5436634096075986,0.4631082756161064,0.7042556959767027,0.7950410581919413
11745,E0,2025/2026,2025-11,4,11,2025-11-08,West Ham,Burnley,0.3867740959367628,0.4455316854238786,compact_btts_form,0.7750000000000005,True,0,1,0,0.452656232710147,0.6915951305808973,0.6058658028967451,0.41568054731269727,0.6364141341657163,0.3867740959367628,0.41916890254773403,0.5238123978616289
11746,E0,2025/2026,2025-11,4,11,2025-11-08,Sunderland,Arsenal,0.38998432947858747,0.4455316854238786,compact_btts_form,0.7750000000000005,True,0,1,0,0.3818428841198273,0.6334988206889567,0.7027845606247154,0.3837363362480834,0.8344128677754363,0.38998432947858747,0.31826821973511404,0.7134083645900775
11747,E0,2025/2026,2025-11,4,11,2025-11-08,Chelsea,Wolves,0.48171453120911306,0.4455316854238786,compact_btts_form,0.7750000000000005,True,1,0,0,0.46445163084135704,0.5689763251478512,0.43804999841159087,0.4614825754323804,0.32205717943614964,0.48171453120911306,0.5710374081670396,0.3692517857575667
14154,F1,2025/2026,2025-11,4,12,2025-11-08,Marseille,Brest,0.5521303638276351,0.5521303638276351,compact_btts_form,0.7750000000000005,True,1,0,0,0.6226689354564513,0.49495985083535965,0.5934299670542653,0.7136387806508985,0.7925393391490335,0.5521303638276351,0.7601352796547078,0.8406642979706762
14155,F1,2025/2026,2025-11,4,12,2025-11-08,Le Havre,Nantes,0.42572674299411334,0.5521303638276351,compact_btts_form,0.7750000000000005,True,0,1,0,0.42491978889566395,0.6007399211696103,0.6887695847673629,0.43008406415241285,0.7154444853002152,0.42572674299411334,0.6265137348025809,0.791157813371099
14156,F1,2025/2026,2025-11,4,12,2025-11-08,Monaco,Lens,0.6854406804058853,0.5521303638276351,compact_btts_form,0.7750000000000005,True,1,1,1,0.7200304260307998,0.7947256880067279,0.7148733351160129,0.7163223974923802,0.8256508933054512,0.6854406804058853,0.8650265134095495,0.9315215539738496
16751,SP1,2025/2026,2025-11,4,12,2025-11-08,Girona,Alaves,0.4029295938573415,0.4526604717011682,compact_btts_form,0.7750000000000005,True,0,0,1,0.3250895028683098,0.6901889613478079,0.6589625952158349,0.31698502531697437,0.45842703837342547,0.4029295938573415,0.5572897911166104,0.4678578244813724
16752,SP1,2025/2026,2025-11,4,12,2025-11-08,Sevilla,Osasuna,0.44950017713445695,0.4526604717011682,compact_btts_form,0.7750000000000005,True,0,0,1,0.44345820024786076,0.5647233180731376,0.6530348698971005,0.4846914135137711,0.515880508997162,0.44950017713445695,0.7129387444350501,0.7338848340526882
16753,SP1,2025/2026,2025-11,4,12,2025-11-08,Ath Madrid,Levante,0.49906866762024216,0.4526604717011682,compact_btts_form,0.7750000000000005,True,1,1,1,0.4137078163067082,0.6411577046563199,0.6924307778890577,0.4205490991324126,0.604322193397168,0.49906866762024216,0.3850352709416734,0.4007037134302958
16754,SP1,2025/2026,2025-11,4,12,2025-11-08,Espanol,Villarreal,0.5802902987485159,0.4526604717011682,compact_btts_form,0.7750000000000005,True,1,0,0,0.6428185289826084,0.6846602161901489,0.7593666825381292,0.6070427519680611,0.6570335730569605,0.5802902987485159,0.5479787654895684,0.7532280871072181
6946,I1,2025/2026,2025-11,4,11,2025-11-09,Atalanta,Sassuolo,0.411791452027239,0.3587837246195683,compact_btts_form,0.7750000000000005,True,1,0,0,0.38303559625650674,0.6782832104857034,0.590615135129489,0.384065222939021,0.42378856890069155,0.411791452027239,0.5143040508432094,0.6505586631442402
6947,I1,2025/2026,2025-11,4,11,2025-11-09,Bologna,Napoli,0.5106039820847116,0.3587837246195683,compact_btts_form,0.7750000000000005,True,1,0,0,0.49723911617010147,0.7927858217663424,0.8077528957033348,0.5023957721084986,0.8994965372343532,0.5106039820847116,0.7737681422931822,0.9771136992869422
6948,I1,2025/2026,2025-11,4,11,2025-11-09,Genoa,Fiorentina,0.4585143938223473,0.3587837246195683,compact_btts_form,0.7750000000000005,True,1,1,1,0.3696383003805344,0.7161982855123765,0.7203235436344998,0.31147110850817045,0.6638241524964441,0.4585143938223473,0.48423817051925744,0.6044760656194025
6949,I1,2025/2026,2025-11,4,11,2025-11-09,Roma,Udinese,0.3587837246195683,0.3587837246195683,compact_btts_form,0.7750000000000005,True,1,0,0,0.23687287212441577,0.5648692713708094,0.5120598541244212,0.19074250819811162,0.2669539981197913,0.3587837246195683,0.3503229746859454,0.3567356409490453
6950,I1,2025/2026,2025-11,4,11,2025-11-09,Inter,Lazio,0.5791504562585281,0.3587837246195683,compact_btts_form,0.7750000000000005,True,1,0,0,0.5737617052312108,0.7609170471596074,0.8048601927609418,0.5819296336386762,0.9779409331926755,0.5791504562585281,0.673203159222041,0.9640501156376564
9144,D1,2025/2026,2025-11,4,10,2025-11-09,Freiburg,St Pauli,0.5334319525965803,0.6299598043333093,compact_btts_form,0.7750000000000005,True,0,1,0,0.6015574147506385,0.45120651551309804,0.32773470956180734,0.5950238235132984,0.7645534481673709,0.5334319525965803,0.4214305804548755,0.6356630204125864
9145,D1,2025/2026,2025-11,4,10,2025-11-09,Stuttgart,Augsburg,0.623526895115127,0.6299598043333093,compact_btts_form,0.7750000000000005,True,0,1,0,0.5973368429882286,0.7272649062984536,0.6542273955235812,0.6339064455349146,0.8325313273691408,0.623526895115127,0.6124494171443515,0.9436678209920162
9146,D1,2025/2026,2025-11,4,10,2025-11-09,Ein Frankfurt,Mainz,0.6767787376920585,0.6299598043333093,compact_btts_form,0.7750000000000005,True,1,0,0,0.7477819293362766,0.7613128650909603,0.7850815288458687,0.7452976347243734,0.9247261015813386,0.6767787376920585,0.8315353086422131,0.9748527186255962
11748,E0,2025/2026,2025-11,4,11,2025-11-09,Aston Villa,Bournemouth,0.47155022885823633,0.4455316854238786,compact_btts_form,0.7750000000000005,True,1,0,0,0.5753495193279378,0.8517911631019971,0.8653079883626831,0.5984569788080871,0.7003864960456888,0.47155022885823633,0.675799631610411,0.7910539517646299
11749,E0,2025/2026,2025-11,4,11,2025-11-09,Brentford,Newcastle,0.6207895619730919,0.4455316854238786,compact_btts_form,0.7750000000000005,True,1,1,1,0.7361913311254159,0.7020679136088003,0.7329572518475367,0.7018181929580735,0.7392262251828073,0.6207895619730919,0.736109531916139,0.854103306478554
11750,E0,2025/2026,2025-11,4,11,2025-11-09,Crystal Palace,Brighton,0.6386442775181037,0.4455316854238786,compact_btts_form,0.7750000000000005,True,1,0,0,0.7410433503045712,0.9061758145458657,0.8832047850713557,0.7150123368945738,0.8590885546207877,0.6386442775181037,0.7488807179018365,0.8922214550428544
11751,E0,2025/2026,2025-11,4,11,2025-11-09,Nott'm Forest,Leeds,0.4603642115437685,0.4455316854238786,compact_btts_form,0.7750000000000005,True,1,1,1,0.4950913975498032,0.5512715135496873,0.5878539417989074,0.47188895255995383,0.41584249435695664,0.4603642115437685,0.49901271097858585,0.45939075229979087
11752,E0,2025/2026,2025-11,4,11,2025-11-09,Man City,Liverpool,0.6982230869426876,0.4455316854238786,compact_btts_form,0.7750000000000005,True,1,0,0,0.8391769970083752,0.7585919936886365,0.7667550898932808,0.8360548795891265,0.8503507137978958,0.6982230869426876,0.7701781206769703,0.9631463741834272
14157,F1,2025/2026,2025-11,4,12,2025-11-09,Lorient,Toulouse,0.6883250868633699,0.5521303638276351,compact_btts_form,0.7750000000000005,True,1,1,1,0.746106936820226,0.8608268532991985,0.7778608914467603,0.7121186798530125,0.9871194048045654,0.6883250868633699,0.9558241966168234,0.9921764394027901
14158,F1,2025/2026,2025-11,4,12,2025-11-09,Angers,Auxerre,0.48900958695560776,0.5521303638276351,compact_btts_form,0.7750000000000005,True,0,0,1,0.51883156371451,0.3705816456118973,0.5046952585120552,0.5853739297852742,0.315267360959216,0.48900958695560776,0.5550025451294897,0.38640800344075404
14159,F1,2025/2026,2025-11,4,12,2025-11-09,Metz,Nice,0.46681035114004915,0.5521303638276351,compact_btts_form,0.7750000000000005,True,0,1,0,0.4845685729339932,0.769917889812162,0.772205824316193,0.5558318998608717,0.7090650970122626,0.46681035114004915,0.7331021436773885,0.733746312628518
14160,F1,2025/2026,2025-11,4,12,2025-11-09,Strasbourg,Lille,0.8380640330493264,0.5521303638276351,compact_btts_form,0.7750000000000005,True,1,0,0,0.8565082185105612,0.9022385020870086,0.9309685530719835,0.8964216777466599,0.9797788352452361,0.8380640330493264,0.9579836079557409,0.9974424879366348
14161,F1,2025/2026,2025-11,4,12,2025-11-09,Lyon,Paris SG,0.7090773705013448,0.5521303638276351,compact_btts_form,0.7750000000000005,True,1,1,1,0.7737739452991438,0.8098843499615865,0.8439069100970216,0.801293778412265,0.9591214067155449,0.7090773705013448,0.9098842031398172,0.9679620858230209
16755,SP1,2025/2026,2025-11,4,12,2025-11-09,Ath Bilbao,Oviedo,0.4884330939271938,0.4526604717011682,compact_btts_form,0.7750000000000005,True,1,0,0,0.45467179412215725,0.2608624712867934,0.6086195240094006,0.3540368090834638,0.2621969879574268,0.4884330939271938,0.8046493310994483,0.4227994602156369
16756,SP1,2025/2026,2025-11,4,12,2025-11-09,Vallecano,Real Madrid,0.603057229078558,0.4526604717011682,compact_btts_form,0.7750000000000005,True,1,0,0,0.49046478919073905,0.7202258850776472,0.7558500448874502,0.5584656673698439,0.6726277222070471,0.603057229078558,0.4524849131123314,0.6641187614834902
16757,SP1,2025/2026,2025-11,4,12,2025-11-09,Mallorca,Getafe,0.3649975157790746,0.4526604717011682,compact_btts_form,0.7750000000000005,True,0,0,1,0.32404103639734894,0.37869838402014383,0.35508488418007045,0.28467923442585086,0.2210896754131506,0.3649975157790746,0.25952614883569874,0.1165603912604066
16758,SP1,2025/2026,2025-11,4,12,2025-11-09,Valencia,Betis,0.5860103834637453,0.4526604717011682,compact_btts_form,0.7750000000000005,True,1,1,1,0.6005291074884527,0.7956254629344138,0.765240839487541,0.6335499387451654,0.8339165305907372,0.5860103834637453,0.848783504215235,0.9292229479620824
16759,SP1,2025/2026,2025-11,4,12,2025-11-09,Celta,Barcelona,0.7795849080540632,0.4526604717011682,compact_btts_form,0.7750000000000005,True,1,1,1,0.7991400936386925,0.855489877833397,0.8372837560344255,0.7761987340720121,0.9272465833399314,0.7795849080540632,0.8411431423387491,0.9512845598959004
9147,D1,2025/2026,2025-11,4,11,2025-11-21,Mainz,Hoffenheim,0.7347777491125742,0.6299598043333093,compact_btts_form,0.7750000000000005,True,1,1,1,0.8065199517625746,0.8083582061201734,0.7788662392740878,0.819449655915691,0.8905876241497444,0.7347777491125742,0.6882251840177418,0.9432934008755249
14162,F1,2025/2026,2025-11,4,13,2025-11-21,Nice,Marseille,0.6208373279134177,0.5521303638276351,compact_btts_form,0.7750000000000005,True,1,1,1,0.7162611453112553,0.704066240054355,0.6675994560926702,0.7561810516814012,0.8561911380486865,0.6208373279134177,0.9134071057864499,0.9377636066884232
16760,SP1,2025/2026,2025-11,4,13,2025-11-21,Valencia,Levante,0.6476809323114164,0.4526604717011682,compact_btts_form,0.7750000000000005,True,1,0,0,0.5729591879165137,0.8626053113734035,0.8159798737205403,0.5232121776473646,0.8996785199498507,0.6476809323114164,0.7811818554024369,0.8884924027640088
6951,I1,2025/2026,2025-11,4,12,2025-11-22,Cagliari,Genoa,0.37085396239102,0.3587837246195683,compact_btts_form,0.7750000000000005,True,1,1,1,0.2899192020450657,0.715238410762223,0.564938367000976,0.23795498016039668,0.22074064586166833,0.37085396239102,0.34197897452936427,0.25534823735940576
6952,I1,2025/2026,2025-11,4,12,2025-11-22,Udinese,Bologna,0.3930096645405418,0.3587837246195683,compact_btts_form,0.7750000000000005,True,1,0,0,0.32565404491171374,0.7834709066403107,0.7967305996234338,0.3492090166760637,0.6603901726024727,0.3930096645405418,0.5879988859135843,0.7611266349862215
6953,I1,2025/2026,2025-11,4,12,2025-11-22,Fiorentina,Juventus,0.5627955903354965,0.3587837246195683,compact_btts_form,0.7750000000000005,True,1,1,1,0.49121644491630406,0.8440400811773542,0.7933597474692317,0.45926809637990884,0.9529439270282573,0.5627955903354965,0.7559042559382337,0.9307860764113406
6954,I1,2025/2026,2025-11,4,12,2025-11-22,Napoli,Atalanta,0.6612296501863579,0.3587837246195683,compact_btts_form,0.7750000000000005,True,1,1,1,0.6275086720737478,0.7297548914861798,0.6176573903188525,0.5482802443338084,0.7544390721438219,0.6612296501863579,0.4719718097292694,0.7273870533880412
9148,D1,2025/2026,2025-11,4,11,2025-11-22,Augsburg,Hamburg,0.80622437812978,0.6299598043333093,compact_btts_form,0.7750000000000005,True,1,0,0,0.8675118757993379,0.898960315209054,0.6811270448229179,0.8148006982571867,0.9614702061708402,0.80622437812978,0.921786555911289,0.9620761801824906
9149,D1,2025/2026,2025-11,4,11,2025-11-22,Bayern Munich,Freiburg,0.7241713149888473,0.6299598043333093,compact_btts_form,0.7750000000000005,True,1,1,1,0.7534656339968966,0.520073400882365,0.5948257884757113,0.8232193760056433,0.809966152432673,0.7241713149888473,0.6453567427955178,0.960021452902899
9150,D1,2025/2026,2025-11,4,11,2025-11-22,Dortmund,Stuttgart,0.7500908432097817,0.6299598043333093,compact_btts_form,0.7750000000000005,True,1,1,1,0.7831078555373862,0.9537525868338216,0.9439496710511548,0.8452394166243307,0.98490430130326,0.7500908432097817,0.8273713023432033,0.9917907679058272
9151,D1,2025/2026,2025-11,4,11,2025-11-22,Heidenheim,M'gladbach,0.6278514093285422,0.6299598043333093,compact_btts_form,0.7750000000000005,True,0,0,1,0.6359191896235687,0.7323208743483459,0.7738643120711123,0.7264162459873494,0.6629981197913289,0.6278514093285422,0.35975778979426193,0.7918524636892321
9152,D1,2025/2026,2025-11,4,11,2025-11-22,Wolfsburg,Leverkusen,0.6577126992027192,0.6299598043333093,compact_btts_form,0.7750000000000005,True,1,1,1,0.6510688134232997,0.9044897924427797,0.9116550093155196,0.6875836582252636,0.9182228458554351,0.6577126992027192,0.8718420658405104,0.9877684075803329
9153,D1,2025/2026,2025-11,4,11,2025-11-22,FC Koln,Ein Frankfurt,0.7288754395923898,0.6299598043333093,compact_btts_form,0.7750000000000005,True,1,1,1,0.7178150502151318,0.8502922992498558,0.8079552002462627,0.7489345168619798,0.728918877895767,0.7288754395923898,0.6211103367476011,0.9548986664303764
11753,E0,2025/2026,2025-11,4,12,2025-11-22,Burnley,Chelsea,0.41010370978861765,0.4455316854238786,compact_btts_form,0.7750000000000005,True,0,0,1,0.4212077018937719,0.5432447517538491,0.5269634677967612,0.4082154786970891,0.6003909228071261,0.41010370978861765,0.4369959335161351,0.3764271009572647
11754,E0,2025/2026,2025-11,4,12,2025-11-22,Bournemouth,West Ham,0.5091199373813016,0.4455316854238786,compact_btts_form,0.7750000000000005,True,1,1,1,0.5273543581790473,0.4837037358436507,0.3548500887323974,0.4119435061364906,0.3837974225816905,0.5091199373813016,0.5200840716692651,0.18450478543239382
11755,E0,2025/2026,2025-11,4,12,2025-11-22,Brighton,Brentford,0.5729373260624521,0.4455316854238786,compact_btts_form,0.7750000000000005,True,1,1,1,0.628547127689703,0.8350969297184501,0.8271011143440963,0.65149652964745,0.6509183645133509,0.5729373260624521,0.7787966347475929,0.9343943207125371
11756,E0,2025/2026,2025-11,4,12,2025-11-22,Fulham,Sunderland,0.523078178516648,0.4455316854238786,compact_btts_form,0.7750000000000005,True,1,0,0,0.6034791478635242,0.4775662142049839,0.5109996991657396,0.5645193455039819,0.3991876076435769,0.523078178516648,0.6251015612021098,0.5062954304757616
11757,E0,2025/2026,2025-11,4,12,2025-11-22,Liverpool,Nott'm Forest,0.4764580237078716,0.4455316854238786,compact_btts_form,0.7750000000000005,True,1,0,0,0.4269617913257079,0.7083553584156314,0.6796526960234314,0.4325237900642282,0.5286199229680173,0.4764580237078716,0.5178532149609663,0.6829866234827779
11758,E0,2025/2026,2025-11,4,12,2025-11-22,Wolves,Crystal Palace,0.4742668102058711,0.4455316854238786,compact_btts_form,0.7750000000000005,True,1,0,0,0.5579620360046579,0.45469032025323997,0.34631845597245625,0.4046718655800274,0.4719175889673889,0.4742668102058711,0.47348870887354755,0.22372801407563536
11759,E0,2025/2026,2025-11,4,12,2025-11-22,Newcastle,Man City,0.6455633449708207,0.4455316854238786,compact_btts_form,0.7750000000000005,True,1,1,1,0.6716569236771092,0.6671544546386495,0.7091768684619613,0.6442165295223231,0.6796842931851863,0.6455633449708207,0.6796058968722072,0.7529629058389302
14163,F1,2025/2026,2025-11,4,13,2025-11-22,Lens,Strasbourg,0.7058884815591574,0.5521303638276351,compact_btts_form,0.7750000000000005,True,1,0,0,0.7707214167074903,0.8992707764259285,0.8660367117462179,0.7410377525298444,0.9447622611510877,0.7058884815591574,0.8554166368087344,0.9299507000261976
14164,F1,2025/2026,2025-11,4,13,2025-11-22,Rennes,Monaco,0.7590086418576417,0.5521303638276351,compact_btts_form,0.7750000000000005,True,1,1,1,0.7892829733709741,0.953092851785066,0.9261865025403061,0.7967797256625376,0.987581565451865,0.7590086418576417,0.9511913209260062,0.9952681614342058
14165,F1,2025/2026,2025-11,4,13,2025-11-22,Paris SG,Le Havre,0.5636140702752692,0.5521303638276351,compact_btts_form,0.7750000000000005,True,1,0,0,0.6026706957368917,0.5054618519967962,0.44837461408526275,0.6232472374065319,0.5614400494958842,0.5636140702752692,0.4201085759487594,0.4911950480398155
16761,SP1,2025/2026,2025-11,4,13,2025-11-22,Alaves,Celta,0.4436885774193893,0.4526604717011682,compact_btts_form,0.7750000000000005,True,0,0,1,0.5508335001837309,0.22385681462271523,0.19676360536853932,0.4175799250642433,0.24806762410316457,0.4436885774193893,0.430335221808326,0.10180233680422462
16762,SP1,2025/2026,2025-11,4,13,2025-11-22,Barcelona,Ath Bilbao,0.7369528761250613,0.4526604717011682,compact_btts_form,0.7750000000000005,True,1,0,0,0.7486390634820569,0.3776272652467202,0.16981945316753808,0.7042143673973429,0.42900036514375706,0.7369528761250613,0.7717948759230359,0.29692195227133805
16763,SP1,2025/2026,2025-11,4,13,2025-11-22,Osasuna,Sociedad,0.6134540744096122,0.4526604717011682,compact_btts_form,0.7750000000000005,True,1,1,1,0.5645472044229823,0.7614471614029794,0.7546584090131111,0.5435047010511237,0.7576552209145802,0.6134540744096122,0.8177777341533122,0.7589870831771615
16764,SP1,2025/2026,2025-11,4,13,2025-11-22,Villarreal,Mallorca,0.614956245688978,0.4526604717011682,compact_btts_form,0.7750000000000005,True,1,1,1,0.532492319092906,0.5115001523802296,0.6344333855786185,0.6453289290659483,0.604730820734015,0.614956245688978,0.43482899433225364,0.6718416064075537
6955,I1,2025/2026,2025-11,4,12,2025-11-23,Verona,Parma,0.37255615450848584,0.3587837246195683,compact_btts_form,0.7750000000000005,True,1,1,1,0.3574800597767179,0.2323684481475811,0.2566643616583088,0.3228467730862141,0.08138631475735067,0.37255615450848584,0.21461953835654018,0.09481880443336875
6956,I1,2025/2026,2025-11,4,12,2025-11-23,Cremonese,Roma,0.4213116894381446,0.3587837246195683,compact_btts_form,0.7750000000000005,True,1,1,1,0.3846182457170908,0.6797855038755128,0.5430776278927175,0.3238479886012992,0.8513622769635883,0.4213116894381446,0.5743455932819385,0.8085153212294223
6957,I1,2025/2026,2025-11,4,12,2025-11-23,Lazio,Lecce,0.3301405678164048,0.3587837246195683,compact_btts_form,0.7750000000000005,True,0,0,1,0.2500542777060513,0.6977666346842946,0.7105644684936104,0.2849363060951457,0.40367262857137043,0.3301405678164048,0.3168471270546167,0.31916918420011814
6958,I1,2025/2026,2025-11,4,12,2025-11-23,Inter,Milan,0.6039475692403546,0.3587837246195683,compact_btts_form,0.7750000000000005,True,1,0,0,0.58498963559206,0.8559268529693541,0.8509159250596867,0.5324093917847105,0.931100764718235,0.6039475692403546,0.6184429868143184,0.8920325054358421
9154,D1,2025/2026,2025-11,4,11,2025-11-23,RB Leipzig,Werder Bremen,0.75289557670604,0.6299598043333093,compact_btts_form,0.7750000000000005,True,1,0,0,0.7268076068123844,0.7514588422083407,0.7956677574808323,0.7953211958392342,0.8797918483236669,0.75289557670604,0.685879458606146,0.9544508257926944
9155,D1,2025/2026,2025-11,4,11,2025-11-23,St Pauli,Union Berlin,0.5759700411465769,0.6299598043333093,compact_btts_form,0.7750000000000005,True,0,0,1,0.6018158755312869,0.286741856461944,0.1894770563040156,0.5580892937451112,0.25720360414041143,0.5759700411465769,0.26898495786857574,0.31851180904288845
11760,E0,2025/2026,2025-11,4,12,2025-11-23,Leeds,Aston Villa,0.5408359998499219,0.4455316854238786,compact_btts_form,0.7750000000000005,True,1,1,1,0.5974776076610904,0.8537500936849373,0.7817663201171803,0.5700974488246107,0.8167324083783575,0.5408359998499219,0.7377463229740702,0.8522556123713565
11761,E0,2025/2026,2025-11,4,12,2025-11-23,Arsenal,Tottenham,0.38807136995193403,0.4455316854238786,compact_btts_form,0.7750000000000005,True,0,1,0,0.42605451462579275,0.40969382549836003,0.2963530837130156,0.41291731930617953,0.34690039837441294,0.38807136995193403,0.3598489304927879,0.16232737404581254
14166,F1,2025/2026,2025-11,4,13,2025-11-23,Auxerre,Lyon,0.6394172316825971,0.5521303638276351,compact_btts_form,0.7750000000000005,True,1,0,0,0.6969227811371831,0.564538080016766,0.6047276815536451,0.6998455981675743,0.756265561161602,0.6394172316825971,0.7500744809242375,0.8439782997875873
14167,F1,2025/2026,2025-11,4,13,2025-11-23,Brest,Metz,0.5658834363993425,0.5521303638276351,compact_btts_form,0.7750000000000005,True,1,1,1,0.5470282581249507,0.7966306974500942,0.8433273914142697,0.6263508828184873,0.7800535075485407,0.5658834363993425,0.6030561136436585,0.7927323389614672
14168,F1,2025/2026,2025-11,4,13,2025-11-23,Nantes,Lorient,0.6559207142999788,0.5521303638276351,compact_btts_form,0.7750000000000005,True,1,1,1,0.7778669027476736,0.680101442831102,0.6749190675270144,0.7486950034051781,0.9105304066558744,0.6559207142999788,0.9024994477458003,0.9617241189544946
14169,F1,2025/2026,2025-11,4,13,2025-11-23,Toulouse,Angers,0.47806918466887716,0.5521303638276351,compact_btts_form,0.7750000000000005,True,0,0,1,0.5359070646603616,0.46213818141729324,0.5867341640005148,0.5912905233725751,0.828618053214223,0.47806918466887716,0.7518070888545201,0.9075601162565193
14170,F1,2025/2026,2025-11,4,13,2025-11-23,Lille,Paris FC,0.6901330492704778,0.5521303638276351,compact_btts_form,0.7750000000000005,True,1,1,1,0.8126609033865325,0.7575187041605419,0.7660432842305551,0.8387519839765373,0.9408580777291847,0.6901330492704778,0.9286374442922127,0.9834973753885486
16765,SP1,2025/2026,2025-11,4,13,2025-11-23,Oviedo,Vallecano,0.36065416769652403,0.4526604717011682,compact_btts_form,0.7750000000000005,True,0,0,1,0.347379554363555,0.3738630475004599,0.4360196907617132,0.3926542872427068,0.22017234093599436,0.36065416769652403,0.4402597084489377,0.2135175227220326
16766,SP1,2025/2026,2025-11,4,13,2025-11-23,Betis,Girona,0.5962739748653336,0.4526604717011682,compact_btts_form,0.7750000000000005,True,1,1,1,0.5972495825575985,0.8781458986995428,0.8964639915422197,0.6215927592005506,0.9515941226376383,0.5962739748653336,0.9489576249867325,0.9942597017576574
16767,SP1,2025/2026,2025-11,4,13,2025-11-23,Getafe,Ath Madrid,0.2741203925791783,0.4526604717011682,compact_btts_form,0.7750000000000005,True,0,0,1,0.32847846433135486,0.11000924059774135,0.2042299484683958,0.42917072770243586,0.06193760685858206,0.2741203925791783,0.17777991314319164,0.09150943860882925
16768,SP1,2025/2026,2025-11,4,13,2025-11-23,Elche,Real Madrid,0.7207666378471446,0.4526604717011682,compact_btts_form,0.7750000000000005,True,1,1,1,0.6000990962483227,0.7517484962089189,0.7343742227485464,0.5985553033812229,0.955600708346859,0.7207666378471446,0.7768527302681282,0.910980293036533
6959,I1,2025/2026,2025-11,4,12,2025-11-24,Torino,Como,0.36883043320228337,0.3587837246195683,compact_btts_form,0.7750000000000005,True,1,1,1,0.3251372630925463,0.5539539636065337,0.6236415772958448,0.35467485748934025,0.38838176954119175,0.36883043320228337,0.3435836960433305,0.3935650636660472
6960,I1,2025/2026,2025-11,4,12,2025-11-24,Sassuolo,Pisa,0.247986717481544,0.3587837246195683,compact_btts_form,0.7750000000000005,True,0,1,0,0.20876027716583095,0.5579973557436079,0.5958399194969259,0.17437392442668367,0.05500872375575878,0.247986717481544,0.2512152826538936,0.06364050092493119
11762,E0,2025/2026,2025-11,4,12,2025-11-24,Man United,Everton,0.4146487679189272,0.4455316854238786,compact_btts_form,0.7750000000000005,True,0,0,1,0.4139614819750546,0.582244301681616,0.5034785187974423,0.39409874530776623,0.2266888075102117,0.4146487679189272,0.4365978943387328,0.4445568544073098
16769,SP1,2025/2026,2025-11,4,13,2025-11-24,Espanol,Sevilla,0.5186340661851812,0.4526604717011682,compact_btts_form,0.7750000000000005,True,1,1,1,0.5136368496863518,0.2766051461650724,0.37414446726230705,0.544821723979493,0.24586908091774842,0.5186340661851812,0.28457052247965947,0.42004579591725544
6961,I1,2025/2026,2025-11,4,13,2025-11-28,Como,Sassuolo,0.4162806181020432,0.3587837246195683,compact_btts_form,0.7750000000000005,True,1,0,0,0.43146866262033556,0.7458465879170487,0.7179367844850267,0.43322704068667517,0.5914010849430192,0.4162806181020432,0.5293187813924618,0.7537937129400827
9156,D1,2025/2026,2025-11,4,12,2025-11-28,M'gladbach,RB Leipzig,0.7779660306436242,0.6299598043333093,compact_btts_form,0.7750000000000005,True,1,0,0,0.8037335264234821,0.9101059556883635,0.9354474182958912,0.871800931400552,0.9371572471789037,0.7779660306436242,0.6921775177895411,0.9866780545075222
14171,F1,2025/2026,2025-11,4,14,2025-11-28,Metz,Rennes,0.5965352613225526,0.5521303638276351,compact_btts_form,0.7750000000000005,True,1,0,0,0.6148617163965365,0.786997829352193,0.738031992845836,0.5847044222098834,0.6246149466358404,0.5965352613225526,0.7671090382607949,0.5564938230456118
16770,SP1,2025/2026,2025-11,4,14,2025-11-28,Getafe,Elche,0.278070865808963,0.4526604717011682,compact_btts_form,0.7750000000000005,True,0,0,1,0.390040270069475,0.11962669824667187,0.2463119987082869,0.3935438375500596,0.06529146715511283,0.278070865808963,0.29371223473206526,0.12633497989800055
6962,I1,2025/2026,2025-11,4,13,2025-11-29,Genoa,Verona,0.29126502524397396,0.3587837246195683,compact_btts_form,0.7750000000000005,True,0,1,0,0.18874922483404255,0.44192492906152087,0.4030467736397927,0.15930740475153432,0.10085039578647848,0.29126502524397396,0.15937433361395367,0.09168777248301965
6963,I1,2025/2026,2025-11,4,13,2025-11-29,Parma,Udinese,0.507024977695066,0.3587837246195683,compact_btts_form,0.7750000000000005,True,1,0,0,0.43096537741204444,0.8085099270964722,0.7160198808069946,0.38700325665850416,0.7060709411176627,0.507024977695066,0.664647938553084,0.8200129055678446
6964,I1,2025/2026,2025-11,4,13,2025-11-29,Juventus,Cagliari,0.42771056659326145,0.3587837246195683,compact_btts_form,0.7750000000000005,True,1,1,1,0.326179412939602,0.5066885138079411,0.49193462863506027,0.28416310209079004,0.7358367481042374,0.42771056659326145,0.3701564919168552,0.49300861908293453
6965,I1,2025/2026,2025-11,4,13,2025-11-29,Milan,Lazio,0.5624969999729227,0.3587837246195683,compact_btts_form,0.7750000000000005,True,1,0,0,0.6046454096087844,0.595783024681693,0.5978971410360779,0.5747965456223384,0.8885947578310713,0.5624969999729227,0.4400904850794847,0.7476887206113078
9157,D1,2025/2026,2025-11,4,12,2025-11-29,Bayern Munich,St Pauli,0.6313320262841227,0.6299598043333093,compact_btts_form,0.7750000000000005,True,1,1,1,0.6897151041927776,0.5508942715818123,0.6096332517461172,0.7714699256484069,0.6398767869273243,0.6313320262841227,0.6104962188118233,0.8627641788514451
9158,D1,2025/2026,2025-11,4,12,2025-11-29,Hoffenheim,Augsburg,0.636106345377543,0.6299598043333093,compact_btts_form,0.7750000000000005,True,1,0,0,0.6854961109007633,0.4958616194176952,0.48106188406422673,0.6802871704445919,0.6200864726105274,0.636106345377543,0.4665917770161058,0.7685882002707207
9159,D1,2025/2026,2025-11,4,12,2025-11-29,Union Berlin,Heidenheim,0.5914565765106248,0.6299598043333093,compact_btts_form,0.7750000000000005,True,0,1,0,0.6208369076969982,0.48568059648109657,0.4646675895414145,0.6150087703432973,0.8387047598830125,0.5914565765106248,0.6139731940201577,0.7825321813747865
9160,D1,2025/2026,2025-11,4,12,2025-11-29,Werder Bremen,FC Koln,0.7930991459126936,0.6299598043333093,compact_btts_form,0.7750000000000005,True,1,1,1,0.8784015516369722,0.8758696426393812,0.8209573185832862,0.8796701675207482,0.9824242494514711,0.7930991459126936,0.8683626810782132,0.9882434496754089
9161,D1,2025/2026,2025-11,4,12,2025-11-29,Leverkusen,Dortmund,0.6709662905018544,0.6299598043333093,compact_btts_form,0.7750000000000005,True,1,1,1,0.7987470366346836,0.7708232160687519,0.7245260683802098,0.7830272943235974,0.7686876954698774,0.6709662905018544,0.6642312065565658,0.8849047895008937
11763,E0,2025/2026,2025-11,4,13,2025-11-29,Brentford,Burnley,0.370861026872958,0.4455316854238786,compact_btts_form,0.7750000000000005,True,0,1,0,0.39182599394255313,0.45821380893677277,0.46212907578352586,0.4246282953586889,0.34810749970592275,0.370861026872958,0.27228341406564427,0.2540789749142881
11764,E0,2025/2026,2025-11,4,13,2025-11-29,Man City,Leeds,0.49197614616406843,0.4455316854238786,compact_btts_form,0.7750000000000005,True,1,1,1,0.5523746424525664,0.69113453048155,0.6575971188723283,0.5553427165210933,0.765402009579637,0.49197614616406843,0.5837278891151224,0.7572031156800257
11765,E0,2025/2026,2025-11,4,13,2025-11-29,Sunderland,Bournemouth,0.47954383731070144,0.4455316854238786,compact_btts_form,0.7750000000000005,True,1,1,1,0.5891249344328432,0.8050732819800762,0.8005523126845315,0.5784417551444908,0.6655367540802234,0.47954383731070144,0.63952019802202,0.7905644906086887
11766,E0,2025/2026,2025-11,4,13,2025-11-29,Everton,Newcastle,0.5781021514595679,0.4455316854238786,compact_btts_form,0.7750000000000005,True,1,1,1,0.63975429008758,0.6701632168734392,0.6693602991761108,0.6287878833686601,0.6010330195362481,0.5781021514595679,0.7920421600097493,0.8627344136564105
11767,E0,2025/2026,2025-11,4,13,2025-11-29,Tottenham,Fulham,0.48883294044833087,0.4455316854238786,compact_btts_form,0.7750000000000005,True,1,1,1,0.5444588029596255,0.7518282000607144,0.6995844149744108,0.5326199969966018,0.5598540709574276,0.48883294044833087,0.65065609227459,0.7237324329006126
14172,F1,2025/2026,2025-11,4,14,2025-11-29,Monaco,Paris SG,0.670563001251573,0.5521303638276351,compact_btts_form,0.7750000000000005,True,1,0,0,0.7631890208678507,0.7584285681072397,0.7614575040086741,0.7843246082341265,0.9447875078826025,0.670563001251573,0.8677517529290306,0.9661841330095817
14173,F1,2025/2026,2025-11,4,14,2025-11-29,Paris FC,Auxerre,0.5471690672427941,0.5521303638276351,compact_btts_form,0.7750000000000005,True,0,1,0,0.590668192206009,0.6708106170311535,0.6433225720771284,0.6127910773581786,0.868876829864725,0.5471690672427941,0.602505087598994,0.7556141278483934
14174,F1,2025/2026,2025-11,4,14,2025-11-29,Marseille,Toulouse,0.6607501706966835,0.5521303638276351,compact_btts_form,0.7750000000000005,True,1,1,1,0.7556235524667444,0.5833696688981146,0.5284487552114506,0.7751572299198605,0.952029544248638,0.6607501706966835,0.8550175797600584,0.9432847949864411
16771,SP1,2025/2026,2025-11,4,14,2025-11-29,Mallorca,Osasuna,0.5051950244151292,0.4526604717011682,compact_btts_form,0.7750000000000005,True,1,1,1,0.4339188693342094,0.6190989041222277,0.5358450026894561,0.31783316508895865,0.642679966553739,0.5051950244151292,0.5524481856251189,0.3554002059184894
16772,SP1,2025/2026,2025-11,4,14,2025-11-29,Barcelona,Alaves,0.7259967844940954,0.4526604717011682,compact_btts_form,0.7750000000000005,True,1,1,1,0.7276805658818926,0.8227909384721667,0.7109091164108622,0.8234240623341753,0.9626392894046939,0.7259967844940954,0.882433689228232,0.9869760271760619
16773,SP1,2025/2026,2025-11,4,14,2025-11-29,Levante,Ath Bilbao,0.5796598036245929,0.4526604717011682,compact_btts_form,0.7750000000000005,True,1,0,0,0.5784631830847717,0.22220556395251,0.15591917197947644,0.44609402993635316,0.14296900889622668,0.5796598036245929,0.46351056466599366,0.05129427744145523
16774,SP1,2025/2026,2025-11,4,14,2025-11-29,Ath Madrid,Oviedo,0.4854098803805991,0.4526604717011682,compact_btts_form,0.7750000000000005,True,1,0,0,0.39056107820612357,0.6067816139516022,0.6493327548454829,0.4407565500627299,0.5600549090751409,0.4854098803805991,0.5961261448890569,0.3876828808492528
6966,I1,2025/2026,2025-11,4,13,2025-11-30,Lecce,Torino,0.3529974186493931,0.3587837246195683,compact_btts_form,0.7750000000000005,True,0,1,0,0.22931583946328266,0.6530817732713906,0.6025857219209215,0.24182316413242524,0.16809784139829564,0.3529974186493931,0.2559790171597187,0.32246498006935587
6967,I1,2025/2026,2025-11,4,13,2025-11-30,Pisa,Inter,0.3575473914184158,0.3587837246195683,compact_btts_form,0.7750000000000005,True,0,0,1,0.21641034570267573,0.6729445463264359,0.6246422144759712,0.1606827308077578,0.6637305353219125,0.3575473914184158,0.1851154733785138,0.3244226477139143
6968,I1,2025/2026,2025-11,4,13,2025-11-30,Atalanta,Fiorentina,0.5873554611535342,0.3587837246195683,compact_btts_form,0.7750000000000005,True,1,0,0,0.4853962069266969,0.7463470642961545,0.7194783328377328,0.4321134246789238,0.8040561219383109,0.5873554611535342,0.5394503149373122,0.756356602066136
6969,I1,2025/2026,2025-11,4,13,2025-11-30,Roma,Napoli,0.512955651790146,0.3587837246195683,compact_btts_form,0.7750000000000005,True,1,0,0,0.4907491612344724,0.701630012707952,0.6948515021402673,0.3338008137340313,0.6506833830514561,0.512955651790146,0.5213717416461191,0.6916784999407134
9162,D1,2025/2026,2025-11,4,12,2025-11-30,Hamburg,Stuttgart,0.7497694609368869,0.6299598043333093,compact_btts_form,0.7750000000000005,True,1,1,1,0.783168800844252,0.9223011781002648,0.8567332228496862,0.7865956884295927,0.9422588380580625,0.7497694609368869,0.610744393552024,0.9287029511843384
9163,D1,2025/2026,2025-11,4,12,2025-11-30,Ein Frankfurt,Wolfsburg,0.6987434824271023,0.6299598043333093,compact_btts_form,0.7750000000000005,True,1,1,1,0.796214456061904,0.7676711201791273,0.774136938194206,0.854852373096314,0.946260644775444,0.6987434824271023,0.8710648421461067,0.9896392843452151
9164,D1,2025/2026,2025-11,4,12,2025-11-30,Freiburg,Mainz,0.6299598043333093,0.6299598043333093,compact_btts_form,0.7750000000000005,True,1,0,0,0.6993942873008778,0.7579409328858152,0.8000776044067908,0.6977470895604619,0.9680572614434227,0.6299598043333093,0.7012966929109526,0.9777526618039393
11768,E0,2025/2026,2025-11,4,13,2025-11-30,Crystal Palace,Man United,0.622170637784583,0.4455316854238786,compact_btts_form,0.7750000000000005,True,1,1,1,0.7075976989542012,0.7890359359246967,0.7402225332951297,0.6585004390263764,0.6487284000328334,0.622170637784583,0.6792010357457787,0.5810425471338105
11769,E0,2025/2026,2025-11,4,13,2025-11-30,Aston Villa,Wolves,0.42745936965341785,0.4455316854238786,compact_btts_form,0.7750000000000005,True,0,0,1,0.4346434936604803,0.6374084395009292,0.45717203218254904,0.3454193010033209,0.4264310937100252,0.42745936965341785,0.3686623299352029,0.10165736111807068
11770,E0,2025/2026,2025-11,4,13,2025-11-30,Nott'm Forest,Brighton,0.4862340226665959,0.4455316854238786,compact_btts_form,0.7750000000000005,True,1,0,0,0.6152207990201332,0.7437031191674057,0.728003005213312,0.621524549521369,0.49258545162367023,0.4862340226665959,0.653112609997791,0.7253522367311507
11771,E0,2025/2026,2025-11,4,13,2025-11-30,West Ham,Liverpool,0.6141790314360007,0.4455316854238786,compact_btts_form,0.7750000000000005,True,1,0,0,0.7589459385413078,0.8131184576479571,0.8473998383741008,0.7782085213425225,0.9451588892302508,0.6141790314360007,0.807001390854926,0.9778226089630243
11772,E0,2025/2026,2025-11,4,13,2025-11-30,Chelsea,Arsenal,0.5453705063644076,0.4455316854238786,compact_btts_form,0.7750000000000005,True,1,1,1,0.5348679721121435,0.7897492511230277,0.7834022338384521,0.512886271477801,0.7116502653613351,0.5453705063644076,0.6717457672354431,0.8282415073969325
14175,F1,2025/2026,2025-11,4,14,2025-11-30,Strasbourg,Brest,0.7333468605715379,0.5521303638276351,compact_btts_form,0.7750000000000005,True,1,1,1,0.715003087502378,0.8341049535855712,0.8989639576351078,0.7593666594711868,0.9581404455455567,0.7333468605715379,0.9219760655789738,0.9860460460156817
14176,F1,2025/2026,2025-11,4,14,2025-11-30,Angers,Lens,0.48074816028735595,0.5521303638276351,compact_btts_form,0.7750000000000005,True,0,1,0,0.4621001808440969,0.32706473160723004,0.360048110159004,0.5004370066503253,0.2771870910250322,0.48074816028735595,0.4870939937595476,0.20469046580282269
14177,F1,2025/2026,2025-11,4,14,2025-11-30,Le Havre,Lille,0.6270890519982381,0.5521303638276351,compact_btts_form,0.7750000000000005,True,1,0,0,0.6009852596968821,0.7382948973733796,0.8268762486239906,0.7891143095976021,0.8917864208338067,0.6270890519982381,0.8101928043405847,0.9763498491470194
14178,F1,2025/2026,2025-11,4,14,2025-11-30,Lorient,Nice,0.5543494720943678,0.5521303638276351,compact_btts_form,0.7750000000000005,True,1,1,1,0.6724272560570131,0.841571773425788,0.8045985632577545,0.6872151337015893,0.9482557501286137,0.5543494720943678,0.9153500324015909,0.971521563445625
14179,F1,2025/2026,2025-11,4,14,2025-11-30,Lyon,Nantes,0.5730354451842485,0.5521303638276351,compact_btts_form,0.7750000000000005,True,1,0,0,0.5797980717449057,0.7519337330489599,0.7822039602962422,0.5824877111211322,0.9205186432194079,0.5730354451842485,0.8144636321611627,0.8733204239245294
16775,SP1,2025/2026,2025-11,4,14,2025-11-30,Sociedad,Villarreal,0.5203440237357069,0.4526604717011682,compact_btts_form,0.7750000000000005,True,1,1,1,0.5457821614369859,0.7665331799905659,0.7833236542665639,0.5497390119229937,0.6398068933422741,0.5203440237357069,0.6110022569735789,0.7500151675146377
16776,SP1,2025/2026,2025-11,4,14,2025-11-30,Sevilla,Betis,0.4694693304942237,0.4526604717011682,compact_btts_form,0.7750000000000005,True,1,0,0,0.5570003672169751,0.7150746983478757,0.7426884744157475,0.5853654120848679,0.7062364331666499,0.4694693304942237,0.7829106026192547,0.8478782197384491
16777,SP1,2025/2026,2025-11,4,14,2025-11-30,Celta,Espanol,0.6627710234653356,0.4526604717011682,compact_btts_form,0.7750000000000005,True,1,0,0,0.5409806483105287,0.7898272727744765,0.6936043052820773,0.49370270097550173,0.6460652998168286,0.6627710234653356,0.7084045985875053,0.8044716055966982
16778,SP1,2025/2026,2025-11,4,14,2025-11-30,Girona,Real Madrid,0.6429852796388007,0.4526604717011682,compact_btts_form,0.7750000000000005,True,1,1,1,0.49898427715198457,0.852854867303166,0.8854652439609866,0.5674619944939636,0.882431404940027,0.6429852796388007,0.6815867026512594,0.8836455800496912
6970,I1,2025/2026,2025-12,5,13,2025-12-01,Bologna,Cremonese,0.58616327232191,0.7079100237033066,market_chance_form,0.4750000000000002,False,0,1,0,0.4822768103071133,0.58616327232191,0.505104556284815,0.4921731614829856,0.5622822012376204,0.4368833699099666,0.45676028013890085,0.7354860158740217
16779,SP1,2025/2026,2025-12,5,14,2025-12-01,Vallecano,Valencia,0.40753049419747694,0.7079100237033066,market_chance_form,0.4750000000000002,False,0,1,0,0.2805542175484191,0.40753049419747694,0.5345300979187757,0.4717012415486704,0.06968327596536063,0.46479222402888065,0.3085739406139947,0.07922667902734969
11773,E0,2025/2026,2025-12,5,14,2025-12-02,Bournemouth,Everton,0.4624773744616042,0.7079100237033066,market_chance_form,0.4750000000000002,False,0,0,1,0.4519614996355365,0.4624773744616042,0.40866121736364464,0.47872453879117716,0.13009388975431777,0.43005204296393024,0.2892471921786134,0.24268818818889323
11774,E0,2025/2026,2025-12,5,14,2025-12-02,Fulham,Man City,0.6472870963957295,0.7079100237033066,market_chance_form,0.4750000000000002,False,0,1,0,0.7322356062772347,0.6472870963957295,0.7417465789409368,0.7714738140598731,0.9170470403136084,0.6118388467586612,0.8304593322483071,0.9600617306406752
11775,E0,2025/2026,2025-12,5,14,2025-12-02,Newcastle,Tottenham,0.6151303009286162,0.7079100237033066,market_chance_form,0.4750000000000002,False,0,1,0,0.6424974576948217,0.6151303009286162,0.5586103045308283,0.6915589576608753,0.5183915472155726,0.5654710355314554,0.5700806137411949,0.7539773307527823
16780,SP1,2025/2026,2025-12,5,19,2025-12-02,Barcelona,Ath Madrid,0.9396176659182147,0.7079100237033066,market_chance_form,0.4750000000000002,False,1,1,1,0.8098284421665259,0.9396176659182147,0.899331516203893,0.8753988631280872,0.9604493017865989,0.7434110777398828,0.9640140666731621,0.9934403188638069
11776,E0,2025/2026,2025-12,5,14,2025-12-03,Arsenal,Brentford,0.6207334546869288,0.7079100237033066,market_chance_form,0.4750000000000002,False,0,0,1,0.6255636392392471,0.6207334546869288,0.5947598462492347,0.6153776013340649,0.9203955278208374,0.5044491745618568,0.6764255091462229,0.903400071538747
11777,E0,2025/2026,2025-12,5,14,2025-12-03,Brighton,Aston Villa,0.7677382205395679,0.7079100237033066,market_chance_form,0.4750000000000002,False,1,1,1,0.6144764362966548,0.7677382205395679,0.7788893470656219,0.6687608300357107,0.6173571754435324,0.5262982071537302,0.7080762691595834,0.9172580270488466
11778,E0,2025/2026,2025-12,5,14,2025-12-03,Burnley,Crystal Palace,0.4379824229556235,0.7079100237033066,market_chance_form,0.4750000000000002,False,0,0,1,0.378890997132499,0.4379824229556235,0.3952202562957419,0.32827237303507145,0.43906257282803696,0.3897069635539645,0.25657106617614817,0.24545981318896892
11779,E0,2025/2026,2025-12,5,14,2025-12-03,Wolves,Nott'm Forest,0.42824513063044684,0.7079100237033066,market_chance_form,0.4750000000000002,False,0,0,1,0.4123583594931601,0.42824513063044684,0.4154383950432826,0.43168510478493294,0.2483991004796426,0.4056474057841405,0.2962417189256047,0.27316871903115386
11780,E0,2025/2026,2025-12,5,14,2025-12-03,Leeds,Chelsea,0.843965292131046,0.7079100237033066,market_chance_form,0.4750000000000002,False,1,1,1,0.39077421232423953,0.843965292131046,0.8011591779266699,0.42066741563316834,0.7213817943375891,0.43328318085321155,0.5447662817456174,0.6400180282868823
11781,E0,2025/2026,2025-12,5,14,2025-12-03,Liverpool,Sunderland,0.7852041947938487,0.7079100237033066,market_chance_form,0.4750000000000002,False,1,1,1,0.7963982564792462,0.7852041947938487,0.7412444234394368,0.8551755509502041,0.9542556778399383,0.7016765866946044,0.7873861759104258,0.9719790432502189
16781,SP1,2025/2026,2025-12,5,19,2025-12-03,Ath Bilbao,Real Madrid,0.45041085015309745,0.7079100237033066,market_chance_form,0.4750000000000002,False,0,0,1,0.596428046118452,0.45041085015309745,0.874527022723902,0.7621504401589793,0.33208698445093143,0.6120310089444005,0.9141345276527477,0.9435304169994198
11782,E0,2025/2026,2025-12,5,14,2025-12-04,Man United,West Ham,0.7018881649330431,0.7079100237033066,market_chance_form,0.4750000000000002,False,0,1,0,0.5256847134468755,0.7018881649330431,0.6334933190998197,0.5418283831757008,0.8438177044403143,0.5170968113726558,0.6567171851687958,0.8829481948005145
9165,D1,2025/2026,2025-12,5,13,2025-12-05,Mainz,M'gladbach,0.8550528405861301,0.7079100237033066,market_chance_form,0.4750000000000002,False,1,0,0,0.6110415972086489,0.8550528405861301,0.7947600155674971,0.5912755605708219,0.9178262359925693,0.6019039009044499,0.8305510976052416,0.9141264129190158
14180,F1,2025/2026,2025-12,5,15,2025-12-05,Brest,Monaco,0.7814106853350465,0.7079100237033066,market_chance_form,0.4750000000000002,False,1,0,0,0.6799573186761401,0.7814106853350465,0.8363808297054459,0.7772647495726632,0.8472943493200787,0.688531628503908,0.7606586018610473,0.8849702269298365
14181,F1,2025/2026,2025-12,5,15,2025-12-05,Lille,Marseille,0.6812672725603144,0.7079100237033066,market_chance_form,0.4750000000000002,False,0,0,1,0.6768589348588565,0.6812672725603144,0.7067527548953914,0.7528474730586784,0.7316234036577879,0.6441892527380612,0.7683698087428582,0.8360361297589222
16782,SP1,2025/2026,2025-12,5,15,2025-12-05,Oviedo,Mallorca,0.5421151693597226,0.7079100237033066,market_chance_form,0.4750000000000002,False,0,0,1,0.27636745159093495,0.5421151693597226,0.5423259733495404,0.3275318843381069,0.20966261728634503,0.33887927199691564,0.5465421058904363,0.18672987489589354
6971,I1,2025/2026,2025-12,5,14,2025-12-06,Sassuolo,Fiorentina,0.806161785640388,0.7079100237033066,market_chance_form,0.4750000000000002,False,1,1,1,0.5512832924207909,0.806161785640388,0.7789930739408037,0.49712664917687105,0.8685779435296348,0.6181505045950684,0.5123517514767721,0.8450727631110457
6972,I1,2025/2026,2025-12,5,14,2025-12-06,Inter,Como,0.7797053055443134,0.7079100237033066,market_chance_form,0.4750000000000002,False,1,0,0,0.46172508026245773,0.7797053055443134,0.8209345129022441,0.5696987685661558,0.8270113776931332,0.5066205842434511,0.4229557301734841,0.818761298968231
6973,I1,2025/2026,2025-12,5,14,2025-12-06,Verona,Atalanta,0.21660626030512595,0.7079100237033066,market_chance_form,0.4750000000000002,False,0,1,0,0.4908453724594591,0.21660626030512595,0.22157325389841226,0.45935525152313794,0.11399825396566274,0.4430772711295835,0.16693314413913765,0.07861425042913847
9166,D1,2025/2026,2025-12,5,13,2025-12-06,Augsburg,Leverkusen,0.7217206472258888,0.7079100237033066,market_chance_form,0.4750000000000002,False,1,0,0,0.6359754344259217,0.7217206472258888,0.6470940372783885,0.6023585207405846,0.5754112091242395,0.6323229194439013,0.7403721668687985,0.8682105839167595
9167,D1,2025/2026,2025-12,5,13,2025-12-06,FC Koln,St Pauli,0.7111043392111751,0.7079100237033066,market_chance_form,0.4750000000000002,False,1,1,1,0.5688271989865821,0.7111043392111751,0.5176753898296754,0.4777787985853085,0.6039075037586542,0.5847307868846814,0.518284169763156,0.34748122314786883
9168,D1,2025/2026,2025-12,5,13,2025-12-06,Heidenheim,Freiburg,0.5145183602618268,0.7079100237033066,market_chance_form,0.4750000000000002,False,0,1,0,0.6643505806593966,0.5145183602618268,0.5987617951494204,0.6931933317843714,0.5007140247917569,0.6394946986495043,0.3778529252959771,0.5396938067190417
9169,D1,2025/2026,2025-12,5,13,2025-12-06,Stuttgart,Bayern Munich,0.9266058861316184,0.7079100237033066,market_chance_form,0.4750000000000002,False,1,0,0,0.7812826188776002,0.9266058861316184,0.9125790606740053,0.8342369249730059,0.953500358906776,0.7940799775925852,0.8808774883764273,0.9889999435757849
9170,D1,2025/2026,2025-12,5,13,2025-12-06,Wolfsburg,Union Berlin,0.7984497304257905,0.7079100237033066,market_chance_form,0.4750000000000002,False,1,1,1,0.4626067670120357,0.7984497304257905,0.7816746106020607,0.4940413558631904,0.5537961587327294,0.4920608933136834,0.5972301762946118,0.7423165773901126
9171,D1,2025/2026,2025-12,5,13,2025-12-06,RB Leipzig,Ein Frankfurt,0.8580049308639618,0.7079100237033066,market_chance_form,0.4750000000000002,False,1,0,0,0.751897982013903,0.8580049308639618,0.830256537868065,0.7470671804111902,0.7740373100096186,0.7330311365418383,0.8518889116247123,0.8612011369387335
11783,E0,2025/2026,2025-12,5,15,2025-12-06,Aston Villa,Arsenal,0.7543782406644699,0.7079100237033066,market_chance_form,0.4750000000000002,False,1,1,1,0.542666718698728,0.7543782406644699,0.7831214021400664,0.547319992053357,0.8788689173379637,0.44016693644804006,0.7007004372184626,0.9240730411172366
11784,E0,2025/2026,2025-12,5,15,2025-12-06,Bournemouth,Chelsea,0.6787880729388663,0.7079100237033066,market_chance_form,0.4750000000000002,False,0,0,1,0.5734997432718398,0.6787880729388663,0.6489579999967571,0.6449472333808332,0.3838865619165777,0.5781216775903444,0.5353518555528146,0.6164182103338263
11785,E0,2025/2026,2025-12,5,15,2025-12-06,Everton,Nott'm Forest,0.8023702621450615,0.7079100237033066,market_chance_form,0.4750000000000002,False,1,0,0,0.2964110538226551,0.8023702621450615,0.7696344607604998,0.3490618286205608,0.5345927893775807,0.3412167251771159,0.3963143443590393,0.7692684349253001
11786,E0,2025/2026,2025-12,5,15,2025-12-06,Man City,Sunderland,0.8501949038624618,0.7079100237033066,market_chance_form,0.4750000000000002,False,1,0,0,0.8299448185474113,0.8501949038624618,0.8583177071005453,0.8587169576352004,0.986741680445451,0.7208306688365461,0.9163558780388493,0.9966324759054057
11787,E0,2025/2026,2025-12,5,15,2025-12-06,Newcastle,Burnley,0.6686937712804498,0.7079100237033066,market_chance_form,0.4750000000000002,False,0,1,0,0.47298855124272454,0.6686937712804498,0.6128011874487077,0.49849042336161226,0.6283972517785635,0.4412544162681456,0.5591659202215066,0.6250335888552672
11788,E0,2025/2026,2025-12,5,15,2025-12-06,Tottenham,Brentford,0.9338341479625276,0.7079100237033066,market_chance_form,0.4750000000000002,False,1,0,0,0.7090018935983863,0.9338341479625276,0.9120813221389771,0.7312318183160289,0.9598608227138912,0.5869718418672367,0.8971792086512684,0.9914237955591363
11789,E0,2025/2026,2025-12,5,15,2025-12-06,Leeds,Liverpool,0.925625508944544,0.7079100237033066,market_chance_form,0.4750000000000002,False,1,1,1,0.6412312287805798,0.925625508944544,0.9130779035558432,0.6282498971313139,0.9439209748114203,0.5787502764259452,0.7660717915005217,0.9426426931722037
14182,F1,2025/2026,2025-12,5,15,2025-12-06,Nantes,Lens,0.7887768513386593,0.7079100237033066,market_chance_form,0.4750000000000002,False,1,1,1,0.352777006189021,0.7887768513386593,0.755673916763129,0.3291027758769656,0.8731147491531749,0.48658326917719025,0.8397011881030025,0.89356630683469
14183,F1,2025/2026,2025-12,5,15,2025-12-06,Toulouse,Strasbourg,0.6369596785221202,0.7079100237033066,market_chance_form,0.4750000000000002,False,0,0,1,0.7315426523992273,0.6369596785221202,0.6591982097558374,0.6993339956916688,0.6815611774190108,0.6968764774953732,0.784270410740784,0.7005761830052972
14184,F1,2025/2026,2025-12,5,15,2025-12-06,Paris SG,Rennes,0.8701026347827858,0.7079100237033066,market_chance_form,0.4750000000000002,False,1,0,0,0.6659497938367863,0.8701026347827858,0.8241077779463142,0.7229665595877032,0.9778341620621458,0.6225928529637547,0.8577829773371419,0.9707504767586064
16783,SP1,2025/2026,2025-12,5,15,2025-12-06,Villarreal,Getafe,0.23665586994584237,0.7079100237033066,market_chance_form,0.4750000000000002,False,0,0,1,0.2817652333491763,0.23665586994584237,0.318565274394915,0.33952587407329177,0.048607540450333504,0.341952500157286,0.24512026331161435,0.05097853103048965
16784,SP1,2025/2026,2025-12,5,15,2025-12-06,Alaves,Sociedad,0.34329952266386643,0.7079100237033066,market_chance_form,0.4750000000000002,False,0,0,1,0.47379647264830205,0.34329952266386643,0.4485802651148169,0.6606279826147634,0.21026395049541768,0.5329200733252853,0.5618192747738568,0.3684939262603172
16785,SP1,2025/2026,2025-12,5,15,2025-12-06,Betis,Barcelona,0.843749937395691,0.7079100237033066,market_chance_form,0.4750000000000002,False,1,1,1,0.7925882718970713,0.843749937395691,0.8748934042455417,0.8495530040578404,0.8953109569330151,0.7595409249966818,0.9288938711581035,0.9657817099003968
16786,SP1,2025/2026,2025-12,5,15,2025-12-06,Ath Bilbao,Ath Madrid,0.10998550787498976,0.7079100237033066,market_chance_form,0.4750000000000002,False,0,0,1,0.3761637405168941,0.10998550787498976,0.39072148080531854,0.3076409467337751,0.007858567676617276,0.3413475288959195,0.5749424404351676,0.08270261485128926
6974,I1,2025/2026,2025-12,5,14,2025-12-07,Cremonese,Lecce,0.7079100237033066,0.7079100237033066,market_chance_form,0.4750000000000002,False,1,0,0,0.33151534635627755,0.7079100237033066,0.6168602211231975,0.35654088269633893,0.524780635246839,0.3774888749793057,0.4378440045966441,0.5903968593957315
6975,I1,2025/2026,2025-12,5,14,2025-12-07,Cagliari,Roma,0.5122295345904896,0.7079100237033066,market_chance_form,0.4750000000000002,False,0,0,1,0.3543311051570908,0.5122295345904896,0.3796570154956648,0.33956349968399313,0.5391815336510266,0.38043775547887804,0.550539824082414,0.668045617160013
6976,I1,2025/2026,2025-12,5,14,2025-12-07,Lazio,Bologna,0.6514494746607852,0.7079100237033066,market_chance_form,0.4750000000000002,False,0,1,0,0.47263244052394116,0.6514494746607852,0.6260034060639182,0.523474275976293,0.5721146201448872,0.5307948060952861,0.3446661789904671,0.6828522171234854
6977,I1,2025/2026,2025-12,5,14,2025-12-07,Napoli,Juventus,0.7635825033905168,0.7079100237033066,market_chance_form,0.4750000000000002,False,1,1,1,0.42358722873951643,0.7635825033905168,0.6846417569824369,0.41336229619135134,0.5921771023233139,0.4837407855113124,0.3446259791644898,0.746034801209282
9172,D1,2025/2026,2025-12,5,13,2025-12-07,Hamburg,Werder Bremen,0.8187741027613303,0.7079100237033066,market_chance_form,0.4750000000000002,False,1,1,1,0.7094038288859116,0.8187741027613303,0.7569705703791723,0.7266379624260288,0.7619864121383895,0.7478940543561331,0.6274002393410509,0.8805834151110079
9173,D1,2025/2026,2025-12,5,13,2025-12-07,Dortmund,Hoffenheim,0.9330892715988671,0.7079100237033066,market_chance_form,0.4750000000000002,False,1,0,0,0.7320618220040007,0.9330892715988671,0.9057497046746541,0.7136511214794301,0.9831699348424682,0.696809556980765,0.8862102058942384,0.9873642446966813
11790,E0,2025/2026,2025-12,5,15,2025-12-07,Brighton,West Ham,0.7760176526847529,0.7079100237033066,market_chance_form,0.4750000000000002,False,1,1,1,0.5967492802044021,0.7760176526847529,0.7839649218325095,0.6432584066276086,0.8229498174800309,0.5760474544681482,0.752811348551163,0.9495983599075835
11791,E0,2025/2026,2025-12,5,15,2025-12-07,Fulham,Crystal Palace,0.6330474600788841,0.7079100237033066,market_chance_form,0.4750000000000002,False,0,1,0,0.4864870407563153,0.6330474600788841,0.6236725879940682,0.4577124806818563,0.5722984960549877,0.4869760559369574,0.6421685034909618,0.6520899175257834
14185,F1,2025/2026,2025-12,5,15,2025-12-07,Nice,Angers,0.5722745152548218,0.7079100237033066,market_chance_form,0.4750000000000002,False,0,0,1,0.5693477195848372,0.5722745152548218,0.5781740359128769,0.6997055674243389,0.6246150223345773,0.5704580226923285,0.7607085061272629,0.754568969835279
14186,F1,2025/2026,2025-12,5,15,2025-12-07,Auxerre,Metz,0.6215525428561433,0.7079100237033066,market_chance_form,0.4750000000000002,False,0,1,0,0.4746153233182922,0.6215525428561433,0.7042426684992653,0.5775086894316915,0.42985554315929364,0.45397209288126195,0.47014517028668756,0.4569439649155886
14187,F1,2025/2026,2025-12,5,15,2025-12-07,Le Havre,Paris FC,0.5719011384540307,0.7079100237033066,market_chance_form,0.4750000000000002,False,0,0,1,0.738480004294046,0.5719011384540307,0.5588127298803952,0.7416119603524953,0.7920737518443207,0.6788950347816664,0.7547950864522401,0.8829776621452188
14188,F1,2025/2026,2025-12,5,15,2025-12-07,Lorient,Lyon,0.8013504312418872,0.7079100237033066,market_chance_form,0.4750000000000002,False,1,0,0,0.6688763664093658,0.8013504312418872,0.6654238499704548,0.6326713589104778,0.9065300683530307,0.6046773642448412,0.8205735350080772,0.8194421502600893
16787,SP1,2025/2026,2025-12,5,15,2025-12-07,Elche,Girona,0.803812705094845,0.7079100237033066,market_chance_form,0.4750000000000002,False,1,0,0,0.4897344230573046,0.803812705094845,0.8736882327533705,0.4842733163324206,0.8744106273686864,0.5978775501532083,0.8777660654250145,0.9092276278932376
16788,SP1,2025/2026,2025-12,5,15,2025-12-07,Valencia,Sevilla,0.6097971003914321,0.7079100237033066,market_chance_form,0.4750000000000002,False,0,1,0,0.3955350300283584,0.6097971003914321,0.576184302495585,0.4503761839043728,0.669216903977257,0.5684136608899003,0.792958767327238,0.752271561248346
16789,SP1,2025/2026,2025-12,5,15,2025-12-07,Espanol,Vallecano,0.4710997675728486,0.7079100237033066,market_chance_form,0.4750000000000002,False,0,0,1,0.3297093037694864,0.4710997675728486,0.47736513382467205,0.39762746917913044,0.1872767920798313,0.41916057162227727,0.43211473702367326,0.18833163304436745
16790,SP1,2025/2026,2025-12,5,15,2025-12-07,Real Madrid,Celta,0.5545505206225076,0.7079100237033066,market_chance_form,0.4750000000000002,False,0,0,1,0.6396099256959519,0.5545505206225076,0.639715864703254,0.7082781408290834,0.6713690462893506,0.6311164667015285,0.7006552932011713,0.616465859981033
6978,I1,2025/2026,2025-12,5,14,2025-12-08,Pisa,Parma,0.4990895202480775,0.7079100237033066,market_chance_form,0.4750000000000002,False,0,0,1,0.24633778427203293,0.4990895202480775,0.4773493162990818,0.2633801979668447,0.1723063265728623,0.2968616112722756,0.1228974653151927,0.1869685067700039
6979,I1,2025/2026,2025-12,5,14,2025-12-08,Udinese,Genoa,0.6482588368991389,0.7079100237033066,market_chance_form,0.4750000000000002,False,0,1,0,0.22543044914316784,0.6482588368991389,0.547932533861922,0.2171319451824205,0.22842960357843295,0.3384342337616446,0.1761799684694075,0.11272018840842257
6980,I1,2025/2026,2025-12,5,14,2025-12-08,Torino,Milan,0.629870169985331,0.7079100237033066,market_chance_form,0.4750000000000002,False,0,1,0,0.4005293143772619,0.629870169985331,0.5762066464701622,0.37851382889742,0.5175759258033221,0.5099419350695904,0.3969577337552155,0.5120695442812718
11792,E0,2025/2026,2025-12,5,15,2025-12-08,Wolves,Man United,0.5024341523921453,0.7079100237033066,market_chance_form,0.4750000000000002,False,0,1,0,0.5247734483874703,0.5024341523921453,0.43402399056475777,0.5009663618310572,0.3402103722637045,0.4817741458241447,0.4216588847892254,0.24429644395849356
16791,SP1,2025/2026,2025-12,5,15,2025-12-08,Osasuna,Levante,0.23278710841715203,0.7079100237033066,market_chance_form,0.4750000000000002,False,0,0,1,0.4632280812526601,0.23278710841715203,0.4319155284191455,0.5265802641271725,0.3072410507380138,0.4849486618427474,0.41412979162640595,0.2015408073341066
6981,I1,2025/2026,2025-12,5,15,2025-12-12,Lecce,Pisa,0.5448149423392358,0.7079100237033066,market_chance_form,0.4750000000000002,False,0,0,1,0.24043828197786962,0.5448149423392358,0.529665003787093,0.2530816820233783,0.08065850774443939,0.3475443096980991,0.3147065239158079,0.16580834043431536
9174,D1,2025/2026,2025-12,5,14,2025-12-12,Union Berlin,RB Leipzig,0.7482064550744623,0.7079100237033066,market_chance_form,0.4750000000000002,False,1,1,1,0.6747195453037099,0.7482064550744623,0.7101241166585631,0.666338688061175,0.8799300885251893,0.6645387773935255,0.4780280311513425,0.8566023781833328
14189,F1,2025/2026,2025-12,5,16,2025-12-12,Angers,Nantes,0.49096161410650196,0.7079100237033066,market_chance_form,0.4750000000000002,False,0,1,0,0.2529824233625089,0.49096161410650196,0.6246851469888651,0.33268331833603604,0.3041930446303836,0.35073907089977774,0.5331539419744874,0.3574807409342054
16792,SP1,2025/2026,2025-12,5,16,2025-12-12,Sociedad,Girona,0.5260151935778405,0.7079100237033066,market_chance_form,0.4750000000000002,False,0,1,0,0.39740563084366326,0.5260151935778405,0.6282427447720057,0.42185879272861027,0.6236736578858997,0.484809808109614,0.82484292087244,0.6344087674544657
6982,I1,2025/2026,2025-12,5,15,2025-12-13,Torino,Cremonese,0.7241701395316249,0.7079100237033066,market_chance_form,0.4750000000000002,False,1,0,0,0.5192298374174306,0.7241701395316249,0.6242332988503748,0.48886694102448963,0.7813681438831218,0.5677338214243295,0.4873801561177232,0.81184730286492
6983,I1,2025/2026,2025-12,5,15,2025-12-13,Parma,Lazio,0.7808079497825001,0.7079100237033066,market_chance_form,0.4750000000000002,False,1,0,0,0.5197738797927386,0.7808079497825001,0.6710388470982857,0.402231205446671,0.89748419344893,0.5310066356428841,0.7516643760098154,0.9015549030936952
6984,I1,2025/2026,2025-12,5,15,2025-12-13,Atalanta,Cagliari,0.39937958918833516,0.7079100237033066,market_chance_form,0.4750000000000002,False,0,1,0,0.4990537463553271,0.39937958918833516,0.18574263680659386,0.36144350690162097,0.5228425493985531,0.553690898737224,0.2659782128350535,0.20014354964524456
9175,D1,2025/2026,2025-12,5,14,2025-12-13,Ein Frankfurt,Augsburg,0.5453640863829452,0.7079100237033066,market_chance_form,0.4750000000000002,False,0,0,1,0.5046234995802882,0.5453640863829452,0.3158387995533531,0.328080163678862,0.3388660363629714,0.5607353727769847,0.39266199213386743,0.12903976634007674
9176,D1,2025/2026,2025-12,5,14,2025-12-13,Hoffenheim,Hamburg,0.796885777335696,0.7079100237033066,market_chance_form,0.4750000000000002,False,1,1,1,0.8367954225203328,0.796885777335696,0.6506316066711462,0.7804323175108385,0.8978434496465777,0.7500863370740577,0.8124570301274513,0.7544345467824604
9177,D1,2025/2026,2025-12,5,14,2025-12-13,M'gladbach,Wolfsburg,0.7741131239367829,0.7079100237033066,market_chance_form,0.4750000000000002,False,1,1,1,0.5394457237770869,0.7741131239367829,0.7793251355177713,0.5699405456917904,0.6661392704285418,0.5466221851743865,0.7168893733027087,0.8131885375276708
9178,D1,2025/2026,2025-12,5,14,2025-12-13,St Pauli,Heidenheim,0.3720695609192905,0.7079100237033066,market_chance_form,0.4750000000000002,False,0,1,0,0.5481924021632111,0.3720695609192905,0.17773161246933789,0.34645868004032093,0.35436906788861405,0.4961545924149111,0.4198055169690453,0.08537809911048416
9179,D1,2025/2026,2025-12,5,14,2025-12-13,Leverkusen,FC Koln,0.7717991606530851,0.7079100237033066,market_chance_form,0.4750000000000002,False,1,0,0,0.7846312038520153,0.7717991606530851,0.61689755066305,0.7074032068186561,0.9573297681558355,0.7235010867585626,0.8097819378657247,0.887127129428966
11793,E0,2025/2026,2025-12,5,16,2025-12-13,Chelsea,Everton,0.5318004575742654,0.7079100237033066,market_chance_form,0.4750000000000002,False,0,0,1,0.2783020559058263,0.5318004575742654,0.44988487090936197,0.18798160041959386,0.17761325941968814,0.28187407689002675,0.20865360612931524,0.15633685218115356
11794,E0,2025/2026,2025-12,5,16,2025-12-13,Liverpool,Brighton,0.8182573255017447,0.7079100237033066,market_chance_form,0.4750000000000002,False,1,0,0,0.7177960547357857,0.8182573255017447,0.6902070087418934,0.6442424666751355,0.7714113569469068,0.6558603680821867,0.622776590747213,0.7917981736690504
11795,E0,2025/2026,2025-12,5,16,2025-12-13,Burnley,Fulham,0.4253322058299091,0.7079100237033066,market_chance_form,0.4750000000000002,False,0,1,0,0.4626817944921186,0.4253322058299091,0.33485932249743566,0.32898828535092106,0.48046786496691973,0.40293527400994333,0.2911291763921954,0.1981374777714038
11796,E0,2025/2026,2025-12,5,16,2025-12-13,Arsenal,Wolves,0.3945816887016613,0.7079100237033066,market_chance_form,0.4750000000000002,False,0,1,0,0.39794181013581753,0.3945816887016613,0.2723060135607091,0.254595659445081,0.45682618458530533,0.37989216578207186,0.5063439319602329,0.25113997958851186
14190,F1,2025/2026,2025-12,5,16,2025-12-13,Rennes,Brest,0.8951062456654102,0.7079100237033066,market_chance_form,0.4750000000000002,False,1,1,1,0.5394549037781854,0.8951062456654102,0.8316333704010649,0.4230556606534058,0.9552453506631695,0.5171975142871071,0.859691922559647,0.9578257556642499
14191,F1,2025/2026,2025-12,5,16,2025-12-13,Metz,Paris SG,0.6189949015778121,0.7079100237033066,market_chance_form,0.4750000000000002,False,0,1,0,0.49550258873851616,0.6189949015778121,0.5186836286589658,0.4439374998740203,0.8151799765481028,0.5007432065200745,0.6046977781216016,0.507508978766264
14192,F1,2025/2026,2025-12,5,16,2025-12-13,Paris FC,Toulouse,0.8777511239699926,0.7079100237033066,market_chance_form,0.4750000000000002,False,1,0,0,0.5929066721731926,0.8777511239699926,0.7070481046790756,0.3925051830617972,0.9484818546032375,0.600803149341944,0.8054644477839482,0.8451593470160822
16793,SP1,2025/2026,2025-12,5,16,2025-12-13,Ath Madrid,Valencia,0.2773526657493311,0.7079100237033066,market_chance_form,0.4750000000000002,False,0,1,0,0.19921251076245575,0.2773526657493311,0.24364994709857155,0.15550170742356376,0.03594279696449155,0.35027183921324284,0.1428628331641829,0.017359500446428713
16794,SP1,2025/2026,2025-12,5,16,2025-12-13,Mallorca,Elche,0.5670232265861955,0.7079100237033066,market_chance_form,0.4750000000000002,False,0,1,0,0.5121236000765933,0.5670232265861955,0.5946525443557833,0.46700728072182285,0.5959109885634044,0.5096267574179266,0.6456185715608811,0.6077821575106668
16795,SP1,2025/2026,2025-12,5,16,2025-12-13,Barcelona,Osasuna,0.7967486454375969,0.7079100237033066,market_chance_form,0.4750000000000002,False,1,0,0,0.6730694091433802,0.7967486454375969,0.5736811538049512,0.6193588050638174,0.7793305729198903,0.7168085527876533,0.8831292716900959,0.8189983739726125
16796,SP1,2025/2026,2025-12,5,16,2025-12-13,Getafe,Espanol,0.1603490297607245,0.7079100237033066,market_chance_form,0.4750000000000002,False,0,0,1,0.1891313914788867,0.1603490297607245,0.12153392694402276,0.11712987578709894,0.04026107936103904,0.23217063209401786,0.17979348926479388,0.014880389926389901
6985,I1,2025/2026,2025-12,5,15,2025-12-14,Milan,Sassuolo,0.7125137628399149,0.7079100237033066,market_chance_form,0.4750000000000002,False,1,1,1,0.3845666847899849,0.7125137628399149,0.5058320271198877,0.274994960427541,0.5807393154969966,0.40855954244405845,0.43321314219261436,0.5345590299669798
6986,I1,2025/2026,2025-12,5,15,2025-12-14,Fiorentina,Verona,0.5362872467265315,0.7079100237033066,market_chance_form,0.4750000000000002,False,0,1,0,0.506138108163329,0.5362872467265315,0.27719933481380304,0.3751420632942901,0.6283282398827953,0.5176641329558047,0.54231849694814,0.5441810064951595
6987,I1,2025/2026,2025-12,5,15,2025-12-14,Udinese,Napoli,0.6906089302547839,0.7079100237033066,market_chance_form,0.4750000000000002,False,0,0,1,0.4061157535168298,0.6906089302547839,0.4406778944513376,0.17942028416444541,0.6976486984554665,0.3842653075658451,0.47412449994278455,0.3005723324450303
6988,I1,2025/2026,2025-12,5,15,2025-12-14,Genoa,Inter,0.5487216248572431,0.7079100237033066,market_chance_form,0.4750000000000002,False,0,1,0,0.4020996817008042,0.5487216248572431,0.5543949992436688,0.33100388278503634,0.7494487210949202,0.4472853584312567,0.3783611516587168,0.693073058283951
6989,I1,2025/2026,2025-12,5,15,2025-12-14,Bologna,Juventus,0.8663742488341021,0.7079100237033066,market_chance_form,0.4750000000000002,False,1,0,0,0.6932208377701855,0.8663742488341021,0.8255397881497225,0.67474549269779,0.9457861803400928,0.6142426099556626,0.836262175720096,0.9628225298299953
9180,D1,2025/2026,2025-12,5,14,2025-12-14,Freiburg,Dortmund,0.7756142839272478,0.7079100237033066,market_chance_form,0.4750000000000002,False,1,1,1,0.739529255466761,0.7756142839272478,0.7260110242002775,0.6907449956457932,0.674932346406339,0.5869318443411649,0.5948956657075378,0.5641218168167527
9181,D1,2025/2026,2025-12,5,14,2025-12-14,Bayern Munich,Mainz,0.5867171697342205,0.7079100237033066,market_chance_form,0.4750000000000002,False,0,1,0,0.7341595311929935,0.5867171697342205,0.4647673998884548,0.68169570540419,0.5814496113114853,0.6756190539501941,0.5644603185248646,0.6862981536172839
9182,D1,2025/2026,2025-12,5,14,2025-12-14,Werder Bremen,Stuttgart,0.8964666574660375,0.7079100237033066,market_chance_form,0.4750000000000002,False,1,0,0,0.8183330089230672,0.8964666574660375,0.8820141786006177,0.821757680102372,0.9402498973878958,0.797225575569102,0.8270782879421642,0.9463726233594485
11797,E0,2025/2026,2025-12,5,16,2025-12-14,Crystal Palace,Man City,0.8897083061157143,0.7079100237033066,market_chance_form,0.4750000000000002,False,1,0,0,0.8228377268213284,0.8897083061157143,0.8630297869103817,0.7732171670267836,0.9726836344636708,0.6890633029179195,0.8943533461670002,0.9875149368096389
11798,E0,2025/2026,2025-12,5,16,2025-12-14,Nott'm Forest,Tottenham,0.6523472956107911,0.7079100237033066,market_chance_form,0.4750000000000002,False,0,0,1,0.4642383286752759,0.6523472956107911,0.5246296450912803,0.40813185248357636,0.24311735439227922,0.41175550970135694,0.372130332744746,0.23627034932286886
11799,E0,2025/2026,2025-12,5,16,2025-12-14,Sunderland,Newcastle,0.8249380954598587,0.7079100237033066,market_chance_form,0.4750000000000002,False,1,0,0,0.6578157873701477,0.8249380954598587,0.7371272498071129,0.5076624209435284,0.8479440684028139,0.5768921027234265,0.6524053148744706,0.711383636192088
11800,E0,2025/2026,2025-12,5,16,2025-12-14,West Ham,Aston Villa,0.8141505665216188,0.7079100237033066,market_chance_form,0.4750000000000002,False,1,1,1,0.6476950558633351,0.8141505665216188,0.7603968606185271,0.5264406362569011,0.8600763501554046,0.5038038049233141,0.7076990943298229,0.8614865863891544
11801,E0,2025/2026,2025-12,5,16,2025-12-14,Brentford,Leeds,0.40736060513625,0.7079100237033066,market_chance_form,0.4750000000000002,False,0,1,0,0.7054271666773597,0.40736060513625,0.42579710807620036,0.7254410787599973,0.3502193549607571,0.5567650098868511,0.41059805182450854,0.3726950308949314
14193,F1,2025/2026,2025-12,5,16,2025-12-14,Lyon,Le Havre,0.4800290682155741,0.7079100237033066,market_chance_form,0.4750000000000002,False,0,0,1,0.5370875792115752,0.4800290682155741,0.3369632162349404,0.42695817738920355,0.6314841076224935,0.5831612508601431,0.6413644362371489,0.5795887353721942
14194,F1,2025/2026,2025-12,5,16,2025-12-14,Auxerre,Lille,0.7573972080124983,0.7079100237033066,market_chance_form,0.4750000000000002,False,1,1,1,0.5929927137209716,0.7573972080124983,0.7682732964847999,0.5050329481474989,0.9038823103261318,0.5494571690740113,0.7585676968098776,0.8012017431675023
14195,F1,2025/2026,2025-12,5,16,2025-12-14,Lens,Nice,0.8389190963632769,0.7079100237033066,market_chance_form,0.4750000000000002,False,1,0,0,0.5613415589763603,0.8389190963632769,0.8365153496664908,0.6105992798132609,0.8821389831196467,0.6032317236443572,0.8219944964431122,0.9199346973640656
14196,F1,2025/2026,2025-12,5,16,2025-12-14,Strasbourg,Lorient,0.5689277097306776,0.7079100237033066,market_chance_form,0.4750000000000002,False,0,0,1,0.7882679631588548,0.5689277097306776,0.41263082723707245,0.6628948192952653,0.9138862817217249,0.6875518319287466,0.8598917143409643,0.7572478696654746
14197,F1,2025/2026,2025-12,5,16,2025-12-14,Marseille,Monaco,0.8815228797571045,0.7079100237033066,market_chance_form,0.4750000000000002,False,1,0,0,0.7093751571029903,0.8815228797571045,0.8956412371383472,0.786566703697902,0.9087270864147178,0.7046226270429001,0.9095118904427354,0.9807602370295024
16797,SP1,2025/2026,2025-12,5,16,2025-12-14,Sevilla,Oviedo,0.47730381022454266,0.7079100237033066,market_chance_form,0.4750000000000002,False,0,0,1,0.4007171380981499,0.47730381022454266,0.39014141614470466,0.3841409985394969,0.46960850503545437,0.48658019485587994,0.7513453839944175,0.26862142154627744
16798,SP1,2025/2026,2025-12,5,16,2025-12-14,Celta,Ath Bilbao,0.10317284753835118,0.7079100237033066,market_chance_form,0.4750000000000002,False,0,0,1,0.49746923357246414,0.10317284753835118,0.07320819381447781,0.4078869125090243,0.006419399379388317,0.5012913042270974,0.20504336340108317,0.0027902545853652327
16799,SP1,2025/2026,2025-12,5,16,2025-12-14,Alaves,Real Madrid,0.6020808069996068,0.7079100237033066,market_chance_form,0.4750000000000002,False,0,1,0,0.6163195307331406,0.6020808069996068,0.5427183759986084,0.6441799434931967,0.7971751820477231,0.6561094317091224,0.7775134617321465,0.6833670779479509
6990,I1,2025/2026,2025-12,5,15,2025-12-15,Roma,Como,0.7885861844538695,0.7079100237033066,market_chance_form,0.4750000000000002,False,1,0,0,0.5321067660735954,0.7885861844538695,0.7384427355128155,0.39073646236222476,0.7694113949127673,0.5150876921054136,0.6288773080854133,0.8788385183173573
11802,E0,2025/2026,2025-12,5,16,2025-12-15,Man United,Bournemouth,0.7565589740936693,0.7079100237033066,market_chance_form,0.4750000000000002,False,1,1,1,0.6044910503727955,0.7565589740936693,0.5672201303302083,0.46320966514222117,0.4984725704995149,0.6005801163671902,0.5276793241998606,0.3884789801970113
16800,SP1,2025/2026,2025-12,5,16,2025-12-15,Vallecano,Betis,0.7103436782270119,0.7079100237033066,market_chance_form,0.4750000000000002,False,1,0,0,0.4252154918977215,0.7103436782270119,0.6173800371366776,0.3681704347401874,0.19149768121112426,0.4896200871773756,0.5614927840869242,0.14791401036857094
9183,D1,2025/2026,2025-12,5,15,2025-12-19,Dortmund,M'gladbach,0.9008819583358649,0.7079100237033066,market_chance_form,0.4750000000000002,False,1,0,0,0.6474475770832555,0.9008819583358649,0.7456272095167231,0.46465887344346096,0.9522940445992999,0.5997911079103458,0.851905009676054,0.919579771826515
16801,SP1,2025/2026,2025-12,5,17,2025-12-19,Valencia,Mallorca,0.5387281968913888,0.7079100237033066,market_chance_form,0.4750000000000002,False,0,1,0,0.3061316813793016,0.5387281968913888,0.48119186509851697,0.2626747672407955,0.5665306848917339,0.46502920284311633,0.7611503526841435,0.5914604999870317
6991,I1,2025/2026,2025-12,5,16,2025-12-20,Lazio,Cremonese,0.5824364536424237,0.7079100237033066,market_chance_form,0.4750000000000002,False,0,0,1,0.5368452822200855,0.5824364536424237,0.3923081564605827,0.524340799094022,0.4889586274268685,0.5817526919190218,0.22274008614856952,0.43613155672994725
6992,I1,2025/2026,2025-12,5,16,2025-12-20,Juventus,Roma,0.5323817785561559,0.7079100237033066,market_chance_form,0.4750000000000002,False,0,1,0,0.37674652893034694,0.5323817785561559,0.36224042349356184,0.22657156886377877,0.4790943357518675,0.440404878237595,0.3823776673843902,0.2945261459460587
9184,D1,2025/2026,2025-12,5,15,2025-12-20,Augsburg,Werder Bremen,0.8370689169647366,0.7079100237033066,market_chance_form,0.4750000000000002,False,1,0,0,0.5543300149196145,0.8370689169647366,0.766269387238522,0.5601513310957349,0.6923875735351198,0.6730521393461322,0.7207964418884454,0.9211305058598268
9185,D1,2025/2026,2025-12,5,15,2025-12-20,FC Koln,Union Berlin,0.839284032745247,0.7079100237033066,market_chance_form,0.4750000000000002,False,1,0,0,0.6267581215522515,0.839284032745247,0.6921944145372091,0.5910846244977399,0.809731691596219,0.6555364611349708,0.790415737133486,0.8899427042406415
9186,D1,2025/2026,2025-12,5,15,2025-12-20,Hamburg,Ein Frankfurt,0.9075782964041301,0.7079100237033066,market_chance_form,0.4750000000000002,False,1,1,1,0.7721021896620129,0.9075782964041301,0.8875134294237682,0.7415637497211095,0.8280112878131625,0.7344944088664521,0.7640382040341193,0.8645806309921936
9187,D1,2025/2026,2025-12,5,15,2025-12-20,Stuttgart,Hoffenheim,0.9202803128441871,0.7079100237033066,market_chance_form,0.4750000000000002,False,1,0,0,0.8701317375589632,0.9202803128441871,0.8582918701211053,0.8125774573866111,0.9822545434574632,0.8325106699852397,0.950099927504937,0.9903258618758046
9188,D1,2025/2026,2025-12,5,15,2025-12-20,Wolfsburg,Freiburg,0.7333628821770375,0.7079100237033066,market_chance_form,0.4750000000000002,False,1,1,1,0.6889096554050189,0.7333628821770375,0.7256598194569736,0.6327410512046789,0.7703454249499141,0.6727923314452643,0.554531239476399,0.661622470752732
9189,D1,2025/2026,2025-12,5,15,2025-12-20,RB Leipzig,Leverkusen,0.8840376682179495,0.7079100237033066,market_chance_form,0.4750000000000002,False,1,1,1,0.8394209646981532,0.8840376682179495,0.8555616842603992,0.8135975886320697,0.9133275614758536,0.772414325981324,0.9406075971178616,0.9772726294389672
11803,E0,2025/2026,2025-12,5,17,2025-12-20,Newcastle,Chelsea,0.9070824217034638,0.7079100237033066,market_chance_form,0.4750000000000002,False,1,1,1,0.7561047597516154,0.9070824217034638,0.8456708014611477,0.6559022402907886,0.9228608166339474,0.7297693796770649,0.8428584152778331,0.9390162291330094
11804,E0,2025/2026,2025-12,5,17,2025-12-20,Bournemouth,Burnley,0.3303087482666091,0.7079100237033066,market_chance_form,0.4750000000000002,False,0,1,0,0.42259440949317745,0.3303087482666091,0.19540312110217292,0.34427122933796267,0.125850328256509,0.3721625522444558,0.23808011668615592,0.05427093683584143
11805,E0,2025/2026,2025-12,5,17,2025-12-20,Brighton,Sunderland,0.7686883278138176,0.7079100237033066,market_chance_form,0.4750000000000002,False,1,0,0,0.7922595632039315,0.7686883278138176,0.7003680849434858,0.7436423607644789,0.919401145543037,0.6862952898589827,0.8341090373456244,0.9724412559856122
11806,E0,2025/2026,2025-12,5,17,2025-12-20,Man City,West Ham,0.8771745084263755,0.7079100237033066,market_chance_form,0.4750000000000002,False,1,0,0,0.679670581878862,0.8771745084263755,0.8605127231726234,0.5987836468643255,0.972688639495837,0.6410301756949072,0.8815781746847338,0.985058860316138
11807,E0,2025/2026,2025-12,5,17,2025-12-20,Wolves,Brentford,0.72246007216381,0.7079100237033066,market_chance_form,0.4750000000000002,False,1,0,0,0.6633501914016263,0.72246007216381,0.581603999299679,0.559368229828601,0.8234195615244653,0.5417580945836432,0.6884876027107577,0.7498443785245255
11808,E0,2025/2026,2025-12,5,17,2025-12-20,Tottenham,Liverpool,0.9553094631766874,0.7079100237033066,market_chance_form,0.4750000000000002,False,1,1,1,0.6882753757983285,0.9553094631766874,0.9566900925369636,0.6580139837169283,0.9658794554463761,0.5807145634702157,0.8857066918119619,0.991755687049169
11809,E0,2025/2026,2025-12,5,17,2025-12-20,Everton,Arsenal,0.6014573857913935,0.7079100237033066,market_chance_form,0.4750000000000002,False,0,0,1,0.3360985803209379,0.6014573857913935,0.5081852440490289,0.22888040639334442,0.5937417786051888,0.31782035726626573,0.27204994070700617,0.3693950448743468
11810,E0,2025/2026,2025-12,5,17,2025-12-20,Leeds,Crystal Palace,0.8566107770101344,0.7079100237033066,market_chance_form,0.4750000000000002,False,1,1,1,0.492117332706976,0.8566107770101344,0.7645475763326378,0.39210369533258843,0.6705069751954164,0.4732757663898336,0.5990954620538316,0.6301512442046933
16802,SP1,2025/2026,2025-12,5,17,2025-12-20,Oviedo,Celta,0.4749441501484555,0.7079100237033066,market_chance_form,0.4750000000000002,False,0,0,1,0.29073643445600256,0.4749441501484555,0.28838963617468505,0.10511609966270673,0.36883310971497274,0.3022510956436844,0.5021859839537226,0.03162406632217889
16803,SP1,2025/2026,2025-12,5,17,2025-12-20,Levante,Sociedad,0.7845988804865736,0.7079100237033066,market_chance_form,0.4750000000000002,False,1,1,1,0.6227010827777851,0.7845988804865736,0.8538035031028586,0.7429500179699585,0.9106556323219365,0.6754749619588583,0.9280034194043464,0.9755536213351075
16804,SP1,2025/2026,2025-12,5,17,2025-12-20,Osasuna,Alaves,0.250006631628217,0.7079100237033066,market_chance_form,0.4750000000000002,False,0,0,1,0.3673941384845552,0.250006631628217,0.34620789940543256,0.42206443000671373,0.14425129771766262,0.4023920838525894,0.4875424514629451,0.17326542219866942
16805,SP1,2025/2026,2025-12,5,17,2025-12-20,Real Madrid,Sevilla,0.5087456912680309,0.7079100237033066,market_chance_form,0.4750000000000002,False,0,0,1,0.5711002126097582,0.5087456912680309,0.4232733894140869,0.4669941135059324,0.508930058309981,0.6529743385813198,0.5732898943435981,0.21680746675112506
6993,I1,2025/2026,2025-12,5,16,2025-12-21,Cagliari,Pisa,0.6714360711036971,0.7079100237033066,market_chance_form,0.4750000000000002,False,0,1,0,0.34353552933222004,0.6714360711036971,0.7254713966548634,0.3894150962988327,0.30204972936571517,0.4340612472187164,0.5821681116551615,0.5724753595036541
6994,I1,2025/2026,2025-12,5,16,2025-12-21,Sassuolo,Torino,0.7212910948965615,0.7079100237033066,market_chance_form,0.4750000000000002,False,1,0,0,0.5997063223425513,0.7212910948965615,0.6625168753049893,0.5206951237669097,0.8259490543243561,0.6087682093698273,0.5281803200303994,0.7696060012910124
6995,I1,2025/2026,2025-12,5,16,2025-12-21,Fiorentina,Udinese,0.8048939239867843,0.7079100237033066,market_chance_form,0.4750000000000002,False,1,1,1,0.5503210802057901,0.8048939239867843,0.7516598184017558,0.41807810062894535,0.9071976281594464,0.5989215951824098,0.7585424895042819,0.90901699861326
6996,I1,2025/2026,2025-12,5,16,2025-12-21,Genoa,Atalanta,0.6556886529514376,0.7079100237033066,market_chance_form,0.4750000000000002,False,0,0,1,0.5096191807089528,0.6556886529514376,0.542883029962556,0.30070626275153245,0.7186398062644478,0.44863694797314807,0.46332864223185893,0.5561081142267356
9190,D1,2025/2026,2025-12,5,15,2025-12-21,Mainz,St Pauli,0.3040490282370155,0.7079100237033066,market_chance_form,0.4750000000000002,False,0,0,1,0.40412152651966493,0.3040490282370155,0.252942596801173,0.27718050260633004,0.2894203344561301,0.4715779509862346,0.24241084336278595,0.08775849858747076
9191,D1,2025/2026,2025-12,5,15,2025-12-21,Heidenheim,Bayern Munich,0.9077633539454598,0.7079100237033066,market_chance_form,0.4750000000000002,False,1,0,0,0.5576363302850991,0.9077633539454598,0.9290424591282274,0.6420514893733031,0.7748696280385203,0.5899361552469871,0.6287057577007347,0.7764818120942047
11811,E0,2025/2026,2025-12,5,17,2025-12-21,Aston Villa,Man United,0.8658941739221377,0.7079100237033066,market_chance_form,0.4750000000000002,False,1,1,1,0.6409939626833995,0.8658941739221377,0.726810700414493,0.5041605109969435,0.7659653413162195,0.5870030060049953,0.8239071273793526,0.8164837575686852
16806,SP1,2025/2026,2025-12,5,17,2025-12-21,Girona,Ath Madrid,0.634608313248732,0.7079100237033066,market_chance_form,0.4750000000000002,False,0,0,1,0.4510052170046186,0.634608313248732,0.5748450637878927,0.3403356776296894,0.6230894860261103,0.42794426297458593,0.7442829708055767,0.46754619803366654
16807,SP1,2025/2026,2025-12,5,17,2025-12-21,Villarreal,Barcelona,0.8520776399150807,0.7079100237033066,market_chance_form,0.4750000000000002,False,1,0,0,0.8475262918334472,0.8520776399150807,0.8837316192632664,0.8214179827268595,0.8293633555318579,0.844415952707189,0.8761971124687274,0.8772864570272028
16808,SP1,2025/2026,2025-12,5,17,2025-12-21,Elche,Vallecano,0.43324741259210836,0.7079100237033066,market_chance_form,0.4750000000000002,False,0,0,1,0.44402947874458576,0.43324741259210836,0.3232452730702916,0.30276191690371235,0.4069921869844597,0.5215489219260249,0.5905939002824396,0.1433796075460304
16809,SP1,2025/2026,2025-12,5,17,2025-12-21,Betis,Getafe,0.3683426910113815,0.7079100237033066,market_chance_form,0.4750000000000002,False,0,0,1,0.34380758096363495,0.3683426910113815,0.3093594135762868,0.25934967281213467,0.26546070779064473,0.32857518515218515,0.4548847139654413,0.12614904371625416
11812,E0,2025/2026,2025-12,5,17,2025-12-22,Fulham,Nott'm Forest,0.37790930529550276,0.7079100237033066,market_chance_form,0.4750000000000002,False,0,0,1,0.4451963198228898,0.37790930529550276,0.39526530358839285,0.38081451861949844,0.24575729265577576,0.45680631594022536,0.39982104464393253,0.30432765431775893
16810,SP1,2025/2026,2025-12,5,17,2025-12-22,Ath Bilbao,Espanol,0.09795684179722075,0.7079100237033066,market_chance_form,0.4750000000000002,False,0,1,0,0.2869375417674019,0.09795684179722075,0.5341398178094282,0.4085130133658498,0.020355659886312223,0.35053087950704986,0.4396013139923416,0.1913651136506075
11813,E0,2025/2026,2025-12,5,18,2025-12-26,Man United,Newcastle,0.80483121299032,0.7079100237033066,market_chance_form,0.4750000000000002,False,1,0,0,0.7200919000111962,0.80483121299032,0.6919055178463915,0.5826038341366507,0.7237402206718223,0.5902134981285272,0.7670017087621481,0.6472635278219958
6997,I1,2025/2026,2025-12,5,17,2025-12-27,Parma,Fiorentina,0.8591353256060165,0.7079100237033066,market_chance_form,0.4750000000000002,False,1,0,0,0.5103684417198974,0.8591353256060165,0.756371671132586,0.3428985380766949,0.9430526998892532,0.6199853125007496,0.7520091144641784,0.9356070858131595
6998,I1,2025/2026,2025-12,5,17,2025-12-27,Lecce,Como,0.5489535999180347,0.7079100237033066,market_chance_form,0.4750000000000002,False,0,0,1,0.2750239818970402,0.5489535999180347,0.47794251081789946,0.2939588666672532,0.25377988351963454,0.3486668047063887,0.2539883142062987,0.39148379524784804
6999,I1,2025/2026,2025-12,5,17,2025-12-27,Torino,Cagliari,0.6041658391316588,0.7079100237033066,market_chance_form,0.4750000000000002,False,0,1,0,0.5184408974208525,0.6041658391316588,0.5826910142070384,0.5417846845512706,0.7080911210824181,0.5594303700188245,0.5899372358690055,0.8398258084610053
7000,I1,2025/2026,2025-12,5,17,2025-12-27,Udinese,Lazio,0.6464738161231108,0.7079100237033066,market_chance_form,0.4750000000000002,False,0,1,0,0.5073854980382735,0.6464738161231108,0.4933860978528604,0.3577053631001897,0.6625394732277167,0.541589411473513,0.4608470024314889,0.43373465601584404
7001,I1,2025/2026,2025-12,5,17,2025-12-27,Pisa,Juventus,0.7782351820818854,0.7079100237033066,market_chance_form,0.4750000000000002,False,1,0,0,0.3313951831663711,0.7782351820818854,0.7142894245532012,0.32451902636085744,0.8916689845387644,0.3870657389520135,0.33824074614368527,0.7007878620178819
11814,E0,2025/2026,2025-12,5,18,2025-12-27,Nott'm Forest,Man City,0.7933790808024501,0.7079100237033066,market_chance_form,0.4750000000000002,False,1,1,1,0.6103447900576253,0.7933790808024501,0.7554893273348388,0.4687604672139519,0.8998192960340877,0.5101168788513928,0.6627723025655176,0.7084454325488492
11815,E0,2025/2026,2025-12,5,18,2025-12-27,Arsenal,Brighton,0.6558877200960892,0.7079100237033066,market_chance_form,0.4750000000000002,False,0,1,0,0.6000890200329111,0.6558877200960892,0.4847578796565233,0.3852681504962406,0.8437094778746281,0.5248370337960716,0.6293325644400205,0.6956421587818847
11816,E0,2025/2026,2025-12,5,18,2025-12-27,Brentford,Bournemouth,0.6840462484042151,0.7079100237033066,market_chance_form,0.4750000000000002,False,0,1,0,0.7378194562660928,0.6840462484042151,0.7247764947163776,0.7709062387615956,0.47268682053097766,0.6695435024900447,0.4510395379130525,0.6102058868646817
11817,E0,2025/2026,2025-12,5,18,2025-12-27,Burnley,Everton,0.37455061866924355,0.7079100237033066,market_chance_form,0.4750000000000002,False,0,0,1,0.40455876679589003,0.37455061866924355,0.24547687308886607,0.23656441690226623,0.2810090918643904,0.3962049040947309,0.19197611926928812,0.079972526581864
11818,E0,2025/2026,2025-12,5,18,2025-12-27,Liverpool,Wolves,0.6195047795100327,0.7079100237033066,market_chance_form,0.4750000000000002,False,0,1,0,0.5879154143484774,0.6195047795100327,0.4320333164645092,0.4830480454447087,0.6532063451553973,0.5425715571498287,0.6065714636323312,0.4257332725832884
11819,E0,2025/2026,2025-12,5,18,2025-12-27,West Ham,Fulham,0.8929239793662332,0.7079100237033066,market_chance_form,0.4750000000000002,False,1,0,0,0.6678934046158301,0.8929239793662332,0.8508633491172968,0.576191662049418,0.9008390723600662,0.5230316915601154,0.7404162850889663,0.9034204270539045
11820,E0,2025/2026,2025-12,5,18,2025-12-27,Chelsea,Aston Villa,0.7521307186502957,0.7079100237033066,market_chance_form,0.4750000000000002,False,1,1,1,0.485280895311069,0.7521307186502957,0.6375776719421902,0.375380581044966,0.49352967883738863,0.42299210300075457,0.5274583808486305,0.513123879350615
7002,I1,2025/2026,2025-12,5,17,2025-12-28,Milan,Verona,0.532625518186174,0.7079100237033066,market_chance_form,0.4750000000000002,False,0,0,1,0.35969428970061684,0.532625518186174,0.3501963044974479,0.25966122410317444,0.33219998792835026,0.392811581263423,0.2701187984905804,0.23490462625083236
7003,I1,2025/2026,2025-12,5,17,2025-12-28,Cremonese,Napoli,0.8544071778373851,0.7079100237033066,market_chance_form,0.4750000000000002,False,1,0,0,0.37845910717682224,0.8544071778373851,0.7127468301143834,0.3508866299435461,0.8940593085382015,0.4350736866833227,0.6556279289026399,0.876417090000256
7004,I1,2025/2026,2025-12,5,17,2025-12-28,Bologna,Sassuolo,0.7289422980522908,0.7079100237033066,market_chance_form,0.4750000000000002,False,1,1,1,0.5212261201105708,0.7289422980522908,0.6871321402468344,0.5577235581277088,0.780129754151267,0.4649298014198495,0.8005061665415895,0.9173529505462432
7005,I1,2025/2026,2025-12,5,17,2025-12-28,Atalanta,Inter,0.8532431428770006,0.7079100237033066,market_chance_form,0.4750000000000002,False,1,0,0,0.6270054808337396,0.8532431428770006,0.7538266837995609,0.5497556461882354,0.7621351332686183,0.7076503091970466,0.5119947541283165,0.7754955602659944
11821,E0,2025/2026,2025-12,5,18,2025-12-28,Sunderland,Leeds,0.63969229510974,0.7079100237033066,market_chance_form,0.4750000000000002,False,0,1,0,0.6665431918317982,0.63969229510974,0.4784423371863093,0.5295927512106219,0.5158820854017183,0.5725699604319421,0.5682556495342908,0.5141391767891265
11822,E0,2025/2026,2025-12,5,18,2025-12-28,Crystal Palace,Tottenham,0.6787673812207162,0.7079100237033066,market_chance_form,0.4750000000000002,False,0,0,1,0.5448387684389209,0.6787673812207162,0.5684375308229378,0.5658956535887338,0.37207704875074044,0.4822814140991791,0.5324196274073311,0.7344649246598268
7006,I1,2025/2026,2025-12,5,17,2025-12-29,Roma,Genoa,0.696635516276535,0.7079100237033066,market_chance_form,0.4750000000000002,False,0,1,0,0.21555266607923823,0.696635516276535,0.5818494062338475,0.10852511461661944,0.4302009638117871,0.3059050631370325,0.3498833327082367,0.2785028203270848
11823,E0,2025/2026,2025-12,5,19,2025-12-30,Burnley,Newcastle,0.5409020984449612,0.7079100237033066,market_chance_form,0.4750000000000002,False,0,1,0,0.5069943634790206,0.5409020984449612,0.38879666269279467,0.30903975799994454,0.6800750968751366,0.4369451326437509,0.4472045854552141,0.21126225260488107
11824,E0,2025/2026,2025-12,5,19,2025-12-30,Chelsea,Bournemouth,0.74152513569669,0.7079100237033066,market_chance_form,0.4750000000000002,False,1,1,1,0.49422017137782415,0.74152513569669,0.6860386721337477,0.4141484132881968,0.39555861610211485,0.5021009420292851,0.44554111654187367,0.4567675066424904
11825,E0,2025/2026,2025-12,5,19,2025-12-30,Nott'm Forest,Everton,0.6738371961086081,0.7079100237033066,market_chance_form,0.4750000000000002,False,0,0,1,0.27925307468284827,0.6738371961086081,0.6464085674310922,0.20683834509004495,0.36629273878805135,0.3027343847410979,0.2437189591021013,0.16375138826564184
11826,E0,2025/2026,2025-12,5,19,2025-12-30,West Ham,Brighton,0.8673595414209625,0.7079100237033066,market_chance_form,0.4750000000000002,False,1,1,1,0.726387191853346,0.8673595414209625,0.7816829889898854,0.6263821907020234,0.9173099948591368,0.6127218669144103,0.7395727462801297,0.9309822430513368
11827,E0,2025/2026,2025-12,5,19,2025-12-30,Arsenal,Aston Villa,0.5874308880324273,0.7079100237033066,market_chance_form,0.4750000000000002,False,0,1,0,0.5478792201803525,0.5874308880324273,0.5191968199523751,0.4213563242831165,0.7032328802102221,0.46294458570114977,0.6201972878389842,0.7055149208485982
11828,E0,2025/2026,2025-12,5,19,2025-12-30,Man United,Wolves,0.49121854861952396,0.7079100237033066,market_chance_form,0.4750000000000002,False,0,1,0,0.5029585243970703,0.49121854861952396,0.2891957131669533,0.3560325671843689,0.5474084320002617,0.44881177083460344,0.5285230146047112,0.25407970946740593
11829,E0,2025/2026,2026-01,6,19,2026-01-01,Crystal Palace,Fulham,0.48473197765296383,0.48741436085496387,market_goal_form,0.6750000000000004,False,0,1,0,0.48473197765296383,0.6573078935632897,0.6157123558414592,0.48812490279032666,0.4149710160905468,0.4877286879586967,0.3814101105214848,0.48789813607067867
11830,E0,2025/2026,2026-01,6,19,2026-01-01,Liverpool,Leeds,0.6545760852587589,0.48741436085496387,market_goal_form,0.6750000000000004,False,1,0,0,0.6545760852587589,0.8440953495055866,0.7350749844384303,0.6835010994680544,0.8676586002274692,0.6243429769653274,0.8038275488214993,0.899686977824316
11831,E0,2025/2026,2026-01,6,19,2026-01-01,Brentford,Tottenham,0.5624673552499587,0.48741436085496387,market_goal_form,0.6750000000000004,False,1,0,0,0.5624673552499587,0.42333969116156644,0.383357494264079,0.5456084142678741,0.06120655032128351,0.5292440224188788,0.1985481497364496,0.17792747227126604
11832,E0,2025/2026,2026-01,6,19,2026-01-01,Sunderland,Man City,0.37554474046998043,0.48741436085496387,market_goal_form,0.6750000000000004,False,0,0,1,0.37554474046998043,0.7361754759114031,0.6823986703086413,0.39192390773848407,0.6346769220235577,0.4709357266815711,0.5330175857933827,0.6539818933170847
7007,I1,2025/2026,2026-01,6,18,2026-01-02,Cagliari,Milan,0.46221715562259386,0.48741436085496387,market_goal_form,0.6750000000000004,False,0,0,1,0.46221715562259386,0.48356419850619103,0.45760932263712323,0.42436943539474464,0.6684001004843432,0.4956412055551057,0.42314668997088634,0.6553303812825971
14198,F1,2025/2026,2026-01,6,17,2026-01-02,Toulouse,Lens,0.6033890401075748,0.48741436085496387,market_goal_form,0.6750000000000004,False,1,0,0,0.6033890401075748,0.8149536173548928,0.7641414158075245,0.6074421139985752,0.8685030413446395,0.6481052670751909,0.7589053497216132,0.8444551731646054
16811,SP1,2025/2026,2026-01,6,18,2026-01-02,Vallecano,Getafe,0.2445526940995838,0.48741436085496387,market_goal_form,0.6750000000000004,False,0,1,0,0.2445526940995838,0.1724373090621881,0.185349799229351,0.3076787521731729,0.08335458178584329,0.3830778816146505,0.17318585424539304,0.011484054233427864
7008,I1,2025/2026,2026-01,6,18,2026-01-03,Como,Udinese,0.4886661029741419,0.48741436085496387,market_goal_form,0.6750000000000004,False,1,0,0,0.4886661029741419,0.7385111042698675,0.639052230094236,0.4217983479221868,0.7836856920693515,0.60498635129936,0.4557667141238014,0.6633325901671775
7009,I1,2025/2026,2026-01,6,18,2026-01-03,Genoa,Pisa,0.27530575269281227,0.48741436085496387,market_goal_form,0.6750000000000004,False,0,1,0,0.27530575269281227,0.6289705415833585,0.5426976584293272,0.22655333281064674,0.5641696122757126,0.32551621047956913,0.4057599538421924,0.42507060708734673
7010,I1,2025/2026,2026-01,6,18,2026-01-03,Sassuolo,Parma,0.3797679282402397,0.48741436085496387,market_goal_form,0.6750000000000004,False,0,1,0,0.3797679282402397,0.5773455503844815,0.5899603884407367,0.3533489387791354,0.5029214065222579,0.4252943622376223,0.4039913342879437,0.7559352130227163
7011,I1,2025/2026,2026-01,6,18,2026-01-03,Juventus,Lecce,0.15015747482842218,0.48741436085496387,market_goal_form,0.6750000000000004,False,0,1,0,0.15015747482842218,0.42909491702956915,0.46915569591932654,0.19189092925147855,0.11057599754653342,0.2417626800422635,0.08890007007137203,0.07751623985064034
7012,I1,2025/2026,2026-01,6,18,2026-01-03,Atalanta,Roma,0.5792002331820447,0.48741436085496387,market_goal_form,0.6750000000000004,False,1,0,0,0.5792002331820447,0.5234404464000527,0.464181034556654,0.5521698878548629,0.5155542149620498,0.5495278424555315,0.562098059150646,0.7667451969390082
11833,E0,2025/2026,2026-01,6,20,2026-01-03,Aston Villa,Nott'm Forest,0.5490137050016591,0.48741436085496387,market_goal_form,0.6750000000000004,False,1,1,1,0.5490137050016591,0.8051519097604346,0.8042745996875843,0.5783357754201599,0.9249132974016049,0.5475471676033182,0.9251049372586447,0.9693104193815197
11834,E0,2025/2026,2026-01,6,20,2026-01-03,Brighton,Burnley,0.5397313120885519,0.48741436085496387,market_goal_form,0.6750000000000004,False,1,0,0,0.5397313120885519,0.6986944180880692,0.6452870758071981,0.5932049044715668,0.509159653988225,0.4784410527467714,0.6637877332280276,0.6453128240583532
11835,E0,2025/2026,2026-01,6,20,2026-01-03,Wolves,West Ham,0.470861531084137,0.48741436085496387,market_goal_form,0.6750000000000004,False,0,0,1,0.470861531084137,0.7554116312467545,0.7881162054067724,0.49432375309155663,0.7392246895849278,0.48619403156965635,0.7690116028483959,0.886665885723831
11836,E0,2025/2026,2026-01,6,20,2026-01-03,Bournemouth,Arsenal,0.5753811322836617,0.48741436085496387,market_goal_form,0.6750000000000004,False,1,1,1,0.5753811322836617,0.4437437023162043,0.4145283326333708,0.6462623011849853,0.5651482282902436,0.5078988300307476,0.5733691026497142,0.5930476483518256
14199,F1,2025/2026,2026-01,6,17,2026-01-03,Monaco,Lyon,0.7704117166350193,0.48741436085496387,market_goal_form,0.6750000000000004,False,1,1,1,0.7704117166350193,0.8456417626370154,0.8206948902044616,0.8404039532327257,0.9521774980499491,0.7370842296690314,0.8176901444593959,0.9586461477942892
14200,F1,2025/2026,2026-01,6,17,2026-01-03,Nice,Strasbourg,0.7243301675569856,0.48741436085496387,market_goal_form,0.6750000000000004,False,1,1,1,0.7243301675569856,0.6031265519876697,0.7325506102605861,0.8827548055332852,0.5246942783785966,0.6748873254401091,0.6614363673371697,0.796330656864257
14201,F1,2025/2026,2026-01,6,17,2026-01-03,Lille,Rennes,0.7016286667334083,0.48741436085496387,market_goal_form,0.6750000000000004,False,1,0,0,0.7016286667334083,0.773389681417561,0.71571340233112,0.7896200616415133,0.9119614579894005,0.6675411997557595,0.8024610431233075,0.9198633089462774
16812,SP1,2025/2026,2026-01,6,18,2026-01-03,Celta,Valencia,0.3852814758376976,0.48741436085496387,market_goal_form,0.6750000000000004,False,0,1,0,0.3852814758376976,0.35127986083281315,0.2536730695959706,0.39696617457322264,0.17696034467957947,0.4495879352774319,0.3270272030769991,0.10935985641251617
16813,SP1,2025/2026,2026-01,6,18,2026-01-03,Osasuna,Ath Bilbao,0.39583208115378316,0.48741436085496387,market_goal_form,0.6750000000000004,False,0,1,0,0.39583208115378316,0.4770271642248803,0.439730546553791,0.3283422000008368,0.23649468754936429,0.4818883102113372,0.4528457434031415,0.09510708084226051
16814,SP1,2025/2026,2026-01,6,18,2026-01-03,Elche,Villarreal,0.5862735347020764,0.48741436085496387,market_goal_form,0.6750000000000004,False,1,1,1,0.5862735347020764,0.6049637754462907,0.60698197138931,0.5961021645884164,0.5736281577790885,0.6334070590824439,0.6069498476756046,0.5349865383786648
16815,SP1,2025/2026,2026-01,6,18,2026-01-03,Espanol,Barcelona,0.633370315691647,0.48741436085496387,market_goal_form,0.6750000000000004,False,1,0,0,0.633370315691647,0.7076230080772542,0.8176015925839369,0.7374894630843902,0.7743843898832609,0.7458619989211804,0.604729352255039,0.6069558456241312
7013,I1,2025/2026,2026-01,6,18,2026-01-04,Lazio,Napoli,0.518077356806498,0.48741436085496387,market_goal_form,0.6750000000000004,False,1,0,0,0.518077356806498,0.6529869427302676,0.5716592084664704,0.49354988894441876,0.7152166012983093,0.5422235693841937,0.4562411570111924,0.8989934954988649
7014,I1,2025/2026,2026-01,6,18,2026-01-04,Fiorentina,Cremonese,0.6540525592217837,0.48741436085496387,market_goal_form,0.6750000000000004,False,1,0,0,0.6540525592217837,0.5799262068480395,0.49828816303102674,0.6664248837269694,0.7806505465973205,0.6364474317987847,0.49102695738831165,0.7908371462644372
7015,I1,2025/2026,2026-01,6,18,2026-01-04,Verona,Torino,0.5543575547409529,0.48741436085496387,market_goal_form,0.6750000000000004,False,1,0,0,0.5543575547409529,0.4500412168359477,0.37934605139527594,0.5185285602800103,0.5054564659520172,0.6065946422192462,0.38622241408698454,0.340932635571768
7016,I1,2025/2026,2026-01,6,18,2026-01-04,Inter,Bologna,0.4260060674311738,0.48741436085496387,market_goal_form,0.6750000000000004,False,0,1,0,0.4260060674311738,0.676595051894472,0.6356021378088128,0.5112479287790994,0.6873110656143685,0.5376747132406955,0.4266824050255571,0.6472361958305758
11837,E0,2025/2026,2026-01,6,20,2026-01-04,Leeds,Man United,0.6643096884223342,0.48741436085496387,market_goal_form,0.6750000000000004,False,1,1,1,0.6643096884223342,0.8573680895846207,0.7988842604273353,0.6329573568306737,0.8132382145259611,0.6112476023617145,0.7743088361607614,0.8924290593409847
11838,E0,2025/2026,2026-01,6,20,2026-01-04,Everton,Brentford,0.5391000081011922,0.48741436085496387,market_goal_form,0.6750000000000004,False,1,1,1,0.5391000081011922,0.7390908477300663,0.6989732063934829,0.5842900700327449,0.8140664240556315,0.450649015137368,0.7594153488431262,0.9246178232700734
11839,E0,2025/2026,2026-01,6,20,2026-01-04,Newcastle,Crystal Palace,0.4801241827745875,0.48741436085496387,market_goal_form,0.6750000000000004,False,0,0,1,0.4801241827745875,0.5914993948350888,0.4660248795083359,0.3938825712378133,0.43726966137744777,0.4305120974904894,0.42315980303235173,0.4171193170397655
11840,E0,2025/2026,2026-01,6,20,2026-01-04,Tottenham,Sunderland,0.5300083258327617,0.48741436085496387,market_goal_form,0.6750000000000004,False,1,1,1,0.5300083258327617,0.7509031247365537,0.688414367929982,0.5356733393220947,0.7494979404567312,0.476323097947788,0.6360602287394336,0.8991125205955168
11841,E0,2025/2026,2026-01,6,20,2026-01-04,Fulham,Liverpool,0.6309849897329786,0.48741436085496387,market_goal_form,0.6750000000000004,False,1,1,1,0.6309849897329786,0.7905072344685233,0.7099255434151622,0.6245896330921329,0.8155513320075493,0.5797763346467515,0.6988077482667295,0.8550289182118704
11842,E0,2025/2026,2026-01,6,20,2026-01-04,Man City,Chelsea,0.6708390055561476,0.48741436085496387,market_goal_form,0.6750000000000004,False,1,1,1,0.6708390055561476,0.8303315037813063,0.9051521350371982,0.7789024920015716,0.7897063206270541,0.5963708591150196,0.789204444255567,0.9493925012104537
14202,F1,2025/2026,2026-01,6,17,2026-01-04,Marseille,Nantes,0.47471797153930995,0.48741436085496387,market_goal_form,0.6750000000000004,False,0,0,1,0.47471797153930995,0.4862921806246214,0.5097757132318805,0.5641245269673182,0.6696426333862988,0.4482837220085268,0.5744785686027041,0.49351450264954155
14203,F1,2025/2026,2026-01,6,17,2026-01-04,Brest,Auxerre,0.5081989345141129,0.48741436085496387,market_goal_form,0.6750000000000004,False,1,0,0,0.5081989345141129,0.6190220841125119,0.71592768858106,0.6252859998684431,0.8432684953911773,0.5435592900404432,0.6178991854845536,0.8213924540304458
14204,F1,2025/2026,2026-01,6,17,2026-01-04,Le Havre,Angers,0.617650892044648,0.48741436085496387,market_goal_form,0.6750000000000004,False,1,1,1,0.617650892044648,0.4395275665025735,0.6355444553995191,0.7644478917416273,0.8938997645621342,0.5963082530361763,0.6247660538310517,0.8622313591039151
14205,F1,2025/2026,2026-01,6,17,2026-01-04,Lorient,Metz,0.5946795197916928,0.48741436085496387,market_goal_form,0.6750000000000004,False,1,1,1,0.5946795197916928,0.6989625930473402,0.5784499646470876,0.6651399289456623,0.7982614150463221,0.5343501862069234,0.5752692095893651,0.744641012883563
14206,F1,2025/2026,2026-01,6,17,2026-01-04,Paris SG,Paris FC,0.6917759417765601,0.48741436085496387,market_goal_form,0.6750000000000004,False,1,1,1,0.6917759417765601,0.7072658881235142,0.6885909459334512,0.7418029224905346,0.9420439973955274,0.6553645445926124,0.7530983512641197,0.941774316467089
16816,SP1,2025/2026,2026-01,6,18,2026-01-04,Sevilla,Levante,0.5673377989044361,0.48741436085496387,market_goal_form,0.6750000000000004,False,1,0,0,0.5673377989044361,0.6023432975783473,0.6237329421736016,0.569849852129865,0.8749731468798329,0.5412093376188839,0.8054325593706482,0.8450537452235388
16817,SP1,2025/2026,2026-01,6,18,2026-01-04,Real Madrid,Betis,0.6446986084728801,0.48741436085496387,market_goal_form,0.6750000000000004,False,1,1,1,0.6446986084728801,0.713733963166253,0.7949689378501333,0.7444149835521594,0.6844032914684347,0.6842744828903788,0.4559006795030574,0.665797926811859
16818,SP1,2025/2026,2026-01,6,18,2026-01-04,Alaves,Oviedo,0.2427463138573031,0.48741436085496387,market_goal_form,0.6750000000000004,False,0,1,0,0.2427463138573031,0.5184535890424794,0.588937857162159,0.47434040934292154,0.148000946386975,0.35659937977908696,0.36133839068835066,0.03898203443085519
16819,SP1,2025/2026,2026-01,6,18,2026-01-04,Mallorca,Girona,0.5594408443171078,0.48741436085496387,market_goal_form,0.6750000000000004,False,1,1,1,0.5594408443171078,0.5551451942248561,0.6828787855499857,0.6341854106805758,0.7683783181652586,0.5763463398258883,0.7870700663971096,0.9080632211416275
16820,SP1,2025/2026,2026-01,6,18,2026-01-04,Sociedad,Ath Madrid,0.5085363214274575,0.48741436085496387,market_goal_form,0.6750000000000004,False,1,1,1,0.5085363214274575,0.48382909949868624,0.4978468802513178,0.5460792079755497,0.5582967790869091,0.4617830850091684,0.5127711452696021,0.3438343473502143
7017,I1,2025/2026,2026-01,6,19,2026-01-06,Pisa,Como,0.36375860670389226,0.48741436085496387,market_goal_form,0.6750000000000004,False,0,0,1,0.36375860670389226,0.508251946368167,0.4601007612676532,0.4036734448095035,0.5738209929754208,0.42430532019008343,0.1563911387372774,0.49081070401122706
7018,I1,2025/2026,2026-01,6,19,2026-01-06,Lecce,Roma,0.4647640923312688,0.48741436085496387,market_goal_form,0.6750000000000004,False,0,0,1,0.4647640923312688,0.5324012523665681,0.5033517975921937,0.47490624728835185,0.5776724379126834,0.47620282955595544,0.6120068949324968,0.8118971851713295
7019,I1,2025/2026,2026-01,6,19,2026-01-06,Sassuolo,Juventus,0.5125201599561718,0.48741436085496387,market_goal_form,0.6750000000000004,False,1,0,0,0.5125201599561718,0.6675409323699018,0.6054480077521063,0.44541362241506455,0.7779788898277724,0.41827758799377,0.4250683179655226,0.7660033744197675
11843,E0,2025/2026,2026-01,6,21,2026-01-06,West Ham,Nott'm Forest,0.47381316097418547,0.48741436085496387,market_goal_form,0.6750000000000004,False,0,1,0,0.47381316097418547,0.809532435603143,0.8068369287724757,0.5266493138771157,0.7891207761093599,0.473320688706984,0.752090124984244,0.8618978845275346
7020,I1,2025/2026,2026-01,6,19,2026-01-07,Bologna,Atalanta,0.6238799536087934,0.48741436085496387,market_goal_form,0.6750000000000004,False,1,0,0,0.6238799536087934,0.7423617643112932,0.713431612732873,0.6129534940077255,0.6493093688454222,0.5791960168087552,0.49512784144928534,0.7784554084799229
7021,I1,2025/2026,2026-01,6,19,2026-01-07,Napoli,Verona,0.2855470265707638,0.48741436085496387,market_goal_form,0.6750000000000004,False,0,1,0,0.2855470265707638,0.38777367161028403,0.3457960198701442,0.3257338974137632,0.3356312592393788,0.32048019447619036,0.21748332219561686,0.29626875218318555
7022,I1,2025/2026,2026-01,6,19,2026-01-07,Lazio,Fiorentina,0.666697903045155,0.48741436085496387,market_goal_form,0.6750000000000004,False,1,1,1,0.666697903045155,0.8593918423311958,0.8651868989939311,0.7004390484129778,0.9508408379268027,0.7638516690759274,0.8011071927618675,0.9928586590007416
7023,I1,2025/2026,2026-01,6,19,2026-01-07,Parma,Inter,0.5089965048647295,0.48741436085496387,market_goal_form,0.6750000000000004,False,1,0,0,0.5089965048647295,0.7862401358084248,0.7065618552903059,0.43658722989195026,0.9221188355491462,0.5408027840635149,0.6755372763217941,0.8685169513825886
7024,I1,2025/2026,2026-01,6,19,2026-01-07,Torino,Udinese,0.44688339365971425,0.48741436085496387,market_goal_form,0.6750000000000004,False,0,1,0,0.44688339365971425,0.6849436375428418,0.727891984064209,0.4678727551891437,0.7126812676301306,0.5880005954040787,0.41541767385200506,0.7961985840470078
11844,E0,2025/2026,2026-01,6,21,2026-01-07,Bournemouth,Tottenham,0.5509230637998412,0.48741436085496387,market_goal_form,0.6750000000000004,False,1,1,1,0.5509230637998412,0.6722474490579075,0.5839069042838881,0.6324554054300064,0.23210802911408004,0.5817930274981131,0.4461159673953785,0.46884404037784166
11845,E0,2025/2026,2026-01,6,21,2026-01-07,Brentford,Sunderland,0.6817738723147327,0.48741436085496387,market_goal_form,0.6750000000000004,False,1,0,0,0.6817738723147327,0.5760874908164958,0.5513141889780178,0.7093555658852905,0.5806601143947077,0.6218018261429155,0.5374096794785268,0.8912186440174948
11846,E0,2025/2026,2026-01,6,21,2026-01-07,Crystal Palace,Aston Villa,0.6315905167421448,0.48741436085496387,market_goal_form,0.6750000000000004,False,1,0,0,0.6315905167421448,0.7877180723632566,0.7237658950239827,0.6559700273379385,0.5783364665615589,0.5830214538674572,0.632013168123802,0.767208639728202
11847,E0,2025/2026,2026-01,6,21,2026-01-07,Everton,Wolves,0.3077602217942846,0.48741436085496387,market_goal_form,0.6750000000000004,False,0,1,0,0.3077602217942846,0.46196702288804115,0.30249662555770174,0.2577009179973525,0.264931325412567,0.36523614735084603,0.41367851067232936,0.16816235476953462
11848,E0,2025/2026,2026-01,6,21,2026-01-07,Fulham,Chelsea,0.5884111777001568,0.48741436085496387,market_goal_form,0.6750000000000004,False,1,1,1,0.5884111777001568,0.7537545457065911,0.7274699824476747,0.5586088316741815,0.8265093132277939,0.5812256520228775,0.8270372931716232,0.8703643708361384
11849,E0,2025/2026,2026-01,6,21,2026-01-07,Man City,Brighton,0.6022915483688132,0.48741436085496387,market_goal_form,0.6750000000000004,False,1,1,1,0.6022915483688132,0.7329403902974606,0.8428233531240888,0.7299391912098846,0.8404067460750367,0.6095019671100216,0.6100432726216328,0.9277445021251984
11850,E0,2025/2026,2026-01,6,21,2026-01-07,Burnley,Man United,0.4420501914193918,0.48741436085496387,market_goal_form,0.6750000000000004,False,0,1,0,0.4420501914193918,0.6718349647041031,0.6782508445718644,0.46072477113723226,0.4953777638147126,0.4446808518085803,0.5190172066856609,0.5987266710755328
11851,E0,2025/2026,2026-01,6,21,2026-01-07,Newcastle,Leeds,0.6613921012738121,0.48741436085496387,market_goal_form,0.6750000000000004,False,1,1,1,0.6613921012738121,0.7767740113335851,0.7045750440371099,0.6835305352045604,0.8064669780643822,0.6380794514342824,0.7212142278666474,0.9292532721581942
7025,I1,2025/2026,2026-01,6,19,2026-01-08,Cremonese,Cagliari,0.6085560343498574,0.48741436085496387,market_goal_form,0.6750000000000004,False,1,1,1,0.6085560343498574,0.8239016657600322,0.69478170212439,0.5902999368612765,0.9164007870363216,0.5446433038666896,0.6780006812221236,0.9100224246346391
7026,I1,2025/2026,2026-01,6,19,2026-01-08,Milan,Genoa,0.265431488102213,0.48741436085496387,market_goal_form,0.6750000000000004,False,0,1,0,0.265431488102213,0.311490994191546,0.28789568379062785,0.27026870632475053,0.18977883294316206,0.34955460550462625,0.21114401825385992,0.09291675906395819
11852,E0,2025/2026,2026-01,6,21,2026-01-08,Arsenal,Liverpool,0.5506221799225947,0.48741436085496387,market_goal_form,0.6750000000000004,False,1,0,0,0.5506221799225947,0.6776506637761026,0.6798335514934691,0.5701027392381598,0.6016056719059921,0.5045262707905518,0.4300475643520461,0.8209489815983982
9192,D1,2025/2026,2026-01,6,16,2026-01-09,Ein Frankfurt,Dortmund,0.725330495900574,0.48741436085496387,market_goal_form,0.6750000000000004,False,1,1,1,0.725330495900574,0.865860663093827,0.8273004411303345,0.6752414484617437,0.909542019401756,0.636190714608924,0.870359826804185,0.911504709681031
16821,SP1,2025/2026,2026-01,6,19,2026-01-09,Getafe,Sociedad,0.4134609596398348,0.48741436085496387,market_goal_form,0.6750000000000004,False,0,1,0,0.4134609596398348,0.2766866505782037,0.3519570088030374,0.4516028529903945,0.4990932222835331,0.3175333756514359,0.5757346659294666,0.38046463926347374
7027,I1,2025/2026,2026-01,6,20,2026-01-10,Como,Bologna,0.4706352239171004,0.48741436085496387,market_goal_form,0.6750000000000004,False,0,1,0,0.4706352239171004,0.5634924073292806,0.5191382057422839,0.5285091681138865,0.5188223056245727,0.5390130431331064,0.3840196310722084,0.654912517576749
7028,I1,2025/2026,2026-01,6,20,2026-01-10,Udinese,Pisa,0.2985045807175626,0.48741436085496387,market_goal_form,0.6750000000000004,False,0,1,0,0.2985045807175626,0.17227941750410272,0.3733432154595803,0.3437395097875887,0.12285319821442646,0.422838777174518,0.21794090949159492,0.151376727710236
7029,I1,2025/2026,2026-01,6,20,2026-01-10,Roma,Sassuolo,0.46354870979627266,0.48741436085496387,market_goal_form,0.6750000000000004,False,0,0,1,0.46354870979627266,0.7887745866452626,0.7845137394722059,0.48293107798837903,0.8894984104303729,0.45412108578808974,0.700791334278167,0.9701624970317149
7030,I1,2025/2026,2026-01,6,20,2026-01-10,Atalanta,Torino,0.4221417012079758,0.48741436085496387,market_goal_form,0.6750000000000004,False,0,0,1,0.4221417012079758,0.6526742174799885,0.5653892993879606,0.43233645759539857,0.6840611992253428,0.542679294034199,0.47637117525769535,0.7274718332230427
9193,D1,2025/2026,2026-01,6,16,2026-01-10,Freiburg,Hamburg,0.8337972363222855,0.48741436085496387,market_goal_form,0.6750000000000004,False,1,1,1,0.8337972363222855,0.7799840879343539,0.5700177750374774,0.8076542208409988,0.9157729698308289,0.6978813147771925,0.7775012534411988,0.7045708330775119
9194,D1,2025/2026,2026-01,6,16,2026-01-10,Heidenheim,FC Koln,0.7994170605993055,0.48741436085496387,market_goal_form,0.6750000000000004,False,1,1,1,0.7994170605993055,0.7347218052696353,0.6484807318904268,0.7382939403354437,0.8399229812030125,0.7127254898278235,0.6863775002493159,0.6577863421457995
9195,D1,2025/2026,2026-01,6,16,2026-01-10,Union Berlin,Mainz,0.4757716871251019,0.48741436085496387,market_goal_form,0.6750000000000004,False,0,1,0,0.4757716871251019,0.629553424250539,0.5909934130688212,0.4520653679653838,0.5101415248015783,0.4530696023263145,0.3295895336527869,0.4876400112112922
9196,D1,2025/2026,2026-01,6,16,2026-01-10,Leverkusen,Stuttgart,0.8223106384063616,0.48741436085496387,market_goal_form,0.6750000000000004,False,1,1,1,0.8223106384063616,0.8918841518311195,0.8901781954620921,0.8446421079843051,0.9583120938987414,0.8147145464599455,0.8465067941391934,0.9848738998589144
16822,SP1,2025/2026,2026-01,6,19,2026-01-10,Oviedo,Betis,0.2613685878136304,0.48741436085496387,market_goal_form,0.6750000000000004,False,0,1,0,0.2613685878136304,0.4013364548698704,0.23799881414756793,0.14268050190412518,0.18610925072039,0.3472157309742446,0.18919966574003627,0.013127666285183167
16823,SP1,2025/2026,2026-01,6,19,2026-01-10,Villarreal,Alaves,0.4491218752360232,0.48741436085496387,market_goal_form,0.6750000000000004,False,0,1,0,0.4491218752360232,0.4820092527715816,0.6551244563738459,0.6091318368269945,0.7522106865033166,0.5193662478078677,0.5356768161729228,0.5826966052462228
16824,SP1,2025/2026,2026-01,6,19,2026-01-10,Girona,Osasuna,0.5892483082409068,0.48741436085496387,market_goal_form,0.6750000000000004,False,1,0,0,0.5892483082409068,0.7333052761480356,0.7054932769951706,0.6725668808975243,0.767007405422095,0.612602461943436,0.7861289354502781,0.9315887406355884
16825,SP1,2025/2026,2026-01,6,19,2026-01-10,Valencia,Elche,0.40921248257598003,0.48741436085496387,market_goal_form,0.6750000000000004,False,0,1,0,0.40921248257598003,0.7311510217238151,0.6965637843590664,0.5566932263388796,0.5589803146973771,0.4413994091651839,0.5594688051552361,0.5940450509952527
7031,I1,2025/2026,2026-01,6,20,2026-01-11,Lecce,Parma,0.3593256491580672,0.48741436085496387,market_goal_form,0.6750000000000004,False,0,1,0,0.3593256491580672,0.6800758461043731,0.6461892126049694,0.3733466783366034,0.3983325275674868,0.4493191976269706,0.5357196152115586,0.6378543908146566
7032,I1,2025/2026,2026-01,6,20,2026-01-11,Fiorentina,Milan,0.695982332840039,0.48741436085496387,market_goal_form,0.6750000000000004,False,1,1,1,0.695982332840039,0.7618653753268616,0.6938475093298584,0.6820212868508827,0.8131602670654703,0.7087481838959658,0.6831065023065711,0.9312294673456646
7033,I1,2025/2026,2026-01,6,20,2026-01-11,Verona,Lazio,0.5093222888808243,0.48741436085496387,market_goal_form,0.6750000000000004,False,1,0,0,0.5093222888808243,0.17985033323445454,0.17006052797125887,0.4699192096122194,0.11640614941666341,0.462042073061314,0.21289224435762805,0.10568984829377776
7034,I1,2025/2026,2026-01,6,20,2026-01-11,Inter,Napoli,0.5698036146222384,0.48741436085496387,market_goal_form,0.6750000000000004,False,1,1,1,0.5698036146222384,0.6642205326329663,0.6250682129771821,0.5071746778621219,0.7748991680774703,0.5511894860849539,0.4604881177941278,0.7802232285146349
9197,D1,2025/2026,2026-01,6,16,2026-01-11,M'gladbach,Augsburg,0.44430297958682624,0.48741436085496387,market_goal_form,0.6750000000000004,False,0,0,1,0.44430297958682624,0.7241559645626015,0.6278332195831094,0.3686438578335303,0.664330793731101,0.45600015118295284,0.5649850399100088,0.2704078574484638
9198,D1,2025/2026,2026-01,6,16,2026-01-11,Bayern Munich,Wolfsburg,0.6514560824131592,0.48741436085496387,market_goal_form,0.6750000000000004,False,1,1,1,0.6514560824131592,0.7929837164791501,0.7550639358191356,0.7314849862053849,0.8113045111080616,0.6506021521310368,0.7357676688312611,0.9288194471455559
16826,SP1,2025/2026,2026-01,6,19,2026-01-11,Vallecano,Mallorca,0.3939495977950931,0.48741436085496387,market_goal_form,0.6750000000000004,False,0,1,0,0.3939495977950931,0.3819444722526915,0.3802825653131419,0.5032619900201348,0.48328816098273664,0.47921544126382437,0.5786387101135095,0.3283717272243882
16827,SP1,2025/2026,2026-01,6,19,2026-01-11,Levante,Espanol,0.5459361309889564,0.48741436085496387,market_goal_form,0.6750000000000004,False,1,1,1,0.5459361309889564,0.6786318814134121,0.55739446465236,0.4896187919043157,0.7777534276195712,0.5772802909564347,0.6367317070105606,0.5272618225783449
7035,I1,2025/2026,2026-01,6,20,2026-01-12,Genoa,Cagliari,0.45601153953727214,0.48741436085496387,market_goal_form,0.6750000000000004,False,0,0,1,0.45601153953727214,0.7154929556824823,0.6568752443296383,0.4751560842906014,0.869314335346194,0.38420090649160105,0.6190669940655694,0.9142673466508051
7036,I1,2025/2026,2026-01,6,20,2026-01-12,Juventus,Cremonese,0.3263896481496183,0.48741436085496387,market_goal_form,0.6750000000000004,False,0,0,1,0.3263896481496183,0.7357298592552267,0.6735876429494443,0.33570053183275067,0.7873484005004502,0.42203782404340734,0.3072817314216319,0.6770287076277992
16828,SP1,2025/2026,2026-01,6,19,2026-01-12,Sevilla,Celta,0.6799210139654895,0.48741436085496387,market_goal_form,0.6750000000000004,False,1,0,0,0.6799210139654895,0.6091595979583695,0.5321768709768914,0.6973271237793169,0.83603497019655,0.5886475544394189,0.7443363214925207,0.7972459795535085
9199,D1,2025/2026,2026-01,6,17,2026-01-13,Stuttgart,Ein Frankfurt,0.556910158067726,0.48741436085496387,market_goal_form,0.6750000000000004,False,1,1,1,0.556910158067726,0.8083769842041743,0.8024823839754472,0.529662290944264,0.48933361857438523,0.5815858901667443,0.4568462249861383,0.6231308832035956
9200,D1,2025/2026,2026-01,6,17,2026-01-13,Dortmund,Werder Bremen,0.4566136881283297,0.48741436085496387,market_goal_form,0.6750000000000004,False,0,0,1,0.4566136881283297,0.8389336819850105,0.7782170479565778,0.3816886554312895,0.8872382780162156,0.5481304988926791,0.6846632029162206,0.8958510899060509
9201,D1,2025/2026,2026-01,6,17,2026-01-13,Mainz,Heidenheim,0.571934945790564,0.48741436085496387,market_goal_form,0.6750000000000004,False,1,1,1,0.571934945790564,0.7745282625802696,0.7198145293262652,0.640716751156404,0.9093005502671321,0.6193237755928082,0.7636966988667454,0.9175958852234354
7037,I1,2025/2026,2026-01,6,16,2026-01-14,Napoli,Parma,0.19193677685530972,0.48741436085496387,market_goal_form,0.6750000000000004,False,0,0,1,0.19193677685530972,0.43295989909276716,0.4168564671032277,0.21632159034020912,0.15895345036096525,0.28948227931348675,0.17927727912099892,0.18015289921386018
7038,I1,2025/2026,2026-01,6,16,2026-01-14,Inter,Lecce,0.2324388145734461,0.48741436085496387,market_goal_form,0.6750000000000004,False,0,0,1,0.2324388145734461,0.47811260923254256,0.5055520451171298,0.32513511135126427,0.18189710393194916,0.34693122245383723,0.23413770867940184,0.2052449942640288
9202,D1,2025/2026,2026-01,6,17,2026-01-14,Wolfsburg,St Pauli,0.5765043596128585,0.48741436085496387,market_goal_form,0.6750000000000004,False,1,1,1,0.5765043596128585,0.6039107833193409,0.6264166587425494,0.601543811610271,0.7571426307562759,0.5503082812959339,0.5380425740048252,0.6660642919180966
9203,D1,2025/2026,2026-01,6,17,2026-01-14,FC Koln,Bayern Munich,0.5466216429004223,0.48741436085496387,market_goal_form,0.6750000000000004,False,1,1,1,0.5466216429004223,0.841229285649943,0.7436396126342079,0.5969516711050077,0.8298166488328487,0.6982867838121471,0.6226382223193658,0.7247646134575048
9204,D1,2025/2026,2026-01,6,17,2026-01-14,Hoffenheim,M'gladbach,0.6366536716166377,0.48741436085496387,market_goal_form,0.6750000000000004,False,1,1,1,0.6366536716166377,0.6829939272981566,0.5978271098442105,0.5814782190605133,0.6587244717596126,0.6066414606310708,0.6540824274648642,0.650997764965345
9205,D1,2025/2026,2026-01,6,17,2026-01-14,RB Leipzig,Freiburg,0.7807514344661753,0.48741436085496387,market_goal_form,0.6750000000000004,False,1,0,0,0.7807514344661753,0.5243066241814489,0.5892341445342792,0.7947943620422011,0.541311572446074,0.7730300917664791,0.557235351123229,0.8540788968847491
7039,I1,2025/2026,2026-01,6,16,2026-01-15,Verona,Bologna,0.4688761546786808,0.48741436085496387,market_goal_form,0.6750000000000004,False,0,1,0,0.4688761546786808,0.42175040906441763,0.34685278298961086,0.5118370702107163,0.32420679422323023,0.49380137013444103,0.3525285495351873,0.2635263487600355
7040,I1,2025/2026,2026-01,6,16,2026-01-15,Como,Milan,0.6885266080907402,0.48741436085496387,market_goal_form,0.6750000000000004,False,1,1,1,0.6885266080907402,0.8094055877406132,0.7716051883158077,0.6721035057080812,0.8686194028862316,0.7168682844055733,0.733608107008527,0.9586157897806402
9206,D1,2025/2026,2026-01,6,17,2026-01-15,Augsburg,Union Berlin,0.49166783031058314,0.48741436085496387,market_goal_form,0.6750000000000004,False,1,1,1,0.49166783031058314,0.6661795084366259,0.5162952547563919,0.4067405171646312,0.518633567798954,0.49170571723859063,0.5751469712561351,0.654500076197496
7041,I1,2025/2026,2026-01,6,21,2026-01-16,Pisa,Atalanta,0.5754900728810376,0.48741436085496387,market_goal_form,0.6750000000000004,False,1,1,1,0.5754900728810376,0.4702395317409925,0.41455455420442544,0.49593604939815,0.7409101989054541,0.5378530967320425,0.3271487551720957,0.4779618849023091
9207,D1,2025/2026,2026-01,6,18,2026-01-16,Werder Bremen,Ein Frankfurt,0.761870636453235,0.48741436085496387,market_goal_form,0.6750000000000004,False,1,1,1,0.761870636453235,0.8921221642526669,0.9047505012512189,0.762934451972586,0.8212941600539022,0.7452281932408823,0.7397270375872481,0.9323352632314937
14207,F1,2025/2026,2026-01,6,18,2026-01-16,Monaco,Lorient,0.8104153889677508,0.48741436085496387,market_goal_form,0.6750000000000004,False,1,1,1,0.8104153889677508,0.7873366397746491,0.7419647609159856,0.8459173351723215,0.9490658206129463,0.7307629776346265,0.8011178141338705,0.8871031012097362
14208,F1,2025/2026,2026-01,6,18,2026-01-16,Paris SG,Lille,0.7907586599429003,0.48741436085496387,market_goal_form,0.6750000000000004,False,1,0,0,0.7907586599429003,0.8270243165016467,0.8536783483602687,0.8455338395953653,0.9855974312750269,0.7035646495073093,0.8407810290205945,0.981645990873586
16829,SP1,2025/2026,2026-01,6,20,2026-01-16,Espanol,Girona,0.3206719620353451,0.48741436085496387,market_goal_form,0.6750000000000004,False,0,0,1,0.3206719620353451,0.44296262052448976,0.6393452917494777,0.4201125343591375,0.2540714251578987,0.4248081259779878,0.47646262861986227,0.37949054307273
7042,I1,2025/2026,2026-01,6,21,2026-01-17,Udinese,Inter,0.4679173544112737,0.48741436085496387,market_goal_form,0.6750000000000004,False,0,0,1,0.4679173544112737,0.49100737432717756,0.42369156487218596,0.41752283542319246,0.588453865360564,0.5106289334291165,0.36669712317089753,0.3906304401078511
7043,I1,2025/2026,2026-01,6,21,2026-01-17,Napoli,Sassuolo,0.3325892848419662,0.48741436085496387,market_goal_form,0.6750000000000004,False,0,0,1,0.3325892848419662,0.46339226321984683,0.5057686318274998,0.35431210363459315,0.2876618328827941,0.3358842001615277,0.25267088068441695,0.42395364265836466
7044,I1,2025/2026,2026-01,6,21,2026-01-17,Cagliari,Juventus,0.3903342108799494,0.48741436085496387,market_goal_form,0.6750000000000004,False,0,0,1,0.3903342108799494,0.40767900365650067,0.43929535287428406,0.476569635268843,0.6524603096656885,0.372279655365643,0.2800042306402724,0.5746089460439971
9208,D1,2025/2026,2026-01,6,18,2026-01-17,Dortmund,St Pauli,0.43085396266154835,0.48741436085496387,market_goal_form,0.6750000000000004,False,0,1,0,0.43085396266154835,0.6566455198947913,0.5970529000753634,0.40492829528668617,0.6658040547468327,0.46071683860935786,0.37209174120622646,0.4067295347055848
9209,D1,2025/2026,2026-01,6,18,2026-01-17,FC Koln,Mainz,0.7264373946403945,0.48741436085496387,market_goal_form,0.6750000000000004,False,1,1,1,0.7264373946403945,0.8321120694962094,0.7160410711622281,0.7130527635063703,0.9300758715306595,0.7124952229840588,0.6562740217117019,0.8447266590859337
9210,D1,2025/2026,2026-01,6,18,2026-01-17,Hamburg,M'gladbach,0.5132261721759919,0.48741436085496387,market_goal_form,0.6750000000000004,False,1,0,0,0.5132261721759919,0.6875334876387577,0.45301868002092616,0.4320220645918934,0.4294283896038591,0.6571432254193316,0.519791580230015,0.37053710330653483
9211,D1,2025/2026,2026-01,6,18,2026-01-17,Hoffenheim,Leverkusen,0.89760918263057,0.48741436085496387,market_goal_form,0.6750000000000004,False,1,0,0,0.89760918263057,0.8840275262998006,0.8828449545075733,0.8850315319193743,0.9732085715097,0.8086289664202828,0.9363230199930767,0.9912308635623125
9212,D1,2025/2026,2026-01,6,18,2026-01-17,Wolfsburg,Heidenheim,0.6833954143627917,0.48741436085496387,market_goal_form,0.6750000000000004,False,1,1,1,0.6833954143627917,0.8142878161735144,0.8411753497463087,0.7850836320239313,0.9316244796417231,0.6620026304273269,0.8187695053442242,0.9706263985683485
9213,D1,2025/2026,2026-01,6,18,2026-01-17,RB Leipzig,Bayern Munich,0.7534357268602326,0.48741436085496387,market_goal_form,0.6750000000000004,False,1,1,1,0.7534357268602326,0.8244957710765675,0.8416970915502111,0.7933392630115453,0.7823240372720747,0.788148660074419,0.8133619011051341,0.93065382362719
11853,E0,2025/2026,2026-01,6,22,2026-01-17,Man United,Man City,0.6446546745271865,0.48741436085496387,market_goal_form,0.6750000000000004,False,1,0,0,0.6446546745271865,0.9515400699365963,0.9247122604998048,0.5777768067559564,0.8792388825191436,0.6409539504139459,0.869477525621213,0.9792438354762512
11854,E0,2025/2026,2026-01,6,22,2026-01-17,Chelsea,Brentford,0.7355936140470493,0.48741436085496387,market_goal_form,0.6750000000000004,False,1,0,0,0.7355936140470493,0.8311544067497473,0.7703859237644354,0.6804056562583872,0.9185608746874537,0.6274204966369916,0.8832310906548757,0.9624154585880063
11855,E0,2025/2026,2026-01,6,22,2026-01-17,Leeds,Fulham,0.48741436085496387,0.48741436085496387,market_goal_form,0.6750000000000004,False,1,0,0,0.48741436085496387,0.7000766410298276,0.6689768057094897,0.45305145005763786,0.5555851746806372,0.42482711471341533,0.4677792118265498,0.6529521696473313
11856,E0,2025/2026,2026-01,6,22,2026-01-17,Liverpool,Burnley,0.407001116388627,0.48741436085496387,market_goal_form,0.6750000000000004,False,0,1,0,0.407001116388627,0.5085468109290782,0.4500665772161109,0.4579322621305854,0.32420044672276876,0.3600378993055347,0.3961142300745448,0.19225195250772362
11857,E0,2025/2026,2026-01,6,22,2026-01-17,Sunderland,Crystal Palace,0.38246344715606956,0.48741436085496387,market_goal_form,0.6750000000000004,False,0,1,0,0.38246344715606956,0.6525111361586273,0.5622066531156757,0.3391940438710489,0.3253149458389365,0.46339205585905346,0.4626589880178497,0.44411070012259596
11858,E0,2025/2026,2026-01,6,22,2026-01-17,Tottenham,West Ham,0.51759083704557,0.48741436085496387,market_goal_form,0.6750000000000004,False,1,1,1,0.51759083704557,0.7577571916994661,0.7914485944765431,0.5193738694391636,0.8784418771673037,0.5259675087854433,0.7752642022453826,0.9343527874989304
11859,E0,2025/2026,2026-01,6,22,2026-01-17,Nott'm Forest,Arsenal,0.4194651174932468,0.48741436085496387,market_goal_form,0.6750000000000004,False,0,0,1,0.4194651174932468,0.48677196145160023,0.5300152022896629,0.5071073526375334,0.513871359481748,0.41794771518585766,0.4537811943474289,0.5165544791323023
14209,F1,2025/2026,2026-01,6,18,2026-01-17,Lens,Auxerre,0.5171433252436193,0.48741436085496387,market_goal_form,0.6750000000000004,False,1,0,0,0.5171433252436193,0.7123371604441354,0.7245518928786824,0.5617833649799949,0.9207338429783548,0.5606027104762729,0.6721211890482819,0.8424192933974983
14210,F1,2025/2026,2026-01,6,18,2026-01-17,Toulouse,Nice,0.6163525230312519,0.48741436085496387,market_goal_form,0.6750000000000004,False,1,1,1,0.6163525230312519,0.5825457458344958,0.5867440909068669,0.6147984346889644,0.7811234981814736,0.5864892994834638,0.6592771776674612,0.7031457703820277
14211,F1,2025/2026,2026-01,6,18,2026-01-17,Angers,Marseille,0.4098992061373442,0.48741436085496387,market_goal_form,0.6750000000000004,False,0,1,0,0.4098992061373442,0.510103227097181,0.539959988268548,0.5104616567549168,0.7142829390500707,0.40892580969830994,0.5251057041322039,0.39452148204940624
16830,SP1,2025/2026,2026-01,6,20,2026-01-17,Real Madrid,Levante,0.5768073065668542,0.48741436085496387,market_goal_form,0.6750000000000004,False,1,0,0,0.5768073065668542,0.8008438499120414,0.7541122898077571,0.480968333345916,0.707378626541286,0.6626278008254189,0.3963148471961838,0.1823988733183395
16831,SP1,2025/2026,2026-01,6,20,2026-01-17,Mallorca,Ath Bilbao,0.4977720343599429,0.48741436085496387,market_goal_form,0.6750000000000004,False,1,1,1,0.4977720343599429,0.4030248753063481,0.4944551648282177,0.5901079859053386,0.5691477563966109,0.556163785133179,0.42912607095290284,0.5322976248552035
16832,SP1,2025/2026,2026-01,6,20,2026-01-17,Osasuna,Oviedo,0.22549469605944727,0.48741436085496387,market_goal_form,0.6750000000000004,False,0,1,0,0.22549469605944727,0.3848801583861999,0.40012981685589094,0.18439218476660862,0.21715639383518798,0.43132705856299786,0.42021467219725844,0.04183398365442957
16833,SP1,2025/2026,2026-01,6,20,2026-01-17,Betis,Villarreal,0.7358734069848074,0.48741436085496387,market_goal_form,0.6750000000000004,False,1,0,0,0.7358734069848074,0.8235772863588996,0.8100013643731644,0.7680364725172002,0.7901625235309704,0.7352900135489996,0.8409537929687173,0.8892979522637054
7045,I1,2025/2026,2026-01,6,21,2026-01-18,Parma,Genoa,0.3589617404767737,0.48741436085496387,market_goal_form,0.6750000000000004,False,0,0,1,0.3589617404767737,0.5004116313554373,0.3999867721014827,0.34113412002540344,0.3324496623014206,0.4253440681855666,0.49020447696577457,0.45768363727917916
7046,I1,2025/2026,2026-01,6,21,2026-01-18,Bologna,Fiorentina,0.6389992657450656,0.48741436085496387,market_goal_form,0.6750000000000004,False,1,1,1,0.6389992657450656,0.8002692785964701,0.7996338656298009,0.6829753460971124,0.8901840794330165,0.6891776996923389,0.7164677515910768,0.9735199647922229
7047,I1,2025/2026,2026-01,6,21,2026-01-18,Torino,Roma,0.48651851253541384,0.48741436085496387,market_goal_form,0.6750000000000004,False,0,0,1,0.48651851253541384,0.4417645393095796,0.49887610122880016,0.4814878961441595,0.520571681321578,0.5240212805623446,0.4819946108942874,0.7219619696288874
7048,I1,2025/2026,2026-01,6,21,2026-01-18,Milan,Lecce,0.22088623379432198,0.48741436085496387,market_goal_form,0.6750000000000004,False,0,0,1,0.22088623379432198,0.6165163443813455,0.5427847747625764,0.23990446550893071,0.34463111338194075,0.3032947096169453,0.26033894961999066,0.37642262153758466
9214,D1,2025/2026,2026-01,6,18,2026-01-18,Stuttgart,Union Berlin,0.4959542695514297,0.48741436085496387,market_goal_form,0.6750000000000004,False,1,1,1,0.4959542695514297,0.6423463258849229,0.5685794321191787,0.4909572042567014,0.5643769571149145,0.5168658907605332,0.44300058172923884,0.7695781881743645
9215,D1,2025/2026,2026-01,6,18,2026-01-18,Augsburg,Freiburg,0.6727888119576941,0.48741436085496387,market_goal_form,0.6750000000000004,False,1,1,1,0.6727888119576941,0.7107823521799751,0.670170264696865,0.6843734225858632,0.654460901236152,0.6811470439879297,0.4793192403303991,0.8546624202344613
11860,E0,2025/2026,2026-01,6,22,2026-01-18,Wolves,Newcastle,0.46403536327023603,0.48741436085496387,market_goal_form,0.6750000000000004,False,0,0,1,0.46403536327023603,0.7555491875189954,0.6533012152086822,0.3411279596825534,0.7379304897023402,0.4614518628301866,0.7888808725253117,0.6451643045081481
11861,E0,2025/2026,2026-01,6,22,2026-01-18,Aston Villa,Everton,0.5264479628338209,0.48741436085496387,market_goal_form,0.6750000000000004,False,1,0,0,0.5264479628338209,0.7207958882427291,0.718706116522389,0.5982246166301284,0.9074844201274102,0.5478755821261553,0.8506147181287392,0.9652248122235373
14212,F1,2025/2026,2026-01,6,18,2026-01-18,Strasbourg,Metz,0.7044807732416561,0.48741436085496387,market_goal_form,0.6750000000000004,False,1,1,1,0.7044807732416561,0.6657788158942076,0.6114838906571792,0.7319080437921194,0.8858505453965037,0.6550213543489244,0.8100579098113598,0.8957288713010686
14213,F1,2025/2026,2026-01,6,18,2026-01-18,Nantes,Paris FC,0.6807387202017999,0.48741436085496387,market_goal_form,0.6750000000000004,False,1,1,1,0.6807387202017999,0.5616565172450341,0.5110842583653792,0.6757133694595902,0.8978795777798811,0.6928986501790156,0.7773037259638284,0.9002184180729981
14214,F1,2025/2026,2026-01,6,18,2026-01-18,Rennes,Le Havre,0.5606461004230617,0.48741436085496387,market_goal_form,0.6750000000000004,False,1,1,1,0.5606461004230617,0.7386118383369076,0.6903171871029768,0.6130328327088947,0.8948031482930404,0.6004353622702169,0.6710173129452035,0.9392773091444695
14215,F1,2025/2026,2026-01,6,18,2026-01-18,Lyon,Brest,0.5506667452969711,0.48741436085496387,market_goal_form,0.6750000000000004,False,1,1,1,0.5506667452969711,0.6505912946381407,0.6685315424398347,0.6460442406294264,0.8354813550674298,0.5250358049674826,0.723225315309423,0.8577695773474138
16834,SP1,2025/2026,2026-01,6,20,2026-01-18,Getafe,Valencia,0.32059432691064615,0.48741436085496387,market_goal_form,0.6750000000000004,False,0,0,1,0.32059432691064615,0.28860458961356916,0.28044308110394295,0.3701012912924591,0.13941930612584313,0.3073076124289734,0.3295249561108317,0.13233760092180913
16835,SP1,2025/2026,2026-01,6,20,2026-01-18,Ath Madrid,Alaves,0.49134909953681943,0.48741436085496387,market_goal_form,0.6750000000000004,False,1,0,0,0.49134909953681943,0.4033608088076528,0.5216176835108824,0.6318040640759963,0.7721844135889945,0.5365439809020626,0.5509143217613504,0.6972654434198778
16836,SP1,2025/2026,2026-01,6,20,2026-01-18,Celta,Vallecano,0.27904891389719827,0.48741436085496387,market_goal_form,0.6750000000000004,False,0,0,1,0.27904891389719827,0.3338132377508787,0.29738848865806133,0.27627383987235743,0.2152116514725769,0.4123812188681065,0.3830677033661042,0.06717249636082125
16837,SP1,2025/2026,2026-01,6,20,2026-01-18,Sociedad,Barcelona,0.6236031697406728,0.48741436085496387,market_goal_form,0.6750000000000004,False,1,1,1,0.6236031697406728,0.7365366456559236,0.7264019311693786,0.5755162274663406,0.7674236520856454,0.7205705526050512,0.821334442945027,0.6245245087792363
7049,I1,2025/2026,2026-01,6,21,2026-01-19,Cremonese,Verona,0.6219205985558685,0.48741436085496387,market_goal_form,0.6750000000000004,False,1,0,0,0.6219205985558685,0.762461658022572,0.6585892106431405,0.6288654658424241,0.9170770863512516,0.6062150824057931,0.6725487988344854,0.9070911669915708
7050,I1,2025/2026,2026-01,6,21,2026-01-19,Lazio,Como,0.5937119629838502,0.48741436085496387,market_goal_form,0.6750000000000004,False,1,0,0,0.5937119629838502,0.835468897980335,0.8318962931807953,0.619849953590881,0.8664258956880344,0.6607841845011381,0.5271784155407871,0.9373071455730315
11862,E0,2025/2026,2026-01,6,22,2026-01-19,Brighton,Bournemouth,0.7262897316600188,0.48741436085496387,market_goal_form,0.6750000000000004,False,1,1,1,0.7262897316600188,0.7789977648464312,0.7649761536498609,0.7932006279746808,0.6246084032338816,0.7675903179785636,0.7150672304870995,0.8817061125519514
16838,SP1,2025/2026,2026-01,6,20,2026-01-19,Elche,Sevilla,0.49539342821539617,0.48741436085496387,market_goal_form,0.6750000000000004,False,1,1,1,0.49539342821539617,0.4276815239507743,0.47361453183272667,0.47008287564639073,0.4124937180797772,0.559581857185467,0.4927359130644059,0.28459479712443997
7051,I1,2025/2026,2026-01,6,22,2026-01-23,Inter,Pisa,0.31994121646653917,0.48741436085496387,market_goal_form,0.6750000000000004,False,0,1,0,0.31994121646653917,0.29905627350125114,0.43086854137526603,0.37000751795892994,0.1267658049794585,0.416396637131083,0.27383597171736107,0.07979395861338148
9216,D1,2025/2026,2026-01,6,19,2026-01-23,St Pauli,Hamburg,0.7488492154491735,0.48741436085496387,market_goal_form,0.6750000000000004,False,1,0,0,0.7488492154491735,0.6388013314859202,0.5235716253029483,0.7864810274216201,0.8884012609022679,0.6075299434069008,0.6377567704305356,0.7109652363515685
14216,F1,2025/2026,2026-01,6,19,2026-01-23,Auxerre,Paris SG,0.4901161074703858,0.48741436085496387,market_goal_form,0.6750000000000004,False,1,0,0,0.4901161074703858,0.5542800575008515,0.5914675986550032,0.5670165094755603,0.8930904339384252,0.44150527337631773,0.5407105396419222,0.7390737058841841
16839,SP1,2025/2026,2026-01,6,21,2026-01-23,Levante,Elche,0.6039034773784844,0.48741436085496387,market_goal_form,0.6750000000000004,False,1,1,1,0.6039034773784844,0.7718216317082804,0.6456405983433255,0.5572438356005648,0.7696744855194432,0.6127399325319982,0.6491423579223297,0.6946463382077207
7052,I1,2025/2026,2026-01,6,22,2026-01-24,Como,Torino,0.43142232094016547,0.48741436085496387,market_goal_form,0.6750000000000004,False,0,0,1,0.43142232094016547,0.6292220544204188,0.6058276508045469,0.444253969602661,0.7507591509500806,0.5659567373029066,0.5045405744542573,0.8104032721112463
7053,I1,2025/2026,2026-01,6,22,2026-01-24,Fiorentina,Cagliari,0.5821955140108523,0.48741436085496387,market_goal_form,0.6750000000000004,False,1,1,1,0.5821955140108523,0.47204802746264596,0.3872152599070488,0.5979221778931368,0.6764296593552326,0.5386240695522337,0.48513772282436035,0.7309240841848881
7054,I1,2025/2026,2026-01,6,22,2026-01-24,Lecce,Lazio,0.4207282888391864,0.48741436085496387,market_goal_form,0.6750000000000004,False,0,0,1,0.4207282888391864,0.4287772263822971,0.43835195970440577,0.4124979817378627,0.32018010583670364,0.4338454928897401,0.35605313252497156,0.4446729046864246
9217,D1,2025/2026,2026-01,6,19,2026-01-24,Bayern Munich,Augsburg,0.5236060810367333,0.48741436085496387,market_goal_form,0.6750000000000004,False,1,1,1,0.5236060810367333,0.8026688751072619,0.6626884890289828,0.5050684824615824,0.6189597317019515,0.5622768132373519,0.6938974162215807,0.6008843376628288
9218,D1,2025/2026,2026-01,6,19,2026-01-24,Ein Frankfurt,Hoffenheim,0.8375148222016532,0.48741436085496387,market_goal_form,0.6750000000000004,False,1,1,1,0.8375148222016532,0.9100831740305194,0.7361922166190782,0.7090423146896124,0.9470359907335602,0.7942689333381447,0.896941049033721,0.9043645419778471
9219,D1,2025/2026,2026-01,6,19,2026-01-24,Heidenheim,RB Leipzig,0.7888029355542282,0.48741436085496387,market_goal_form,0.6750000000000004,False,1,0,0,0.7888029355542282,0.8450750165992565,0.8115734657903576,0.82589773609603,0.950563483214607,0.7377011193113796,0.7678273877606058,0.9392489366196299
9220,D1,2025/2026,2026-01,6,19,2026-01-24,Leverkusen,Werder Bremen,0.7674198045311674,0.48741436085496387,market_goal_form,0.6750000000000004,False,1,0,0,0.7674198045311674,0.8922273119578036,0.7629507620436976,0.7162294485167875,0.965639381889135,0.7396126318774724,0.8769788770009813,0.9712522833727993
9221,D1,2025/2026,2026-01,6,19,2026-01-24,Mainz,Wolfsburg,0.6716229444935526,0.48741436085496387,market_goal_form,0.6750000000000004,False,1,1,1,0.6716229444935526,0.8707989808109147,0.8471592853542163,0.7325341212739545,0.9522478181064746,0.6938225691099859,0.8439456307083076,0.9829665428403223
9222,D1,2025/2026,2026-01,6,19,2026-01-24,Union Berlin,Dortmund,0.4972067886318497,0.48741436085496387,market_goal_form,0.6750000000000004,False,1,0,0,0.4972067886318497,0.7381964080780656,0.7249922836796483,0.4126604235949928,0.5750039007633536,0.4188627743026405,0.5601789306582046,0.5849160471701519
11863,E0,2025/2026,2026-01,6,23,2026-01-24,West Ham,Sunderland,0.6197614930777616,0.48741436085496387,market_goal_form,0.6750000000000004,False,1,1,1,0.6197614930777616,0.6592513001781249,0.6439146922829478,0.6215097373014761,0.5790166265198143,0.5941752115636023,0.578618310948546,0.768002778926985
11864,E0,2025/2026,2026-01,6,23,2026-01-24,Burnley,Tottenham,0.3300809324879411,0.48741436085496387,market_goal_form,0.6750000000000004,False,0,1,0,0.3300809324879411,0.6004705632574149,0.49235812555743347,0.2709704457229549,0.1403667025841861,0.3610043643534109,0.32481886496000156,0.15823927880408317
11865,E0,2025/2026,2026-01,6,23,2026-01-24,Fulham,Brighton,0.7137331448130118,0.48741436085496387,market_goal_form,0.6750000000000004,False,1,1,1,0.7137331448130118,0.783422967851952,0.8053861049802231,0.7248988295692286,0.9087523433506156,0.7012513362957253,0.8320634006922383,0.961492575420545
11866,E0,2025/2026,2026-01,6,23,2026-01-24,Man City,Wolves,0.3887532917734396,0.48741436085496387,market_goal_form,0.6750000000000004,False,0,0,1,0.3887532917734396,0.4902787769046942,0.5047635937663464,0.49930161537557577,0.17477185334217493,0.4133851101665396,0.44824537319710234,0.33660070180274576
11867,E0,2025/2026,2026-01,6,23,2026-01-24,Bournemouth,Liverpool,0.6579266204254454,0.48741436085496387,market_goal_form,0.6750000000000004,False,1,1,1,0.6579266204254454,0.8171813908160359,0.736211711316374,0.7103386881099056,0.6602727262931255,0.6357188183324308,0.6078744862737969,0.7556033164191978
14217,F1,2025/2026,2026-01,6,19,2026-01-24,Rennes,Lorient,0.720839417503033,0.48741436085496387,market_goal_form,0.6750000000000004,False,1,0,0,0.720839417503033,0.8262062476246258,0.713647776286317,0.7385991550920186,0.9382169972278965,0.6405271517533672,0.8154829788046567,0.9341186553265737
14218,F1,2025/2026,2026-01,6,19,2026-01-24,Le Havre,Monaco,0.8184214374421065,0.48741436085496387,market_goal_form,0.6750000000000004,False,1,0,0,0.8184214374421065,0.7808996498004519,0.8307181492146319,0.8667362377513145,0.9889947484975437,0.793903326632887,0.882817731281139,0.9877789941996701
14219,F1,2025/2026,2026-01,6,19,2026-01-24,Marseille,Lens,0.6772387064621205,0.48741436085496387,market_goal_form,0.6750000000000004,False,1,1,1,0.6772387064621205,0.8266211077398875,0.6698825289394372,0.6853178440972719,0.8679686609148005,0.705728302787675,0.8032556662295086,0.8834559885247331
16840,SP1,2025/2026,2026-01,6,21,2026-01-24,Vallecano,Osasuna,0.4765643396203819,0.48741436085496387,market_goal_form,0.6750000000000004,False,0,1,0,0.4765643396203819,0.47026259388802083,0.47131372563315244,0.5987296595762835,0.28425754911690476,0.5703678428476556,0.5784870591331999,0.37455525405965745
16841,SP1,2025/2026,2026-01,6,21,2026-01-24,Valencia,Espanol,0.3838420370622782,0.48741436085496387,market_goal_form,0.6750000000000004,False,0,1,0,0.3838420370622782,0.5793498777932585,0.6356681500727409,0.47312214652612256,0.5295864565659856,0.4131804281103193,0.5483219279973189,0.37501618148929744
16842,SP1,2025/2026,2026-01,6,21,2026-01-24,Sevilla,Ath Bilbao,0.5896088394204076,0.48741436085496387,market_goal_form,0.6750000000000004,False,1,1,1,0.5896088394204076,0.6076273564980963,0.6358748026183083,0.6382703279905018,0.6306564403568635,0.4672018607564422,0.792021784032419,0.6484739190481852
16843,SP1,2025/2026,2026-01,6,21,2026-01-24,Villarreal,Real Madrid,0.7971389357416166,0.48741436085496387,market_goal_form,0.6750000000000004,False,1,0,0,0.7971389357416166,0.8881302593762211,0.9251764757312556,0.836254244112417,0.9246062362768565,0.8001681785176077,0.7958547888964819,0.9331467317614547
7055,I1,2025/2026,2026-01,6,22,2026-01-25,Sassuolo,Cremonese,0.6027389620695008,0.48741436085496387,market_goal_form,0.6750000000000004,False,1,0,0,0.6027389620695008,0.7947700681915542,0.7340424967572518,0.502250248717176,0.9421176580287717,0.5558854094001838,0.6521942269599025,0.9694484796999759
7056,I1,2025/2026,2026-01,6,22,2026-01-25,Atalanta,Parma,0.3289799879019657,0.48741436085496387,market_goal_form,0.6750000000000004,False,0,0,1,0.3289799879019657,0.3744522917441206,0.3860461694553921,0.3323101128528936,0.2661158841207851,0.4173107589073803,0.26299539405003663,0.24633884613481088
7057,I1,2025/2026,2026-01,6,22,2026-01-25,Genoa,Bologna,0.5147381609347591,0.48741436085496387,market_goal_form,0.6750000000000004,False,1,1,1,0.5147381609347591,0.7878483528271066,0.6924701937505695,0.5355569422065096,0.8186905903833893,0.5042382733138181,0.5768396881179797,0.8400757366660379
7058,I1,2025/2026,2026-01,6,22,2026-01-25,Juventus,Napoli,0.32680752596327506,0.48741436085496387,market_goal_form,0.6750000000000004,False,0,0,1,0.32680752596327506,0.6079922661764438,0.4209427970408466,0.16757840449468717,0.48360759975122397,0.36830116211606384,0.19700731701468283,0.3266165415191306
7059,I1,2025/2026,2026-01,6,22,2026-01-25,Roma,Milan,0.6983414101955508,0.48741436085496387,market_goal_form,0.6750000000000004,False,1,1,1,0.6983414101955508,0.9157529549763324,0.8831759361846138,0.6429660830820143,0.9218830219145954,0.6923070511603414,0.8593701986749875,0.9922043690996571
9223,D1,2025/2026,2026-01,6,19,2026-01-25,M'gladbach,Stuttgart,0.5924387669212666,0.48741436085496387,market_goal_form,0.6750000000000004,False,1,0,0,0.5924387669212666,0.8422576755379048,0.8607280606271787,0.6564028603966074,0.6583328672946317,0.637101233910127,0.6132928081029658,0.764862553231122
9224,D1,2025/2026,2026-01,6,19,2026-01-25,Freiburg,FC Koln,0.7455990148593423,0.48741436085496387,market_goal_form,0.6750000000000004,False,1,1,1,0.7455990148593423,0.7856388629133592,0.7037851372360434,0.7907519808790314,0.8828489334817519,0.618871147166936,0.7186136887210733,0.9065919746457796
11868,E0,2025/2026,2026-01,6,23,2026-01-25,Brentford,Nott'm Forest,0.48986835638420023,0.48741436085496387,market_goal_form,0.6750000000000004,False,1,0,0,0.48986835638420023,0.49817441449587974,0.562878104842592,0.5384405781261958,0.36431614614534247,0.467714582236905,0.3977441622908482,0.5551787640611471
11869,E0,2025/2026,2026-01,6,23,2026-01-25,Crystal Palace,Chelsea,0.6856819697380885,0.48741436085496387,market_goal_form,0.6750000000000004,False,1,1,1,0.6856819697380885,0.7000278761828621,0.7298230605577458,0.6886620977203812,0.6950609013646751,0.6622207235250489,0.6066388448459676,0.7523195138110116
11870,E0,2025/2026,2026-01,6,23,2026-01-25,Newcastle,Aston Villa,0.732187447110393,0.48741436085496387,market_goal_form,0.6750000000000004,False,1,0,0,0.732187447110393,0.837148607251793,0.8149307459344726,0.7707869077284114,0.7963877068963252,0.6579035676237303,0.8012919281913492,0.940668221631958
11871,E0,2025/2026,2026-01,6,23,2026-01-25,Arsenal,Man United,0.49205556360830566,0.48741436085496387,market_goal_form,0.6750000000000004,False,1,1,1,0.49205556360830566,0.6868392110695265,0.7192008338511249,0.5413965510319151,0.5230775899728253,0.5007405272509965,0.5719436978253926,0.8061743933158583
14220,F1,2025/2026,2026-01,6,19,2026-01-25,Nantes,Nice,0.6242250760046446,0.48741436085496387,market_goal_form,0.6750000000000004,False,1,1,1,0.6242250760046446,0.856562295624832,0.8537627547634956,0.7198136731937005,0.9391317058734348,0.6436201479835102,0.8938819959459641,0.9822819447212866
14221,F1,2025/2026,2026-01,6,19,2026-01-25,Brest,Toulouse,0.5195832489391762,0.48741436085496387,market_goal_form,0.6750000000000004,False,1,0,0,0.5195832489391762,0.6693056712764609,0.6819905852813611,0.5522446115229995,0.7683713429639062,0.5099640063714497,0.5787839063059408,0.6606655514795746
14222,F1,2025/2026,2026-01,6,19,2026-01-25,Metz,Lyon,0.7003530985441486,0.48741436085496387,market_goal_form,0.6750000000000004,False,1,1,1,0.7003530985441486,0.6869369310521037,0.509808501937722,0.6258835531551631,0.9364930990260026,0.638200077820287,0.7709453058542014,0.7585359154267495
14223,F1,2025/2026,2026-01,6,19,2026-01-25,Paris FC,Angers,0.46874725945084356,0.48741436085496387,market_goal_form,0.6750000000000004,False,0,0,1,0.46874725945084356,0.7892970512386444,0.7457499427167354,0.591654350032522,0.9494093688858768,0.467228049773443,0.6674729451589365,0.9033369122697158
14224,F1,2025/2026,2026-01,6,19,2026-01-25,Lille,Strasbourg,0.7019528962866227,0.48741436085496387,market_goal_form,0.6750000000000004,False,1,1,1,0.7019528962866227,0.6509410670284959,0.73180742961884,0.7955568787728827,0.8115298221518226,0.6354558025911676,0.736247034875282,0.9288307453784076
16844,SP1,2025/2026,2026-01,6,21,2026-01-25,Ath Madrid,Mallorca,0.5765410368973097,0.48741436085496387,market_goal_form,0.6750000000000004,False,1,0,0,0.5765410368973097,0.4725134643526663,0.5158219854069659,0.7143238801074664,0.7519920800870995,0.5541489606687834,0.532114702226768,0.6591383471635851
16845,SP1,2025/2026,2026-01,6,21,2026-01-25,Barcelona,Oviedo,0.5791329549853642,0.48741436085496387,market_goal_form,0.6750000000000004,False,1,0,0,0.5791329549853642,0.8442675731928243,0.8806042342730701,0.8341632093613428,0.6847041963282369,0.6795309955579334,0.7404061657672701,0.8063171227273913
16846,SP1,2025/2026,2026-01,6,21,2026-01-25,Sociedad,Celta,0.5150254487860403,0.48741436085496387,market_goal_form,0.6750000000000004,False,1,1,1,0.5150254487860403,0.33677304321957047,0.1914852732747612,0.32020781141542964,0.4421031875006788,0.47210660925766024,0.4456342144147288,0.05462899775138487
16847,SP1,2025/2026,2026-01,6,21,2026-01-25,Alaves,Betis,0.4901622023492879,0.48741436085496387,market_goal_form,0.6750000000000004,False,1,1,1,0.4901622023492879,0.5799499679426817,0.6874717798859858,0.5663359880740005,0.49529304354689846,0.5435262027909818,0.5900818662914766,0.4774912550376477
7060,I1,2025/2026,2026-01,6,22,2026-01-26,Verona,Udinese,0.565003775393425,0.48741436085496387,market_goal_form,0.6750000000000004,False,1,1,1,0.565003775393425,0.6945126407985925,0.5951727071761691,0.5199044388002773,0.6112373027110438,0.6121058659099515,0.5379411322601428,0.6505099575997232
11872,E0,2025/2026,2026-01,6,23,2026-01-26,Everton,Leeds,0.5501708029776534,0.48741436085496387,market_goal_form,0.6750000000000004,False,1,1,1,0.5501708029776534,0.8202796850115389,0.7138493254085962,0.5514472582871123,0.6315126154198554,0.5580249550697037,0.6990191823586299,0.8104282230742528
16848,SP1,2025/2026,2026-01,6,21,2026-01-26,Girona,Getafe,0.34532760082583075,0.48741436085496387,market_goal_form,0.6750000000000004,False,0,1,0,0.34532760082583075,0.36661270762207687,0.33396726575619096,0.3573052329269499,0.5010411521148044,0.4267280346707436,0.393108487837758,0.259956107148517
9225,D1,2025/2026,2026-01,6,16,2026-01-27,St Pauli,RB Leipzig,0.6126797902243241,0.48741436085496387,market_goal_form,0.6750000000000004,False,1,1,1,0.6126797902243241,0.6539599859619822,0.5498883584932713,0.5919342168078888,0.8814380886311305,0.5263442276887074,0.5581739307592196,0.6821844077095829
9226,D1,2025/2026,2026-01,6,16,2026-01-27,Werder Bremen,Hoffenheim,0.7793260595453217,0.48741436085496387,market_goal_form,0.6750000000000004,False,1,0,0,0.7793260595453217,0.8876312661014333,0.8576181404551656,0.7929078739222584,0.969147443446821,0.7765754688441779,0.8003670332047707,0.9840628888243242
7061,I1,2025/2026,2026-01,6,23,2026-01-30,Lazio,Genoa,0.3205637123819042,0.48741436085496387,market_goal_form,0.6750000000000004,False,0,1,0,0.3205637123819042,0.45744660960439476,0.44455521114762536,0.34119285357613977,0.38556813744558355,0.4453329401199812,0.3786644720629058,0.3828083755478613
9227,D1,2025/2026,2026-01,6,20,2026-01-30,FC Koln,Wolfsburg,0.7897757656539235,0.48741436085496387,market_goal_form,0.6750000000000004,False,1,0,0,0.7897757656539235,0.8843628291226171,0.8556708444237086,0.83972856487913,0.9604032033396906,0.7688995530337093,0.8261404312112599,0.9803825760943644
14225,F1,2025/2026,2026-01,6,20,2026-01-30,Lens,Le Havre,0.593550840471868,0.48741436085496387,market_goal_form,0.6750000000000004,False,1,0,0,0.593550840471868,0.6512875920875503,0.656851672091581,0.6337369109376634,0.8570511119405204,0.637147057784423,0.6038772067905429,0.8488449283088553
16849,SP1,2025/2026,2026-01,6,22,2026-01-30,Espanol,Alaves,0.3067332729770561,0.48741436085496387,market_goal_form,0.6750000000000004,False,0,1,0,0.3067332729770561,0.2807890201203843,0.41795499751135945,0.3880478124264922,0.21025570556578832,0.4113354775753701,0.31754654108741304,0.14600868351590413
7062,I1,2025/2026,2026-01,6,23,2026-01-31,Pisa,Sassuolo,0.6198015297492865,0.48741436085496387,market_goal_form,0.6750000000000004,False,1,1,1,0.6198015297492865,0.5887414461506579,0.3926086149493659,0.41981760470340534,0.5116568677368685,0.6080816612824591,0.5188159431403818,0.7128860453685142
7063,I1,2025/2026,2026-01,6,23,2026-01-31,Napoli,Fiorentina,0.5347767004406495,0.48741436085496387,market_goal_form,0.6750000000000004,False,1,1,1,0.5347767004406495,0.7686365886104277,0.8068869914705243,0.5842483900016882,0.6835348006761819,0.6335681244488308,0.556994407224555,0.9402646485103135
7064,I1,2025/2026,2026-01,6,23,2026-01-31,Cagliari,Verona,0.4184204580147989,0.48741436085496387,market_goal_form,0.6750000000000004,False,0,0,1,0.4184204580147989,0.3424149671701937,0.4398823462321599,0.5988451550584903,0.47706211928372366,0.4343427195485021,0.33414980523589427,0.6124849437247638
9228,D1,2025/2026,2026-01,6,20,2026-01-31,Augsburg,St Pauli,0.4910040349902829,0.48741436085496387,market_goal_form,0.6750000000000004,False,1,1,1,0.4910040349902829,0.43248527120172786,0.3932342209214099,0.4560911558900284,0.48209133297197276,0.45466366615293036,0.249077997540482,0.21752847788020016
9229,D1,2025/2026,2026-01,6,20,2026-01-31,Ein Frankfurt,Leverkusen,0.8637259117802012,0.48741436085496387,market_goal_form,0.6750000000000004,False,1,1,1,0.8637259117802012,0.9047477799479536,0.7695988223115361,0.7597823602201724,0.9602561355073068,0.8140764858103962,0.9095210622674579,0.9446608264528585
9230,D1,2025/2026,2026-01,6,20,2026-01-31,Hoffenheim,Union Berlin,0.6460717298111972,0.48741436085496387,market_goal_form,0.6750000000000004,False,1,1,1,0.6460717298111972,0.6907711310774697,0.5646934549102453,0.5496990550384719,0.6921067998017576,0.5691975279965369,0.6585017210147562,0.7001990502804541
9231,D1,2025/2026,2026-01,6,20,2026-01-31,RB Leipzig,Mainz,0.6890187689505034,0.48741436085496387,market_goal_form,0.6750000000000004,False,1,1,1,0.6890187689505034,0.5629043190042752,0.6029981515121179,0.739117827414309,0.7072033174282192,0.6919432122121763,0.6359815346832264,0.8070524565564495
9232,D1,2025/2026,2026-01,6,20,2026-01-31,Werder Bremen,M'gladbach,0.6882183873262663,0.48741436085496387,market_goal_form,0.6750000000000004,False,1,1,1,0.6882183873262663,0.8392665688064578,0.6285129201249493,0.49941746768791645,0.7386715570486376,0.761917543744748,0.7343661104010001,0.8131549673991698
9233,D1,2025/2026,2026-01,6,20,2026-01-31,Hamburg,Bayern Munich,0.49137273418593336,0.48741436085496387,market_goal_form,0.6750000000000004,False,1,1,1,0.49137273418593336,0.8993080178909589,0.8719636652695969,0.5789783663615735,0.8176627061840706,0.6405127171637163,0.6785859937563887,0.877313061772175
11873,E0,2025/2026,2026-01,6,24,2026-01-31,Brighton,Everton,0.5829689221888466,0.48741436085496387,market_goal_form,0.6750000000000004,False,1,1,1,0.5829689221888466,0.6833542925812234,0.6780481867410978,0.6041980807330889,0.7814765445197894,0.5971855937857348,0.6655550441884702,0.8809077216845398
11874,E0,2025/2026,2026-01,6,24,2026-01-31,Leeds,Arsenal,0.5881697670421048,0.48741436085496387,market_goal_form,0.6750000000000004,False,1,0,0,0.5881697670421048,0.6020322384803423,0.6431777762330426,0.6196186695987853,0.9126613155809963,0.4372845546394406,0.696985506851847,0.9122233187283806
11875,E0,2025/2026,2026-01,6,24,2026-01-31,Wolves,Bournemouth,0.5142192762146504,0.48741436085496387,market_goal_form,0.6750000000000004,False,1,0,0,0.5142192762146504,0.7312777559580907,0.6453181464620724,0.415198213135662,0.2947601783224421,0.5525828625854198,0.5303931038446271,0.23055783775150515
11876,E0,2025/2026,2026-01,6,24,2026-01-31,Chelsea,West Ham,0.6373151649523143,0.48741436085496387,market_goal_form,0.6750000000000004,False,1,1,1,0.6373151649523143,0.7934543861222964,0.7937157784274063,0.6323191081932135,0.8725865903268161,0.6597816234306014,0.8462042631171658,0.9180103141083881
11877,E0,2025/2026,2026-01,6,24,2026-01-31,Liverpool,Newcastle,0.7254570323356824,0.48741436085496387,market_goal_form,0.6750000000000004,False,1,1,1,0.7254570323356824,0.8283640664297263,0.8285275498531676,0.7575830688568679,0.93466724400889,0.6639899649238721,0.8813153583029725,0.9600861210441594
14226,F1,2025/2026,2026-01,6,20,2026-01-31,Paris FC,Marseille,0.7329017366087297,0.48741436085496387,market_goal_form,0.6750000000000004,False,1,1,1,0.7329017366087297,0.8733073470540004,0.812576679501368,0.7618154742195709,0.9839620230279128,0.6300875672587157,0.8487073788892208,0.9549718037370196
14227,F1,2025/2026,2026-01,6,20,2026-01-31,Lorient,Nantes,0.4618143685197917,0.48741436085496387,market_goal_form,0.6750000000000004,False,0,1,0,0.4618143685197917,0.7580782218138881,0.6938729409768133,0.5066344067431351,0.8729946462485527,0.4066044206623911,0.6662637826712756,0.6695443938705146
14228,F1,2025/2026,2026-01,6,20,2026-01-31,Monaco,Rennes,0.8065195625630515,0.48741436085496387,market_goal_form,0.6750000000000004,False,1,0,0,0.8065195625630515,0.9107662522004542,0.8572584509118824,0.8428192824580681,0.9661645366631764,0.7630938081952705,0.8390370966200217,0.9536053495224129
16850,SP1,2025/2026,2026-01,6,22,2026-01-31,Oviedo,Girona,0.4242000744535745,0.48741436085496387,market_goal_form,0.6750000000000004,False,0,0,1,0.4242000744535745,0.6763263018295362,0.44249078933171276,0.2512077513261273,0.6344222517191921,0.4925841186166056,0.6979412885695506,0.24486025672000858
16851,SP1,2025/2026,2026-01,6,22,2026-01-31,Osasuna,Villarreal,0.6510519442440675,0.48741436085496387,market_goal_form,0.6750000000000004,False,1,1,1,0.6510519442440675,0.6185396565970354,0.6872712598246052,0.694847281385023,0.5233520775936263,0.670649087882937,0.6880970541336134,0.7590745633357201
16852,SP1,2025/2026,2026-01,6,22,2026-01-31,Levante,Ath Madrid,0.601976737772574,0.48741436085496387,market_goal_form,0.6750000000000004,False,1,0,0,0.601976737772574,0.7299634124208448,0.5955827421092191,0.5454330502723691,0.9176788196558299,0.6053919952949158,0.6154127522643306,0.5853442305900896
16853,SP1,2025/2026,2026-01,6,22,2026-01-31,Elche,Barcelona,0.6123424645255154,0.48741436085496387,market_goal_form,0.6750000000000004,False,1,1,1,0.6123424645255154,0.7113496388554486,0.8260680900161134,0.6773819856089021,0.9098305862950471,0.7511105640830142,0.7146214790360451,0.7596382723300875
7065,I1,2025/2026,2026-02,7,23,2026-02-01,Torino,Lecce,0.49750923432771565,0.5692812817491164,market_chance_context,0.4500000000000002,True,0,0,1,0.5357479516984893,0.41958352529162257,0.49750923432771565,0.5290328875192621,0.7201511372542083,0.5399128749232461,0.43679189751910164,0.7886033362325545
7066,I1,2025/2026,2026-02,7,23,2026-02-01,Como,Atalanta,0.6479416509250248,0.5692812817491164,market_chance_context,0.4500000000000002,True,1,0,0,0.7369196707082061,0.6772181791571895,0.6479416509250248,0.6953107713605313,0.8394517485652728,0.6649035257906675,0.7076191741871369,0.8941231446546293
7067,I1,2025/2026,2026-02,7,23,2026-02-01,Cremonese,Inter,0.2911727492451207,0.5692812817491164,market_chance_context,0.4500000000000002,True,0,0,1,0.6970398929082042,0.3541988111603688,0.2911727492451207,0.6697595287568083,0.8380211778648952,0.6423629181040532,0.3423794600491736,0.5299163368008324
7068,I1,2025/2026,2026-02,7,23,2026-02-01,Parma,Juventus,0.6867245713635837,0.5692812817491164,market_chance_context,0.4500000000000002,True,1,1,1,0.4198014242109078,0.7689667317773492,0.6867245713635837,0.516372915165445,0.8485072097852573,0.46117824914093214,0.4137769597995902,0.8603029800118754
9234,D1,2025/2026,2026-02,7,20,2026-02-01,Stuttgart,Freiburg,0.6785972715247997,0.6799130128526829,market_chance_context,0.4500000000000002,True,0,0,1,0.6741831553673568,0.707809406302828,0.6785972715247997,0.6806110881589937,0.823589885370272,0.6206277492715111,0.5140802111532659,0.861460359059937
9235,D1,2025/2026,2026-02,7,20,2026-02-01,Dortmund,Heidenheim,0.3691942797427055,0.6799130128526829,market_chance_context,0.4500000000000002,True,0,1,0,0.3660694016183292,0.5301374814913943,0.3691942797427055,0.2619576669593589,0.23671729746729442,0.44698101918850364,0.38190647656047255,0.09007452700075734
11878,E0,2025/2026,2026-02,7,24,2026-02-01,Aston Villa,Brentford,0.7691596130220618,0.7341304145352738,market_chance_context,0.4500000000000002,True,1,0,0,0.663275713590834,0.8581951539500207,0.7691596130220618,0.6942059706042744,0.820076672693421,0.6200240959208706,0.8558697566689699,0.9397595516862133
11879,E0,2025/2026,2026-02,7,24,2026-02-01,Man United,Fulham,0.7880924774541911,0.7341304145352738,market_chance_context,0.4500000000000002,True,1,1,1,0.6425457539734919,0.866296313920542,0.7880924774541911,0.7078766635957712,0.9613615156893021,0.5916328325695135,0.8035576167570716,0.9776726860820728
11880,E0,2025/2026,2026-02,7,24,2026-02-01,Nott'm Forest,Crystal Palace,0.6477433239891517,0.7341304145352738,market_chance_context,0.4500000000000002,True,0,1,0,0.30016955877827434,0.6734184777613628,0.6477433239891517,0.2720293074399028,0.13901744661892806,0.41262959486747464,0.37166871519782085,0.15871109627718263
11881,E0,2025/2026,2026-02,7,24,2026-02-01,Tottenham,Man City,0.8217287442597235,0.7341304145352738,market_chance_context,0.4500000000000002,True,1,1,1,0.679796070958723,0.8064934357798342,0.8217287442597235,0.6710781700593128,0.82930278356554,0.6665007840126735,0.7280532178647207,0.9020457806142181
14229,F1,2025/2026,2026-02,7,20,2026-02-01,Lyon,Lille,0.68517382015234,0.6811973461293607,market_chance_context,0.4500000000000002,True,1,0,0,0.7580446161917277,0.6378921325520459,0.68517382015234,0.7855452476794578,0.9292639889065238,0.6602744912089062,0.6576739772329434,0.8502036670522637
14230,F1,2025/2026,2026-02,7,20,2026-02-01,Angers,Metz,0.744450454783385,0.6811973461293607,market_chance_context,0.4500000000000002,True,1,0,0,0.5791429197191912,0.6755219382075306,0.744450454783385,0.6244991559742472,0.8067360549692236,0.46249857803619104,0.8104091364159236,0.8507531150499263
14231,F1,2025/2026,2026-02,7,20,2026-02-01,Nice,Brest,0.7373748589714795,0.6811973461293607,market_chance_context,0.4500000000000002,True,1,1,1,0.5996789971607848,0.6584712436012357,0.7373748589714795,0.7492421556309146,0.6222779492532254,0.5887620638370141,0.6843480418319583,0.7393547526511624
14232,F1,2025/2026,2026-02,7,20,2026-02-01,Toulouse,Auxerre,0.5266430377869525,0.6811973461293607,market_chance_context,0.4500000000000002,True,0,0,1,0.29523634995957426,0.49840429328301705,0.5266430377869525,0.3233165297115932,0.3711058840436582,0.33473865048508994,0.3834202937676428,0.2891314866368061
14233,F1,2025/2026,2026-02,7,20,2026-02-01,Strasbourg,Paris SG,0.6101253134413852,0.6811973461293607,market_chance_context,0.4500000000000002,True,0,1,0,0.7737186284918816,0.6452779885845759,0.6101253134413852,0.8328121792887856,0.8725687738766623,0.6479812986428112,0.681242909312994,0.7956020878171626
16854,SP1,2025/2026,2026-02,7,22,2026-02-01,Real Madrid,Vallecano,0.6222511291066258,0.6222511291066258,market_chance_context,0.4500000000000002,True,1,1,1,0.49068454313134985,0.5754552357288428,0.6222511291066258,0.5979210366432226,0.26209420075763257,0.5869802658111473,0.2410656676060191,0.09287386237130965
16855,SP1,2025/2026,2026-02,7,22,2026-02-01,Betis,Valencia,0.4657422959281836,0.6222511291066258,market_chance_context,0.4500000000000002,True,0,1,0,0.6398256792095046,0.4698480544420712,0.4657422959281836,0.6547519089553699,0.4362095689074397,0.6083647384179934,0.5600640024606447,0.2597792721112912
16856,SP1,2025/2026,2026-02,7,22,2026-02-01,Getafe,Celta,0.431311276372784,0.6222511291066258,market_chance_context,0.4500000000000002,True,0,0,1,0.4733976808039261,0.49329590126256057,0.431311276372784,0.43043829690661173,0.3655779982813225,0.3261304795223576,0.6576155292778958,0.13504480337970498
16857,SP1,2025/2026,2026-02,7,22,2026-02-01,Ath Bilbao,Sociedad,0.5650365388087829,0.6222511291066258,market_chance_context,0.4500000000000002,True,0,1,0,0.5538200335765727,0.5987775130958586,0.5650365388087829,0.5077951903092682,0.6376553703035894,0.5486722254383093,0.7800427352711401,0.40106093272928833
7069,I1,2025/2026,2026-02,7,23,2026-02-02,Udinese,Roma,0.4387222323220244,0.5692812817491164,market_chance_context,0.4500000000000002,True,0,0,1,0.5301179511061721,0.545034730051888,0.4387222323220244,0.44579227270033606,0.6982467721057679,0.4820100195816394,0.5334194221714393,0.6337945315065499
11882,E0,2025/2026,2026-02,7,24,2026-02-02,Sunderland,Burnley,0.5626251852467994,0.7341304145352738,market_chance_context,0.4500000000000002,True,0,0,1,0.33083541828668944,0.6228758591681915,0.5626251852467994,0.2639487691706391,0.3139859598761102,0.3565678365956021,0.4080094479668125,0.30951939701030745
16858,SP1,2025/2026,2026-02,7,22,2026-02-02,Mallorca,Sevilla,0.7311701300022099,0.6222511291066258,market_chance_context,0.4500000000000002,True,1,1,1,0.6301983178747964,0.68750613405399,0.7311701300022099,0.6210871518594018,0.7392737450672209,0.6400401209312249,0.8736571443952528,0.6922924068989894
7070,I1,2025/2026,2026-02,7,23,2026-02-03,Bologna,Milan,0.7720780852284724,0.5692812817491164,market_chance_context,0.4500000000000002,True,1,0,0,0.6656728992699714,0.78177797211373,0.7720780852284724,0.6533787582147751,0.899584043625482,0.630558891869796,0.6607291272485645,0.9675467838417635
7071,I1,2025/2026,2026-02,7,24,2026-02-06,Verona,Pisa,0.5928646550463704,0.5692812817491164,market_chance_context,0.4500000000000002,True,1,0,0,0.5333965377362007,0.29830365591382885,0.5928646550463704,0.7128891724869725,0.2800096332170276,0.5343878788625512,0.34762868806674074,0.5331148994134782
9236,D1,2025/2026,2026-02,7,21,2026-02-06,Union Berlin,Ein Frankfurt,0.6867953638718637,0.6799130128526829,market_chance_context,0.4500000000000002,True,1,1,1,0.6330375386997485,0.6870933954943431,0.6867953638718637,0.5318729584729781,0.346044957789539,0.5644869246155418,0.5591735115314654,0.2791653928041735
11883,E0,2025/2026,2026-02,7,25,2026-02-06,Leeds,Nott'm Forest,0.7108847502856399,0.7341304145352738,market_chance_context,0.4500000000000002,True,0,1,0,0.41767699063404023,0.82828273004879,0.7108847502856399,0.37769205580102044,0.655424123901415,0.4993306265073817,0.5482343110063758,0.6836893361699423
14234,F1,2025/2026,2026-02,7,21,2026-02-06,Metz,Lille,0.776989039435636,0.6811973461293607,market_chance_context,0.4500000000000002,True,1,0,0,0.6151412606133312,0.739155790286692,0.776989039435636,0.7216694888427754,0.9419722542644574,0.5100541752216091,0.548143061283631,0.8283428936659586
16859,SP1,2025/2026,2026-02,7,23,2026-02-06,Celta,Osasuna,0.3742681968513678,0.6222511291066258,market_chance_context,0.4500000000000002,True,0,1,0,0.6012407613714724,0.4841642327431279,0.3742681968513678,0.6041454503820998,0.5581466561942484,0.5603215512643337,0.7444797376106327,0.36072349941773724
7072,I1,2025/2026,2026-02,7,24,2026-02-07,Genoa,Napoli,0.3085015822092796,0.5692812817491164,market_chance_context,0.4500000000000002,True,0,1,0,0.5955947347124632,0.4651097493247539,0.3085015822092796,0.48133015367933796,0.8222493186840232,0.4543325467730274,0.3487308480888347,0.4834366852652627
7073,I1,2025/2026,2026-02,7,24,2026-02-07,Fiorentina,Torino,0.6858532948043247,0.5692812817491164,market_chance_context,0.4500000000000002,True,1,1,1,0.6160712966054428,0.7313190087063457,0.6858532948043247,0.6037088705022357,0.9281206269550936,0.6304193458442662,0.6434815350230544,0.929582143285038
9237,D1,2025/2026,2026-02,7,21,2026-02-07,Freiburg,Werder Bremen,0.7708313229967438,0.6799130128526829,market_chance_context,0.4500000000000002,True,1,0,0,0.7351712938771349,0.8371362854462356,0.7708313229967438,0.8277236309268069,0.9328941364425448,0.7030412894224218,0.8711751390923662,0.9843832565739461
9238,D1,2025/2026,2026-02,7,21,2026-02-07,Heidenheim,Hamburg,0.8740008989918717,0.6799130128526829,market_chance_context,0.4500000000000002,True,1,0,0,0.7835723107075965,0.911625611939381,0.8740008989918717,0.7140948530795257,0.8693706964382686,0.6712553034736376,0.9510824837147154,0.9485284928270489
9239,D1,2025/2026,2026-02,7,21,2026-02-07,Mainz,Augsburg,0.5983945571003509,0.6799130128526829,market_chance_context,0.4500000000000002,True,0,0,1,0.5347927438015994,0.6981773040142525,0.5983945571003509,0.4626700377480338,0.7121949452004713,0.5460252991474106,0.5717502343522357,0.3113567233377892
9240,D1,2025/2026,2026-02,7,21,2026-02-07,St Pauli,Stuttgart,0.473760316573533,0.6799130128526829,market_chance_context,0.4500000000000002,True,0,1,0,0.40476292120040314,0.452792985604333,0.473760316573533,0.44811178971966753,0.24708438808726263,0.38721775587858287,0.346100038487775,0.06855083396130128
9241,D1,2025/2026,2026-02,7,21,2026-02-07,Wolfsburg,Dortmund,0.7793934988928317,0.6799130128526829,market_chance_context,0.4500000000000002,True,1,1,1,0.6349094896746091,0.7644538056398781,0.7793934988928317,0.6256419112712839,0.7681719902978823,0.6077407047957721,0.8662967472772847,0.8776633306611009
9242,D1,2025/2026,2026-02,7,21,2026-02-07,M'gladbach,Leverkusen,0.7450713864901515,0.6799130128526829,market_chance_context,0.4500000000000002,True,1,1,1,0.7491052864482117,0.7126958215295712,0.7450713864901515,0.7007674891081501,0.8063297830585445,0.6722870059455108,0.8386643642135891,0.813108704735958
11884,E0,2025/2026,2026-02,7,25,2026-02-07,Man United,Tottenham,0.9252668274830604,0.7341304145352738,market_chance_context,0.4500000000000002,True,1,0,0,0.6506612088608004,0.9582631234792016,0.9252668274830604,0.6944401199814013,0.9438040947319241,0.7001167881744863,0.8314747835307178,0.9697999966888189
11885,E0,2025/2026,2026-02,7,25,2026-02-07,Arsenal,Sunderland,0.6653690997515056,0.7341304145352738,market_chance_context,0.4500000000000002,True,0,0,1,0.38980491113731397,0.6631613702901202,0.6653690997515056,0.4058865778399171,0.48518200626944635,0.4348629256485071,0.39038148698381187,0.555587986280621
11886,E0,2025/2026,2026-02,7,25,2026-02-07,Bournemouth,Aston Villa,0.7201509657389524,0.7341304145352738,market_chance_context,0.4500000000000002,True,0,1,0,0.6006789600821875,0.7525137491189495,0.7201509657389524,0.6540036522661861,0.30200845705723894,0.6169209065423863,0.5383044246577676,0.5834407151911479
11887,E0,2025/2026,2026-02,7,25,2026-02-07,Burnley,West Ham,0.6432135575706688,0.7341304145352738,market_chance_context,0.4500000000000002,True,0,0,1,0.5487080783464632,0.6825911007295822,0.6432135575706688,0.5288148189471252,0.5944842126741655,0.5825343931637321,0.5591194379540516,0.7040422109654828
11888,E0,2025/2026,2026-02,7,25,2026-02-07,Fulham,Everton,0.7290060302235722,0.7341304145352738,market_chance_context,0.4500000000000002,True,0,1,0,0.5597862352004944,0.7872952609684254,0.7290060302235722,0.5947844718069423,0.845783926400897,0.5672495204367747,0.7882200279902353,0.9513555162618421
11889,E0,2025/2026,2026-02,7,25,2026-02-07,Wolves,Chelsea,0.7802650740744926,0.7341304145352738,market_chance_context,0.4500000000000002,True,1,1,1,0.5024486623832903,0.6995327281473012,0.7802650740744926,0.5962778959844883,0.8253944274744283,0.49419344275855837,0.7542761349595791,0.9039972144160774
11890,E0,2025/2026,2026-02,7,25,2026-02-07,Newcastle,Brentford,0.7848182127756177,0.7341304145352738,market_chance_context,0.4500000000000002,True,1,1,1,0.7451356623700427,0.8881633543054825,0.7848182127756177,0.7462466296640308,0.8206447735253882,0.6991003923678054,0.8624133855851948,0.9444103073034438
14235,F1,2025/2026,2026-02,7,21,2026-02-07,Lens,Rennes,0.8728927170877655,0.6811973461293607,market_chance_context,0.4500000000000002,True,1,1,1,0.7297001427043952,0.8931497112943132,0.8728927170877655,0.7547210342262173,0.9635482140027966,0.7358135896694954,0.8807777388414884,0.928423438938003
14236,F1,2025/2026,2026-02,7,21,2026-02-07,Brest,Lorient,0.5376207805791207,0.6811973461293607,market_chance_context,0.4500000000000002,True,0,0,1,0.6703285898390485,0.5813922301867119,0.5376207805791207,0.7082691372578593,0.7744628398391326,0.5856048428654037,0.478685086275479,0.5133959334541434
14237,F1,2025/2026,2026-02,7,21,2026-02-07,Nantes,Lyon,0.46646361675057635,0.6811973461293607,market_chance_context,0.4500000000000002,True,0,0,1,0.453678996819079,0.3473382129866896,0.46646361675057635,0.5444532109948731,0.5886884463101333,0.46528537185032626,0.429242043744656,0.3440865937699848
16860,SP1,2025/2026,2026-02,7,23,2026-02-07,Barcelona,Mallorca,0.7030861239496807,0.6222511291066258,market_chance_context,0.4500000000000002,True,1,0,0,0.6694168865044012,0.7732802566322107,0.7030861239496807,0.7542026839913353,0.8513798231833298,0.6266059715304396,0.6818845575447965,0.6044750928666284
16861,SP1,2025/2026,2026-02,7,23,2026-02-07,Sociedad,Elche,0.7787465281358388,0.6222511291066258,market_chance_context,0.4500000000000002,True,1,1,1,0.4908803041667483,0.7550890420131978,0.7787465281358388,0.4924168726361356,0.7762673004404144,0.41821589755613603,0.675420235643351,0.6779901438250099
7074,I1,2025/2026,2026-02,7,24,2026-02-08,Bologna,Parma,0.726348576315402,0.5692812817491164,market_chance_context,0.4500000000000002,True,1,0,0,0.42363752221869566,0.7719405116428402,0.726348576315402,0.35569578422898235,0.9420308066066736,0.45169037057841016,0.6401873494964209,0.8852952240013072
7075,I1,2025/2026,2026-02,7,24,2026-02-08,Lecce,Udinese,0.6202013803523116,0.5692812817491164,market_chance_context,0.4500000000000002,True,1,1,1,0.6358951236804673,0.6568677787166313,0.6202013803523116,0.6029693372339824,0.947665208746178,0.5195019166170612,0.7727833354812956,0.941277606034841
7076,I1,2025/2026,2026-02,7,24,2026-02-08,Sassuolo,Inter,0.7001572849175213,0.5692812817491164,market_chance_context,0.4500000000000002,True,1,0,0,0.6324911110192051,0.773685546921745,0.7001572849175213,0.5597621073349571,0.9629601424378462,0.5582220472425867,0.6418018459622485,0.9524095275726028
7077,I1,2025/2026,2026-02,7,24,2026-02-08,Juventus,Lazio,0.39809040352788305,0.5692812817491164,market_chance_context,0.4500000000000002,True,0,1,0,0.45588619537260094,0.2949746631190786,0.39809040352788305,0.38539796112692304,0.605150030836769,0.42317200172242797,0.39465990560426045,0.619171891331722
9243,D1,2025/2026,2026-02,7,21,2026-02-08,FC Koln,RB Leipzig,0.8993775252879953,0.6799130128526829,market_chance_context,0.4500000000000002,True,1,1,1,0.816654885785425,0.9215967451565681,0.8993775252879953,0.81819750198002,0.9324577911314539,0.7450206275863636,0.7863030570569364,0.919663131980376
9244,D1,2025/2026,2026-02,7,21,2026-02-08,Bayern Munich,Hoffenheim,0.7783509451210527,0.6799130128526829,market_chance_context,0.4500000000000002,True,1,1,1,0.8170609206817778,0.8948748293299015,0.7783509451210527,0.8332125224994551,0.9061883934293722,0.7486740576482486,0.8520863745846099,0.9261495052704085
11891,E0,2025/2026,2026-02,7,25,2026-02-08,Brighton,Crystal Palace,0.7382151600838126,0.7341304145352738,market_chance_context,0.4500000000000002,True,1,0,0,0.45761887512363963,0.8034335884886868,0.7382151600838126,0.41604790350392373,0.4825889340563261,0.5731129981410742,0.5139735542373151,0.31907896044456746
11892,E0,2025/2026,2026-02,7,25,2026-02-08,Liverpool,Man City,0.8796657264155558,0.7341304145352738,market_chance_context,0.4500000000000002,True,1,1,1,0.7595158487840569,0.8822874632900647,0.8796657264155558,0.802014754284903,0.6938267392446995,0.7670410407293076,0.8402417711464321,0.9326903864611024
14238,F1,2025/2026,2026-02,7,21,2026-02-08,Nice,Monaco,0.8956605741324571,0.6811973461293607,market_chance_context,0.4500000000000002,True,1,0,0,0.8479056192430315,0.9439988409883149,0.8956605741324571,0.87966339372043,0.9844986425146126,0.836093584633619,0.9101803691322755,0.9719600514337002
14239,F1,2025/2026,2026-02,7,21,2026-02-08,Angers,Toulouse,0.6420799679250245,0.6811973461293607,market_chance_context,0.4500000000000002,True,0,0,1,0.4227798266292669,0.6712470682319576,0.6420799679250245,0.4526739482198564,0.7845172793929215,0.3935341824809096,0.7280270416814817,0.5820090164620115
14240,F1,2025/2026,2026-02,7,21,2026-02-08,Auxerre,Paris FC,0.6809011416587827,0.6811973461293607,market_chance_context,0.4500000000000002,True,0,0,1,0.6467936670505114,0.6571963953652109,0.6809011416587827,0.6184087070964576,0.8208667568894322,0.5095899611363435,0.6983529452335645,0.606554222415718
14241,F1,2025/2026,2026-02,7,21,2026-02-08,Le Havre,Strasbourg,0.5864304928500471,0.6811973461293607,market_chance_context,0.4500000000000002,True,0,1,0,0.5971873078125209,0.6038014375087672,0.5864304928500471,0.6598070117844294,0.7519413912534213,0.5433267481709757,0.5606002157037573,0.6787328570704482
14242,F1,2025/2026,2026-02,7,21,2026-02-08,Paris SG,Marseille,0.8233085052513333,0.6811973461293607,market_chance_context,0.4500000000000002,True,1,0,0,0.6489186380882564,0.7620094770387096,0.8233085052513333,0.7312023541545083,0.9312023965202388,0.635771074827392,0.7227149166044736,0.801854023635664
16862,SP1,2025/2026,2026-02,7,23,2026-02-08,Alaves,Getafe,0.09763813796872854,0.6222511291066258,market_chance_context,0.4500000000000002,True,0,0,1,0.3625129706727549,0.09162307953779364,0.09763813796872854,0.3402865244490682,0.04212286188101618,0.3518795237541887,0.28589507768957884,0.01559703140021346
16863,SP1,2025/2026,2026-02,7,23,2026-02-08,Ath Bilbao,Levante,0.37669701388364535,0.6222511291066258,market_chance_context,0.4500000000000002,True,0,1,0,0.5229534311489594,0.2943361777197866,0.37669701388364535,0.46240032148980365,0.35483601556819205,0.5278380566165126,0.4721143900992527,0.2069971193070651
16864,SP1,2025/2026,2026-02,7,23,2026-02-08,Sevilla,Girona,0.35462213673473925,0.6222511291066258,market_chance_context,0.4500000000000002,True,0,1,0,0.5200284035873113,0.29341628168836537,0.35462213673473925,0.5782431485141716,0.17769354467783455,0.5005571596890785,0.44157369755848147,0.19264768117501319
16865,SP1,2025/2026,2026-02,7,23,2026-02-08,Ath Madrid,Betis,0.7165014009151031,0.6222511291066258,market_chance_context,0.4500000000000002,True,1,0,0,0.487038832356681,0.6488067011673014,0.7165014009151031,0.5495734626388504,0.3440007860332727,0.5004337893124878,0.43222329965643325,0.2289793752211264
16866,SP1,2025/2026,2026-02,7,23,2026-02-08,Valencia,Real Madrid,0.8685530120860819,0.6222511291066258,market_chance_context,0.4500000000000002,True,1,0,0,0.4828092873558165,0.837574498495482,0.8685530120860819,0.5475221583946323,0.8907706852457797,0.508957811400369,0.7853602177023634,0.8350900083796514
7078,I1,2025/2026,2026-02,7,24,2026-02-09,Atalanta,Cremonese,0.5692812817491164,0.5692812817491164,market_chance_context,0.4500000000000002,True,1,1,1,0.474590953791483,0.6783681977244767,0.5692812817491164,0.39059945168170496,0.8003700343691322,0.4331814840629469,0.567886296342543,0.7715532166195823
7079,I1,2025/2026,2026-02,7,24,2026-02-09,Roma,Cagliari,0.3052747059492367,0.5692812817491164,market_chance_context,0.4500000000000002,True,0,0,1,0.285723140446421,0.4401528453638624,0.3052747059492367,0.23992919228259266,0.3830475458579724,0.29522705381096076,0.28212766895233354,0.18096744017643715
16867,SP1,2025/2026,2026-02,7,23,2026-02-09,Villarreal,Espanol,0.7163203231350211,0.6222511291066258,market_chance_context,0.4500000000000002,True,1,1,1,0.5549907943289472,0.5863899248687461,0.7163203231350211,0.6295461115027933,0.4017079944882079,0.5716458300385976,0.5474489022324008,0.3436169476732324
11893,E0,2025/2026,2026-02,7,26,2026-02-10,Chelsea,Leeds,0.6331026901114057,0.7341304145352738,market_chance_context,0.4500000000000002,True,0,1,0,0.6326589223103107,0.8303662751614828,0.6331026901114057,0.40248547427475656,0.7973444503409679,0.6185245669043601,0.767881379115351,0.6775944233781702
11894,E0,2025/2026,2026-02,7,26,2026-02-10,Everton,Bournemouth,0.6767937627496456,0.7341304145352738,market_chance_context,0.4500000000000002,True,0,1,0,0.6084243148341982,0.7048888754323315,0.6767937627496456,0.5919130164068364,0.46220864149922064,0.61107863715648,0.5482405216967431,0.45404806907293704
11895,E0,2025/2026,2026-02,7,26,2026-02-10,Tottenham,Newcastle,0.6278391371254041,0.7341304145352738,market_chance_context,0.4500000000000002,True,0,1,0,0.7417783310560423,0.8291983361377571,0.6278391371254041,0.4688812873732083,0.8256742354599934,0.6873001804147421,0.708136478870275,0.6305636386282769
11896,E0,2025/2026,2026-02,7,26,2026-02-10,West Ham,Man United,0.7424174085340981,0.7341304145352738,market_chance_context,0.4500000000000002,True,1,1,1,0.6048614049067144,0.7318013954578072,0.7424174085340981,0.6428807990191816,0.36108983675246975,0.6402896133037423,0.6925716471654967,0.32121860813456315
11897,E0,2025/2026,2026-02,7,26,2026-02-11,Aston Villa,Brighton,0.8629181759473997,0.7341304145352738,market_chance_context,0.4500000000000002,True,1,0,0,0.5807838845042929,0.8980138023526683,0.8629181759473997,0.5237019485670293,0.8554700373962832,0.6254238478189963,0.8106904015380361,0.9052959693690211
11898,E0,2025/2026,2026-02,7,26,2026-02-11,Crystal Palace,Burnley,0.5557269444020198,0.7341304145352738,market_chance_context,0.4500000000000002,True,0,1,0,0.34014805921882474,0.7040562756176604,0.5557269444020198,0.22262857942767775,0.43005192069707515,0.33245574886324636,0.3866161926718838,0.22111880050258578
11899,E0,2025/2026,2026-02,7,26,2026-02-11,Man City,Fulham,0.6422766629841723,0.7341304145352738,market_chance_context,0.4500000000000002,True,0,0,1,0.7725742278837746,0.710786711899468,0.6422766629841723,0.764337703192081,0.9015596145876253,0.6971697300185603,0.814368260579421,0.8450129368901569
11900,E0,2025/2026,2026-02,7,26,2026-02-11,Nott'm Forest,Wolves,0.498347107324195,0.7341304145352738,market_chance_context,0.4500000000000002,True,0,0,1,0.287960951443234,0.6961735382189841,0.498347107324195,0.1660164378038318,0.29286907389768213,0.39262549393504215,0.5894653352531989,0.12399048474553398
11901,E0,2025/2026,2026-02,7,26,2026-02-11,Sunderland,Liverpool,0.8625146373766082,0.7341304145352738,market_chance_context,0.4500000000000002,True,1,0,0,0.6672642138078333,0.8802439847974098,0.8625146373766082,0.6712207624019674,0.8686633871317782,0.6741111189172538,0.785293984393891,0.8700613088651755
11902,E0,2025/2026,2026-02,7,26,2026-02-12,Brentford,Arsenal,0.5848659438180042,0.7341304145352738,market_chance_context,0.4500000000000002,True,0,1,0,0.5463034925627538,0.6382410219115308,0.5848659438180042,0.5502809418212525,0.5435020623435964,0.5654773721040877,0.5369381290745356,0.6017526221755753
7080,I1,2025/2026,2026-02,7,25,2026-02-13,Pisa,Milan,0.29403834891294706,0.5692812817491164,market_chance_context,0.4500000000000002,True,0,1,0,0.5676234661617274,0.6403358764915735,0.29403834891294706,0.20944990934148666,0.8663223319060007,0.5699831371237932,0.4759873179182966,0.4588604432335544
9245,D1,2025/2026,2026-02,7,22,2026-02-13,Dortmund,Mainz,0.5554254620248998,0.6799130128526829,market_chance_context,0.4500000000000002,True,0,0,1,0.5287155327177451,0.6561127347487229,0.5554254620248998,0.44824240602053056,0.501092000292092,0.5268248134013024,0.6570579989565032,0.2770586602418352
14243,F1,2025/2026,2026-02,7,22,2026-02-13,Rennes,Paris SG,0.6330063590417645,0.6811973461293607,market_chance_context,0.4500000000000002,True,0,1,0,0.740393291661317,0.8285891501208174,0.6330063590417645,0.6499527105881114,0.915235267576631,0.6653403479040161,0.7362422196477116,0.6678197760666102
14244,F1,2025/2026,2026-02,7,22,2026-02-13,Monaco,Nantes,0.8464878812750061,0.6811973461293607,market_chance_context,0.4500000000000002,True,1,1,1,0.647014697343754,0.8522616528544384,0.8464878812750061,0.6560994542159115,0.9646146583765248,0.6619612899419197,0.7647278807078114,0.7556644927615918
16868,SP1,2025/2026,2026-02,7,24,2026-02-13,Elche,Osasuna,0.762546115532397,0.6222511291066258,market_chance_context,0.4500000000000002,True,1,0,0,0.8436292963620797,0.8246929501191522,0.762546115532397,0.8145813863160467,0.9445894823900437,0.8089768961708582,0.9288857068373773,0.9453069048173623
7081,I1,2025/2026,2026-02,7,25,2026-02-14,Como,Fiorentina,0.7010430900382475,0.5692812817491164,market_chance_context,0.4500000000000002,True,1,1,1,0.7494430185443721,0.613036956394431,0.7010430900382475,0.7660659896657226,0.9773500884616667,0.7125811420405784,0.7313284178108033,0.9753439496829938
7082,I1,2025/2026,2026-02,7,25,2026-02-14,Lazio,Atalanta,0.5831604167835828,0.5692812817491164,market_chance_context,0.4500000000000002,True,1,0,0,0.4966591163099529,0.6204879989622636,0.5831604167835828,0.3976029095867536,0.48832686826079974,0.4793331881874862,0.31062517247161003,0.2883975123678103
7083,I1,2025/2026,2026-02,7,25,2026-02-14,Inter,Juventus,0.6632468220352736,0.5692812817491164,market_chance_context,0.4500000000000002,True,1,1,1,0.6801488709648638,0.70898951935077,0.6632468220352736,0.646408369910075,0.8400670647943409,0.5655405820841201,0.5462015450311217,0.857259944652855
9246,D1,2025/2026,2026-02,7,22,2026-02-14,Ein Frankfurt,M'gladbach,0.8230870302265552,0.6799130128526829,market_chance_context,0.4500000000000002,True,1,0,0,0.5618131226096205,0.8274149508995281,0.8230870302265552,0.4174772371431399,0.8216667614638054,0.5309375037592191,0.8577918567577756,0.8346723263709749
9247,D1,2025/2026,2026-02,7,22,2026-02-14,Hamburg,Union Berlin,0.6527074629216636,0.6799130128526829,market_chance_context,0.4500000000000002,True,0,1,0,0.5312930623825296,0.7672246380491268,0.6527074629216636,0.37589151433503987,0.6477264357315665,0.6247864067631427,0.6825816429324906,0.5920966485412256
9248,D1,2025/2026,2026-02,7,22,2026-02-14,Hoffenheim,Freiburg,0.7006675058858742,0.6799130128526829,market_chance_context,0.4500000000000002,True,1,0,0,0.8190657976536608,0.6610916644152243,0.7006675058858742,0.7598583024967948,0.8845482390560722,0.7122789189915115,0.7048150163398937,0.8467743248785872
9249,D1,2025/2026,2026-02,7,22,2026-02-14,Leverkusen,St Pauli,0.5248241767714797,0.6799130128526829,market_chance_context,0.4500000000000002,True,0,0,1,0.5709093683245248,0.6357309043869939,0.5248241767714797,0.4316828997673592,0.8077655198021263,0.5497035596613268,0.7504721313017529,0.43119167277450027
9250,D1,2025/2026,2026-02,7,22,2026-02-14,Werder Bremen,Bayern Munich,0.4674789577493503,0.6799130128526829,market_chance_context,0.4500000000000002,True,0,0,1,0.5619189121054337,0.7470524202478218,0.4674789577493503,0.3633690883049883,0.74904569283472,0.6160618618657756,0.6768045741483133,0.31657008771142636
9251,D1,2025/2026,2026-02,7,22,2026-02-14,Stuttgart,FC Koln,0.5874996434315984,0.6799130128526829,market_chance_context,0.4500000000000002,True,0,1,0,0.6738336428351741,0.7215244820295506,0.5874996434315984,0.6454586465959502,0.7033457018856106,0.6031691159183711,0.5878732467396863,0.6719372754206979
14245,F1,2025/2026,2026-02,7,22,2026-02-14,Marseille,Strasbourg,0.6511417081709203,0.6811973461293607,market_chance_context,0.4500000000000002,True,0,1,0,0.7806253268182921,0.6905295624335792,0.6511417081709203,0.7050720207899493,0.929144033518516,0.652392227096116,0.7960525060935977,0.8283348468457962
14246,F1,2025/2026,2026-02,7,22,2026-02-14,Lille,Brest,0.60060263610686,0.6811973461293607,market_chance_context,0.4500000000000002,True,0,1,0,0.5511315795229956,0.5488313148075795,0.60060263610686,0.6480413033910997,0.6396933621639673,0.529590750311282,0.6322641755299273,0.5911595564867775
14247,F1,2025/2026,2026-02,7,22,2026-02-14,Paris FC,Lens,0.4279782827212469,0.6811973461293607,market_chance_context,0.4500000000000002,True,0,0,1,0.46402595964829574,0.7405045502677351,0.4279782827212469,0.25321711942217456,0.6034715974948266,0.5538767818571347,0.3987910758359453,0.05990787111820117
16869,SP1,2025/2026,2026-02,7,24,2026-02-14,Espanol,Celta,0.2883249695392134,0.6222511291066258,market_chance_context,0.4500000000000002,True,0,1,0,0.6899377496944353,0.4067405561541695,0.2883249695392134,0.5212107835815718,0.3296053499103603,0.5939513038816454,0.5431119776157801,0.07589169048881879
16870,SP1,2025/2026,2026-02,7,24,2026-02-14,Getafe,Villarreal,0.3410004371929933,0.6222511291066258,market_chance_context,0.4500000000000002,True,0,1,0,0.5016565319209115,0.4031898070791239,0.3410004371929933,0.41948592387178674,0.23889911343504927,0.36588016410466373,0.6319630543915966,0.07075641889242078
16871,SP1,2025/2026,2026-02,7,24,2026-02-14,Sevilla,Alaves,0.18030630681212925,0.6222511291066258,market_chance_context,0.4500000000000002,True,0,1,0,0.6220204715253699,0.33658241513944787,0.18030630681212925,0.39999841227447097,0.4699005957993758,0.5674513360092537,0.41667506381238545,0.04216512216221526
16872,SP1,2025/2026,2026-02,7,24,2026-02-14,Real Madrid,Sociedad,0.6814322676231627,0.6222511291066258,market_chance_context,0.4500000000000002,True,1,1,1,0.6524329233379098,0.6630231976423874,0.6814322676231627,0.7325151367368979,0.5864624184958334,0.6457579671402318,0.4032662112275232,0.23980277660635302
7084,I1,2025/2026,2026-02,7,25,2026-02-15,Udinese,Sassuolo,0.3480303403265174,0.5692812817491164,market_chance_context,0.4500000000000002,True,0,1,0,0.7170910469630744,0.3765411879249464,0.3480303403265174,0.6170347309770492,0.39448624003122396,0.61447727051553,0.387545880977364,0.39481023134855636
7085,I1,2025/2026,2026-02,7,25,2026-02-15,Cremonese,Genoa,0.4771861441607732,0.5692812817491164,market_chance_context,0.4500000000000002,True,0,0,1,0.6286858750789901,0.5765074308404537,0.4771861441607732,0.39826912984244855,0.9261837486679504,0.6426598444365575,0.7386072375374816,0.6531567426876419
7086,I1,2025/2026,2026-02,7,25,2026-02-15,Parma,Verona,0.7431743139538887,0.5692812817491164,market_chance_context,0.4500000000000002,True,1,1,1,0.577048527058305,0.7801175344385127,0.7431743139538887,0.6691283568293771,0.8294308492448581,0.6406598404881145,0.5678140070935925,0.8538069452392553
7087,I1,2025/2026,2026-02,7,25,2026-02-15,Torino,Bologna,0.37347440006851473,0.5692812817491164,market_chance_context,0.4500000000000002,True,0,1,0,0.6612508940737931,0.45955677530290423,0.37347440006851473,0.48100613052279567,0.4528674650302403,0.6246582390517097,0.38269215715686006,0.23642702169370713
7088,I1,2025/2026,2026-02,7,25,2026-02-15,Napoli,Roma,0.48944643644422564,0.5692812817491164,market_chance_context,0.4500000000000002,True,0,1,0,0.5341897908478086,0.5658902086995645,0.48944643644422564,0.42675095672604285,0.45250925819589194,0.4896546321927338,0.5892202269951627,0.38949136500600223
9252,D1,2025/2026,2026-02,7,22,2026-02-15,Augsburg,Heidenheim,0.5450857564836512,0.6799130128526829,market_chance_context,0.4500000000000002,True,0,0,1,0.594200187074194,0.7240217299128235,0.5450857564836512,0.4778559061601476,0.5731701247013016,0.5766103998067418,0.6471511919015743,0.3738493990946703
9253,D1,2025/2026,2026-02,7,22,2026-02-15,RB Leipzig,Wolfsburg,0.8518880201132362,0.6799130128526829,market_chance_context,0.4500000000000002,True,1,1,1,0.7231477736098653,0.8691478567672408,0.8518880201132362,0.7197241425461075,0.8569934456859295,0.7224063444777453,0.8826916775591275,0.9231096739153759
14248,F1,2025/2026,2026-02,7,22,2026-02-15,Le Havre,Toulouse,0.6153975358795923,0.6811973461293607,market_chance_context,0.4500000000000002,True,0,1,0,0.4408431921320166,0.7419366375973506,0.6153975358795923,0.396428607059652,0.7268889430162055,0.4091800109815704,0.6100196560602925,0.3637134588741813
14249,F1,2025/2026,2026-02,7,22,2026-02-15,Lorient,Angers,0.41265412787993416,0.6811973461293607,market_chance_context,0.4500000000000002,True,0,0,1,0.4943871875023518,0.48557111652812285,0.41265412787993416,0.49401957730225315,0.6771469422997911,0.4538555105592195,0.4162985010937341,0.4010728373912205
14250,F1,2025/2026,2026-02,7,22,2026-02-15,Metz,Auxerre,0.6463838400647497,0.6811973461293607,market_chance_context,0.4500000000000002,True,0,1,0,0.6743924838739769,0.668353179593634,0.6463838400647497,0.707954482557238,0.8431977821470643,0.6050623310526567,0.7703417367054057,0.8692082933453117
14251,F1,2025/2026,2026-02,7,22,2026-02-15,Lyon,Nice,0.4330826937606827,0.6811973461293607,market_chance_context,0.4500000000000002,True,0,0,1,0.6737918539852303,0.4631264754088151,0.4330826937606827,0.6733394436390865,0.8197505312692271,0.6155933028785063,0.5976594495392935,0.5174503717490097
16873,SP1,2025/2026,2026-02,7,24,2026-02-15,Oviedo,Ath Bilbao,0.7078859800809494,0.6222511291066258,market_chance_context,0.4500000000000002,True,1,1,1,0.3158042533983254,0.6444672034004325,0.7078859800809494,0.3006821490715377,0.43612541119420434,0.34549147170653294,0.6118995960184045,0.11951009186891243
16874,SP1,2025/2026,2026-02,7,24,2026-02-15,Vallecano,Ath Madrid,0.5402025525869593,0.6222511291066258,market_chance_context,0.4500000000000002,True,0,0,1,0.43384545817411113,0.48896643494955877,0.5402025525869593,0.536530977165344,0.20322140838884456,0.46783951640302496,0.5590473851996532,0.12297254527980793
16875,SP1,2025/2026,2026-02,7,24,2026-02-15,Levante,Valencia,0.8554844836051388,0.6222511291066258,market_chance_context,0.4500000000000002,True,1,0,0,0.6435104440038033,0.8588506871176825,0.8554844836051388,0.5902154654243164,0.7760920498958433,0.6414877392935129,0.8264311526426404,0.6934357712892816
16876,SP1,2025/2026,2026-02,7,24,2026-02-15,Mallorca,Betis,0.6598456985363664,0.6222511291066258,market_chance_context,0.4500000000000002,True,1,1,1,0.6477736560390011,0.7758912151471568,0.6598456985363664,0.4676002019263303,0.6612956441331164,0.6030534781374772,0.7695243674902252,0.29419462430914006
7089,I1,2025/2026,2026-02,7,25,2026-02-16,Cagliari,Lecce,0.31581286245672285,0.5692812817491164,market_chance_context,0.4500000000000002,True,0,0,1,0.552874506833912,0.2555478540662083,0.31581286245672285,0.43800951926913795,0.4112663069645082,0.43763044188843003,0.33407625178588357,0.28310420569251016
16877,SP1,2025/2026,2026-02,7,24,2026-02-16,Girona,Barcelona,0.9179556690769097,0.6222511291066258,market_chance_context,0.4500000000000002,True,1,1,1,0.7074288258523843,0.9061336745292607,0.9179556690769097,0.6631529309398777,0.9764003769847203,0.720910438480582,0.9373838465264617,0.8697182272147802
7090,I1,2025/2026,2026-02,7,24,2026-02-18,Milan,Como,0.8396474347193446,0.5692812817491164,market_chance_context,0.4500000000000002,True,1,1,1,0.7892634918681355,0.9133803918644321,0.8396474347193446,0.7279480410410153,0.9467378109256215,0.785530115962816,0.8194712331703456,0.9755001266113456
11903,E0,2025/2026,2026-02,7,31,2026-02-18,Wolves,Arsenal,0.5619270445346357,0.7341304145352738,market_chance_context,0.4500000000000002,True,0,1,0,0.30309066002233664,0.5330158395147192,0.5619270445346357,0.27800236534168987,0.6268908585722822,0.3533992397535442,0.4613151566998781,0.5185986754664909
16878,SP1,2025/2026,2026-02,7,16,2026-02-18,Levante,Villarreal,0.5052739776047215,0.6222511291066258,market_chance_context,0.4500000000000002,True,0,0,1,0.5505923168896372,0.5603992457879047,0.5052739776047215,0.4500544496430035,0.35539447640766375,0.5611372918905907,0.5802697052766281,0.17973988576009275
7091,I1,2025/2026,2026-02,7,26,2026-02-20,Sassuolo,Verona,0.5602011040268984,0.5692812817491164,market_chance_context,0.4500000000000002,True,0,0,1,0.5268509126521708,0.4806489726738359,0.5602011040268984,0.5932458362487821,0.7000962727537433,0.5290897345686967,0.39934194504980713,0.7241572340827627
9254,D1,2025/2026,2026-02,7,23,2026-02-20,Mainz,Hamburg,0.6590446073082544,0.6799130128526829,market_chance_context,0.4500000000000002,True,0,1,0,0.6471678998174782,0.8298003613770265,0.6590446073082544,0.5507432467352142,0.8505754049670606,0.5863740288472082,0.8331036868492084,0.7387936182999647
14252,F1,2025/2026,2026-02,7,23,2026-02-20,Brest,Marseille,0.7888094880694434,0.6811973461293607,market_chance_context,0.4500000000000002,True,1,0,0,0.6047821456436848,0.6565567282136698,0.7888094880694434,0.683086311065991,0.8039224856109314,0.5923002428771053,0.5807273560848806,0.6180945214535766
16879,SP1,2025/2026,2026-02,7,25,2026-02-20,Ath Bilbao,Elche,0.48803368122477825,0.6222511291066258,market_chance_context,0.4500000000000002,True,0,1,0,0.5272111529127885,0.4322048703940033,0.48803368122477825,0.4844547156511046,0.28646674307517445,0.5133423224040463,0.5312795737229746,0.17439153795765328
7092,I1,2025/2026,2026-02,7,26,2026-02-21,Juventus,Como,0.4530649504086794,0.5692812817491164,market_chance_context,0.4500000000000002,True,0,0,1,0.6235992052913958,0.47547647923041525,0.4530649504086794,0.5949025458080163,0.3202006673055002,0.6295160685454743,0.3449623040725511,0.3999369341390892
7093,I1,2025/2026,2026-02,7,26,2026-02-21,Lecce,Inter,0.5216896447218968,0.5692812817491164,market_chance_context,0.4500000000000002,True,0,0,1,0.4353656126380872,0.6790101264493561,0.5216896447218968,0.3118507856562689,0.8879130357650789,0.4288340891072001,0.6015096193857784,0.7228711206127645
7094,I1,2025/2026,2026-02,7,26,2026-02-21,Cagliari,Lazio,0.5008153873061729,0.5692812817491164,market_chance_context,0.4500000000000002,True,0,0,1,0.6344080713646765,0.4360428847921178,0.5008153873061729,0.5154514987396411,0.7904991464749515,0.5053084265200032,0.7117368372515303,0.9113233315943163
9255,D1,2025/2026,2026-02,7,23,2026-02-21,Bayern Munich,Ein Frankfurt,0.7280209369148477,0.6799130128526829,market_chance_context,0.4500000000000002,True,1,1,1,0.7218652823622854,0.8559898283331414,0.7280209369148477,0.6223043770934434,0.5668338723534577,0.6725106486209301,0.6648679675927831,0.4573012512595277
9256,D1,2025/2026,2026-02,7,23,2026-02-21,FC Koln,Hoffenheim,0.8064540039344318,0.6799130128526829,market_chance_context,0.4500000000000002,True,1,1,1,0.7440556862769739,0.9085980942577024,0.8064540039344318,0.6672984949309578,0.9133114053260099,0.6844211763379553,0.84947516655639,0.8554302025849521
9257,D1,2025/2026,2026-02,7,23,2026-02-21,Union Berlin,Leverkusen,0.6353614255740522,0.6799130128526829,market_chance_context,0.4500000000000002,True,0,0,1,0.6841494337440436,0.6709262089892815,0.6353614255740522,0.546010475984062,0.7082654117800883,0.594145249439932,0.7905698839049783,0.6595257847071738
9258,D1,2025/2026,2026-02,7,23,2026-02-21,Wolfsburg,Augsburg,0.6150584809988969,0.6799130128526829,market_chance_context,0.4500000000000002,True,0,1,0,0.7086468021092334,0.7625683275055334,0.6150584809988969,0.5049343878001842,0.8113820457048404,0.6798032853175914,0.7460033119794665,0.3698528239734287
9259,D1,2025/2026,2026-02,7,23,2026-02-21,RB Leipzig,Dortmund,0.9034175689478876,0.6799130128526829,market_chance_context,0.4500000000000002,True,1,1,1,0.850773913661285,0.922305117485671,0.9034175689478876,0.7760951931227914,0.9240152260257681,0.8088739317266848,0.9688844385321459,0.9623011860685684
11904,E0,2025/2026,2026-02,7,27,2026-02-21,Aston Villa,Leeds,0.8165477529751131,0.7341304145352738,market_chance_context,0.4500000000000002,True,1,1,1,0.5917758746322145,0.9028255879819157,0.8165477529751131,0.5101075699980213,0.8177916666628342,0.6099190894955993,0.7812792193407562,0.8297732219681075
11905,E0,2025/2026,2026-02,7,27,2026-02-21,Brentford,Brighton,0.799337098088973,0.7341304145352738,market_chance_context,0.4500000000000002,True,1,0,0,0.5719143589568166,0.8344246409564261,0.799337098088973,0.5464124370024511,0.6343696525944525,0.641191360015689,0.6695360937805271,0.6567041616311711
11906,E0,2025/2026,2026-02,7,27,2026-02-21,Chelsea,Burnley,0.6227716528384798,0.7341304145352738,market_chance_context,0.4500000000000002,True,0,1,0,0.5172391224429644,0.8083655499434171,0.6227716528384798,0.29526069041372843,0.7405528287755089,0.4479302075528434,0.738007857862036,0.5374392299665761
11907,E0,2025/2026,2026-02,7,27,2026-02-21,West Ham,Bournemouth,0.7341304145352738,0.7341304145352738,market_chance_context,0.4500000000000002,True,1,0,0,0.734365669346853,0.7362321546017122,0.7341304145352738,0.7102980917842631,0.3720417770480364,0.7249818264396319,0.7272663921687493,0.48043008718603103
11908,E0,2025/2026,2026-02,7,27,2026-02-21,Man City,Newcastle,0.8551884113961545,0.7341304145352738,market_chance_context,0.4500000000000002,True,1,1,1,0.7573932776178683,0.8801406452704532,0.8551884113961545,0.6928340738433916,0.9265086346656712,0.7528106598553008,0.8535713548285184,0.9255057286531772
14253,F1,2025/2026,2026-02,7,23,2026-02-21,Lens,Monaco,0.8707567826926778,0.6811973461293607,market_chance_context,0.4500000000000002,True,1,1,1,0.7519836751509102,0.9178975993797052,0.8707567826926778,0.725835577006325,0.9701064286588947,0.7764124172901452,0.7917387079521435,0.8840976045267414
14254,F1,2025/2026,2026-02,7,23,2026-02-21,Toulouse,Paris FC,0.553617876905323,0.6811973461293607,market_chance_context,0.4500000000000002,True,0,1,0,0.3238868614504131,0.5923493310508227,0.553617876905323,0.2528518144292217,0.43001172140002125,0.38561875861938955,0.45079342020176283,0.1849754570668982
14255,F1,2025/2026,2026-02,7,23,2026-02-21,Paris SG,Metz,0.7640762630528465,0.6811973461293607,market_chance_context,0.4500000000000002,True,1,0,0,0.606094549491707,0.7488738554717499,0.7640762630528465,0.6556578411406607,0.751978832747422,0.5161113004898698,0.6872169907668608,0.7242217754342514
16880,SP1,2025/2026,2026-02,7,25,2026-02-21,Sociedad,Oviedo,0.44505215421100747,0.6222511291066258,market_chance_context,0.4500000000000002,True,0,1,0,0.2494763883275982,0.4356587216679671,0.44505215421100747,0.23092783151092372,0.18924432417169296,0.3198257755310114,0.3303049478517774,0.026318645989879885
16881,SP1,2025/2026,2026-02,7,25,2026-02-21,Betis,Vallecano,0.4710827372787146,0.6222511291066258,market_chance_context,0.4500000000000002,True,0,1,0,0.5758313573478423,0.5756212478945572,0.4710827372787146,0.5491417673665292,0.4928835000289242,0.6359163982935412,0.519497653362064,0.1999606348662333
16882,SP1,2025/2026,2026-02,7,25,2026-02-21,Osasuna,Real Madrid,0.8525363795281824,0.6222511291066258,market_chance_context,0.4500000000000002,True,1,1,1,0.6513766134775671,0.8469864771178354,0.8525363795281824,0.646076047739369,0.9515714006993725,0.6432176120680427,0.8844725667335002,0.908463873311551
16883,SP1,2025/2026,2026-02,7,25,2026-02-21,Ath Madrid,Espanol,0.5280551583618787,0.6222511291066258,market_chance_context,0.4500000000000002,True,0,1,0,0.34312787777179726,0.4757231423746002,0.5280551583618787,0.29441008858890527,0.13509495255995285,0.4170299538292726,0.24895451800248938,0.03323417059380604
7095,I1,2025/2026,2026-02,7,26,2026-02-22,Genoa,Torino,0.4911688908572356,0.5692812817491164,market_chance_context,0.4500000000000002,True,0,0,1,0.5386222954859461,0.6651158509652388,0.4911688908572356,0.39693260290074456,0.7170246879868628,0.5157517562319175,0.3014161882521514,0.3629077474146968
7096,I1,2025/2026,2026-02,7,26,2026-02-22,Atalanta,Napoli,0.5606369065447939,0.5692812817491164,market_chance_context,0.4500000000000002,True,0,1,0,0.6254468373802312,0.6709899085941349,0.5606369065447939,0.4749932155820444,0.7374366861368755,0.5519279747461029,0.6110905866821179,0.7391069536572913
7097,I1,2025/2026,2026-02,7,26,2026-02-22,Milan,Parma,0.7124701070665715,0.5692812817491164,market_chance_context,0.4500000000000002,True,1,0,0,0.5728693842762251,0.7913642359916915,0.7124701070665715,0.46217527546642867,0.9559099612928319,0.5706362611916242,0.7041467570370261,0.8943332826812842
7098,I1,2025/2026,2026-02,7,26,2026-02-22,Roma,Cremonese,0.4338751862490905,0.5692812817491164,market_chance_context,0.4500000000000002,True,0,0,1,0.34968210793649435,0.5955673540654075,0.4338751862490905,0.2259819984316367,0.6824257897450596,0.3374810139804756,0.47043604451365545,0.4399619462972423
9260,D1,2025/2026,2026-02,7,23,2026-02-22,Freiburg,M'gladbach,0.6799130128526829,0.6799130128526829,market_chance_context,0.4500000000000002,True,1,1,1,0.649205298715304,0.7790974039896589,0.6799130128526829,0.5688849269841741,0.8425858811897409,0.6206357455577064,0.7883463310671017,0.8296776985428994
9261,D1,2025/2026,2026-02,7,23,2026-02-22,St Pauli,Werder Bremen,0.5929023186895167,0.6799130128526829,market_chance_context,0.4500000000000002,True,0,1,0,0.4895012984756228,0.5137537762273058,0.5929023186895167,0.5466187258460715,0.33352364814323987,0.45850726387774665,0.565582534566831,0.36140554429156546
9262,D1,2025/2026,2026-02,7,23,2026-02-22,Heidenheim,Stuttgart,0.7099266288108707,0.6799130128526829,market_chance_context,0.4500000000000002,True,1,1,1,0.5690284703156259,0.7261955005210065,0.7099266288108707,0.5528426233254953,0.4229245854608091,0.5451973226012979,0.7361447155845391,0.6445465395761272
11909,E0,2025/2026,2026-02,7,27,2026-02-22,Crystal Palace,Wolves,0.5610382566578924,0.7341304145352738,market_chance_context,0.4500000000000002,True,0,0,1,0.3764062233473975,0.7555785222147717,0.5610382566578924,0.27249753922858233,0.4676549056809774,0.46697439667896923,0.567720513689931,0.24873350765155358
11910,E0,2025/2026,2026-02,7,27,2026-02-22,Nott'm Forest,Liverpool,0.6569212390335396,0.7341304145352738,market_chance_context,0.4500000000000002,True,0,0,1,0.5037431886487804,0.8015614945612554,0.6569212390335396,0.39462383765647596,0.41880976692889765,0.5563594717039508,0.5410866127990058,0.29546878479684313
11911,E0,2025/2026,2026-02,7,27,2026-02-22,Sunderland,Fulham,0.6716701449176256,0.7341304145352738,market_chance_context,0.4500000000000002,True,0,1,0,0.6137005848617282,0.6797889546639039,0.6716701449176256,0.7259611803310778,0.560259129458471,0.6348888425429379,0.6691643274735729,0.7960120410656338
11912,E0,2025/2026,2026-02,7,27,2026-02-22,Tottenham,Arsenal,0.4115218290949412,0.7341304145352738,market_chance_context,0.4500000000000002,True,0,1,0,0.6241916067873191,0.5971442670729231,0.4115218290949412,0.4196405323071935,0.7816549670693455,0.5853317507258526,0.5046243387074153,0.5270446761478788
14256,F1,2025/2026,2026-02,7,23,2026-02-22,Auxerre,Rennes,0.8325154764492364,0.6811973461293607,market_chance_context,0.4500000000000002,True,1,0,0,0.6579085019646247,0.8338614378975294,0.8325154764492364,0.7151273267766314,0.896226117929846,0.6093826159386873,0.7908024321069805,0.7970732012841443
14257,F1,2025/2026,2026-02,7,23,2026-02-22,Angers,Lille,0.6899288842755553,0.6811973461293607,market_chance_context,0.4500000000000002,True,1,0,0,0.5469133007980566,0.6179650831582066,0.6899288842755553,0.6038948769739455,0.8365418472354819,0.5063706497195151,0.5704537042166171,0.6095735022825979
14258,F1,2025/2026,2026-02,7,23,2026-02-22,Nantes,Le Havre,0.355226259517554,0.6811973461293607,market_chance_context,0.4500000000000002,True,0,0,1,0.5376950986288024,0.39056915472975245,0.355226259517554,0.4223758821580833,0.526685421165209,0.5241281468941561,0.4842851793903311,0.21542519250428768
14259,F1,2025/2026,2026-02,7,23,2026-02-22,Nice,Lorient,0.7395768961697313,0.6811973461293607,market_chance_context,0.4500000000000002,True,1,1,1,0.7807875865476471,0.7707347447956453,0.7395768961697313,0.7847306951812197,0.9066036244370687,0.7082222567988461,0.8209471842713743,0.8503289599940322
14260,F1,2025/2026,2026-02,7,23,2026-02-22,Strasbourg,Lyon,0.6811973461293607,0.6811973461293607,market_chance_context,0.4500000000000002,True,1,1,1,0.852661073797883,0.68813328036387,0.6811973461293607,0.8777504654998314,0.9294366713418198,0.762371750348711,0.7837484922692084,0.8809418400102252
16884,SP1,2025/2026,2026-02,7,25,2026-02-22,Getafe,Sevilla,0.5658282443992948,0.6222511291066258,market_chance_context,0.4500000000000002,True,0,0,1,0.3918008937036583,0.5850651799399749,0.5658282443992948,0.3144149587934164,0.4933054161511345,0.37664397207813394,0.8040684999833254,0.17115217071172145
16885,SP1,2025/2026,2026-02,7,25,2026-02-22,Barcelona,Levante,0.846653556495843,0.6222511291066258,market_chance_context,0.4500000000000002,True,1,0,0,0.7021594550602431,0.9010507364829513,0.846653556495843,0.7411230169459988,0.9393279404044814,0.6804266949913624,0.8353101926533854,0.9178091451425999
16886,SP1,2025/2026,2026-02,7,25,2026-02-22,Celta,Mallorca,0.3727217103505431,0.6222511291066258,market_chance_context,0.4500000000000002,True,0,0,1,0.552625882205564,0.33358977628661296,0.3727217103505431,0.513561131353162,0.5827785306498793,0.4737053744009208,0.6422952854615729,0.1990677127216518
16887,SP1,2025/2026,2026-02,7,25,2026-02-22,Villarreal,Valencia,0.7109429389221446,0.6222511291066258,market_chance_context,0.4500000000000002,True,1,1,1,0.6874298344825852,0.6616945978807349,0.7109429389221446,0.6449725009051588,0.6238438737999421,0.6279013041521186,0.7577244311065701,0.3833350524180144
7099,I1,2025/2026,2026-02,7,26,2026-02-23,Fiorentina,Pisa,0.790693820537992,0.5692812817491164,market_chance_context,0.4500000000000002,True,1,0,0,0.5484676397674398,0.6674414282824909,0.790693820537992,0.6626373153466871,0.8109659618121635,0.6176840916064562,0.6907380668022651,0.9500672418301571
7100,I1,2025/2026,2026-02,7,26,2026-02-23,Bologna,Udinese,0.6337254263753833,0.5692812817491164,market_chance_context,0.4500000000000002,True,1,0,0,0.5759818319080964,0.7186602586691607,0.6337254263753833,0.49514060093419116,0.954341494017486,0.5255673744718653,0.6747745567109787,0.8862513211483718
11913,E0,2025/2026,2026-02,7,27,2026-02-23,Everton,Man United,0.7571220078281268,0.7341304145352738,market_chance_context,0.4500000000000002,True,1,0,0,0.5878238625436282,0.7985169802230754,0.7571220078281268,0.6121738031629684,0.5017211500635996,0.5971051513915541,0.6283991776585192,0.455958608416414
16888,SP1,2025/2026,2026-02,7,25,2026-02-23,Alaves,Girona,0.2649842885202819,0.6222511291066258,market_chance_context,0.4500000000000002,True,0,1,0,0.34971353579604325,0.33161705491115,0.2649842885202819,0.21210171653280843,0.21364035189768066,0.4425614144877352,0.6017765114634226,0.06696928599619682
7101,I1,2025/2026,2026-02,7,27,2026-02-27,Parma,Cagliari,0.7033335480850619,0.5692812817491164,market_chance_context,0.4500000000000002,True,1,1,1,0.5383693645159134,0.8705333987523143,0.7033335480850619,0.4509621500570098,0.8773805302738543,0.5362062539147298,0.6848592581284164,0.842078563202689
9263,D1,2025/2026,2026-02,7,24,2026-02-27,Augsburg,FC Koln,0.5961463679947148,0.6799130128526829,market_chance_context,0.4500000000000002,True,0,0,1,0.8186658198011255,0.7018667477596044,0.5961463679947148,0.747289130860261,0.6197104130101965,0.6589989189015407,0.7309605756141749,0.5298064885414064
11914,E0,2025/2026,2026-02,7,28,2026-02-27,Wolves,Aston Villa,0.6266301383470245,0.7341304145352738,market_chance_context,0.4500000000000002,True,0,0,1,0.3445185565121147,0.6110173433829229,0.6266301383470245,0.2902400207253032,0.3193637996476355,0.3862493069941896,0.4345060686730839,0.28341810422705077
14261,F1,2025/2026,2026-02,7,24,2026-02-27,Strasbourg,Lens,0.7643711450227794,0.6811973461293607,market_chance_context,0.4500000000000002,True,1,1,1,0.6996914795606491,0.8553218911310532,0.7643711450227794,0.6987810987326298,0.8242745627042181,0.6880115658945041,0.6346508668398931,0.5007171205912875
16889,SP1,2025/2026,2026-02,7,26,2026-02-27,Levante,Alaves,0.8423860323540769,0.6222511291066258,market_chance_context,0.4500000000000002,True,1,0,0,0.5535995361958602,0.8365038718159687,0.8423860323540769,0.6276116383643265,0.7820054443837585,0.6417808183037836,0.7999771005919873,0.6730434406359248
7102,I1,2025/2026,2026-02,7,27,2026-02-28,Como,Lecce,0.2610274034454576,0.5692812817491164,market_chance_context,0.4500000000000002,True,0,1,0,0.41112536367901786,0.29354432126545227,0.2610274034454576,0.3594884790975846,0.4353580487431701,0.4669953712670789,0.29212695593412935,0.35725285723115374
7103,I1,2025/2026,2026-02,7,27,2026-02-28,Verona,Napoli,0.06410565530977158,0.5692812817491164,market_chance_context,0.4500000000000002,True,0,1,0,0.5851404307179965,0.23520075119396894,0.06410565530977158,0.23730849167423881,0.6379442479687515,0.4549105983366587,0.38125330229945037,0.04974873576314548
7104,I1,2025/2026,2026-02,7,27,2026-02-28,Inter,Genoa,0.5452227092793883,0.5692812817491164,market_chance_context,0.4500000000000002,True,0,0,1,0.5115084548624518,0.49369132176274094,0.5452227092793883,0.42045154256230205,0.7946806905669834,0.5102393262622898,0.4674116771749679,0.5130594018259536
9264,D1,2025/2026,2026-02,7,24,2026-02-28,Hoffenheim,St Pauli,0.3447901339040283,0.6799130128526829,market_chance_context,0.4500000000000002,True,0,0,1,0.4550313032757207,0.4146484119005711,0.3447901339040283,0.33217560626542925,0.26609103465571515,0.47294038672413063,0.5328916189582402,0.08067250947678781
9265,D1,2025/2026,2026-02,7,24,2026-02-28,Leverkusen,Mainz,0.6752781004311365,0.6799130128526829,market_chance_context,0.4500000000000002,True,0,1,0,0.7035524023777959,0.7974132742661925,0.6752781004311365,0.6569415217543121,0.9039223061697338,0.667786754616056,0.819015920619147,0.7727198794694715
9266,D1,2025/2026,2026-02,7,24,2026-02-28,M'gladbach,Union Berlin,0.47804146872746617,0.6799130128526829,market_chance_context,0.4500000000000002,True,0,0,1,0.6161196117276319,0.5430578368512401,0.47804146872746617,0.44304364043272576,0.29035343560334537,0.6269971202984547,0.5141613285628063,0.12232057133003023
9267,D1,2025/2026,2026-02,7,24,2026-02-28,Werder Bremen,Heidenheim,0.3627419378997957,0.6799130128526829,market_chance_context,0.4500000000000002,True,0,0,1,0.6440055941697338,0.7294896550372887,0.3627419378997957,0.34076208202036806,0.7176927153264285,0.6382440950115694,0.5451642951250361,0.17913291431597797
9268,D1,2025/2026,2026-02,7,24,2026-02-28,Dortmund,Bayern Munich,0.8066871451971278,0.6799130128526829,market_chance_context,0.4500000000000002,True,1,1,1,0.7741946163490033,0.8022056713474717,0.8066871451971278,0.7501069099321366,0.8428513324927122,0.744645835190221,0.8595426919672954,0.886379136376753
11915,E0,2025/2026,2026-02,7,28,2026-02-28,Bournemouth,Sunderland,0.7741039987473597,0.7341304145352738,market_chance_context,0.4500000000000002,True,1,1,1,0.6159154822937422,0.8346058247409255,0.7741039987473597,0.6426217583571325,0.6931190322278582,0.6031848795075352,0.6487117664264194,0.7831236420945279
11916,E0,2025/2026,2026-02,7,28,2026-02-28,Burnley,Brentford,0.4408655557385735,0.7341304145352738,market_chance_context,0.4500000000000002,True,0,1,0,0.5295552235263117,0.754409993255521,0.4408655557385735,0.3154679057355203,0.8272532838323222,0.4798590997257545,0.7070742772269769,0.6948601985859898
11917,E0,2025/2026,2026-02,7,28,2026-02-28,Liverpool,West Ham,0.7331514733461114,0.7341304145352738,market_chance_context,0.4500000000000002,True,0,1,0,0.646948657199949,0.7861093216994623,0.7331514733461114,0.6786073373439215,0.7634136207803303,0.7106828064905543,0.738469278960807,0.7479609747752924
11918,E0,2025/2026,2026-02,7,28,2026-02-28,Newcastle,Everton,0.7453756683829293,0.7341304145352738,market_chance_context,0.4500000000000002,True,1,1,1,0.6095818558267498,0.8008112437801749,0.7453756683829293,0.6191367270916374,0.6562149852987157,0.6656955838300073,0.6051405116902772,0.7228028491831904
11919,E0,2025/2026,2026-02,7,28,2026-02-28,Leeds,Man City,0.8476904017937553,0.7341304145352738,market_chance_context,0.4500000000000002,True,1,0,0,0.6282334530299808,0.8867946800640459,0.8476904017937553,0.5637494105228397,0.8562183547017516,0.6532364158301139,0.6746500571301544,0.7764923174340286
14262,F1,2025/2026,2026-02,7,24,2026-02-28,Rennes,Toulouse,0.6435588248114027,0.6811973461293607,market_chance_context,0.4500000000000002,True,0,0,1,0.5554506142214879,0.8708060254315778,0.6435588248114027,0.35062818826243153,0.9133787454051832,0.5468876264925137,0.6703149213132197,0.4236635071699992
14263,F1,2025/2026,2026-02,7,24,2026-02-28,Monaco,Angers,0.5244317942779617,0.6811973461293607,market_chance_context,0.4500000000000002,True,0,0,1,0.6507571896016164,0.5431730532280619,0.5244317942779617,0.6804760777422842,0.9211134177381823,0.6480007408210188,0.5138631098190211,0.597997419303371
14264,F1,2025/2026,2026-02,7,24,2026-02-28,Le Havre,Paris SG,0.5186616111502379,0.6811973461293607,market_chance_context,0.4500000000000002,True,0,0,1,0.6280559809807165,0.6856274555790887,0.5186616111502379,0.6355056865993022,0.7876492186005658,0.5447679132485337,0.6989178811916397,0.5421776184836589
16890,SP1,2025/2026,2026-02,7,26,2026-02-28,Vallecano,Ath Bilbao,0.4572460891046093,0.6222511291066258,market_chance_context,0.4500000000000002,True,0,1,0,0.5085213913112527,0.5089236955782257,0.4572460891046093,0.41065477288004104,0.3950442854878924,0.5800387795857818,0.6003634656762648,0.08628067344582997
16891,SP1,2025/2026,2026-02,7,26,2026-02-28,Barcelona,Villarreal,0.6609164402717599,0.6222511291066258,market_chance_context,0.4500000000000002,True,1,1,1,0.7932456357488507,0.7903618253302407,0.6609164402717599,0.7552574648238356,0.8267741324260309,0.6980035144451779,0.732753760869423,0.4813191236157479
16892,SP1,2025/2026,2026-02,7,26,2026-02-28,Mallorca,Sociedad,0.5594013402568757,0.6222511291066258,market_chance_context,0.4500000000000002,True,0,0,1,0.6706179604442983,0.7075443867839125,0.5594013402568757,0.5226228391116159,0.8461090167697018,0.6300689882311018,0.7600900409903247,0.43247765031696184
16893,SP1,2025/2026,2026-02,7,26,2026-02-28,Oviedo,Ath Madrid,0.3475783084435523,0.6222511291066258,market_chance_context,0.4500000000000002,True,0,0,1,0.2919052595072718,0.31192303545252076,0.3475783084435523,0.25211550359592205,0.08880188208763065,0.3486501235844034,0.309568519035836,0.015662197926851928
7105,I1,2025/2026,2026-03,8,27,2026-03-01,Cremonese,Milan,0.509002751618891,0.5421706763214198,compact_btts_form,0.7000000000000004,False,0,0,1,0.5083926279630159,0.5739196002881062,0.5564781612132127,0.4896921218690072,0.9109883737538979,0.509002751618891,0.6280037476125958,0.879402010308878
7106,I1,2025/2026,2026-03,8,27,2026-03-01,Sassuolo,Atalanta,0.5688633562158105,0.5421706763214198,compact_btts_form,0.7000000000000004,False,1,1,1,0.6279476656709616,0.8251007590412816,0.7232598432439701,0.5343084590256857,0.9556017118228314,0.5688633562158105,0.8174611778300988,0.9531026642500458
7107,I1,2025/2026,2026-03,8,27,2026-03-01,Torino,Lazio,0.6648647140498729,0.5421706763214198,compact_btts_form,0.7000000000000004,False,1,0,0,0.7370889457860399,0.6360218129924522,0.6898971593051331,0.6713499683954258,0.9231638917126381,0.6648647140498729,0.7087224215159412,0.9745587125668188
7108,I1,2025/2026,2026-03,8,27,2026-03-01,Roma,Juventus,0.5891507615682767,0.5421706763214198,compact_btts_form,0.7000000000000004,False,1,1,1,0.6764113132868956,0.5337099510282576,0.5540186238421195,0.5905888974621726,0.8492160220714898,0.5891507615682767,0.6204504583058352,0.7949401777343994
9269,D1,2025/2026,2026-03,8,24,2026-03-01,Stuttgart,Wolfsburg,0.6587782638360468,0.5421706763214198,compact_btts_form,0.7000000000000004,False,1,0,0,0.7503087127092788,0.8628624784960783,0.8318255249122468,0.7429266513476315,0.924627457885862,0.6587782638360468,0.7778142929859558,0.9527057532654343
9270,D1,2025/2026,2026-03,8,24,2026-03-01,Ein Frankfurt,Freiburg,0.674293968509358,0.5421706763214198,compact_btts_form,0.7000000000000004,False,1,0,0,0.7923715677268909,0.788003859591396,0.7986162880834784,0.869128788476348,0.9469641971713245,0.674293968509358,0.8528809544150052,0.9859177426862791
9271,D1,2025/2026,2026-03,8,24,2026-03-01,Hamburg,RB Leipzig,0.7917845802350952,0.5421706763214198,compact_btts_form,0.7000000000000004,False,1,1,1,0.8161794031672476,0.9199825680925852,0.8789880830698864,0.7608480110944128,0.9628527847674417,0.7917845802350952,0.8117031703195521,0.9504776698573102
11920,E0,2025/2026,2026-03,8,28,2026-03-01,Brighton,Nott'm Forest,0.5935600629287425,0.5421706763214198,compact_btts_form,0.7000000000000004,False,1,1,1,0.518239652449432,0.8277235192478475,0.7923427586225609,0.539973976461459,0.7614897896895958,0.5935600629287425,0.7841275106646143,0.7074219707605998
11921,E0,2025/2026,2026-03,8,28,2026-03-01,Fulham,Tottenham,0.648805689597648,0.5421706763214198,compact_btts_form,0.7000000000000004,False,1,1,1,0.710972727786097,0.7889117389909719,0.762893953128641,0.703349758759544,0.820781886971799,0.648805689597648,0.796686419122417,0.8077758995243844
11922,E0,2025/2026,2026-03,8,28,2026-03-01,Man United,Crystal Palace,0.5374379306947418,0.5421706763214198,compact_btts_form,0.7000000000000004,False,0,1,0,0.48799737927693887,0.8428412088734322,0.7280192430067604,0.416879425197402,0.5879718572001652,0.5374379306947418,0.5747909281774766,0.5372099606692546
11923,E0,2025/2026,2026-03,8,28,2026-03-01,Arsenal,Chelsea,0.5850377617603214,0.5421706763214198,compact_btts_form,0.7000000000000004,False,1,1,1,0.6427011471293281,0.8089168117681954,0.872043505496535,0.6354161157594493,0.9347951503979599,0.5850377617603214,0.8276677689173884,0.9342914143218842
14265,F1,2025/2026,2026-03,8,24,2026-03-01,Paris FC,Nice,0.6618785247560764,0.5421706763214198,compact_btts_form,0.7000000000000004,False,1,0,0,0.7623959367474809,0.4981074013827036,0.5046658417957146,0.7991400069283549,0.7531331718000084,0.6618785247560764,0.4767594951770893,0.751065670139385
14266,F1,2025/2026,2026-03,8,24,2026-03-01,Lille,Nantes,0.5327998211009365,0.5421706763214198,compact_btts_form,0.7000000000000004,False,0,0,1,0.4019278767763233,0.48069043088288027,0.47830408257155616,0.5042652053355766,0.34062948586330916,0.5327998211009365,0.339583854826965,0.10633781595684635
14267,F1,2025/2026,2026-03,8,24,2026-03-01,Lorient,Auxerre,0.535180641281376,0.5421706763214198,compact_btts_form,0.7000000000000004,False,0,1,0,0.5792834704864737,0.5436259305445884,0.4650918255348197,0.568166458670843,0.7249211228217018,0.535180641281376,0.7569937429924318,0.6467175753986287
14268,F1,2025/2026,2026-03,8,24,2026-03-01,Metz,Brest,0.4771975314146653,0.5421706763214198,compact_btts_form,0.7000000000000004,False,0,0,1,0.46643226762470763,0.7674236337720717,0.7627903766073071,0.6555457944375099,0.7485482362925898,0.4771975314146653,0.6672995211910817,0.8143503595129744
14269,F1,2025/2026,2026-03,8,24,2026-03-01,Marseille,Lyon,0.6416146803126556,0.5421706763214198,compact_btts_form,0.7000000000000004,False,1,1,1,0.6789328136169402,0.7883530475528217,0.739974669835632,0.7097340937554582,0.8174267637493491,0.6416146803126556,0.7038480762550586,0.7663588244336567
16894,SP1,2025/2026,2026-03,8,26,2026-03-01,Elche,Espanol,0.6371390975918999,0.5421706763214198,compact_btts_form,0.7000000000000004,False,1,1,1,0.5942494390450738,0.6834524175664087,0.37286416035906733,0.2576617640931577,0.44681675340818905,0.6371390975918999,0.6329375494274524,0.10354904872447354
16895,SP1,2025/2026,2026-03,8,26,2026-03-01,Valencia,Osasuna,0.5545192950538006,0.5421706763214198,compact_btts_form,0.7000000000000004,False,1,0,0,0.5578763824268589,0.481856983074557,0.4693987569818238,0.5653163455652924,0.3806788610431761,0.5545192950538006,0.6780872706203073,0.4324625856415563
16896,SP1,2025/2026,2026-03,8,26,2026-03-01,Betis,Sevilla,0.5429125972612534,0.5421706763214198,compact_btts_form,0.7000000000000004,False,1,1,1,0.5541470572761694,0.8175182319266273,0.7432023754407441,0.479559838741107,0.8884714962222205,0.5429125972612534,0.788366626906424,0.3420783866614244
16897,SP1,2025/2026,2026-03,8,26,2026-03-01,Girona,Celta,0.6696272673870856,0.5421706763214198,compact_btts_form,0.7000000000000004,False,1,1,1,0.7514034782699484,0.8148763428526833,0.6833300552240555,0.5576110221372949,0.8407926589187217,0.6696272673870856,0.8108659344916044,0.32527985977600643
7109,I1,2025/2026,2026-03,8,27,2026-03-02,Pisa,Bologna,0.44137524434251535,0.5421706763214198,compact_btts_form,0.7000000000000004,False,0,0,1,0.42560646916490924,0.5571192135676644,0.46242057057213465,0.3505063101248006,0.4559274368805063,0.44137524434251535,0.38377833184126453,0.3478362596858971
7110,I1,2025/2026,2026-03,8,27,2026-03-02,Udinese,Fiorentina,0.605929110957688,0.5421706763214198,compact_btts_form,0.7000000000000004,False,1,0,0,0.7133217185118634,0.6323682893742609,0.6550381474170751,0.6707807406389744,0.9152894816645174,0.605929110957688,0.749065286599913,0.8890927219645625
16898,SP1,2025/2026,2026-03,8,26,2026-03-02,Real Madrid,Getafe,0.4850743759771793,0.5421706763214198,compact_btts_form,0.7000000000000004,False,0,0,1,0.4526792843174503,0.4234388127845741,0.3315879052535766,0.4934909635924659,0.14731907495535465,0.4850743759771793,0.44287047653287753,0.02886151376499305
11924,E0,2025/2026,2026-03,8,29,2026-03-03,Bournemouth,Brentford,0.7307608958705415,0.5421706763214198,compact_btts_form,0.7000000000000004,False,1,0,0,0.7739268398517107,0.7346184814249456,0.6526840348518762,0.7832119840816172,0.5576420699397975,0.7307608958705415,0.666737447392032,0.6944562223363866
11925,E0,2025/2026,2026-03,8,29,2026-03-03,Everton,Burnley,0.40223902649632165,0.5421706763214198,compact_btts_form,0.7000000000000004,False,0,0,1,0.3813393531793063,0.37223862873382724,0.32018913799440996,0.29641734831016936,0.19414690196616255,0.40223902649632165,0.2509313733071626,0.07485588992566591
11926,E0,2025/2026,2026-03,8,29,2026-03-03,Leeds,Sunderland,0.5998996234419556,0.5421706763214198,compact_btts_form,0.7000000000000004,False,1,0,0,0.6496962780706304,0.7527501978017218,0.7426940608076293,0.6168505168609374,0.8040093443716921,0.5998996234419556,0.6915374872935135,0.8481079330583202
11927,E0,2025/2026,2026-03,8,29,2026-03-03,Wolves,Liverpool,0.44018870878034994,0.5421706763214198,compact_btts_form,0.7000000000000004,False,0,1,0,0.5146276481663711,0.6115354185760952,0.6464072113406569,0.5156217133015453,0.5461446064473919,0.44018870878034994,0.5285473663375971,0.4754251611768621
9272,D1,2025/2026,2026-03,8,17,2026-03-04,Hamburg,Leverkusen,0.5484216491258235,0.5421706763214198,compact_btts_form,0.7000000000000004,False,1,0,0,0.648457634231894,0.846117863414979,0.6863066894676076,0.5117007384853954,0.7705048950156069,0.5484216491258235,0.6627248763796897,0.7076062910681703
11928,E0,2025/2026,2026-03,8,29,2026-03-04,Aston Villa,Chelsea,0.7766592188599007,0.5421706763214198,compact_btts_form,0.7000000000000004,False,1,1,1,0.7712923373998051,0.9480601487912018,0.9543618487350306,0.8015492632994026,0.9790148144528326,0.7766592188599007,0.9414817306408647,0.9932309263492507
11929,E0,2025/2026,2026-03,8,29,2026-03-04,Brighton,Arsenal,0.48043093594988057,0.5421706763214198,compact_btts_form,0.7000000000000004,False,0,0,1,0.5087775143874703,0.587103397091912,0.5982978438331995,0.5517387383608772,0.5993028296352488,0.48043093594988057,0.5379817450514983,0.5675070662436692
11930,E0,2025/2026,2026-03,8,29,2026-03-04,Fulham,West Ham,0.6234791404038438,0.5421706763214198,compact_btts_form,0.7000000000000004,False,1,0,0,0.6224211207109278,0.8305766412516626,0.7603382918920127,0.6273064147131056,0.7409468277459421,0.6234791404038438,0.7089715597363622,0.7433401720857303
11931,E0,2025/2026,2026-03,8,29,2026-03-04,Man City,Nott'm Forest,0.4551344067767065,0.5421706763214198,compact_btts_form,0.7000000000000004,False,0,1,0,0.3350754319904714,0.6188689774320366,0.5535560111615172,0.3058832415003317,0.30469912677175087,0.4551344067767065,0.5023571428015444,0.10631903452288075
11932,E0,2025/2026,2026-03,8,29,2026-03-04,Newcastle,Man United,0.737016392414987,0.5421706763214198,compact_btts_form,0.7000000000000004,False,1,1,1,0.7928339187730373,0.8730911102402396,0.8390182952889296,0.7879600752065847,0.553354858824339,0.737016392414987,0.8048106164096898,0.8035147434150292
16899,SP1,2025/2026,2026-03,8,23,2026-03-04,Vallecano,Oviedo,0.4105948234963876,0.5421706763214198,compact_btts_form,0.7000000000000004,False,0,0,1,0.27721122563275563,0.14045297330154385,0.05506192108126214,0.10925645050846204,0.027810074381838103,0.4105948234963876,0.22309852138032352,0.0006930768469631615
11933,E0,2025/2026,2026-03,8,29,2026-03-05,Tottenham,Crystal Palace,0.602243851166867,0.5421706763214198,compact_btts_form,0.7000000000000004,False,1,1,1,0.6237324915402487,0.8551392031044406,0.6732397846104508,0.3448072139151928,0.5206284907090012,0.602243851166867,0.6012983428305078,0.3783849852285774
7111,I1,2025/2026,2026-03,8,28,2026-03-06,Napoli,Torino,0.49968509039787123,0.5421706763214198,compact_btts_form,0.7000000000000004,False,0,1,0,0.48617704065798883,0.3252102068390729,0.38622761297218466,0.4277828787428852,0.519167406320166,0.49968509039787123,0.3822466428649206,0.44239569690964553
9273,D1,2025/2026,2026-03,8,25,2026-03-06,Bayern Munich,M'gladbach,0.7338689556192409,0.5421706763214198,compact_btts_form,0.7000000000000004,False,1,1,1,0.7344387591659434,0.9573303792409747,0.8878276950712054,0.6957369547455902,0.9312012264353812,0.7338689556192409,0.8486502831356599,0.8900354121291412
14270,F1,2025/2026,2026-03,8,25,2026-03-06,Paris SG,Monaco,0.718490694836528,0.5421706763214198,compact_btts_form,0.7000000000000004,False,1,1,1,0.7714871390953338,0.83642795585127,0.44629932442866727,0.5257197819021949,0.9458328583170799,0.718490694836528,0.7078426339333731,0.37959610462860316
16900,SP1,2025/2026,2026-03,8,27,2026-03-06,Celta,Real Madrid,0.6609867838345272,0.5421706763214198,compact_btts_form,0.7000000000000004,False,1,1,1,0.7677855965112605,0.6739450404903911,0.6216981681432981,0.7111723081323763,0.8643519166194158,0.6609867838345272,0.8328929611901109,0.5608212664579826
7112,I1,2025/2026,2026-03,8,28,2026-03-07,Cagliari,Como,0.5032329517897471,0.5421706763214198,compact_btts_form,0.7000000000000004,False,0,1,0,0.5839216780472234,0.4064489134232837,0.43571770014871,0.5660478044111391,0.7156883109653162,0.5032329517897471,0.5497839611231349,0.6735511771326682
7113,I1,2025/2026,2026-03,8,28,2026-03-07,Atalanta,Udinese,0.5707049148398992,0.5421706763214198,compact_btts_form,0.7000000000000004,False,1,1,1,0.6271059972714356,0.5611184749652053,0.4433439568777808,0.5771258336597166,0.902172372807523,0.5707049148398992,0.7442708601048119,0.9177916681209999
7114,I1,2025/2026,2026-03,8,28,2026-03-07,Juventus,Pisa,0.5428660671275665,0.5421706763214198,compact_btts_form,0.7000000000000004,False,1,0,0,0.5357673778029735,0.6521852300386584,0.530297313070388,0.4811630883043304,0.7995769816693384,0.5428660671275665,0.6752954055748265,0.7282966237499057
9274,D1,2025/2026,2026-03,8,25,2026-03-07,Freiburg,Leverkusen,0.6667067615145138,0.5421706763214198,compact_btts_form,0.7000000000000004,False,1,1,1,0.8014766468385925,0.7769547020694306,0.6447130796290214,0.7606136519634622,0.8641571694028995,0.6667067615145138,0.737404353636669,0.8512535773626314
9275,D1,2025/2026,2026-03,8,25,2026-03-07,Heidenheim,Hoffenheim,0.6569433957405175,0.5421706763214198,compact_btts_form,0.7000000000000004,False,1,1,1,0.739147646820296,0.8157021529801936,0.8176519535327653,0.7400264711234137,0.8290017326318491,0.6569433957405175,0.7518452910443659,0.7742392054260058
9276,D1,2025/2026,2026-03,8,25,2026-03-07,Mainz,Stuttgart,0.6548938079908626,0.5421706763214198,compact_btts_form,0.7000000000000004,False,1,1,1,0.7122931529054392,0.8746963222304794,0.8225203416283612,0.7202514884786955,0.7628933932829999,0.6548938079908626,0.7878048058763193,0.8672294627706596
9277,D1,2025/2026,2026-03,8,25,2026-03-07,RB Leipzig,Augsburg,0.6984987231339213,0.5421706763214198,compact_btts_form,0.7000000000000004,False,1,1,1,0.6536849602919167,0.9085458912796768,0.8188906019997527,0.5971057443142188,0.9732456729672246,0.6984987231339213,0.934910567784213,0.9674694219876987
9278,D1,2025/2026,2026-03,8,25,2026-03-07,Wolfsburg,Hamburg,0.6989569953765051,0.5421706763214198,compact_btts_form,0.7000000000000004,False,1,1,1,0.7651546751827264,0.6670088702245595,0.39511907905147753,0.5585325713050098,0.6837340349799877,0.6989569953765051,0.6348540274916272,0.5425751809422587
9279,D1,2025/2026,2026-03,8,25,2026-03-07,FC Koln,Dortmund,0.6701663380095862,0.5421706763214198,compact_btts_form,0.7000000000000004,False,1,1,1,0.7766946046066087,0.9466312053450101,0.8590928666512332,0.6860739017005608,0.9852648318983612,0.6701663380095862,0.9056461019455486,0.974299458557967
14271,F1,2025/2026,2026-03,8,25,2026-03-07,Nantes,Angers,0.5137935310387454,0.5421706763214198,compact_btts_form,0.7000000000000004,False,0,0,1,0.5482381957137589,0.55075361751889,0.38957062543787535,0.3894534135699284,0.8567221371494025,0.5137935310387454,0.7650954801933079,0.5937930778133355
14272,F1,2025/2026,2026-03,8,25,2026-03-07,Auxerre,Strasbourg,0.4838260146668974,0.5421706763214198,compact_btts_form,0.7000000000000004,False,0,0,1,0.485927717973289,0.5932873169058078,0.6639731843877449,0.5871234244872493,0.5395580990624048,0.4838260146668974,0.5587226560163902,0.6033841440057266
14273,F1,2025/2026,2026-03,8,25,2026-03-07,Toulouse,Marseille,0.7629383021785981,0.5421706763214198,compact_btts_form,0.7000000000000004,False,1,0,0,0.7754654585625178,0.519624398745621,0.657186023013391,0.8080310624486015,0.7991854725303701,0.7629383021785981,0.7381136123654721,0.7786271804835506
16901,SP1,2025/2026,2026-03,8,27,2026-03-07,Osasuna,Mallorca,0.558247688366765,0.5421706763214198,compact_btts_form,0.7000000000000004,False,1,1,1,0.5895932745895418,0.44804954561006816,0.5032143044714321,0.6292195073209998,0.6186245041568966,0.558247688366765,0.6840620052639727,0.48726028657998427
16902,SP1,2025/2026,2026-03,8,27,2026-03-07,Levante,Girona,0.6319929296870483,0.5421706763214198,compact_btts_form,0.7000000000000004,False,1,1,1,0.5457016385773731,0.5319469756221046,0.5114239657532691,0.5094415193728269,0.3593069886679513,0.6319929296870483,0.5193555482544233,0.01846876729428353
16903,SP1,2025/2026,2026-03,8,27,2026-03-07,Ath Madrid,Sociedad,0.6266783953531796,0.5421706763214198,compact_btts_form,0.7000000000000004,False,1,1,1,0.6354155827638862,0.7433543509261512,0.710296728323323,0.6353303407351824,0.7202614145776196,0.6266783953531796,0.7061340994288365,0.3958229498673196
16904,SP1,2025/2026,2026-03,8,27,2026-03-07,Ath Bilbao,Barcelona,0.6752719357797056,0.5421706763214198,compact_btts_form,0.7000000000000004,False,1,0,0,0.6411688883093813,0.6527199123338605,0.7261103843944362,0.5828421925045345,0.8626778373793417,0.6752719357797056,0.84244731000801,0.5335296680039776
7115,I1,2025/2026,2026-03,8,28,2026-03-08,Lecce,Cremonese,0.3740434240958294,0.5421706763214198,compact_btts_form,0.7000000000000004,False,0,1,0,0.4042658379156077,0.45081155185467464,0.37256887134472655,0.33297228604831036,0.600655544433492,0.3740434240958294,0.326527901875802,0.27969477087122935
7116,I1,2025/2026,2026-03,8,28,2026-03-08,Bologna,Verona,0.43959859405205864,0.5421706763214198,compact_btts_form,0.7000000000000004,False,0,1,0,0.46715777600225517,0.20952032949571273,0.16686044965711885,0.40341632028753305,0.5068302371579967,0.43959859405205864,0.1998999333994486,0.07657986471670471
7117,I1,2025/2026,2026-03,8,28,2026-03-08,Fiorentina,Parma,0.591480066175804,0.5421706763214198,compact_btts_form,0.7000000000000004,False,1,0,0,0.5551934800314401,0.9003123415182939,0.8824834168019473,0.653920961582197,0.98064565274286,0.591480066175804,0.7991071141238455,0.9869335668996578
7118,I1,2025/2026,2026-03,8,28,2026-03-08,Genoa,Roma,0.5751450598999577,0.5421706763214198,compact_btts_form,0.7000000000000004,False,1,1,1,0.709121515346659,0.7575441651369867,0.6608102071860117,0.6197692065977676,0.9788180718598245,0.5751450598999577,0.7370187471185952,0.8870206796868073
7119,I1,2025/2026,2026-03,8,28,2026-03-08,Milan,Inter,0.7128043951973247,0.5421706763214198,compact_btts_form,0.7000000000000004,False,1,0,0,0.7607513390039214,0.923299813513185,0.8562449052579607,0.6871318310256742,0.9838689031261567,0.7128043951973247,0.8100954615191116,0.9789205811544631
9280,D1,2025/2026,2026-03,8,25,2026-03-08,St Pauli,Ein Frankfurt,0.44156387103691713,0.5421706763214198,compact_btts_form,0.7000000000000004,False,0,0,1,0.5930670052261607,0.585436762785213,0.6125136288164534,0.48881623977923194,0.259707816401075,0.44156387103691713,0.5563127689646247,0.29075258012128524
9281,D1,2025/2026,2026-03,8,25,2026-03-08,Union Berlin,Werder Bremen,0.5734322184600811,0.5421706763214198,compact_btts_form,0.7000000000000004,False,1,1,1,0.6517205296861391,0.7207411129296879,0.6114167404473266,0.5940643224012491,0.6910309529261005,0.5734322184600811,0.6681453258953163,0.7052560346067247
14274,F1,2025/2026,2026-03,8,25,2026-03-08,Lens,Metz,0.497277972489745,0.5421706763214198,compact_btts_form,0.7000000000000004,False,0,0,1,0.5284212474666957,0.4235342526669956,0.4859676453920638,0.5091459073837047,0.2992690448991036,0.497277972489745,0.41734939717953173,0.27281612718987114
14275,F1,2025/2026,2026-03,8,25,2026-03-08,Brest,Le Havre,0.5724280112425113,0.5421706763214198,compact_btts_form,0.7000000000000004,False,1,0,0,0.6097106296895867,0.5053907779209486,0.6942055126811922,0.7971984836726361,0.8206748966951684,0.5724280112425113,0.6109030527065477,0.8527809993856232
14276,F1,2025/2026,2026-03,8,25,2026-03-08,Lille,Lorient,0.5624143195820741,0.5421706763214198,compact_btts_form,0.7000000000000004,False,1,1,1,0.5654342076294645,0.577683476882309,0.5075629700282026,0.6015857298187752,0.7197756191538733,0.5624143195820741,0.4209735252073021,0.3487237374533963
14277,F1,2025/2026,2026-03,8,25,2026-03-08,Nice,Rennes,0.7036560010676386,0.5421706763214198,compact_btts_form,0.7000000000000004,False,1,0,0,0.7476443095166777,0.6571050171206645,0.6866481247106162,0.8151920624759736,0.7000804996381212,0.7036560010676386,0.6860124949205173,0.6378370849778592
14278,F1,2025/2026,2026-03,8,25,2026-03-08,Lyon,Paris FC,0.579833397063396,0.5421706763214198,compact_btts_form,0.7000000000000004,False,1,1,1,0.6635529171811402,0.6788709410630929,0.7200929586160042,0.648347522846158,0.8990193324914416,0.579833397063396,0.6347204871014894,0.5993197771058085
16905,SP1,2025/2026,2026-03,8,27,2026-03-08,Villarreal,Elche,0.45785048252861527,0.5421706763214198,compact_btts_form,0.7000000000000004,False,0,1,0,0.47176369091807835,0.557801130663634,0.7886133601434421,0.6498055374530065,0.1697883753401504,0.45785048252861527,0.4125524127095079,0.18310118502153322
16906,SP1,2025/2026,2026-03,8,27,2026-03-08,Getafe,Betis,0.2688452442775662,0.5421706763214198,compact_btts_form,0.7000000000000004,False,0,0,1,0.35168923227536286,0.5313345633777526,0.459785416295992,0.24641263122647872,0.1448374889021089,0.2688452442775662,0.4502305504885483,0.027288122353183886
16907,SP1,2025/2026,2026-03,8,27,2026-03-08,Sevilla,Vallecano,0.462435497455182,0.5421706763214198,compact_btts_form,0.7000000000000004,False,0,1,0,0.5168213490408028,0.39798817514283785,0.4922262504307106,0.5282177450397697,0.12407622577464077,0.462435497455182,0.31759629283151924,0.022876207507412764
16908,SP1,2025/2026,2026-03,8,27,2026-03-08,Valencia,Alaves,0.44062909114976084,0.5421706763214198,compact_btts_form,0.7000000000000004,False,0,1,0,0.3247803247765243,0.3952963349567587,0.3681764246649828,0.30132967928713744,0.3233398338654225,0.44062909114976084,0.5169870956076942,0.15672527487266388
7120,I1,2025/2026,2026-03,8,28,2026-03-09,Lazio,Sassuolo,0.5488364325556603,0.5421706763214198,compact_btts_form,0.7000000000000004,False,1,1,1,0.5808671985194103,0.6518058939293286,0.5652441873656305,0.5289329316573208,0.6789721585892031,0.5488364325556603,0.4723503723129169,0.6664542801070245
16909,SP1,2025/2026,2026-03,8,27,2026-03-09,Espanol,Oviedo,0.4665281051046925,0.5421706763214198,compact_btts_form,0.7000000000000004,False,0,1,0,0.37240190157161146,0.4118871497954539,0.5142443622012526,0.36138073789422237,0.058436491046389025,0.4665281051046925,0.609840466646844,0.04625968655023455
7121,I1,2025/2026,2026-03,8,29,2026-03-13,Torino,Parma,0.5793498886104362,0.5421706763214198,compact_btts_form,0.7000000000000004,False,1,1,1,0.5375160515305056,0.6743371502324655,0.578614050521539,0.5178224665271084,0.8069539792388701,0.5793498886104362,0.40055320142880324,0.7221058978175301
9282,D1,2025/2026,2026-03,8,26,2026-03-13,M'gladbach,St Pauli,0.5188448846358266,0.5421706763214198,compact_btts_form,0.7000000000000004,False,0,0,1,0.5401054420361757,0.5188180304093125,0.450373231951481,0.43033059107386534,0.39425830512432514,0.5188448846358266,0.5974515046862807,0.18721107958164945
14279,F1,2025/2026,2026-03,8,26,2026-03-13,Marseille,Auxerre,0.6346097697759546,0.5421706763214198,compact_btts_form,0.7000000000000004,False,1,0,0,0.6651863673153429,0.6837809610106466,0.6441229268970865,0.7543153512990497,0.8990166703427542,0.6346097697759546,0.8218013298817769,0.882422569566395
16910,SP1,2025/2026,2026-03,8,28,2026-03-13,Alaves,Villarreal,0.5538945154019477,0.5421706763214198,compact_btts_form,0.7000000000000004,False,1,1,1,0.6328725480584458,0.5914492130529927,0.5428052536567868,0.5524802654137579,0.5694535479900016,0.5538945154019477,0.6894689117450659,0.09125795889120825
7122,I1,2025/2026,2026-03,8,29,2026-03-14,Inter,Atalanta,0.5421706763214198,0.5421706763214198,compact_btts_form,0.7000000000000004,False,1,1,1,0.5625694701862045,0.7158161967002766,0.6602459840491298,0.4723811467252914,0.8578331066184898,0.5421706763214198,0.5578832711601418,0.8338205488457908
7123,I1,2025/2026,2026-03,8,29,2026-03-14,Napoli,Lecce,0.3515754621758269,0.5421706763214198,compact_btts_form,0.7000000000000004,False,0,1,0,0.33286532745283415,0.18096311417816177,0.2813638302044777,0.3843377180708534,0.28369801215856844,0.3515754621758269,0.36584270244210104,0.28032475101227516
7124,I1,2025/2026,2026-03,8,29,2026-03-14,Udinese,Juventus,0.42492500868887295,0.5421706763214198,compact_btts_form,0.7000000000000004,False,0,0,1,0.5241166412031664,0.3341017937855696,0.30352267608421907,0.4540594527802034,0.6846035597423584,0.42492500868887295,0.4214178769170838,0.4375626447869817
9283,D1,2025/2026,2026-03,8,26,2026-03-14,Dortmund,Augsburg,0.6189702566264453,0.5421706763214198,compact_btts_form,0.7000000000000004,False,1,0,0,0.6832794555535999,0.7776200223398132,0.7530176382608555,0.5860115479996504,0.9453695685307384,0.6189702566264453,0.8885300408980022,0.933387036126555
9284,D1,2025/2026,2026-03,8,26,2026-03-14,Ein Frankfurt,Heidenheim,0.6051604203206359,0.5421706763214198,compact_btts_form,0.7000000000000004,False,1,0,0,0.584026542851411,0.6813473140839915,0.6076215462807897,0.5538506956347393,0.8459076562897793,0.6051604203206359,0.7409145582862776,0.8438683599710611
9285,D1,2025/2026,2026-03,8,26,2026-03-14,Hoffenheim,Wolfsburg,0.7324087860813205,0.5421706763214198,compact_btts_form,0.7000000000000004,False,1,1,1,0.8208993040298247,0.8008109671593764,0.6531329490018275,0.7076497970927021,0.958647223625447,0.7324087860813205,0.8636060949947554,0.879828300785594
9286,D1,2025/2026,2026-03,8,26,2026-03-14,Leverkusen,Bayern Munich,0.8124776070388029,0.5421706763214198,compact_btts_form,0.7000000000000004,False,1,1,1,0.8639738857300898,0.7559540018697859,0.7664122604946948,0.8644948325560509,0.9740642764651294,0.8124776070388029,0.8313443831542645,0.9591517061469919
9287,D1,2025/2026,2026-03,8,26,2026-03-14,Hamburg,FC Koln,0.6674323885754242,0.5421706763214198,compact_btts_form,0.7000000000000004,False,1,1,1,0.7599343018900694,0.8318063200585896,0.8220569165260774,0.7464427133055331,0.8394484776019159,0.6674323885754242,0.6766679931417564,0.9320891887620295
11934,E0,2025/2026,2026-03,8,30,2026-03-14,Burnley,Bournemouth,0.6181927475685298,0.5421706763214198,compact_btts_form,0.7000000000000004,False,1,0,0,0.7006132246070685,0.7198446538238773,0.4759621247377865,0.520910472648394,0.9570271750395962,0.6181927475685298,0.8463152814508815,0.903286460912257
11935,E0,2025/2026,2026-03,8,30,2026-03-14,Sunderland,Brighton,0.6174250448966714,0.5421706763214198,compact_btts_form,0.7000000000000004,False,1,0,0,0.5455541063617855,0.6882061254520168,0.6817670012797516,0.6066015666768605,0.6359537929256729,0.6174250448966714,0.6865729126532677,0.823817773065645
11936,E0,2025/2026,2026-03,8,30,2026-03-14,Arsenal,Everton,0.3706654687524088,0.5421706763214198,compact_btts_form,0.7000000000000004,False,0,0,1,0.4087690746756114,0.5374074233707291,0.5926098484474619,0.41517298482778436,0.5639635254766854,0.3706654687524088,0.51648756822567,0.49737587254802457
11937,E0,2025/2026,2026-03,8,30,2026-03-14,Chelsea,Newcastle,0.7638864546464957,0.5421706763214198,compact_btts_form,0.7000000000000004,False,1,0,0,0.8173548121334371,0.7818201652045927,0.640987005291477,0.715868887672361,0.8833898433071867,0.7638864546464957,0.7266079403313781,0.8343250760112909
11938,E0,2025/2026,2026-03,8,30,2026-03-14,West Ham,Man City,0.6258654512050903,0.5421706763214198,compact_btts_form,0.7000000000000004,False,1,1,1,0.6728044296296065,0.6788976867261384,0.6860863939301756,0.5965077700763844,0.443468230894411,0.6258654512050903,0.664847590875697,0.43892159693359456
14280,F1,2025/2026,2026-03,8,26,2026-03-14,Lorient,Lens,0.6023412950185667,0.5421706763214198,compact_btts_form,0.7000000000000004,False,1,1,1,0.5866065654042868,0.8024148209882339,0.6894196872137448,0.5291603937793923,0.8647940340023446,0.6023412950185667,0.7068143748603065,0.5504803839259537
14281,F1,2025/2026,2026-03,8,26,2026-03-14,Angers,Nice,0.6394721264502838,0.5421706763214198,compact_btts_form,0.7000000000000004,False,1,0,0,0.7044131414300118,0.6019193956960411,0.5784757833914708,0.7258491497124873,0.8519252130461479,0.6394721264502838,0.7152382166548369,0.7586295407411013
14282,F1,2025/2026,2026-03,8,26,2026-03-14,Monaco,Brest,0.5447974886117161,0.5421706763214198,compact_btts_form,0.7000000000000004,False,1,0,0,0.5255144577513428,0.522506991060429,0.5688103245932743,0.5892789500488996,0.5083077895367589,0.5447974886117161,0.511515900318455,0.3484710897484078
16911,SP1,2025/2026,2026-03,8,28,2026-03-14,Girona,Ath Bilbao,0.7389467362578458,0.5421706763214198,compact_btts_form,0.7000000000000004,False,1,0,0,0.7437455123411054,0.9131784698050512,0.8730711275383778,0.6305865668748111,0.9556157848026837,0.7389467362578458,0.8928117099746142,0.9034449496562592
16912,SP1,2025/2026,2026-03,8,28,2026-03-14,Ath Madrid,Getafe,0.4290964735295551,0.5421706763214198,compact_btts_form,0.7000000000000004,False,0,0,1,0.4157110238542299,0.10366791552428714,0.10259488419883389,0.39513874149781564,0.013723448762124965,0.4290964735295551,0.19408999777270078,0.002212585459184771
16913,SP1,2025/2026,2026-03,8,28,2026-03-14,Oviedo,Valencia,0.5258577215985916,0.5421706763214198,compact_btts_form,0.7000000000000004,False,0,0,1,0.5404164322389963,0.5355091897628809,0.5675023089689089,0.5167298313158434,0.5130232129694132,0.5258577215985916,0.7015264984065247,0.3227231015467443
16914,SP1,2025/2026,2026-03,8,28,2026-03-14,Real Madrid,Elche,0.6125405540464871,0.5421706763214198,compact_btts_form,0.7000000000000004,False,1,1,1,0.5687032253168914,0.8296986091943194,0.8673731660019415,0.7156591233370403,0.4887933108364718,0.6125405540464871,0.5741401248960954,0.43474503185627933
7125,I1,2025/2026,2026-03,8,29,2026-03-15,Verona,Genoa,0.5862505795809004,0.5421706763214198,compact_btts_form,0.7000000000000004,False,1,0,0,0.5915461255981735,0.3550009836772001,0.33113753954840836,0.5262870452813981,0.7272967084378277,0.5862505795809004,0.4798634999368712,0.6027129034292319
7126,I1,2025/2026,2026-03,8,29,2026-03-15,Pisa,Cagliari,0.5435345923908321,0.5421706763214198,compact_btts_form,0.7000000000000004,False,1,1,1,0.5247403021921884,0.40511871470975397,0.44287389912043595,0.4553842317675104,0.43975386117982096,0.5435345923908321,0.295234251670333,0.47757568165623016
7127,I1,2025/2026,2026-03,8,29,2026-03-15,Sassuolo,Bologna,0.5195174317429482,0.5421706763214198,compact_btts_form,0.7000000000000004,False,0,0,1,0.6254673583146517,0.8130929358724069,0.7960420223692544,0.6014641121964864,0.8029539333733899,0.5195174317429482,0.7164162288447381,0.8366170447547584
7128,I1,2025/2026,2026-03,8,29,2026-03-15,Como,Roma,0.6400735111354859,0.5421706763214198,compact_btts_form,0.7000000000000004,False,1,1,1,0.7425953085647866,0.5659654822921165,0.43621140593862917,0.6423056293817528,0.8851570550375487,0.6400735111354859,0.4815323827085519,0.7941949599952411
7129,I1,2025/2026,2026-03,8,29,2026-03-15,Lazio,Milan,0.5549320454365081,0.5421706763214198,compact_btts_form,0.7000000000000004,False,1,0,0,0.6001839285354386,0.727072143740117,0.669586760518208,0.5399513094874199,0.9027293536020077,0.5549320454365081,0.5254305393971148,0.8299694365933525
9288,D1,2025/2026,2026-03,8,26,2026-03-15,Werder Bremen,Mainz,0.5999408536634465,0.5421706763214198,compact_btts_form,0.7000000000000004,False,1,0,0,0.6486303912293474,0.6689432881650883,0.5942000943684858,0.613988474601197,0.7765664748476682,0.5999408536634465,0.6662496465012351,0.6047632267505126
9289,D1,2025/2026,2026-03,8,26,2026-03-15,Freiburg,Union Berlin,0.6356897478441624,0.5421706763214198,compact_btts_form,0.7000000000000004,False,1,0,0,0.6340799630347989,0.8109079420782409,0.7666338849863575,0.6610959690794533,0.9080893679685761,0.6356897478441624,0.7088550480217869,0.9464685159308147
9290,D1,2025/2026,2026-03,8,26,2026-03-15,Stuttgart,RB Leipzig,0.8551115015230764,0.5421706763214198,compact_btts_form,0.7000000000000004,False,1,0,0,0.9140303392667599,0.9584447049189818,0.9250348570410137,0.8871380634545215,0.971765422115389,0.8551115015230764,0.8950229026509583,0.9790544195193188
11939,E0,2025/2026,2026-03,8,30,2026-03-15,Crystal Palace,Leeds,0.5062846558196029,0.5421706763214198,compact_btts_form,0.7000000000000004,False,0,0,1,0.5738243725912803,0.7222870964245403,0.5807168292336049,0.46013667059684943,0.3911723831598997,0.5062846558196029,0.6488027916624971,0.5445892078278136
11940,E0,2025/2026,2026-03,8,30,2026-03-15,Man United,Aston Villa,0.6270770963606646,0.5421706763214198,compact_btts_form,0.7000000000000004,False,1,1,1,0.6064865695835219,0.8552921998241242,0.7649157436864005,0.5968611732758875,0.7454787046081406,0.6270770963606646,0.6298885058610396,0.767058307806148
11941,E0,2025/2026,2026-03,8,30,2026-03-15,Nott'm Forest,Fulham,0.5483554009621908,0.5421706763214198,compact_btts_form,0.7000000000000004,False,1,0,0,0.49950487950796546,0.7751453426379555,0.7925280540609267,0.5359216884563887,0.4640205085747668,0.5483554009621908,0.5819836330520519,0.571983539494997
11942,E0,2025/2026,2026-03,8,30,2026-03-15,Liverpool,Tottenham,0.54022133674993,0.5421706763214198,compact_btts_form,0.7000000000000004,False,0,1,0,0.5720016335341018,0.8184580878459362,0.7874227683854331,0.536862156711731,0.7150322554777595,0.54022133674993,0.5465525329702715,0.28105729709447835
14283,F1,2025/2026,2026-03,8,26,2026-03-15,Strasbourg,Paris FC,0.5382539355816048,0.5421706763214198,compact_btts_form,0.7000000000000004,False,0,0,1,0.5979426956336897,0.7154517763606912,0.7396954974544722,0.6085212548233435,0.7885334748526469,0.5382539355816048,0.7154277359317032,0.6489905002084494
14284,F1,2025/2026,2026-03,8,26,2026-03-15,Le Havre,Lyon,0.5283169156183638,0.5421706763214198,compact_btts_form,0.7000000000000004,False,0,0,1,0.5782240684572236,0.633977539487563,0.3325977087769968,0.34989880916878924,0.7388030115240994,0.5283169156183638,0.6171684332045295,0.3228911544920412
14285,F1,2025/2026,2026-03,8,26,2026-03-15,Metz,Toulouse,0.4333275177201758,0.5421706763214198,compact_btts_form,0.7000000000000004,False,0,1,0,0.3721415311587041,0.7463315676311478,0.45284410201922304,0.318067426628396,0.6641738055357639,0.4333275177201758,0.5826171947857112,0.2941277039357472
14286,F1,2025/2026,2026-03,8,26,2026-03-15,Rennes,Lille,0.787356967157731,0.5421706763214198,compact_btts_form,0.7000000000000004,False,1,1,1,0.7599707636125008,0.8670429764714314,0.8010075196119195,0.7939128265362744,0.9531067105883101,0.787356967157731,0.7928225630585044,0.932903116303127
16915,SP1,2025/2026,2026-03,8,28,2026-03-15,Mallorca,Espanol,0.5785350469811879,0.5421706763214198,compact_btts_form,0.7000000000000004,False,1,1,1,0.6208348297336389,0.4093884503683426,0.3687945930146897,0.5640508355325842,0.234644930173333,0.5785350469811879,0.3783269940454375,0.07755907630684018
16916,SP1,2025/2026,2026-03,8,28,2026-03-15,Barcelona,Sevilla,0.706399594720135,0.5421706763214198,compact_btts_form,0.7000000000000004,False,1,1,1,0.750294127464128,0.8962112707618624,0.8403156059073713,0.7858486001364936,0.8643014061098626,0.706399594720135,0.8641054648625982,0.7200926024584539
16917,SP1,2025/2026,2026-03,8,28,2026-03-15,Betis,Celta,0.7029298417810488,0.5421706763214198,compact_btts_form,0.7000000000000004,False,1,1,1,0.7498415317507185,0.82202126907562,0.6479330513477285,0.5550966258814621,0.8742523283021122,0.7029298417810488,0.8553425711922684,0.23970179145648468
16918,SP1,2025/2026,2026-03,8,28,2026-03-15,Sociedad,Osasuna,0.562747943715547,0.5421706763214198,compact_btts_form,0.7000000000000004,False,1,1,1,0.6634145145330279,0.6560975081461506,0.6873469882424807,0.6647074235957957,0.6927613811133168,0.562747943715547,0.718243560812355,0.45749101513237617
7130,I1,2025/2026,2026-03,8,29,2026-03-16,Cremonese,Fiorentina,0.6519707695170822,0.5421706763214198,compact_btts_form,0.7000000000000004,False,1,1,1,0.667286516541781,0.637810611199774,0.5277568253001653,0.535906072777283,0.9504975851566101,0.6519707695170822,0.6689717345113204,0.8418852164849262
11943,E0,2025/2026,2026-03,8,30,2026-03-16,Brentford,Wolves,0.5039736710349636,0.5421706763214198,compact_btts_form,0.7000000000000004,False,0,1,0,0.5861694075824107,0.7248347151775288,0.7268044916688735,0.6150060626582369,0.7653929322544195,0.5039736710349636,0.8187044617592029,0.6173600809385326
16919,SP1,2025/2026,2026-03,8,28,2026-03-16,Vallecano,Levante,0.547038288400004,0.5421706763214198,compact_btts_form,0.7000000000000004,False,1,1,1,0.4945727369958794,0.4117309692056259,0.19295556611200804,0.2845320823082453,0.31252208310424956,0.547038288400004,0.5572287468328142,0.04800183889809195
7131,I1,2025/2026,2026-03,8,30,2026-03-20,Cagliari,Napoli,0.4368196834225692,0.5421706763214198,compact_btts_form,0.7000000000000004,False,0,0,1,0.585168819729932,0.3688133483379916,0.31793827281656917,0.48755416409796903,0.8022467947197853,0.4368196834225692,0.48713960592262545,0.5582829036492641
7132,I1,2025/2026,2026-03,8,30,2026-03-20,Genoa,Udinese,0.5564866430126828,0.5421706763214198,compact_btts_form,0.7000000000000004,False,1,0,0,0.6647802754833164,0.7442559833145093,0.5983426102690406,0.6026569342684603,0.9543848540205372,0.5564866430126828,0.7121793540278646,0.9003747074363107
9291,D1,2025/2026,2026-03,8,27,2026-03-20,RB Leipzig,Hoffenheim,0.8675645144825144,0.5421706763214198,compact_btts_form,0.7000000000000004,False,1,0,0,0.8989191299290766,0.9641990028423274,0.9400723697267529,0.8919833131627515,0.9853669761141506,0.8675645144825144,0.966136750486461,0.9932780167964896
11944,E0,2025/2026,2026-03,8,31,2026-03-20,Bournemouth,Man United,0.6281334741062459,0.5421706763214198,compact_btts_form,0.7000000000000004,False,1,1,1,0.7445394878294558,0.8691345375589814,0.8137725109810588,0.7657017679016875,0.689056839700138,0.6281334741062459,0.7263751515285976,0.8068943378501746
14287,F1,2025/2026,2026-03,8,27,2026-03-20,Lens,Angers,0.5284694499550664,0.5421706763214198,compact_btts_form,0.7000000000000004,False,0,1,0,0.5301062644450143,0.22029921456260199,0.29335650327231805,0.5897695193984321,0.2991475958751497,0.5284694499550664,0.29516361100558086,0.12706622964169823
16920,SP1,2025/2026,2026-03,8,29,2026-03-20,Villarreal,Sociedad,0.5596124945175431,0.5421706763214198,compact_btts_form,0.7000000000000004,False,1,1,1,0.5458987890109424,0.7609510162678176,0.7751210573383674,0.5338300442780894,0.5089445480777779,0.5596124945175431,0.6196552067178253,0.2605600869767577
7133,I1,2025/2026,2026-03,8,30,2026-03-21,Parma,Cremonese,0.5794365069987383,0.5421706763214198,compact_btts_form,0.7000000000000004,False,1,0,0,0.45091996183569194,0.783793013235777,0.6581922542904272,0.4165658671750673,0.8436573820175342,0.5794365069987383,0.5314635742657792,0.7997293769164181
7134,I1,2025/2026,2026-03,8,30,2026-03-21,Milan,Torino,0.6212000763303133,0.5421706763214198,compact_btts_form,0.7000000000000004,False,1,1,1,0.5878951008621682,0.8127759034295617,0.6689084044331195,0.4917492514607626,0.9393629454290546,0.6212000763303133,0.5641150482971182,0.8801862765693348
7135,I1,2025/2026,2026-03,8,30,2026-03-21,Juventus,Sassuolo,0.576807679548753,0.5421706763214198,compact_btts_form,0.7000000000000004,False,1,1,1,0.605527875412112,0.5978966552606436,0.5436606021397048,0.712115958939719,0.7716259703292014,0.576807679548753,0.6696180615964673,0.7517934670985414
9292,D1,2025/2026,2026-03,8,27,2026-03-21,Bayern Munich,Union Berlin,0.6686721034304283,0.5421706763214198,compact_btts_form,0.7000000000000004,False,1,0,0,0.7094330695847634,0.8499966170007327,0.7270372867742539,0.6958818425963477,0.8721601618595787,0.6686721034304283,0.7053572697470787,0.8121543602942247
9293,D1,2025/2026,2026-03,8,27,2026-03-21,FC Koln,M'gladbach,0.6930486952740215,0.5421706763214198,compact_btts_form,0.7000000000000004,False,1,1,1,0.756359257875232,0.9793899878023226,0.9240487067057832,0.6667351534727882,0.9853189677135398,0.6930486952740215,0.9513522977979423,0.9849767582524058
9294,D1,2025/2026,2026-03,8,27,2026-03-21,Heidenheim,Leverkusen,0.5597649663047746,0.5421706763214198,compact_btts_form,0.7000000000000004,False,1,1,1,0.7228888839465619,0.6339552997293492,0.573740087723608,0.7169482501263796,0.6870205056584934,0.5597649663047746,0.6636050778835136,0.6242561802924675
9295,D1,2025/2026,2026-03,8,27,2026-03-21,Wolfsburg,Werder Bremen,0.7326938511317197,0.5421706763214198,compact_btts_form,0.7000000000000004,False,1,0,0,0.771563582351099,0.880458438168592,0.8051751682925995,0.7863556037402601,0.9233611962947539,0.7326938511317197,0.7993280442855237,0.9610461126987864
9296,D1,2025/2026,2026-03,8,27,2026-03-21,Dortmund,Hamburg,0.6783801132388355,0.5421706763214198,compact_btts_form,0.7000000000000004,False,1,1,1,0.8214708770579886,0.4074984319211346,0.34952048822164467,0.693644666469366,0.7774942033997727,0.6783801132388355,0.602583626545978,0.4764641898185254
11945,E0,2025/2026,2026-03,8,31,2026-03-21,Brighton,Liverpool,0.681230354815694,0.5421706763214198,compact_btts_form,0.7000000000000004,False,1,1,1,0.7272357180338732,0.7295964054923268,0.7344244882526461,0.7134774665240957,0.6777361806121437,0.681230354815694,0.6350553194091647,0.6403263230416844
11946,E0,2025/2026,2026-03,8,31,2026-03-21,Fulham,Burnley,0.48024762171106594,0.5421706763214198,compact_btts_form,0.7000000000000004,False,0,1,0,0.5373538397130929,0.6055315027179734,0.5764736449586659,0.5627201362484964,0.6777456375575924,0.48024762171106594,0.61666078356024,0.6481576975259526
11947,E0,2025/2026,2026-03,8,31,2026-03-21,Everton,Chelsea,0.6758541373792976,0.5421706763214198,compact_btts_form,0.7000000000000004,False,1,0,0,0.6668726806877773,0.7228981131870478,0.8039758211949243,0.6945967872822443,0.8834460910963009,0.6758541373792976,0.7404127368619868,0.9151147201520243
11948,E0,2025/2026,2026-03,8,31,2026-03-21,Leeds,Brentford,0.7246003896528388,0.5421706763214198,compact_btts_form,0.7000000000000004,False,1,0,0,0.7459059598126392,0.8038640001348478,0.7049185078819405,0.6896242100085362,0.8225019608789612,0.7246003896528388,0.7425205510497185,0.7865257242697204
14288,F1,2025/2026,2026-03,8,27,2026-03-21,Toulouse,Lorient,0.6143512959504092,0.5421706763214198,compact_btts_form,0.7000000000000004,False,1,0,0,0.6543084629455957,0.5178930601124563,0.40729588263795036,0.5735767928055504,0.69919153956997,0.6143512959504092,0.5950933935964259,0.5099448100207776
14289,F1,2025/2026,2026-03,8,27,2026-03-21,Auxerre,Brest,0.38814937409754624,0.5421706763214198,compact_btts_form,0.7000000000000004,False,0,0,1,0.37472373018418975,0.5992905400950146,0.6059987802079614,0.4093543209443121,0.3868741926316028,0.38814937409754624,0.5588083711926393,0.3963078871324591
14290,F1,2025/2026,2026-03,8,27,2026-03-21,Nice,Paris SG,0.6677707563641715,0.5421706763214198,compact_btts_form,0.7000000000000004,False,1,0,0,0.6226582349668885,0.5625055837382846,0.8368703121939802,0.8383372075084918,0.6832986738887395,0.6677707563641715,0.6376764119111646,0.6907311596952131
16921,SP1,2025/2026,2026-03,8,29,2026-03-21,Elche,Mallorca,0.6527819401961455,0.5421706763214198,compact_btts_form,0.7000000000000004,False,1,1,1,0.5996656051335275,0.7156383085342082,0.4416864208050422,0.34916766591841675,0.8489036353758261,0.6527819401961455,0.775415459205111,0.4926434697161673
16922,SP1,2025/2026,2026-03,8,29,2026-03-21,Espanol,Getafe,0.409754203702419,0.5421706763214198,compact_btts_form,0.7000000000000004,False,0,1,0,0.3995068374610013,0.08523797560140464,0.07903811752079343,0.33912947701567175,0.0074401571988497745,0.409754203702419,0.2677200324470795,0.002694955743959824
16923,SP1,2025/2026,2026-03,8,29,2026-03-21,Levante,Oviedo,0.5121660326884617,0.5421706763214198,compact_btts_form,0.7000000000000004,False,0,1,0,0.4193367007439355,0.4402398010498944,0.5889444323442636,0.5453776012612267,0.09726443988611112,0.5121660326884617,0.5973355468538908,0.062027339854549626
16924,SP1,2025/2026,2026-03,8,29,2026-03-21,Osasuna,Girona,0.6255462615174322,0.5421706763214198,compact_btts_form,0.7000000000000004,False,1,0,0,0.6554111585808958,0.4316806204711631,0.4677223430731417,0.7039557166380274,0.3197877818635349,0.6255462615174322,0.6979546331735549,0.3061712470506974
16925,SP1,2025/2026,2026-03,8,29,2026-03-21,Sevilla,Valencia,0.38999120112710445,0.5421706763214198,compact_btts_form,0.7000000000000004,False,0,0,1,0.48116991262443604,0.28515870584982445,0.20485338191397143,0.2545239939928996,0.18205469415089962,0.38999120112710445,0.2681492060165533,0.011483393508600939
7136,I1,2025/2026,2026-03,8,30,2026-03-22,Como,Pisa,0.5095725491818084,0.5421706763214198,compact_btts_form,0.7000000000000004,False,0,0,1,0.4465455928135759,0.4776712625515935,0.32847919327793923,0.4429533972729001,0.4865909773657998,0.5095725491818084,0.3157382904672461,0.5991315647262119
7137,I1,2025/2026,2026-03,8,30,2026-03-22,Atalanta,Verona,0.48797937378390455,0.5421706763214198,compact_btts_form,0.7000000000000004,False,0,0,1,0.4744741246678875,0.21961542999868444,0.18866947796511827,0.39348420011321006,0.41985395287795113,0.48797937378390455,0.3065209127520604,0.15742644035625586
7138,I1,2025/2026,2026-03,8,30,2026-03-22,Bologna,Lazio,0.5299247662979201,0.5421706763214198,compact_btts_form,0.7000000000000004,False,0,0,1,0.6009129113451367,0.5629479478475691,0.5709787613108377,0.5297550604426766,0.8965549954052927,0.5299247662979201,0.5893065617680089,0.9303021833870344
7139,I1,2025/2026,2026-03,8,30,2026-03-22,Roma,Lecce,0.40543918581166893,0.5421706763214198,compact_btts_form,0.7000000000000004,False,0,0,1,0.38319572728217555,0.27385713973821785,0.3952528039738959,0.41497475654606275,0.402976122315205,0.40543918581166893,0.332128628317612,0.41419034807067856
7140,I1,2025/2026,2026-03,8,30,2026-03-22,Fiorentina,Inter,0.6096410968726538,0.5421706763214198,compact_btts_form,0.7000000000000004,False,1,1,1,0.616180001773165,0.8579743638662386,0.8002088517508381,0.6962300468099111,0.9723341266973544,0.6096410968726538,0.7954360514486202,0.9798994936987555
9297,D1,2025/2026,2026-03,8,27,2026-03-22,Mainz,Ein Frankfurt,0.5831322180930744,0.5421706763214198,compact_btts_form,0.7000000000000004,False,1,1,1,0.7224338260518306,0.8142273894141329,0.8044363387876622,0.6554637502768084,0.8092579887991252,0.5831322180930744,0.7578808122718227,0.8577215069355676
9298,D1,2025/2026,2026-03,8,27,2026-03-22,St Pauli,Freiburg,0.4954515295284686,0.5421706763214198,compact_btts_form,0.7000000000000004,False,0,1,0,0.6016464995501557,0.4690897726420844,0.395939384448301,0.567659822298566,0.3513608402615398,0.4954515295284686,0.3863402540311536,0.36404253252592084
9299,D1,2025/2026,2026-03,8,27,2026-03-22,Augsburg,Stuttgart,0.5901152293363526,0.5421706763214198,compact_btts_form,0.7000000000000004,False,1,1,1,0.638829049660888,0.6796479992306094,0.6210059002360285,0.6233622503478572,0.5236266005573077,0.5901152293363526,0.7250128784519195,0.6764406950308298
11949,E0,2025/2026,2026-03,8,31,2026-03-22,Newcastle,Sunderland,0.583143351732567,0.5421706763214198,compact_btts_form,0.7000000000000004,False,1,1,1,0.5265117154015959,0.5987569059588359,0.6027370001923485,0.5786861636043362,0.3925445687707412,0.583143351732567,0.4856139263471258,0.6077049192985023
11950,E0,2025/2026,2026-03,8,31,2026-03-22,Aston Villa,West Ham,0.6234732976778691,0.5421706763214198,compact_btts_form,0.7000000000000004,False,1,0,0,0.5873077773661468,0.8809114035486534,0.8310510068711995,0.5917131668626707,0.6851824749433142,0.6234732976778691,0.7077701336585538,0.787672551390131
11951,E0,2025/2026,2026-03,8,31,2026-03-22,Tottenham,Nott'm Forest,0.5638279876870228,0.5421706763214198,compact_btts_form,0.7000000000000004,False,1,0,0,0.5522630898438526,0.8130078663438676,0.7987444936092527,0.5585255652788156,0.7103183601021653,0.5638279876870228,0.6828163443018952,0.700111591127288
14291,F1,2025/2026,2026-03,8,27,2026-03-22,Lyon,Monaco,0.7516372638079084,0.5421706763214198,compact_btts_form,0.7000000000000004,False,1,1,1,0.8322128971153997,0.8267206772451116,0.7409170851984087,0.8490715650293292,0.9441992564123449,0.7516372638079084,0.8132969403347191,0.9187096190749473
14292,F1,2025/2026,2026-03,8,27,2026-03-22,Marseille,Lille,0.7857807296599753,0.5421706763214198,compact_btts_form,0.7000000000000004,False,1,1,1,0.8091651751753071,0.7878101557064631,0.788828265408365,0.8625777470392543,0.963942223955479,0.7857807296599753,0.7798644468696967,0.9486120438299609
14293,F1,2025/2026,2026-03,8,27,2026-03-22,Paris FC,Le Havre,0.5576208344978261,0.5421706763214198,compact_btts_form,0.7000000000000004,False,1,1,1,0.5306605599518366,0.41287478015683726,0.6319713058230765,0.7184247660396488,0.6956677649630864,0.5576208344978261,0.5520037047444868,0.8159668299789953
14294,F1,2025/2026,2026-03,8,27,2026-03-22,Rennes,Metz,0.5508856560171325,0.5421706763214198,compact_btts_form,0.7000000000000004,False,1,0,0,0.5916395859654227,0.8021467711349686,0.7267041563390081,0.645969740492703,0.8601091273768726,0.5508856560171325,0.781186537294507,0.8410058103282704
14295,F1,2025/2026,2026-03,8,27,2026-03-22,Nantes,Strasbourg,0.5875626294676702,0.5421706763214198,compact_btts_form,0.7000000000000004,False,1,1,1,0.5833955468026603,0.6261979052960965,0.7412861131124253,0.7626644705325569,0.8313352566200776,0.5875626294676702,0.7278849084284584,0.9115860948408856
16926,SP1,2025/2026,2026-03,8,29,2026-03-22,Barcelona,Vallecano,0.7166847634720582,0.5421706763214198,compact_btts_form,0.7000000000000004,False,1,0,0,0.7240494410459221,0.8647767894906497,0.8886056460055246,0.895173786806582,0.84999017158205,0.7166847634720582,0.8633663475986607,0.8971117412446882
16927,SP1,2025/2026,2026-03,8,29,2026-03-22,Celta,Alaves,0.6308673216885737,0.5421706763214198,compact_btts_form,0.7000000000000004,False,1,1,1,0.6009435324749108,0.3382586088307802,0.2607792843576121,0.5211851522584929,0.6072578682248359,0.6308673216885737,0.6258056670602362,0.1368087258473659
16928,SP1,2025/2026,2026-03,8,29,2026-03-22,Ath Bilbao,Betis,0.5698281216515337,0.5421706763214198,compact_btts_form,0.7000000000000004,False,1,1,1,0.7102077836656785,0.417602597394414,0.4787722903762983,0.6285815478380762,0.520394269769386,0.5698281216515337,0.7020098756460068,0.2479724935319952
16929,SP1,2025/2026,2026-03,8,29,2026-03-22,Real Madrid,Ath Madrid,0.776394173458775,0.5421706763214198,compact_btts_form,0.7000000000000004,False,1,1,1,0.8173037502207707,0.8435763009802626,0.8082320760850555,0.795503594370552,0.7335455350350051,0.776394173458775,0.7634144410620024,0.6580098019790419
14296,F1,2025/2026,2026-04,9,28,2026-04-03,Paris SG,Toulouse,0.5439551883724724,0.5228987531232656,compact_btts_form,0.7750000000000005,False,1,1,1,0.534954883294081,0.6377711619237821,0.47650110124441936,0.5614045971585319,0.45033931043342135,0.5439551883724724,0.4646603176234869,0.1818072141258319
16930,SP1,2025/2026,2026-04,9,30,2026-04-03,Vallecano,Elche,0.6235863950537786,0.5228987531232656,compact_btts_form,0.7750000000000005,False,1,0,0,0.5957523648169061,0.5541968682963359,0.3115029073278467,0.4359956573901671,0.34765222855444694,0.6235863950537786,0.7368179087157136,0.07211215789530838
7141,I1,2025/2026,2026-04,9,31,2026-04-04,Sassuolo,Cagliari,0.4967422131829247,0.5228987531232656,compact_btts_form,0.7750000000000005,False,0,1,0,0.48435515862691625,0.7888152444642073,0.5956687765534493,0.4146726893010468,0.8149348406926258,0.4967422131829247,0.668857341537466,0.7657798737474482
7142,I1,2025/2026,2026-04,9,31,2026-04-04,Verona,Fiorentina,0.5345738505973372,0.5228987531232656,compact_btts_form,0.7750000000000005,False,1,0,0,0.47656832216235007,0.26204571367909535,0.2532478011245772,0.4929525906733607,0.6733444303007838,0.5345738505973372,0.3505526661715376,0.45942912526501495
7143,I1,2025/2026,2026-04,9,31,2026-04-04,Lazio,Parma,0.4233103297279269,0.5228987531232656,compact_btts_form,0.7750000000000005,False,0,1,0,0.3018680226158536,0.8309404350934717,0.7030131587109029,0.2584484645981628,0.8017593261112009,0.4233103297279269,0.4706804798381076,0.7416824903036322
9300,D1,2025/2026,2026-04,9,28,2026-04-04,Freiburg,Bayern Munich,0.7493777451584813,0.5228987531232656,compact_btts_form,0.7750000000000005,False,1,1,1,0.7947213542500284,0.7924975949189771,0.8135182901542937,0.8181928285761327,0.9638319051444361,0.7493777451584813,0.7771096292225238,0.9125959951279676
9301,D1,2025/2026,2026-04,9,28,2026-04-04,Hamburg,Augsburg,0.6828169402368955,0.5228987531232656,compact_btts_form,0.7750000000000005,False,1,1,1,0.6714652752223358,0.897780501758703,0.7833691135733619,0.5155410398046311,0.9606099785637334,0.6828169402368955,0.8789003036062929,0.8922643914269701
9302,D1,2025/2026,2026-04,9,28,2026-04-04,Hoffenheim,Mainz,0.7836091124501364,0.5228987531232656,compact_btts_form,0.7750000000000005,False,1,1,1,0.8441060500426814,0.7250190064163421,0.6413042734264457,0.8207879760027522,0.9255499725097938,0.7836091124501364,0.7512823975737073,0.7708048009259333
9303,D1,2025/2026,2026-04,9,28,2026-04-04,Leverkusen,Wolfsburg,0.6350105722720457,0.5228987531232656,compact_btts_form,0.7750000000000005,False,1,1,1,0.7061919050013498,0.5939191905479031,0.576928335749852,0.5884627175300848,0.8565708287308667,0.6350105722720457,0.6949704015687325,0.8190280519628985
9304,D1,2025/2026,2026-04,9,28,2026-04-04,M'gladbach,Heidenheim,0.6410209977370891,0.5228987531232656,compact_btts_form,0.7750000000000005,False,1,1,1,0.6595653275616716,0.4759679400705052,0.42850699308668666,0.5986246251599194,0.42333305759980266,0.6410209977370891,0.494863656174361,0.28084968030941626
9305,D1,2025/2026,2026-04,9,28,2026-04-04,Werder Bremen,RB Leipzig,0.6285431867111555,0.5228987531232656,compact_btts_form,0.7750000000000005,False,1,1,1,0.7270795865316544,0.8828205338269033,0.8587632500633567,0.7205676584712063,0.8558147288399415,0.6285431867111555,0.7443072084662629,0.8679566681979546
9306,D1,2025/2026,2026-04,9,28,2026-04-04,Stuttgart,Dortmund,0.8414798266143283,0.5228987531232656,compact_btts_form,0.7750000000000005,False,1,0,0,0.8962849140088762,0.9773599803986724,0.9617605692728435,0.8490213187880117,0.9913932707851707,0.8414798266143283,0.9672835023391545,0.9944032343692191
14297,F1,2025/2026,2026-04,9,28,2026-04-04,Strasbourg,Nice,0.5801783569178579,0.5228987531232656,compact_btts_form,0.7750000000000005,False,1,1,1,0.5848804377796063,0.5953344112308375,0.5361840001286412,0.6071584830815359,0.5963391273157027,0.5801783569178579,0.4660679660347166,0.5860397104175505
14298,F1,2025/2026,2026-04,9,28,2026-04-04,Brest,Rennes,0.6443378093314484,0.5228987531232656,compact_btts_form,0.7750000000000005,False,1,1,1,0.6863153051973516,0.8639905562615724,0.8184695423835292,0.7727164355040109,0.9017672674286152,0.6443378093314484,0.7556166274652923,0.8791852499737797
14299,F1,2025/2026,2026-04,9,28,2026-04-04,Lille,Lens,0.6651368274080344,0.5228987531232656,compact_btts_form,0.7750000000000005,False,1,0,0,0.6081442667677631,0.8202015373255253,0.7236282881872138,0.6477266911531627,0.6257490881788387,0.6651368274080344,0.7069826018922681,0.7860674596467259
16931,SP1,2025/2026,2026-04,9,30,2026-04-04,Sociedad,Levante,0.48531792060672335,0.5228987531232656,compact_btts_form,0.7750000000000005,False,0,0,1,0.5375732565709186,0.6531579752997159,0.661410258101687,0.5334342788700658,0.5676240852784984,0.48531792060672335,0.622194902457461,0.32279464099444355
16932,SP1,2025/2026,2026-04,9,30,2026-04-04,Mallorca,Real Madrid,0.6065326988396496,0.5228987531232656,compact_btts_form,0.7750000000000005,False,1,1,1,0.693979722724741,0.8311413399963499,0.7780625653628003,0.6439794049608087,0.9498585746953655,0.6065326988396496,0.9061847968252071,0.840060193079689
16933,SP1,2025/2026,2026-04,9,30,2026-04-04,Betis,Espanol,0.5732876263117772,0.5228987531232656,compact_btts_form,0.7750000000000005,False,1,0,0,0.5653914822010984,0.7073646320119706,0.34288170873287244,0.23779336738946402,0.6103954149678165,0.5732876263117772,0.7326226688668194,0.08059983636504575
16934,SP1,2025/2026,2026-04,9,30,2026-04-04,Ath Madrid,Barcelona,0.7673594137755911,0.5228987531232656,compact_btts_form,0.7750000000000005,False,1,1,1,0.7052256072776215,0.9009886920112943,0.9069314728837823,0.7028479847056152,0.7024957956531086,0.7673594137755911,0.8576407575757721,0.5352717288969051
7144,I1,2025/2026,2026-04,9,31,2026-04-05,Cremonese,Bologna,0.45387258742749603,0.5228987531232656,compact_btts_form,0.7750000000000005,False,0,1,0,0.3338415507685265,0.6736338802919375,0.6663339210303675,0.3435793076278474,0.4040818520637974,0.45387258742749603,0.40341555192965595,0.4921988058533155
7145,I1,2025/2026,2026-04,9,31,2026-04-05,Pisa,Torino,0.7355545683883954,0.5228987531232656,compact_btts_form,0.7750000000000005,False,1,0,0,0.6669948504187952,0.8544685352292075,0.7577771930906474,0.649398321442664,0.9524391407187045,0.7355545683883954,0.7186870456901978,0.9530877149993773
7146,I1,2025/2026,2026-04,9,31,2026-04-05,Inter,Roma,0.5884791979101189,0.5228987531232656,compact_btts_form,0.7750000000000005,False,1,1,1,0.6236876495109421,0.6767114091421775,0.645460969003429,0.5787796629991615,0.8849229400549771,0.5884791979101189,0.7028024090272639,0.8750055295690199
9307,D1,2025/2026,2026-04,9,28,2026-04-05,Union Berlin,St Pauli,0.31331316423169314,0.5228987531232656,compact_btts_form,0.7750000000000005,False,0,1,0,0.2866863244365893,0.15832743667900803,0.12107061737684215,0.18561791277978362,0.015613536708357837,0.31331316423169314,0.1078919720459607,0.006451533489138574
9308,D1,2025/2026,2026-04,9,28,2026-04-05,Ein Frankfurt,FC Koln,0.6457692970305966,0.5228987531232656,compact_btts_form,0.7750000000000005,False,1,1,1,0.7427156401726717,0.7122391320775637,0.589140750357729,0.667780722939511,0.8517819827975746,0.6457692970305966,0.67960731936296,0.8488360921926704
14300,F1,2025/2026,2026-04,9,28,2026-04-05,Angers,Lyon,0.6046311990217295,0.5228987531232656,compact_btts_form,0.7750000000000005,False,1,0,0,0.5747720868278827,0.6410743733061597,0.6932788959283995,0.5946699168070252,0.8829386310545626,0.6046311990217295,0.7174785006814134,0.772832401296415
14301,F1,2025/2026,2026-04,9,28,2026-04-05,Le Havre,Auxerre,0.4749361406514256,0.5228987531232656,compact_btts_form,0.7750000000000005,False,0,1,0,0.4792595151188027,0.7211451394225383,0.5767039111116554,0.5104520774299451,0.5983534515467783,0.4749361406514256,0.6159874784088782,0.6101825343053353
14302,F1,2025/2026,2026-04,9,28,2026-04-05,Lorient,Paris FC,0.5868872485748475,0.5228987531232656,compact_btts_form,0.7750000000000005,False,1,1,1,0.6819043977648858,0.7069391332398298,0.6244974416959505,0.6847229091846591,0.865955439760497,0.5868872485748475,0.8263998595242619,0.9102339464969555
14303,F1,2025/2026,2026-04,9,28,2026-04-05,Metz,Nantes,0.5319335608146356,0.5228987531232656,compact_btts_form,0.7750000000000005,False,1,0,0,0.522642357497722,0.5539816654585807,0.5490715621398047,0.6006844384899016,0.43845218025541893,0.5319335608146356,0.35029956485446295,0.5042209899233323
14304,F1,2025/2026,2026-04,9,28,2026-04-05,Monaco,Marseille,0.8329167880389243,0.5228987531232656,compact_btts_form,0.7750000000000005,False,1,1,1,0.8313779319905131,0.8956196295324359,0.8607464891689801,0.8289040488580286,0.9608490455640889,0.8329167880389243,0.9154374789961146,0.9670856791678525
16935,SP1,2025/2026,2026-04,9,30,2026-04-05,Getafe,Ath Bilbao,0.36214123596447667,0.5228987531232656,compact_btts_form,0.7750000000000005,False,0,0,1,0.3204864803653082,0.6581759460828621,0.806633726725143,0.47063685365676383,0.26318912194340566,0.36214123596447667,0.7881511104032565,0.5713809861771767
16936,SP1,2025/2026,2026-04,9,30,2026-04-05,Valencia,Celta,0.4886602146155797,0.5228987531232656,compact_btts_form,0.7750000000000005,False,0,1,0,0.5051956027349213,0.6038773875601277,0.4676415826972422,0.2996547270567435,0.4879311968142818,0.4886602146155797,0.7351930870031848,0.08318565413690517
16937,SP1,2025/2026,2026-04,9,30,2026-04-05,Oviedo,Sevilla,0.48369517744625956,0.5228987531232656,compact_btts_form,0.7750000000000005,False,0,0,1,0.42738769675199284,0.29517576416061264,0.5106527526246464,0.6115957639044894,0.10458882354517485,0.48369517744625956,0.3640228729848869,0.061188623037971596
16938,SP1,2025/2026,2026-04,9,30,2026-04-05,Alaves,Osasuna,0.5193282152634964,0.5228987531232656,compact_btts_form,0.7750000000000005,False,0,1,0,0.47096126916836456,0.6564540786522656,0.703753195654207,0.4243256845444185,0.4907352710644995,0.5193282152634964,0.7308818505324436,0.4154561494035394
7147,I1,2025/2026,2026-04,9,31,2026-04-06,Udinese,Como,0.4585745373590169,0.5228987531232656,compact_btts_form,0.7750000000000005,False,0,0,1,0.4837888959113145,0.34424118434719053,0.37571898120763175,0.4602912779287567,0.4366077406808036,0.4585745373590169,0.39010766600859603,0.47053138257531496
7148,I1,2025/2026,2026-04,9,31,2026-04-06,Lecce,Atalanta,0.5929896467787764,0.5228987531232656,compact_btts_form,0.7750000000000005,False,1,0,0,0.5577771975564431,0.8673040318947245,0.8216437621243818,0.5169525558134648,0.9719046995542489,0.5929896467787764,0.8667893606334334,0.9289701311784253
7149,I1,2025/2026,2026-04,9,31,2026-04-06,Juventus,Genoa,0.5555377029580246,0.5228987531232656,compact_btts_form,0.7750000000000005,False,1,0,0,0.45793815068301585,0.5580539516516669,0.5357097721718282,0.5665049327734214,0.8743063969547743,0.5555377029580246,0.3416370779316235,0.7836288685547005
7150,I1,2025/2026,2026-04,9,31,2026-04-06,Napoli,Milan,0.6367759143254892,0.5228987531232656,compact_btts_form,0.7750000000000005,False,1,0,0,0.6128625827450659,0.6139180626398526,0.4984535706816748,0.5285991960877433,0.5847801468703333,0.6367759143254892,0.5019178207826817,0.6795608208084464
16939,SP1,2025/2026,2026-04,9,30,2026-04-06,Girona,Villarreal,0.6864889583076788,0.5228987531232656,compact_btts_form,0.7750000000000005,False,1,0,0,0.7421388199475912,0.8374398573915072,0.7802167219478915,0.7059940809175834,0.7499488212979243,0.6864889583076788,0.8467955221541483,0.537915394269117
7151,I1,2025/2026,2026-04,9,32,2026-04-10,Roma,Pisa,0.5542730319327501,0.5228987531232656,compact_btts_form,0.7750000000000005,False,1,0,0,0.36017161743194814,0.5288838262356073,0.43889796891158867,0.3321939449781217,0.737120063464169,0.5542730319327501,0.5287778290592254,0.6496993654815159
9309,D1,2025/2026,2026-04,9,29,2026-04-10,Augsburg,Hoffenheim,0.784209893582301,0.5228987531232656,compact_btts_form,0.7750000000000005,False,1,1,1,0.7827996699271313,0.8824598990177135,0.7304671137771876,0.6048564762569365,0.8177743144770506,0.784209893582301,0.8802643758103645,0.7733415202241312
11952,E0,2025/2026,2026-04,9,32,2026-04-10,West Ham,Wolves,0.46252175254428923,0.5228987531232656,compact_btts_form,0.7750000000000005,False,0,0,1,0.43861146095580456,0.44943286294844154,0.3507249150855302,0.4060499684315269,0.11177366004768594,0.46252175254428923,0.30127911380497857,0.09808511509753401
14305,F1,2025/2026,2026-04,9,29,2026-04-10,Paris FC,Monaco,0.6809751120999126,0.5228987531232656,compact_btts_form,0.7750000000000005,False,1,1,1,0.7348289502224413,0.5293839620980237,0.41030931129800186,0.8042323211064343,0.7030211991362151,0.6809751120999126,0.2909369679236458,0.3523702483392796
14306,F1,2025/2026,2026-04,9,29,2026-04-10,Marseille,Metz,0.6150490076612196,0.5228987531232656,compact_btts_form,0.7750000000000005,False,1,1,1,0.576387648560995,0.8295011595392098,0.8208570747412742,0.6316382134486026,0.9439493077355274,0.6150490076612196,0.8163728497495569,0.9532255740610732
16940,SP1,2025/2026,2026-04,9,31,2026-04-10,Real Madrid,Girona,0.6613191668088125,0.5228987531232656,compact_btts_form,0.7750000000000005,False,1,1,1,0.6424908122555609,0.6027924060887251,0.5529107048913934,0.6911533508156821,0.35766510282901437,0.6613191668088125,0.708928827085537,0.39336929098989787
7152,I1,2025/2026,2026-04,9,32,2026-04-11,Cagliari,Cremonese,0.5276066054570534,0.5228987531232656,compact_btts_form,0.7750000000000005,False,1,0,0,0.4764424187013539,0.8303962927775687,0.8084839002734,0.42153361628751324,0.9321352003097375,0.5276066054570534,0.7094298625948502,0.851466897020761
7153,I1,2025/2026,2026-04,9,32,2026-04-11,Torino,Verona,0.5335075756449362,0.5228987531232656,compact_btts_form,0.7750000000000005,False,1,1,1,0.40439752313361726,0.1596396729183121,0.1090387402377066,0.3587440959120063,0.2425189974276991,0.5335075756449362,0.17120456596038486,0.027660695399300946
7154,I1,2025/2026,2026-04,9,32,2026-04-11,Milan,Udinese,0.48081968471808606,0.5228987531232656,compact_btts_form,0.7750000000000005,False,0,0,1,0.39683283154821225,0.6210317587584359,0.4861970618660665,0.35631058608089233,0.7888293838903737,0.48081968471808606,0.4940483606203946,0.6154875485737304
7155,I1,2025/2026,2026-04,9,32,2026-04-11,Atalanta,Juventus,0.7923046671733885,0.5228987531232656,compact_btts_form,0.7750000000000005,False,1,0,0,0.767812328693837,0.8944641720301059,0.838555637604895,0.7273524602486037,0.9618815721496454,0.7923046671733885,0.8461889841854934,0.9782921686172702
9310,D1,2025/2026,2026-04,9,29,2026-04-11,Dortmund,Leverkusen,0.74099552374394,0.5228987531232656,compact_btts_form,0.7750000000000005,False,1,0,0,0.8368321674708753,0.7763654877284454,0.6955155933532411,0.7521703985097339,0.8358838814836103,0.74099552374394,0.8078054420935394,0.9277159895291579
9311,D1,2025/2026,2026-04,9,29,2026-04-11,Heidenheim,Union Berlin,0.5999222421398103,0.5228987531232656,compact_btts_form,0.7750000000000005,False,1,1,1,0.6381515164601073,0.7870638839668852,0.8152466793732293,0.5949293792623546,0.7939328882439247,0.5999222421398103,0.7811271790718631,0.8706972606072729
9312,D1,2025/2026,2026-04,9,29,2026-04-11,RB Leipzig,M'gladbach,0.6720882071488002,0.5228987531232656,compact_btts_form,0.7750000000000005,False,1,0,0,0.6646024992519435,0.8897570145772185,0.8401902148767564,0.6235745588877073,0.7597771201521379,0.6720882071488002,0.7143585957417394,0.8654720029098424
9313,D1,2025/2026,2026-04,9,29,2026-04-11,Wolfsburg,Ein Frankfurt,0.7616381211610751,0.5228987531232656,compact_btts_form,0.7750000000000005,False,1,1,1,0.8379597212283433,0.8084906138446724,0.7045994918794353,0.71277581300045,0.7767351834484462,0.7616381211610751,0.7649268616237521,0.6658699765893306
9314,D1,2025/2026,2026-04,9,29,2026-04-11,St Pauli,Bayern Munich,0.5517232153443073,0.5228987531232656,compact_btts_form,0.7750000000000005,False,1,0,0,0.5736113431460707,0.6274334876099087,0.6586548568040553,0.52747755430304,0.7625092496997375,0.5517232153443073,0.6322776231704206,0.5695721890145428
11953,E0,2025/2026,2026-04,9,32,2026-04-11,Arsenal,Bournemouth,0.611526140702282,0.5228987531232656,compact_btts_form,0.7750000000000005,False,1,1,1,0.6454393381793424,0.6433124731152975,0.6198479962023453,0.6227756825985674,0.8028969010200628,0.611526140702282,0.6824172896223796,0.7141396015994267
11954,E0,2025/2026,2026-04,9,32,2026-04-11,Brentford,Everton,0.684905291961296,0.5228987531232656,compact_btts_form,0.7750000000000005,False,1,1,1,0.6873890152618624,0.6877052864681467,0.7159154750250515,0.6921349942021523,0.6464980067766166,0.684905291961296,0.7045882559932202,0.7808507737215215
11955,E0,2025/2026,2026-04,9,32,2026-04-11,Burnley,Brighton,0.5082993187254188,0.5228987531232656,compact_btts_form,0.7750000000000005,False,0,0,1,0.572856041982359,0.6487993993408206,0.5911279594031442,0.6117375038026113,0.7116106525944289,0.5082993187254188,0.6326902262395446,0.7139920246878773
11956,E0,2025/2026,2026-04,9,32,2026-04-11,Liverpool,Fulham,0.768214142719259,0.5228987531232656,compact_btts_form,0.7750000000000005,False,1,0,0,0.7503846673312922,0.8196423080501763,0.838619518962476,0.790261206078393,0.8705984042102152,0.768214142719259,0.7881690700995769,0.87528046717058
14307,F1,2025/2026,2026-04,9,29,2026-04-11,Auxerre,Nantes,0.3629579761536898,0.5228987531232656,compact_btts_form,0.7750000000000005,False,0,0,1,0.39450132237874486,0.4489057172020133,0.40401464514510244,0.4395766384321236,0.35510402589692486,0.3629579761536898,0.36106016714661815,0.27284844583108314
14308,F1,2025/2026,2026-04,9,29,2026-04-11,Rennes,Angers,0.45274391280576354,0.5228987531232656,compact_btts_form,0.7750000000000005,False,0,1,0,0.4349749709388311,0.2093566894960229,0.22502683575369145,0.4660988640596465,0.1235307745388471,0.45274391280576354,0.15827568848914533,0.04960573971695104
16941,SP1,2025/2026,2026-04,9,31,2026-04-11,Sociedad,Alaves,0.5074615114655393,0.5228987531232656,compact_btts_form,0.7750000000000005,False,0,1,0,0.4696142811825635,0.3287366457643923,0.31564190928231894,0.42267311454406575,0.22046897355517445,0.5074615114655393,0.24816363099927655,0.02277707039549604
16942,SP1,2025/2026,2026-04,9,31,2026-04-11,Elche,Valencia,0.5947277870281427,0.5228987531232656,compact_btts_form,0.7750000000000005,False,1,0,0,0.6005138960736371,0.7598466002008386,0.7756154012672528,0.5627884311396817,0.8278287200190525,0.5947277870281427,0.8363700830959476,0.6794168144593151
16943,SP1,2025/2026,2026-04,9,31,2026-04-11,Barcelona,Espanol,0.6116340476432045,0.5228987531232656,compact_btts_form,0.7750000000000005,False,1,1,1,0.603735514933409,0.8177695290169231,0.7221083548530642,0.5933321785402283,0.5086216624105492,0.6116340476432045,0.7439308070433307,0.24328316761097343
16944,SP1,2025/2026,2026-04,9,31,2026-04-11,Sevilla,Ath Madrid,0.40406720574020644,0.5228987531232656,compact_btts_form,0.7750000000000005,False,0,1,0,0.39409467877444726,0.3792300278842294,0.18631525960893597,0.15512059648772508,0.03895185283020061,0.40406720574020644,0.18312453219069152,0.0026568628324459523
7156,I1,2025/2026,2026-04,9,32,2026-04-12,Genoa,Sassuolo,0.5885617018311375,0.5228987531232656,compact_btts_form,0.7750000000000005,False,1,1,1,0.6078466175360603,0.6281143228693382,0.5291974759957164,0.5684687001288262,0.7418093755136826,0.5885617018311375,0.5226748463491372,0.7452892077232317
7157,I1,2025/2026,2026-04,9,32,2026-04-12,Parma,Napoli,0.5160823646578294,0.5228987531232656,compact_btts_form,0.7750000000000005,False,0,1,0,0.38795712215368605,0.6907041227912284,0.5954530547222692,0.344635099832958,0.8869440543855829,0.5160823646578294,0.6246606146640165,0.8065977471477906
7158,I1,2025/2026,2026-04,9,32,2026-04-12,Bologna,Lecce,0.3318186249405293,0.5228987531232656,compact_btts_form,0.7750000000000005,False,0,0,1,0.2591187317183285,0.3969820494180629,0.37267884076733726,0.2958483769885285,0.2707074451604042,0.3318186249405293,0.2048156197427539,0.2264796530429847
7159,I1,2025/2026,2026-04,9,32,2026-04-12,Como,Inter,0.7492267602636157,0.5228987531232656,compact_btts_form,0.7750000000000005,False,1,1,1,0.7839743654154692,0.8283453034663336,0.7426853402152411,0.7390237268862261,0.9694709947511424,0.7492267602636157,0.7593571245409012,0.9233571344919832
9315,D1,2025/2026,2026-04,9,29,2026-04-12,FC Koln,Werder Bremen,0.6458284187364852,0.5228987531232656,compact_btts_form,0.7750000000000005,False,1,1,1,0.7661615284467971,0.9484364252439658,0.9324094218864909,0.7715253640670025,0.9798759800324153,0.6458284187364852,0.9006347101010589,0.9927684799089648
9316,D1,2025/2026,2026-04,9,29,2026-04-12,Stuttgart,Hamburg,0.7380122536883583,0.5228987531232656,compact_btts_form,0.7750000000000005,False,1,0,0,0.8203931339052847,0.8885792474390078,0.8600308111550258,0.8025647914123764,0.9872976407750932,0.7380122536883583,0.8811518244402109,0.9597077509442038
9317,D1,2025/2026,2026-04,9,29,2026-04-12,Mainz,Freiburg,0.6967898886717958,0.5228987531232656,compact_btts_form,0.7750000000000005,False,1,0,0,0.7292542248320255,0.927702642583086,0.8869591585013984,0.7100352121970289,0.9706857758503055,0.6967898886717958,0.8696777475894295,0.9849508273895645
11957,E0,2025/2026,2026-04,9,32,2026-04-12,Crystal Palace,Newcastle,0.6063982066173824,0.5228987531232656,compact_btts_form,0.7750000000000005,False,1,1,1,0.5810592454592083,0.5945177225790077,0.4822193999977447,0.5099903194720109,0.3112846880314194,0.6063982066173824,0.4441588641338446,0.24259089107373086
11958,E0,2025/2026,2026-04,9,32,2026-04-12,Nott'm Forest,Aston Villa,0.51540870526673,0.5228987531232656,compact_btts_form,0.7750000000000005,False,0,1,0,0.5099495039255952,0.6552321400862757,0.6994730534887718,0.48255893899208013,0.20994718110556593,0.51540870526673,0.4891411498408046,0.3149905125694923
11959,E0,2025/2026,2026-04,9,32,2026-04-12,Sunderland,Tottenham,0.7270365807409,0.5228987531232656,compact_btts_form,0.7750000000000005,False,1,0,0,0.7331993019886254,0.5371399934256278,0.6834364209312207,0.7313987937363085,0.4661623756909054,0.7270365807409,0.6633481060060017,0.6391364961035471
11960,E0,2025/2026,2026-04,9,32,2026-04-12,Chelsea,Man City,0.7962481009339281,0.5228987531232656,compact_btts_form,0.7750000000000005,False,1,0,0,0.8470754979863017,0.8286884475472515,0.8488756590318621,0.8677769432840952,0.7543259734245327,0.7962481009339281,0.861426685143661,0.9590084628998413
14309,F1,2025/2026,2026-04,9,29,2026-04-12,Nice,Le Havre,0.5352450102061703,0.5228987531232656,compact_btts_form,0.7750000000000005,False,1,1,1,0.5428821886792387,0.6936708714123571,0.6383697806657139,0.5502358584536966,0.8454729771830052,0.5352450102061703,0.6462682888178358,0.7132616727569886
14310,F1,2025/2026,2026-04,9,29,2026-04-12,Toulouse,Lille,0.6051742267225357,0.5228987531232656,compact_btts_form,0.7750000000000005,False,1,0,0,0.6972932222915895,0.7812038219419474,0.7494872629548586,0.7052018047357419,0.9033103890398883,0.6051742267225357,0.8130498787051795,0.962186454345644
14311,F1,2025/2026,2026-04,9,29,2026-04-12,Lyon,Lorient,0.7298876048365134,0.5228987531232656,compact_btts_form,0.7750000000000005,False,1,0,0,0.8014631665586271,0.7968948912557235,0.7224965144513166,0.8790693263547056,0.9819211001754025,0.7298876048365134,0.8364674586308827,0.9778128963752067
16945,SP1,2025/2026,2026-04,9,31,2026-04-12,Osasuna,Betis,0.6617672858612426,0.5228987531232656,compact_btts_form,0.7750000000000005,False,1,1,1,0.6680389092126093,0.6785944379511717,0.8641691357128838,0.8153846482880466,0.7795719160090085,0.6617672858612426,0.8009655070724541,0.7755156456233532
16946,SP1,2025/2026,2026-04,9,31,2026-04-12,Mallorca,Vallecano,0.6582024021267172,0.5228987531232656,compact_btts_form,0.7750000000000005,False,1,0,0,0.6223821880132966,0.7470815742213823,0.6145794923294373,0.5866091872888447,0.7964148263822711,0.6582024021267172,0.8848816204333798,0.5551240134835247
16947,SP1,2025/2026,2026-04,9,31,2026-04-12,Celta,Oviedo,0.5730488027319751,0.5228987531232656,compact_btts_form,0.7750000000000005,False,1,0,0,0.4446773990672047,0.5142314754492959,0.45855674389365975,0.40141350544293913,0.20796555953059392,0.5730488027319751,0.6383672978590416,0.16080387080460481
16948,SP1,2025/2026,2026-04,9,31,2026-04-12,Ath Bilbao,Villarreal,0.5670952292642368,0.5228987531232656,compact_btts_form,0.7750000000000005,False,1,1,1,0.5749205849273703,0.4907044522614327,0.357334029779012,0.2850361333425559,0.2869371973260819,0.5670952292642368,0.636695933053159,0.06330680491509105
7160,I1,2025/2026,2026-04,9,32,2026-04-13,Fiorentina,Lazio,0.6616868480839708,0.5228987531232656,compact_btts_form,0.7750000000000005,False,1,0,0,0.5846979993176872,0.7398142080848128,0.6237058071933519,0.49970550818533516,0.8947047023830357,0.6616868480839708,0.7133944196058128,0.9408396280636421
11961,E0,2025/2026,2026-04,9,32,2026-04-13,Man United,Leeds,0.6105510498712483,0.5228987531232656,compact_btts_form,0.7750000000000005,False,1,1,1,0.6285735047923906,0.5745223818624152,0.4887029685388523,0.5339610736073827,0.40872985108396354,0.6105510498712483,0.5474446238123378,0.327808288577061
16949,SP1,2025/2026,2026-04,9,31,2026-04-13,Levante,Getafe,0.34149677827273184,0.5228987531232656,compact_btts_form,0.7750000000000005,False,0,0,1,0.3161856428176362,0.14911333053329212,0.15069726471545553,0.3265663394968916,0.023321319756452717,0.34149677827273184,0.21860462851384424,0.005503062303182486
7161,I1,2025/2026,2026-04,9,33,2026-04-17,Sassuolo,Como,0.5793216973860928,0.5228987531232656,compact_btts_form,0.7750000000000005,False,1,1,1,0.5978489194825548,0.7860515220230028,0.7212888674735686,0.6065557780909814,0.8541355932635424,0.5793216973860928,0.6978376774900645,0.934124363349282
7162,I1,2025/2026,2026-04,9,33,2026-04-17,Inter,Cagliari,0.5576981392655831,0.5228987531232656,compact_btts_form,0.7750000000000005,False,1,0,0,0.5082576599432235,0.5328603093234182,0.40207381484648064,0.48231581104411597,0.5851158970663023,0.5576981392655831,0.6260023076417389,0.43698914045961357
9318,D1,2025/2026,2026-04,9,30,2026-04-17,St Pauli,FC Koln,0.6003929339044839,0.5228987531232656,compact_btts_form,0.7750000000000005,False,1,1,1,0.7250651235038121,0.5683789515463024,0.45734338212482817,0.6480073645397172,0.48698046978496334,0.6003929339044839,0.5608103548422414,0.5680406688482823
14312,F1,2025/2026,2026-04,9,30,2026-04-17,Lens,Toulouse,0.5435508152837605,0.5228987531232656,compact_btts_form,0.7750000000000005,False,1,1,1,0.5483895329141831,0.5631313322212268,0.49764784993662636,0.5339249787189613,0.47048626222754464,0.5435508152837605,0.3980751246268957,0.29256146923952764
7163,I1,2025/2026,2026-04,9,33,2026-04-18,Udinese,Parma,0.4899089061916471,0.5228987531232656,compact_btts_form,0.7750000000000005,False,0,0,1,0.4312242910351216,0.6802596783592052,0.6134859391868847,0.3359255935575569,0.6302614335389077,0.4899089061916471,0.4523223248560155,0.6238495841913742
7164,I1,2025/2026,2026-04,9,33,2026-04-18,Napoli,Lazio,0.5128206771768671,0.5228987531232656,compact_btts_form,0.7750000000000005,False,0,0,1,0.4481793135894939,0.25159143948074414,0.28095391882652765,0.41506277723131046,0.505255526705964,0.5128206771768671,0.227031892143211,0.3240808333140966
7165,I1,2025/2026,2026-04,9,33,2026-04-18,Roma,Atalanta,0.7498966760456174,0.5228987531232656,compact_btts_form,0.7750000000000005,False,1,1,1,0.6915744498580514,0.8157832854981938,0.7424544111186091,0.6013606292814828,0.9376128146771,0.7498966760456174,0.847971173127824,0.9403598463512567
9319,D1,2025/2026,2026-04,9,30,2026-04-18,Hoffenheim,Dortmund,0.8797830799885404,0.5228987531232656,compact_btts_form,0.7750000000000005,False,1,1,1,0.9159344038834728,0.9551138204908428,0.9424990477526852,0.9054708988329775,0.9932414309771662,0.8797830799885404,0.9542176758555599,0.9934997165998919
9320,D1,2025/2026,2026-04,9,30,2026-04-18,Leverkusen,Augsburg,0.6294323616143437,0.5228987531232656,compact_btts_form,0.7750000000000005,False,1,1,1,0.6229590521098581,0.6581824514242152,0.556171920502145,0.5092654189263197,0.7582843716176539,0.6294323616143437,0.6618713921872234,0.6042743898232821
9321,D1,2025/2026,2026-04,9,30,2026-04-18,Union Berlin,Wolfsburg,0.6285580807844899,0.5228987531232656,compact_btts_form,0.7750000000000005,False,1,1,1,0.6509860746937741,0.3655970870603921,0.1931647472355919,0.35525066079362305,0.4199777090446308,0.6285580807844899,0.36107377777479877,0.1720227963882369
9322,D1,2025/2026,2026-04,9,30,2026-04-18,Werder Bremen,Hamburg,0.5861372879365511,0.5228987531232656,compact_btts_form,0.7750000000000005,False,1,1,1,0.7414791032483448,0.7800748695403329,0.7712270514329503,0.7979854893757306,0.9176586256798881,0.5861372879365511,0.7739264062571727,0.915137892155074
9323,D1,2025/2026,2026-04,9,30,2026-04-18,Ein Frankfurt,RB Leipzig,0.7198834735495828,0.5228987531232656,compact_btts_form,0.7750000000000005,False,1,1,1,0.7986590092762571,0.8784506912255401,0.8082074771212173,0.7847021949916074,0.906470477540854,0.7198834735495828,0.7957430559499679,0.9270086945458154
11962,E0,2025/2026,2026-04,9,33,2026-04-18,Brentford,Fulham,0.8147915019707254,0.5228987531232656,compact_btts_form,0.7750000000000005,False,1,0,0,0.7722128931815292,0.8455525639115554,0.8722123256498311,0.8114415923651237,0.9162380960547135,0.8147915019707254,0.8375009327569682,0.9007813969709618
11963,E0,2025/2026,2026-04,9,33,2026-04-18,Leeds,Wolves,0.47560975395213817,0.5228987531232656,compact_btts_form,0.7750000000000005,False,0,0,1,0.5035169734389554,0.6999688502021263,0.5005149524220083,0.3749033207994556,0.7160469212178684,0.47560975395213817,0.671422388933893,0.42191665127883987
11964,E0,2025/2026,2026-04,9,33,2026-04-18,Newcastle,Bournemouth,0.8121364530196582,0.5228987531232656,compact_btts_form,0.7750000000000005,False,1,1,1,0.7880837335209021,0.7400852019905786,0.7142595721780084,0.7591547897628957,0.8228701813623215,0.8121364530196582,0.8479083306365784,0.8868585648250084
11965,E0,2025/2026,2026-04,9,33,2026-04-18,Tottenham,Brighton,0.6811811158693374,0.5228987531232656,compact_btts_form,0.7750000000000005,False,1,1,1,0.7667718131205284,0.7111449730521175,0.6309946004109918,0.7486506686947156,0.5725800424017418,0.6811811158693374,0.5820204802096025,0.6639127846563719
11966,E0,2025/2026,2026-04,9,33,2026-04-18,Chelsea,Man United,0.7814577306715635,0.5228987531232656,compact_btts_form,0.7750000000000005,False,1,0,0,0.8637552332260002,0.7196653725888582,0.6153582321466318,0.8389495516700082,0.6798586540283299,0.7814577306715635,0.7102950586748608,0.8211724877053507
14313,F1,2025/2026,2026-04,9,30,2026-04-18,Lorient,Marseille,0.7904378796037511,0.5228987531232656,compact_btts_form,0.7750000000000005,False,1,0,0,0.8238417134526166,0.7772209237463329,0.651549293413203,0.8015915595958601,0.9669592212275435,0.7904378796037511,0.9134610593578694,0.9113636752825187
14314,F1,2025/2026,2026-04,9,30,2026-04-18,Angers,Le Havre,0.6422865116782035,0.5228987531232656,compact_btts_form,0.7750000000000005,False,1,1,1,0.6489115659353073,0.6647850722278965,0.6656994760071193,0.6452702527275715,0.7469796856584141,0.6422865116782035,0.6707211373766307,0.6820020812156276
14315,F1,2025/2026,2026-04,9,30,2026-04-18,Lille,Nice,0.4630624421208499,0.5228987531232656,compact_btts_form,0.7750000000000005,False,0,0,1,0.40972831458686265,0.4856316985930571,0.4492750534961419,0.44411001226259145,0.5825036390232966,0.4630624421208499,0.38404168862029026,0.4869340456324517
7166,I1,2025/2026,2026-04,9,33,2026-04-19,Cremonese,Torino,0.6620352728458981,0.5228987531232656,compact_btts_form,0.7750000000000005,False,1,0,0,0.5796558164859582,0.8184280911439324,0.7916561926156749,0.6076794346673078,0.9448164219123474,0.6620352728458981,0.7200981647142176,0.9507673536807135
7167,I1,2025/2026,2026-04,9,33,2026-04-19,Verona,Milan,0.49987653652136155,0.5228987531232656,compact_btts_form,0.7750000000000005,False,0,0,1,0.43344386805800506,0.3408203732903573,0.20596564773564405,0.37505294126842925,0.5287391485799714,0.49987653652136155,0.3057597625439669,0.3055956551852366
7168,I1,2025/2026,2026-04,9,33,2026-04-19,Pisa,Genoa,0.6530671851905567,0.5228987531232656,compact_btts_form,0.7750000000000005,False,1,1,1,0.5320240027747996,0.7093244371660153,0.6295517856891654,0.45315733521529483,0.9332965241777745,0.6530671851905567,0.4941566009606102,0.873188419320742
7169,I1,2025/2026,2026-04,9,33,2026-04-19,Juventus,Bologna,0.4935185475956068,0.5228987531232656,compact_btts_form,0.7750000000000005,False,0,0,1,0.4678591597527905,0.46899327943192665,0.4306505925477618,0.4271926692523306,0.4222678434905669,0.4935185475956068,0.19211388344110367,0.20801690082958138
9324,D1,2025/2026,2026-04,9,30,2026-04-19,Freiburg,Heidenheim,0.6869154649467176,0.5228987531232656,compact_btts_form,0.7750000000000005,False,1,1,1,0.7497036925408255,0.7092104685441429,0.6794913154502745,0.7638911238675031,0.8436466275390363,0.6869154649467176,0.6840507733233844,0.8489651429714702
9325,D1,2025/2026,2026-04,9,30,2026-04-19,Bayern Munich,Stuttgart,0.7905635969575371,0.5228987531232656,compact_btts_form,0.7750000000000005,False,1,1,1,0.812925393543621,0.8577728074964214,0.7584812829673847,0.8348372721069335,0.7138133160887646,0.7905635969575371,0.6594716712150918,0.8338940205396795
9326,D1,2025/2026,2026-04,9,30,2026-04-19,M'gladbach,Mainz,0.6924383591267144,0.5228987531232656,compact_btts_form,0.7750000000000005,False,1,1,1,0.7658158447569281,0.5740447525864423,0.61888887264536,0.7506423990971977,0.5036152021999765,0.6924383591267144,0.5795337800859374,0.42863819754607196
11967,E0,2025/2026,2026-04,9,33,2026-04-19,Aston Villa,Sunderland,0.569325571149908,0.5228987531232656,compact_btts_form,0.7750000000000005,False,1,1,1,0.5792818921802856,0.7030547160881079,0.759943924581965,0.648020695197476,0.6434061769283866,0.569325571149908,0.5333989395535491,0.5939921995942554
11968,E0,2025/2026,2026-04,9,33,2026-04-19,Everton,Liverpool,0.6299878676233258,0.5228987531232656,compact_btts_form,0.7750000000000005,False,1,1,1,0.6755977736627813,0.7460641900283754,0.7612241030951234,0.6916617365917107,0.5986241006741736,0.6299878676233258,0.62712066853202,0.7208680263406505
11969,E0,2025/2026,2026-04,9,33,2026-04-19,Nott'm Forest,Burnley,0.3931141904427817,0.5228987531232656,compact_btts_form,0.7750000000000005,False,0,1,0,0.34983391765471716,0.5308688494451617,0.5414923265931108,0.3640744673638555,0.18259777540418018,0.3931141904427817,0.45636721386591955,0.1906649157867129
11970,E0,2025/2026,2026-04,9,33,2026-04-19,Man City,Arsenal,0.4770779978700331,0.5228987531232656,compact_btts_form,0.7750000000000005,False,0,1,0,0.5343056211047925,0.5313523142860035,0.5356123051985756,0.5279261903932397,0.3595470442952896,0.4770779978700331,0.47239414344854963,0.398537655029423
14316,F1,2025/2026,2026-04,9,30,2026-04-19,Monaco,Auxerre,0.5438517931289436,0.5228987531232656,compact_btts_form,0.7750000000000005,False,1,1,1,0.5362127866923143,0.5870983392977837,0.5440546576203737,0.5836961819719199,0.6636715913607709,0.5438517931289436,0.4803753533921202,0.6185527822816738
14317,F1,2025/2026,2026-04,9,30,2026-04-19,Metz,Paris FC,0.6589669440409206,0.5228987531232656,compact_btts_form,0.7750000000000005,False,1,1,1,0.6883652658933636,0.6029847354465135,0.6166188770428669,0.7557941909053271,0.48438524937038496,0.6589669440409206,0.482599345760804,0.5700062461757424
14318,F1,2025/2026,2026-04,9,30,2026-04-19,Nantes,Brest,0.5515730968186958,0.5228987531232656,compact_btts_form,0.7750000000000005,False,1,1,1,0.5556957427851621,0.6443385534403161,0.7854604807715203,0.7462737040183814,0.7383705123847397,0.5515730968186958,0.72873810920535,0.942010222870133
14319,F1,2025/2026,2026-04,9,30,2026-04-19,Strasbourg,Rennes,0.7035912184557102,0.5228987531232656,compact_btts_form,0.7750000000000005,False,1,0,0,0.7782621393623473,0.7317875344748279,0.6994359474384017,0.8365219882568573,0.6899137304458287,0.7035912184557102,0.6302562328623659,0.6939745255837733
14320,F1,2025/2026,2026-04,9,30,2026-04-19,Paris SG,Lyon,0.6992029867861952,0.5228987531232656,compact_btts_form,0.7750000000000005,False,1,1,1,0.7209961320719951,0.770701498638016,0.7545389519452192,0.7126473317622805,0.9427890999155493,0.6992029867861952,0.7212102519477691,0.6423862528764878
7170,I1,2025/2026,2026-04,9,33,2026-04-20,Lecce,Fiorentina,0.5567115987169241,0.5228987531232656,compact_btts_form,0.7750000000000005,False,1,1,1,0.48896661068418085,0.7188649099264895,0.6785683071197007,0.5232375281807073,0.9232243762230711,0.5567115987169241,0.64849664924455,0.8840614136481215
11971,E0,2025/2026,2026-04,9,33,2026-04-20,Crystal Palace,West Ham,0.5802111084537978,0.5228987531232656,compact_btts_form,0.7750000000000005,False,1,0,0,0.5710066039581776,0.6121343650560667,0.5300822546582039,0.47515696002985,0.35373049818077823,0.5802111084537978,0.5981679586540972,0.22947925469509572
11972,E0,2025/2026,2026-04,9,34,2026-04-21,Brighton,Chelsea,0.6800222062682761,0.5228987531232656,compact_btts_form,0.7750000000000005,False,1,0,0,0.7068794226965129,0.8366503110677944,0.8384105275518332,0.7022445782112132,0.8049994991254962,0.6800222062682761,0.8079960484969456,0.8099706004632452
16950,SP1,2025/2026,2026-04,9,33,2026-04-21,Ath Bilbao,Osasuna,0.5974784210606686,0.5228987531232656,compact_btts_form,0.7750000000000005,False,1,0,0,0.4987770501851686,0.38342462713187975,0.3574821633163565,0.26519424076357634,0.39277638475796867,0.5974784210606686,0.5131799687882042,0.10562188227729763
16951,SP1,2025/2026,2026-04,9,33,2026-04-21,Mallorca,Valencia,0.6487332060825743,0.5228987531232656,compact_btts_form,0.7750000000000005,False,1,1,1,0.702156125056274,0.7048861893859562,0.6609818377920931,0.6733844930327959,0.812997119876168,0.6487332060825743,0.8698323264410865,0.7359143630336707
16952,SP1,2025/2026,2026-04,9,33,2026-04-21,Girona,Betis,0.68148111854964,0.5228987531232656,compact_btts_form,0.7750000000000005,False,1,1,1,0.7495068199660244,0.8706484651460518,0.923735059465247,0.8185310592704994,0.8574677997010283,0.68148111854964,0.8745290778971289,0.8999392556158772
16953,SP1,2025/2026,2026-04,9,33,2026-04-21,Real Madrid,Alaves,0.6491286874881067,0.5228987531232656,compact_btts_form,0.7750000000000005,False,1,1,1,0.5950379029081204,0.6407928777654277,0.6176319947126707,0.6213260140765507,0.654255871004419,0.6491286874881067,0.6077415324528987,0.38015667153205346
11973,E0,2025/2026,2026-04,9,34,2026-04-22,Bournemouth,Leeds,0.6634935181543296,0.5228987531232656,compact_btts_form,0.7750000000000005,False,1,1,1,0.7012665013354629,0.682065582190671,0.5562404555031815,0.6200382031317919,0.3521067452128026,0.6634935181543296,0.5801573412675509,0.3078555765608675
11974,E0,2025/2026,2026-04,9,34,2026-04-22,Burnley,Man City,0.5592557146939732,0.5228987531232656,compact_btts_form,0.7750000000000005,False,1,0,0,0.5578445322445116,0.720626529591765,0.7477319139564589,0.6142572069004089,0.8138475836910132,0.5592557146939732,0.6389285212791044,0.6984594218884044
14321,F1,2025/2026,2026-04,9,26,2026-04-22,Paris SG,Nantes,0.5557251817512067,0.5228987531232656,compact_btts_form,0.7750000000000005,False,1,0,0,0.5670353374483181,0.5047682751933275,0.44716663022946496,0.6262911311825619,0.35009891820610634,0.5557251817512067,0.3809623158462944,0.13164115423779438
16954,SP1,2025/2026,2026-04,9,33,2026-04-22,Elche,Ath Madrid,0.6717232558771231,0.5228987531232656,compact_btts_form,0.7750000000000005,False,1,1,1,0.6235839624130497,0.8186059854732384,0.7814651858207192,0.5419499681470056,0.5787938553689417,0.6717232558771231,0.7750947596815548,0.4441021625250842
16955,SP1,2025/2026,2026-04,9,33,2026-04-22,Sociedad,Getafe,0.36266284034457924,0.5228987531232656,compact_btts_form,0.7750000000000005,False,0,0,1,0.38107457407497836,0.1793001901880225,0.14224987851833912,0.31738230809610973,0.031139678557427934,0.36266284034457924,0.21300838561806704,0.0038344610887632376
16956,SP1,2025/2026,2026-04,9,33,2026-04-22,Barcelona,Celta,0.6786955417135015,0.5228987531232656,compact_btts_form,0.7750000000000005,False,1,0,0,0.697909686089096,0.9201211828157946,0.772049273516792,0.5453135700901224,0.9312737090051799,0.6786955417135015,0.9225397468723764,0.44658021123289326
16957,SP1,2025/2026,2026-04,9,33,2026-04-23,Levante,Sevilla,0.4855804737864509,0.5228987531232656,compact_btts_form,0.7750000000000005,False,0,0,1,0.47187029498341787,0.7596315924801592,0.8715526725655048,0.6810852263788122,0.5063936479586749,0.4855804737864509,0.7146589642247997,0.5233033529748912
16958,SP1,2025/2026,2026-04,9,33,2026-04-23,Vallecano,Espanol,0.5752000548913467,0.5228987531232656,compact_btts_form,0.7750000000000005,False,1,0,0,0.5740787747253356,0.5179536694490928,0.4390258416411137,0.5834018799091277,0.39864313203085877,0.5752000548913467,0.6061405495843287,0.15085268697578336
16959,SP1,2025/2026,2026-04,9,33,2026-04-23,Oviedo,Villarreal,0.5813590170369987,0.5228987531232656,compact_btts_form,0.7750000000000005,False,1,1,1,0.5874761796261408,0.5072663354341945,0.45361792285354663,0.526235221271,0.36741141225761004,0.5813590170369987,0.7051235649940188,0.11528093337052045
7171,I1,2025/2026,2026-04,9,34,2026-04-24,Napoli,Cremonese,0.3929331340015994,0.5228987531232656,compact_btts_form,0.7750000000000005,False,0,0,1,0.29468337992169974,0.5042101764988978,0.4373489620447707,0.2610826135606014,0.4279163687155478,0.3929331340015994,0.31374330801348516,0.23621733434644193
9327,D1,2025/2026,2026-04,9,31,2026-04-24,RB Leipzig,Union Berlin,0.665214923903219,0.5228987531232656,compact_btts_form,0.7750000000000005,False,1,1,1,0.6548839954115504,0.8476838461999446,0.7666026915561567,0.5695299474597937,0.8894614318814446,0.665214923903219,0.7322007577480742,0.895265786560529
11975,E0,2025/2026,2026-04,9,34,2026-04-24,Sunderland,Nott'm Forest,0.5008306719299429,0.5228987531232656,compact_btts_form,0.7750000000000005,False,0,0,1,0.4449046032427251,0.6599044929553902,0.6389693167257757,0.4598950716288152,0.2841489825370792,0.5008306719299429,0.6763612225879696,0.286609267644664
14322,F1,2025/2026,2026-04,9,31,2026-04-24,Brest,Lens,0.6389873253900052,0.5228987531232656,compact_btts_form,0.7750000000000005,False,1,1,1,0.5889207435318867,0.873645112301867,0.8181699299708046,0.7154538882920016,0.8968715461713604,0.6389873253900052,0.7001975227271365,0.72013583096626
16960,SP1,2025/2026,2026-04,9,32,2026-04-24,Betis,Real Madrid,0.7297274138711458,0.5228987531232656,compact_btts_form,0.7750000000000005,False,1,1,1,0.8311016861031327,0.8999745323118262,0.7374100097450477,0.6127071921581131,0.9717099302461986,0.7297274138711458,0.9536191243819809,0.7982623177974677
7172,I1,2025/2026,2026-04,9,34,2026-04-25,Parma,Pisa,0.6312250871341848,0.5228987531232656,compact_btts_form,0.7750000000000005,False,1,0,0,0.43843163965611204,0.8659898643493289,0.7907253337620653,0.38395139705110554,0.9100998492888611,0.6312250871341848,0.7197112068678388,0.816418660781441
7173,I1,2025/2026,2026-04,9,34,2026-04-25,Bologna,Roma,0.47722030426985945,0.5228987531232656,compact_btts_form,0.7750000000000005,False,0,0,1,0.5152595452756318,0.7040327839902272,0.5705015657686643,0.40412184938245843,0.5746310526839401,0.47722030426985945,0.3922401503772576,0.4867872184667944
7174,I1,2025/2026,2026-04,9,34,2026-04-25,Verona,Lecce,0.4909910450208098,0.5228987531232656,compact_btts_form,0.7750000000000005,False,0,0,1,0.4813322778261671,0.25815602785001335,0.26736080843846993,0.5188304577727632,0.42107864499157655,0.4909910450208098,0.4218853943917445,0.35039257529871126
9328,D1,2025/2026,2026-04,9,31,2026-04-25,Augsburg,Ein Frankfurt,0.7642901457259285,0.5228987531232656,compact_btts_form,0.7750000000000005,False,1,1,1,0.8375682160798303,0.7681197642176686,0.7030925785064291,0.7401197841692352,0.747053781494592,0.7642901457259285,0.8331351124466165,0.8772966059559227
9329,D1,2025/2026,2026-04,9,31,2026-04-25,FC Koln,Leverkusen,0.6717007641767198,0.5228987531232656,compact_btts_form,0.7750000000000005,False,1,1,1,0.7489235208305404,0.8986207133083024,0.818047293812919,0.6996826640418933,0.9372749204046806,0.6717007641767198,0.8346872133139616,0.964205948327976
9330,D1,2025/2026,2026-04,9,31,2026-04-25,Heidenheim,St Pauli,0.5228987531232656,0.5228987531232656,compact_btts_form,0.7750000000000005,False,1,0,0,0.6065939814372505,0.5802132543748919,0.5766876014228574,0.509660081710014,0.39019744488388464,0.5228987531232656,0.5714388654465761,0.19825474955325256
9331,D1,2025/2026,2026-04,9,31,2026-04-25,Mainz,Bayern Munich,0.7889551585672923,0.5228987531232656,compact_btts_form,0.7750000000000005,False,1,1,1,0.8200653549404782,0.9116427984123957,0.9011853507896918,0.8032485436887293,0.9784514354895397,0.7889551585672923,0.8691128783631685,0.9793461288034961
9332,D1,2025/2026,2026-04,9,31,2026-04-25,Wolfsburg,M'gladbach,0.7136479856122664,0.5228987531232656,compact_btts_form,0.7750000000000005,False,1,0,0,0.7409103021769341,0.8682609299617722,0.8039554084591333,0.6920121547130231,0.6213323895465797,0.7136479856122664,0.6785305996338346,0.5960196134994583
9333,D1,2025/2026,2026-04,9,31,2026-04-25,Hamburg,Hoffenheim,0.8325877360453849,0.5228987531232656,compact_btts_form,0.7750000000000005,False,1,1,1,0.8661702872172298,0.9378076258852311,0.8940046468742717,0.8215725414203472,0.9842374951367736,0.8325877360453849,0.9414345125336554,0.9775251049528959
11976,E0,2025/2026,2026-04,9,34,2026-04-25,Fulham,Aston Villa,0.6758531019099376,0.5228987531232656,compact_btts_form,0.7750000000000005,False,1,0,0,0.7548370648440238,0.6581073441042175,0.6578617372814852,0.7255520761079852,0.5463653559381422,0.6758531019099376,0.5969505491158323,0.5773797132004835
11977,E0,2025/2026,2026-04,9,34,2026-04-25,Liverpool,Crystal Palace,0.5553405141473396,0.5228987531232656,compact_btts_form,0.7750000000000005,False,1,1,1,0.49462269046465535,0.6256204625230911,0.600527931902353,0.4439595034203565,0.34482595611298755,0.5553405141473396,0.4455029868576982,0.14762154941594519
11978,E0,2025/2026,2026-04,9,34,2026-04-25,West Ham,Everton,0.6200199450073384,0.5228987531232656,compact_btts_form,0.7750000000000005,False,1,1,1,0.6424077383817903,0.7120581098747748,0.7225837784581637,0.6187994803244156,0.40716711953948703,0.6200199450073384,0.5929989914971484,0.6940880102075215
11979,E0,2025/2026,2026-04,9,34,2026-04-25,Wolves,Tottenham,0.6504832620818636,0.5228987531232656,compact_btts_form,0.7750000000000005,False,1,0,0,0.6351725250689607,0.5456623883124451,0.6610419398002849,0.6168205986131834,0.6098352736875833,0.6504832620818636,0.7039379885741334,0.6143366274300899
11980,E0,2025/2026,2026-04,9,34,2026-04-25,Arsenal,Newcastle,0.567849519009519,0.5228987531232656,compact_btts_form,0.7750000000000005,False,1,0,0,0.581031132261072,0.7017715302549756,0.6989855281441365,0.5578706527246181,0.6221540699764111,0.567849519009519,0.5075808002945632,0.5802164175843675
14323,F1,2025/2026,2026-04,9,31,2026-04-25,Lyon,Auxerre,0.5997222030986908,0.5228987531232656,compact_btts_form,0.7750000000000005,False,1,1,1,0.5832341092158918,0.6684355528511551,0.6267228126510386,0.7103693706418488,0.7642763780767035,0.5997222030986908,0.6506372628413283,0.8673499797462171
14324,F1,2025/2026,2026-04,9,31,2026-04-25,Angers,Paris SG,0.6570933005785385,0.5228987531232656,compact_btts_form,0.7750000000000005,False,1,0,0,0.5395253080875976,0.5241099792268329,0.5886336292179616,0.5775624410951066,0.6826934295210195,0.6570933005785385,0.5466178111310582,0.475878259596462
14325,F1,2025/2026,2026-04,9,31,2026-04-25,Toulouse,Monaco,0.6639470801687446,0.5228987531232656,compact_btts_form,0.7750000000000005,False,1,1,1,0.7282308092681767,0.806700792289835,0.7101317678070699,0.6959348099278956,0.8599743458062323,0.6639470801687446,0.7659612693377712,0.9142720191862466
16961,SP1,2025/2026,2026-04,9,32,2026-04-25,Alaves,Mallorca,0.5137683650798395,0.5228987531232656,compact_btts_form,0.7750000000000005,False,0,1,0,0.5236128341549895,0.48967656778892,0.5585639404249095,0.4499561422537665,0.47476927478972786,0.5137683650798395,0.6932423586309567,0.2137625102497779
16962,SP1,2025/2026,2026-04,9,32,2026-04-25,Getafe,Barcelona,0.3518017011251913,0.5228987531232656,compact_btts_form,0.7750000000000005,False,0,0,1,0.2617660839594847,0.6325788713165975,0.6361699580548277,0.21301915831789767,0.40901787368614,0.3518017011251913,0.6845179128903711,0.12477303737619698
16963,SP1,2025/2026,2026-04,9,32,2026-04-25,Valencia,Girona,0.5323298124604885,0.5228987531232656,compact_btts_form,0.7750000000000005,False,1,1,1,0.5673976445621853,0.44705713657038015,0.4571389909586224,0.5412428161061587,0.2337277104976234,0.5323298124604885,0.7374422116300877,0.2210685452030979
16964,SP1,2025/2026,2026-04,9,32,2026-04-25,Ath Madrid,Ath Bilbao,0.6751287584187674,0.5228987531232656,compact_btts_form,0.7750000000000005,False,1,1,1,0.6044637967884866,0.8908767624591587,0.9522492900394469,0.7958056105368204,0.6236714667145891,0.6751287584187674,0.8787328452835714,0.9296977283029954
7175,I1,2025/2026,2026-04,9,34,2026-04-26,Fiorentina,Sassuolo,0.6177355461398899,0.5228987531232656,compact_btts_form,0.7750000000000005,False,1,0,0,0.6291704210919938,0.6656261956464293,0.5857159443429649,0.597823363246253,0.7855788554976032,0.6177355461398899,0.6155909133789431,0.776223675347134
7176,I1,2025/2026,2026-04,9,34,2026-04-26,Genoa,Como,0.59106267272896,0.5228987531232656,compact_btts_form,0.7750000000000005,False,1,0,0,0.609367300379595,0.5810177765395755,0.5760209686724655,0.6202034956453675,0.8308873075353499,0.59106267272896,0.4543169811050143,0.7607185563960582
7177,I1,2025/2026,2026-04,9,34,2026-04-26,Torino,Inter,0.7223525021608409,0.5228987531232656,compact_btts_form,0.7750000000000005,False,1,1,1,0.7229782720821823,0.40952953538851894,0.2731798514531403,0.6846148830397765,0.8014667177491589,0.7223525021608409,0.5874910125055136,0.6914358163883813
7178,I1,2025/2026,2026-04,9,34,2026-04-26,Milan,Juventus,0.7158679968121471,0.5228987531232656,compact_btts_form,0.7750000000000005,False,1,0,0,0.6564556258532006,0.8575900902081356,0.7984929844410243,0.6160804503853639,0.9214069113084866,0.7158679968121471,0.6993270659125942,0.9262902118447397
9334,D1,2025/2026,2026-04,9,31,2026-04-26,Stuttgart,Werder Bremen,0.7191392550476088,0.5228987531232656,compact_btts_form,0.7750000000000005,False,1,1,1,0.7557102899844371,0.9578138074346345,0.9133758253682923,0.6751734161556247,0.9690152998908788,0.7191392550476088,0.9119794389609233,0.9586768140374755
9335,D1,2025/2026,2026-04,9,31,2026-04-26,Dortmund,Freiburg,0.6678705502227181,0.5228987531232656,compact_btts_form,0.7750000000000005,False,1,0,0,0.7418940005155513,0.7454809465421469,0.6407928297604731,0.6796174375884824,0.9443502763247865,0.6678705502227181,0.7862432224018426,0.944794156951588
14326,F1,2025/2026,2026-04,9,31,2026-04-26,Lorient,Strasbourg,0.7600597851984683,0.5228987531232656,compact_btts_form,0.7750000000000005,False,1,1,1,0.7820851502967683,0.8224539887926733,0.7830092950559748,0.7758977785271896,0.9638214064063205,0.7600597851984683,0.9225861853555823,0.9541404593037583
14327,F1,2025/2026,2026-04,9,31,2026-04-26,Le Havre,Metz,0.5722226487855692,0.5228987531232656,compact_btts_form,0.7750000000000005,False,1,1,1,0.5478086569725913,0.7457318184714254,0.6605272159372719,0.5965612900895427,0.9281358677215811,0.5722226487855692,0.7240932452746026,0.8571628192813712
14328,F1,2025/2026,2026-04,9,31,2026-04-26,Paris FC,Lille,0.6511551296676158,0.5228987531232656,compact_btts_form,0.7750000000000005,False,1,0,0,0.7916819753830134,0.7901073209915449,0.6969097303643076,0.8370306918257426,0.9581929940743164,0.6511551296676158,0.6835624085941863,0.9430148808744322
14329,F1,2025/2026,2026-04,9,31,2026-04-26,Rennes,Nantes,0.4286760231876194,0.5228987531232656,compact_btts_form,0.7750000000000005,False,0,1,0,0.3967139628771658,0.415150627319303,0.37027444266556037,0.5150843287808801,0.17386973962118052,0.4286760231876194,0.24771556127966565,0.16406751755008434
14330,F1,2025/2026,2026-04,9,31,2026-04-26,Marseille,Nice,0.6238728370513743,0.5228987531232656,compact_btts_form,0.7750000000000005,False,1,1,1,0.5927450265755048,0.8089630733259771,0.7802033978304586,0.6215106727436722,0.9040529770263276,0.6238728370513743,0.6995781841601486,0.9078246023983514
16965,SP1,2025/2026,2026-04,9,32,2026-04-26,Vallecano,Sociedad,0.7396737271451481,0.5228987531232656,compact_btts_form,0.7750000000000005,False,1,1,1,0.7430779599041318,0.7400391012588803,0.6293799904701015,0.7206331470767985,0.8156471229824036,0.7396737271451481,0.8782535784703003,0.6262918426799128
16966,SP1,2025/2026,2026-04,9,32,2026-04-26,Oviedo,Elche,0.6120465215644442,0.5228987531232656,compact_btts_form,0.7750000000000005,False,1,1,1,0.5249909018662935,0.35610987375842384,0.4025231840381525,0.4824061340256876,0.12809961038568726,0.6120465215644442,0.5029311820286317,0.06739152719281889
16967,SP1,2025/2026,2026-04,9,32,2026-04-26,Osasuna,Sevilla,0.5331438115530169,0.5228987531232656,compact_btts_form,0.7750000000000005,False,1,1,1,0.4888021271295647,0.7900980142569822,0.883157073341346,0.6599643316366498,0.7075595638241183,0.5331438115530169,0.7676625520871525,0.5017178488200302
16968,SP1,2025/2026,2026-04,9,32,2026-04-26,Villarreal,Celta,0.6071501136300359,0.5228987531232656,compact_btts_form,0.7750000000000005,False,1,1,1,0.6564660005607227,0.8796916773841916,0.8942626240818454,0.5728960716795531,0.8311330109964257,0.6071501136300359,0.8835160688001088,0.5858609074009765
7179,I1,2025/2026,2026-04,9,34,2026-04-27,Cagliari,Atalanta,0.6627013168968393,0.5228987531232656,compact_btts_form,0.7750000000000005,False,1,1,1,0.6527842347165012,0.7556304611640698,0.7296352195697713,0.5848608723595607,0.9760292913939578,0.6627013168968393,0.8226649000806684,0.9369218542265649
7180,I1,2025/2026,2026-04,9,34,2026-04-27,Lazio,Udinese,0.5089410382116558,0.5228987531232656,compact_btts_form,0.7750000000000005,False,0,1,0,0.4666781965887638,0.7414343726212156,0.6045100412138475,0.40446465889108185,0.8323820749270643,0.5089410382116558,0.5847904829081338,0.7010676241847917
11981,E0,2025/2026,2026-04,9,34,2026-04-27,Man United,Brentford,0.801948405522068,0.5228987531232656,compact_btts_form,0.7750000000000005,False,1,1,1,0.813624664731082,0.6586026480910925,0.6371808606615702,0.8141246873629996,0.5862289266877655,0.801948405522068,0.7505612848426222,0.7462741562262342
16969,SP1,2025/2026,2026-04,9,32,2026-04-27,Espanol,Levante,0.5103084510854378,0.5228987531232656,compact_btts_form,0.7750000000000005,False,0,0,1,0.5469618450027843,0.4317552669895761,0.5447450952882993,0.5091539915275072,0.2681642418184645,0.5103084510854378,0.7292834074601259,0.46446437111368544
7181,I1,2025/2026,2026-05,10,35,2026-05-01,Pisa,Lecce,0.5300297636821232,0.5433308924562072,compact_btts_form,0.8000000000000005,False,0,1,0,0.43331961394110485,0.2643829533264116,0.2564788842017902,0.4479012735974475,0.24041313050080856,0.5300297636821232,0.2699539384643235,0.11699523052132124
11982,E0,2025/2026,2026-05,10,35,2026-05-01,Leeds,Burnley,0.3178266494414633,0.5433308924562072,compact_btts_form,0.8000000000000005,False,0,1,0,0.3835505381546611,0.5528588452173451,0.4086688805345358,0.2841560755334352,0.3557568196767611,0.3178266494414633,0.3643169731983459,0.09676330437930913
16970,SP1,2025/2026,2026-05,10,34,2026-05-01,Girona,Mallorca,0.5997585029324466,0.5433308924562072,compact_btts_form,0.8000000000000005,False,1,0,0,0.6982576788744985,0.8780080472192786,0.8071775032247421,0.6606989540924586,0.9343632808750693,0.5997585029324466,0.8516127479168653,0.7081647549915908
7182,I1,2025/2026,2026-05,10,35,2026-05-02,Udinese,Torino,0.6097862002516847,0.5433308924562072,compact_btts_form,0.8000000000000005,False,1,0,0,0.6330362116975393,0.6939566667443388,0.5615697434196653,0.5638713092192348,0.9287186259953126,0.6097862002516847,0.7740089741870594,0.8994833811076252
7183,I1,2025/2026,2026-05,10,35,2026-05-02,Como,Napoli,0.6781099478134253,0.5433308924562072,compact_btts_form,0.8000000000000005,False,1,0,0,0.5987525253921928,0.7632132816858803,0.6534517320276632,0.5167057730391457,0.9135985139638676,0.6781099478134253,0.6446882443126292,0.8184909171113505
7184,I1,2025/2026,2026-05,10,35,2026-05-02,Atalanta,Genoa,0.6384394893947015,0.5433308924562072,compact_btts_form,0.8000000000000005,False,1,0,0,0.5111373271739277,0.7447800131615272,0.6415504701363286,0.4509450869468968,0.90466508905659,0.6384394893947015,0.5261132010638212,0.7577188095086066
9336,D1,2025/2026,2026-05,10,32,2026-05-02,Bayern Munich,Heidenheim,0.7047511322434347,0.5433308924562072,compact_btts_form,0.8000000000000005,False,1,1,1,0.7635749386779428,0.9568547050451194,0.8471785979901818,0.6696551938811539,0.9384958085607662,0.7047511322434347,0.9481881567298334,0.7770245613209236
9337,D1,2025/2026,2026-05,10,32,2026-05-02,Ein Frankfurt,Hamburg,0.8048605242107691,0.5433308924562072,compact_btts_form,0.8000000000000005,False,1,1,1,0.8648859649482377,0.8198930155648001,0.7862594551237634,0.7696040790510975,0.9830947714408825,0.8048605242107691,0.8755772872957682,0.8597066729272362
9338,D1,2025/2026,2026-05,10,32,2026-05-02,Hoffenheim,Stuttgart,0.8738876164112709,0.5433308924562072,compact_btts_form,0.8000000000000005,False,1,1,1,0.8486298018564622,0.9814532609375076,0.9709856918368053,0.8547299331164616,0.9780079716130989,0.8738876164112709,0.9776514546566676,0.9947961106603919
9339,D1,2025/2026,2026-05,10,32,2026-05-02,Union Berlin,FC Koln,0.7251781481846407,0.5433308924562072,compact_btts_form,0.8000000000000005,False,1,1,1,0.6895630981601961,0.814839254642704,0.7204240980979462,0.6851108903360198,0.6428003741012515,0.7251781481846407,0.7323138445038634,0.4652149907472749
9340,D1,2025/2026,2026-05,10,32,2026-05-02,Werder Bremen,Augsburg,0.696588808484729,0.5433308924562072,compact_btts_form,0.8000000000000005,False,1,1,1,0.6846744216753003,0.8218846456416532,0.7905399736991717,0.6236550676268323,0.9568920627693395,0.696588808484729,0.9037985990866082,0.8947255718513041
9341,D1,2025/2026,2026-05,10,32,2026-05-02,Leverkusen,RB Leipzig,0.8119564795811515,0.5433308924562072,compact_btts_form,0.8000000000000005,False,1,1,1,0.8235451828745721,0.9942857355639556,0.9876787287627908,0.7747395187207907,0.994737370970172,0.8119564795811515,0.9925548243587001,0.9958243201089819
11983,E0,2025/2026,2026-05,10,35,2026-05-02,Brentford,West Ham,0.7119112049565478,0.5433308924562072,compact_btts_form,0.8000000000000005,False,1,0,0,0.7760517307887269,0.768156755248542,0.7090402414612059,0.7678229400025762,0.8799282698012894,0.7119112049565478,0.7400647353767397,0.8121865831993017
11984,E0,2025/2026,2026-05,10,35,2026-05-02,Newcastle,Brighton,0.6853744437158225,0.5433308924562072,compact_btts_form,0.8000000000000005,False,1,1,1,0.7175474947869203,0.5548381726491824,0.48886259129193654,0.7772514255357887,0.2635319432283137,0.6853744437158225,0.44582068933953317,0.37142952975336574
11985,E0,2025/2026,2026-05,10,35,2026-05-02,Wolves,Sunderland,0.6482153255521096,0.5433308924562072,compact_btts_form,0.8000000000000005,False,1,1,1,0.5937886079334336,0.683904639059865,0.6864204387560001,0.5489278686616723,0.5517997149881545,0.6482153255521096,0.7004189002856127,0.6515248953764683
11986,E0,2025/2026,2026-05,10,35,2026-05-02,Arsenal,Fulham,0.6048661319217242,0.5433308924562072,compact_btts_form,0.8000000000000005,False,1,0,0,0.6241789530421366,0.5173308959784542,0.6071182839095178,0.6387270502793545,0.6653547910203357,0.6048661319217242,0.49931665079852217,0.5166246056260102
14331,F1,2025/2026,2026-05,10,32,2026-05-02,Nantes,Marseille,0.7473178677561132,0.5433308924562072,compact_btts_form,0.8000000000000005,False,1,0,0,0.7396433108395184,0.8957309304853636,0.8821123413758024,0.805783748988866,0.9739593761637737,0.7473178677561132,0.913739051916845,0.965770731259721
14332,F1,2025/2026,2026-05,10,32,2026-05-02,Paris SG,Lorient,0.6819415231391284,0.5433308924562072,compact_btts_form,0.8000000000000005,False,1,1,1,0.7257343759311745,0.9454630765479728,0.8317936513135843,0.6683912557698706,0.9664623163757621,0.6819415231391284,0.9463523135228578,0.8548255013447412
14333,F1,2025/2026,2026-05,10,32,2026-05-02,Metz,Monaco,0.7571174970698391,0.5433308924562072,compact_btts_form,0.8000000000000005,False,1,1,1,0.7809716584238172,0.7886571102537887,0.7057244956958479,0.7699014196241045,0.9125996115184923,0.7571174970698391,0.8462098647026464,0.7778806142229263
14334,F1,2025/2026,2026-05,10,32,2026-05-02,Nice,Lens,0.700380514929832,0.5433308924562072,compact_btts_form,0.8000000000000005,False,1,1,1,0.6566796305918383,0.9691566972078518,0.9555242157460898,0.6615241010957295,0.9801493788832716,0.700380514929832,0.9180510247939749,0.9515439092123796
16971,SP1,2025/2026,2026-05,10,34,2026-05-02,Villarreal,Levante,0.652744601008664,0.5433308924562072,compact_btts_form,0.8000000000000005,False,1,1,1,0.7465777903932139,0.6684386470535516,0.700013061444593,0.771478975863769,0.6634675820125548,0.652744601008664,0.7789070268149246,0.6127586735247241
16972,SP1,2025/2026,2026-05,10,34,2026-05-02,Valencia,Ath Madrid,0.5189652665651321,0.5433308924562072,compact_btts_form,0.8000000000000005,False,0,0,1,0.6254753131203948,0.27587575400732683,0.33666593335149086,0.5892183478356982,0.4685675446852572,0.5189652665651321,0.5863653669954442,0.2127367177261203
16973,SP1,2025/2026,2026-05,10,34,2026-05-02,Alaves,Ath Bilbao,0.5027207866751716,0.5433308924562072,compact_btts_form,0.8000000000000005,False,0,1,0,0.5791015669795312,0.3039085771641687,0.5842708716941838,0.5491448822367931,0.24801749265448184,0.5027207866751716,0.468587211672734,0.06056029314877498
16974,SP1,2025/2026,2026-05,10,34,2026-05-02,Osasuna,Barcelona,0.7075128653370912,0.5433308924562072,compact_btts_form,0.8000000000000005,False,1,1,1,0.6801465638427808,0.6128797412801265,0.652737905756498,0.687089586483486,0.6989147820372981,0.7075128653370912,0.8643255127574089,0.11417353081421908
7185,I1,2025/2026,2026-05,10,35,2026-05-03,Bologna,Cagliari,0.5381079436776042,0.5433308924562072,compact_btts_form,0.8000000000000005,False,0,0,1,0.4657837529891987,0.4740687532923353,0.29948214951253443,0.4868004688936219,0.661435439488621,0.5381079436776042,0.42160678036922516,0.4118344811519374
7186,I1,2025/2026,2026-05,10,35,2026-05-03,Sassuolo,Milan,0.597157133036889,0.5433308924562072,compact_btts_form,0.8000000000000005,False,1,0,0,0.6430521731203309,0.6707545198950312,0.48087060388792285,0.5604166386531947,0.8148473221506608,0.597157133036889,0.49048834243214073,0.737788392936921
7187,I1,2025/2026,2026-05,10,35,2026-05-03,Juventus,Verona,0.4570520123434287,0.5433308924562072,compact_btts_form,0.8000000000000005,False,0,1,0,0.23366576913495432,0.518498254200189,0.3174587919957645,0.21131687956167144,0.31533437334554804,0.4570520123434287,0.3457677734019834,0.14169948121659706
7188,I1,2025/2026,2026-05,10,35,2026-05-03,Inter,Parma,0.6637516558125834,0.5433308924562072,compact_btts_form,0.8000000000000005,False,1,0,0,0.6176573221737904,0.7077405453356757,0.5882336289628123,0.6011359851339056,0.9324603845471331,0.6637516558125834,0.7937427332857333,0.8810306684572434
9342,D1,2025/2026,2026-05,10,32,2026-05-03,St Pauli,Mainz,0.5422408233627178,0.5433308924562072,compact_btts_form,0.8000000000000005,False,0,1,0,0.593555451343858,0.5854540160601374,0.3214597944328638,0.47574917785022447,0.6223905570716144,0.5422408233627178,0.7995884190799137,0.32250311995509134
9343,D1,2025/2026,2026-05,10,32,2026-05-03,M'gladbach,Dortmund,0.7112615885521878,0.5433308924562072,compact_btts_form,0.8000000000000005,False,1,0,0,0.7454610125468105,0.5576195872034503,0.4791679442286733,0.6428788182574047,0.192071134197862,0.7112615885521878,0.5353449195126179,0.2211540468011482
9344,D1,2025/2026,2026-05,10,32,2026-05-03,Freiburg,Wolfsburg,0.7227856531920767,0.5433308924562072,compact_btts_form,0.8000000000000005,False,1,1,1,0.6853953299734598,0.9096725465111383,0.8193279917629392,0.6442262022857931,0.6415283325505726,0.7227856531920767,0.7590404411926566,0.4946156716662075
11987,E0,2025/2026,2026-05,10,35,2026-05-03,Bournemouth,Crystal Palace,0.6131137152985765,0.5433308924562072,compact_btts_form,0.8000000000000005,False,1,0,0,0.6103568609869099,0.7587306410989554,0.5515902793278062,0.5164894160115586,0.8472240949218861,0.6131137152985765,0.7827797307560074,0.4935624146173299
11988,E0,2025/2026,2026-05,10,35,2026-05-03,Man United,Liverpool,0.7834923905603924,0.5433308924562072,compact_btts_form,0.8000000000000005,False,1,1,1,0.8439789669460891,0.8837512493714795,0.7674175622404396,0.8434957606214053,0.726636070386389,0.7834923905603924,0.7339962188570617,0.8476596126567868
11989,E0,2025/2026,2026-05,10,35,2026-05-03,Aston Villa,Tottenham,0.7747533515846267,0.5433308924562072,compact_btts_form,0.8000000000000005,False,1,1,1,0.7602521822094874,0.9164273638393683,0.8819162921862509,0.797523672244811,0.9629739568851586,0.7747533515846267,0.9280261344210913,0.9844464562240361
14335,F1,2025/2026,2026-05,10,32,2026-05-03,Lille,Le Havre,0.3641495575113922,0.5433308924562072,compact_btts_form,0.8000000000000005,False,0,1,0,0.3023764541449815,0.8924122620824197,0.769481429809375,0.3781838338968607,0.9142180709776425,0.3641495575113922,0.8019787545304969,0.8649564422600888
14336,F1,2025/2026,2026-05,10,32,2026-05-03,Auxerre,Angers,0.3235184701697574,0.5433308924562072,compact_btts_form,0.8000000000000005,False,0,1,0,0.38206430391592994,0.5091693278638476,0.4588334671409571,0.3652504027593241,0.35008386204184466,0.3235184701697574,0.4361996611157048,0.1455171535521369
14337,F1,2025/2026,2026-05,10,32,2026-05-03,Paris FC,Brest,0.6309352248961154,0.5433308924562072,compact_btts_form,0.8000000000000005,False,1,0,0,0.7550062110566627,0.9129838323273499,0.8715112694277456,0.7315943638733927,0.9847827211613632,0.6309352248961154,0.9058899898373173,0.978593905184951
14338,F1,2025/2026,2026-05,10,32,2026-05-03,Strasbourg,Toulouse,0.5730070891385419,0.5433308924562072,compact_btts_form,0.8000000000000005,False,1,1,1,0.6348338688458763,0.7155366543363152,0.6035768477314475,0.5724323969103272,0.37361323451345824,0.5730070891385419,0.5877393553784821,0.21509928466640654
14339,F1,2025/2026,2026-05,10,32,2026-05-03,Lyon,Rennes,0.8540391090060706,0.5433308924562072,compact_btts_form,0.8000000000000005,False,1,1,1,0.8223131776498886,0.9405646593598944,0.884924032032195,0.8541725764871447,0.9797948318238985,0.8540391090060706,0.9233185274653436,0.9454558182897411
16975,SP1,2025/2026,2026-05,10,34,2026-05-03,Celta,Elche,0.541037803107848,0.5433308924562072,compact_btts_form,0.8000000000000005,False,0,1,0,0.6507785692590252,0.4343227495854797,0.41623042519436587,0.5981668256174271,0.31517517711915366,0.541037803107848,0.5882413842187993,0.06285351118744846
16976,SP1,2025/2026,2026-05,10,34,2026-05-03,Getafe,Vallecano,0.36960535746316375,0.5433308924562072,compact_btts_form,0.8000000000000005,False,0,0,1,0.4334191321823089,0.39256320394043676,0.37634639898967237,0.3943924742913721,0.7587615532974361,0.36960535746316375,0.7345848638662994,0.1152941323903356
16977,SP1,2025/2026,2026-05,10,34,2026-05-03,Betis,Oviedo,0.5564661676500524,0.5433308924562072,compact_btts_form,0.8000000000000005,False,1,0,0,0.5801947157642151,0.6881516824390534,0.730100023169116,0.5341339611792375,0.6683269076093168,0.5564661676500524,0.8699577455136014,0.3928065316892344
16978,SP1,2025/2026,2026-05,10,34,2026-05-03,Espanol,Real Madrid,0.6143484848703705,0.5433308924562072,compact_btts_form,0.8000000000000005,False,1,0,0,0.6903546774620389,0.8768685058849338,0.8380504576811217,0.6780881347591456,0.9178950499461124,0.6143484848703705,0.905985762240688,0.8049259880522263
7189,I1,2025/2026,2026-05,10,35,2026-05-04,Cremonese,Lazio,0.6354979942863462,0.5433308924562072,compact_btts_form,0.8000000000000005,False,1,1,1,0.4247249984577921,0.8432154343758411,0.7129817838062579,0.3793889773519756,0.8884301364877129,0.6354979942863462,0.7708580844706511,0.8486149553554879
7190,I1,2025/2026,2026-05,10,35,2026-05-04,Roma,Fiorentina,0.49931367240957353,0.5433308924562072,compact_btts_form,0.8000000000000005,False,0,0,1,0.42865006605210526,0.5232547690614251,0.3933873566642545,0.3790072647292605,0.747830354908855,0.49931367240957353,0.3679745909752249,0.47796395841854494
11990,E0,2025/2026,2026-05,10,35,2026-05-04,Chelsea,Nott'm Forest,0.5021066121066825,0.5433308924562072,compact_btts_form,0.8000000000000005,False,0,1,0,0.4103658875640135,0.7629424690775239,0.6193841395105569,0.4451598984729211,0.3925673055791092,0.5021066121066825,0.4268620026070379,0.37893801248943226
11991,E0,2025/2026,2026-05,10,35,2026-05-04,Everton,Man City,0.744404454901383,0.5433308924562072,compact_btts_form,0.8000000000000005,False,1,1,1,0.67502687182459,0.8671128336578016,0.8276409285988676,0.7109795957818069,0.9333581973124467,0.744404454901383,0.7234381869306105,0.9440819569573504
16979,SP1,2025/2026,2026-05,10,34,2026-05-04,Sevilla,Sociedad,0.6374008172079573,0.5433308924562072,compact_btts_form,0.8000000000000005,False,1,0,0,0.6101520900142087,0.8784666232200916,0.9046361421049319,0.6561425587807431,0.9113507034841225,0.6374008172079573,0.9020638842397879,0.8275165248052712
7191,I1,2025/2026,2026-05,10,36,2026-05-08,Torino,Sassuolo,0.7020366626697184,0.5433308924562072,compact_btts_form,0.8000000000000005,False,1,1,1,0.7025443570652572,0.8281146792879693,0.7744204628604768,0.6766794950614418,0.889632982663582,0.7020366626697184,0.7912588266571321,0.8996546360368716
9345,D1,2025/2026,2026-05,10,33,2026-05-08,Dortmund,Ein Frankfurt,0.717264146466766,0.5433308924562072,compact_btts_form,0.8000000000000005,False,1,1,1,0.7985721383437233,0.8362864369352206,0.8598610355558756,0.7316778369094764,0.9099728825130855,0.717264146466766,0.9100062628067885,0.9561764146054017
14340,F1,2025/2026,2026-05,10,33,2026-05-08,Lens,Nantes,0.7565494406420397,0.5433308924562072,compact_btts_form,0.8000000000000005,False,1,0,0,0.8274662405870336,0.6741276566493347,0.5340326092223802,0.7976576019119309,0.8688832417650535,0.7565494406420397,0.7565567392572906,0.7527244255573364
16980,SP1,2025/2026,2026-05,10,35,2026-05-08,Levante,Osasuna,0.7020273298614385,0.5433308924562072,compact_btts_form,0.8000000000000005,False,1,1,1,0.6629850446402168,0.9395401424546184,0.935691287380045,0.6635168573447362,0.9566784391686303,0.7020273298614385,0.968810120268083,0.9515838253685456
7192,I1,2025/2026,2026-05,10,36,2026-05-09,Cagliari,Udinese,0.5433308924562072,0.5433308924562072,compact_btts_form,0.8000000000000005,False,1,0,0,0.41483608075820344,0.8768769836576629,0.8479084223624762,0.31637251734517247,0.9143635215303354,0.5433308924562072,0.7971415536598788,0.7825712757424527
7193,I1,2025/2026,2026-05,10,36,2026-05-09,Lazio,Inter,0.7675362541837617,0.5433308924562072,compact_btts_form,0.8000000000000005,False,1,0,0,0.7971173503337525,0.8927022810983367,0.8825004788486843,0.7591708077016556,0.9953261875353613,0.7675362541837617,0.8856948168163379,0.9937700175634838
7194,I1,2025/2026,2026-05,10,36,2026-05-09,Lecce,Juventus,0.5731872898609294,0.5433308924562072,compact_btts_form,0.8000000000000005,False,1,0,0,0.4869908876588693,0.43101703681073517,0.4550516007568393,0.5698987631973729,0.671458563765571,0.5731872898609294,0.480256604845587,0.6738098835517741
9346,D1,2025/2026,2026-05,10,33,2026-05-09,Augsburg,M'gladbach,0.7114773465276426,0.5433308924562072,compact_btts_form,0.8000000000000005,False,1,1,1,0.7908997053200683,0.9190882330719795,0.8648599507006024,0.7294618047810666,0.9014575935216964,0.7114773465276426,0.9054942554331856,0.9238215035329572
9347,D1,2025/2026,2026-05,10,33,2026-05-09,Hoffenheim,Werder Bremen,0.7231813338220753,0.5433308924562072,compact_btts_form,0.8000000000000005,False,1,0,0,0.7531840912152751,0.955202608457119,0.9380890286357129,0.7583740120151221,0.9686303446361907,0.7231813338220753,0.8856926887891151,0.96070310699441
9348,D1,2025/2026,2026-05,10,33,2026-05-09,RB Leipzig,St Pauli,0.5028863484695001,0.5433308924562072,compact_btts_form,0.8000000000000005,False,0,1,0,0.5216262609274896,0.8512158625245565,0.811054721524917,0.40610920792776717,0.89788879062662,0.5028863484695001,0.8053924953296565,0.6519499342541358
9349,D1,2025/2026,2026-05,10,33,2026-05-09,Stuttgart,Leverkusen,0.8932792983222217,0.5433308924562072,compact_btts_form,0.8000000000000005,False,1,1,1,0.9163846877614474,0.9735385295044522,0.9343362268036661,0.8645884520697281,0.990495264626442,0.8932792983222217,0.9826764867421868,0.995375295431239
9350,D1,2025/2026,2026-05,10,33,2026-05-09,Wolfsburg,Bayern Munich,0.840012511090849,0.5433308924562072,compact_btts_form,0.8000000000000005,False,1,0,0,0.7599390347841051,0.9286789670637255,0.9322090291381809,0.7123196712962765,0.922085883982785,0.840012511090849,0.9521575699982818,0.8766340566884772
11992,E0,2025/2026,2026-05,10,36,2026-05-09,Liverpool,Chelsea,0.7549498929858693,0.5433308924562072,compact_btts_form,0.8000000000000005,False,1,1,1,0.7747359407891711,0.8827714027697969,0.9005203751940547,0.8231595150855281,0.881789689595169,0.7549498929858693,0.8534858700021531,0.95253297456424
11993,E0,2025/2026,2026-05,10,36,2026-05-09,Brighton,Wolves,0.4424987459174467,0.5433308924562072,compact_btts_form,0.8000000000000005,False,0,0,1,0.39530314380995013,0.4195632375230413,0.44612412252017203,0.35655924791844273,0.21820868169384114,0.4424987459174467,0.25812222581646,0.059657642858698096
11994,E0,2025/2026,2026-05,10,36,2026-05-09,Fulham,Bournemouth,0.8424488592347569,0.5433308924562072,compact_btts_form,0.8000000000000005,False,1,0,0,0.8375762747232397,0.9231393426009797,0.9035464963602268,0.8451113468614424,0.9704401714875999,0.8424488592347569,0.8686748723795249,0.9767624590987668
11995,E0,2025/2026,2026-05,10,36,2026-05-09,Sunderland,Man United,0.551040299246605,0.5433308924562072,compact_btts_form,0.8000000000000005,False,1,0,0,0.6126492155096299,0.7544200519936258,0.7677719437915907,0.6402343123851317,0.7965204162571674,0.551040299246605,0.5329821151353763,0.8805624086412593
11996,E0,2025/2026,2026-05,10,36,2026-05-09,Man City,Brentford,0.7146076282800353,0.5433308924562072,compact_btts_form,0.8000000000000005,False,1,0,0,0.7615607761629314,0.9004055583453665,0.8433518376378594,0.7763160589482953,0.9336117610947927,0.7146076282800353,0.8704052699660744,0.9429476027299349
16981,SP1,2025/2026,2026-05,10,35,2026-05-09,Elche,Alaves,0.7427570689011567,0.5433308924562072,compact_btts_form,0.8000000000000005,False,1,1,1,0.7118404952074194,0.8724297511130145,0.8217332564881065,0.6416858936926884,0.9324910003560126,0.7427570689011567,0.9360737323721647,0.8291883031521038
16982,SP1,2025/2026,2026-05,10,35,2026-05-09,Sevilla,Espanol,0.5018093451495634,0.5433308924562072,compact_btts_form,0.8000000000000005,False,0,1,0,0.5219486665665244,0.5805790734088285,0.6272455334060311,0.5050058986375404,0.624369251343952,0.5018093451495634,0.7529351919913095,0.2955301329018539
16983,SP1,2025/2026,2026-05,10,35,2026-05-09,Ath Madrid,Celta,0.6930510292770532,0.5433308924562072,compact_btts_form,0.8000000000000005,False,1,0,0,0.7057777117883949,0.7666623587419698,0.7533573980417715,0.6456664147760814,0.6825976891013592,0.6930510292770532,0.9118413644668287,0.48860450678383055
16984,SP1,2025/2026,2026-05,10,35,2026-05-09,Sociedad,Betis,0.7040562286545077,0.5433308924562072,compact_btts_form,0.8000000000000005,False,1,1,1,0.7982738837703395,0.6834921652102761,0.6658213652983873,0.8165063494968423,0.677356306568507,0.7040562286545077,0.7725496489673311,0.5775196299531419
7195,I1,2025/2026,2026-05,10,36,2026-05-10,Verona,Como,0.4616699752990207,0.5433308924562072,compact_btts_form,0.8000000000000005,False,0,0,1,0.5109611501312983,0.18440728467710019,0.24192579595457514,0.5309645094260086,0.3564566843537883,0.4616699752990207,0.2525274107818769,0.2205990733675692
7196,I1,2025/2026,2026-05,10,36,2026-05-10,Cremonese,Pisa,0.507484836562046,0.5433308924562072,compact_btts_form,0.8000000000000005,False,0,0,1,0.29551261611364565,0.6194371989669546,0.6937227765664596,0.2958068647557427,0.8791322642118579,0.507484836562046,0.5900764107852762,0.7040196401394277
7197,I1,2025/2026,2026-05,10,36,2026-05-10,Fiorentina,Genoa,0.6577594373001157,0.5433308924562072,compact_btts_form,0.8000000000000005,False,1,0,0,0.556543040552566,0.7116686664947158,0.6278106776333746,0.46674978480958956,0.8715121828732584,0.6577594373001157,0.6169979960583502,0.857640623690276
7198,I1,2025/2026,2026-05,10,36,2026-05-10,Parma,Roma,0.5675617865291285,0.5433308924562072,compact_btts_form,0.8000000000000005,False,1,1,1,0.41513472622573394,0.8277110908853669,0.7401152677282428,0.3590143829468237,0.919103010933613,0.5675617865291285,0.7166299666013554,0.8454234654419915
7199,I1,2025/2026,2026-05,10,36,2026-05-10,Milan,Atalanta,0.705089527724403,0.5433308924562072,compact_btts_form,0.8000000000000005,False,1,1,1,0.6627462586435996,0.9257499796964962,0.8879895628500117,0.6015759142958298,0.9565827899510168,0.705089527724403,0.7453103515336575,0.8931012611632528
9351,D1,2025/2026,2026-05,10,33,2026-05-10,Hamburg,Freiburg,0.7479792231393205,0.5433308924562072,compact_btts_form,0.8000000000000005,False,1,1,1,0.7991380890584471,0.8724571538933099,0.8335618044338158,0.7498222809939842,0.946011454933805,0.7479792231393205,0.9046076318117742,0.9603216840273499
9352,D1,2025/2026,2026-05,10,33,2026-05-10,FC Koln,Heidenheim,0.7208172317397088,0.5433308924562072,compact_btts_form,0.8000000000000005,False,1,1,1,0.7913044942118596,0.9878595973490782,0.9753760142035242,0.7531307170862382,0.9959827831932155,0.7208172317397088,0.9903704560006906,0.9952275463185198
9353,D1,2025/2026,2026-05,10,33,2026-05-10,Mainz,Union Berlin,0.6763940807594081,0.5433308924562072,compact_btts_form,0.8000000000000005,False,1,1,1,0.6871891653933223,0.7839522690238684,0.767948639402097,0.6653522766194031,0.7936626716833892,0.6763940807594081,0.7181898007620839,0.6972981826911412
11997,E0,2025/2026,2026-05,10,36,2026-05-10,Burnley,Aston Villa,0.5988316706936879,0.5433308924562072,compact_btts_form,0.8000000000000005,False,1,1,1,0.6438194440056983,0.8556193222379184,0.7822067323223961,0.6427407759757506,0.9467684625841877,0.5988316706936879,0.7299535705974395,0.9307705903765362
11998,E0,2025/2026,2026-05,10,36,2026-05-10,Crystal Palace,Everton,0.6519583305432526,0.5433308924562072,compact_btts_form,0.8000000000000005,False,1,1,1,0.6850975705528173,0.767147819628192,0.7456073990822352,0.6450068545801355,0.8114693861697225,0.6519583305432526,0.7631938348351667,0.8346858848717276
11999,E0,2025/2026,2026-05,10,36,2026-05-10,Nott'm Forest,Newcastle,0.577809396184944,0.5433308924562072,compact_btts_form,0.8000000000000005,False,1,1,1,0.6028051859349173,0.765760261638517,0.763108716306799,0.5510549056636416,0.3764566339265476,0.577809396184944,0.7118696755411578,0.6233130477699613
12000,E0,2025/2026,2026-05,10,36,2026-05-10,West Ham,Arsenal,0.5714179516317798,0.5433308924562072,compact_btts_form,0.8000000000000005,False,1,0,0,0.6153231752953295,0.8653100346245013,0.8415072700782542,0.6129048125829124,0.8639247871650677,0.5714179516317798,0.7670902405696101,0.8966159890572387
14341,F1,2025/2026,2026-05,10,33,2026-05-10,Angers,Strasbourg,0.5848010626170211,0.5433308924562072,compact_btts_form,0.8000000000000005,False,1,1,1,0.6031698155120371,0.8189231351746037,0.8302521158696162,0.6280906465448267,0.6478682029500326,0.5848010626170211,0.6708322954296126,0.5347855790463315
14342,F1,2025/2026,2026-05,10,33,2026-05-10,Auxerre,Nice,0.5515292209820578,0.5433308924562072,compact_btts_form,0.8000000000000005,False,1,1,1,0.6724106378625699,0.605267247357921,0.586965851257823,0.5519245649444169,0.8289729642818663,0.5515292209820578,0.6704275066132791,0.35265563631549174
14343,F1,2025/2026,2026-05,10,33,2026-05-10,Le Havre,Marseille,0.7700832715207077,0.5433308924562072,compact_btts_form,0.8000000000000005,False,1,0,0,0.7779065376409293,0.9224022961232399,0.8849719816486807,0.8203926407352997,0.9742136549790001,0.7700832715207077,0.9446762886277728,0.9250590082829324
14344,F1,2025/2026,2026-05,10,33,2026-05-10,Metz,Lorient,0.7458985616347192,0.5433308924562072,compact_btts_form,0.8000000000000005,False,1,0,0,0.8128462534710502,0.9413110595024736,0.8729873383846479,0.7815484825475163,0.9651195497415931,0.7458985616347192,0.9493673216503354,0.952114055397973
14345,F1,2025/2026,2026-05,10,33,2026-05-10,Monaco,Lille,0.7864180321417451,0.5433308924562072,compact_btts_form,0.8000000000000005,False,1,0,0,0.7970516376348069,0.9541730260326253,0.9279391253937822,0.8090781784946267,0.9849837606005113,0.7864180321417451,0.956833621073145,0.9792865330613909
14346,F1,2025/2026,2026-05,10,33,2026-05-10,Paris SG,Brest,0.5184870213225968,0.5433308924562072,compact_btts_form,0.8000000000000005,False,0,0,1,0.6169503294772914,0.9108460576969981,0.7544347208810386,0.4847136092990435,0.9270689583794268,0.5184870213225968,0.8968780932103276,0.4814038093307075
14347,F1,2025/2026,2026-05,10,33,2026-05-10,Rennes,Paris FC,0.6397183528802922,0.5433308924562072,compact_btts_form,0.8000000000000005,False,1,1,1,0.7552524632394306,0.8572347134917416,0.7301539543230874,0.7542757332231208,0.9263438490563972,0.6397183528802922,0.8714728344133515,0.7925226075487655
14348,F1,2025/2026,2026-05,10,33,2026-05-10,Toulouse,Lyon,0.620322116723918,0.5433308924562072,compact_btts_form,0.8000000000000005,False,1,1,1,0.5998197240031068,0.912839662788207,0.8769763520639309,0.5868309260290453,0.9436223869368394,0.620322116723918,0.7973627931425019,0.8639844580848708
16985,SP1,2025/2026,2026-05,10,35,2026-05-10,Mallorca,Villarreal,0.6987210117640646,0.5433308924562072,compact_btts_form,0.8000000000000005,False,1,1,1,0.78238731799849,0.9320459372054929,0.9130157179136482,0.7558349563945669,0.9615066624252397,0.6987210117640646,0.9200082979094601,0.7266808241354678
16986,SP1,2025/2026,2026-05,10,35,2026-05-10,Ath Bilbao,Valencia,0.505032701689446,0.5433308924562072,compact_btts_form,0.8000000000000005,False,0,0,1,0.6110267914324721,0.2918597061909085,0.34289268874175405,0.665074580969491,0.39575162293076455,0.505032701689446,0.5130097884286708,0.23026107969951662
16987,SP1,2025/2026,2026-05,10,35,2026-05-10,Oviedo,Getafe,0.33389751972941006,0.5433308924562072,compact_btts_form,0.8000000000000005,False,0,0,1,0.37500615362295214,0.04318708161615133,0.06665442659668076,0.2925838909949423,0.006848091479498968,0.33389751972941006,0.1475119683378433,0.000556976219740279
16988,SP1,2025/2026,2026-05,10,35,2026-05-10,Barcelona,Real Madrid,0.7737069577820289,0.5433308924562072,compact_btts_form,0.8000000000000005,False,1,0,0,0.8394208356236614,0.9671839756886128,0.939627555929286,0.8802634186442496,0.9787104909808142,0.7737069577820289,0.9419183976793956,0.964654308508588
7200,I1,2025/2026,2026-05,10,36,2026-05-11,Napoli,Bologna,0.3566141432000773,0.5433308924562072,compact_btts_form,0.8000000000000005,False,0,1,0,0.2913042734509575,0.5027725503414215,0.5441926432736838,0.2649000887330872,0.5086125486933604,0.3566141432000773,0.31959295342094596,0.22299853210009019
12001,E0,2025/2026,2026-05,10,36,2026-05-11,Tottenham,Leeds,0.6103007320615391,0.5433308924562072,compact_btts_form,0.8000000000000005,False,1,1,1,0.6234283655090999,0.8889847164379291,0.8303573042817405,0.5882371445789709,0.8243931239984299,0.6103007320615391,0.6176958333812839,0.6629165123642997
16989,SP1,2025/2026,2026-05,10,35,2026-05-11,Vallecano,Girona,0.7015058945240605,0.5433308924562072,compact_btts_form,0.8000000000000005,False,1,1,1,0.6626316041355949,0.5959283718699194,0.5740708406454174,0.6431471293757067,0.5772406270234614,0.7015058945240605,0.8381642487318752,0.36453646291204755
16990,SP1,2025/2026,2026-05,10,36,2026-05-12,Celta,Levante,0.686438166088957,0.5433308924562072,compact_btts_form,0.8000000000000005,False,1,1,1,0.7722847225904415,0.5628765472150501,0.5080462432198861,0.7124651991765271,0.7418487160525933,0.686438166088957,0.8329357296079143,0.5332511925143494
16991,SP1,2025/2026,2026-05,10,36,2026-05-12,Betis,Elche,0.5121485432290608,0.5433308924562072,compact_btts_form,0.8000000000000005,False,0,1,0,0.5945460289081493,0.6620224034434278,0.5266474911200849,0.5481812568432162,0.4391785383664795,0.5121485432290608,0.6356194162030518,0.06858134331310202
16992,SP1,2025/2026,2026-05,10,36,2026-05-12,Osasuna,Ath Madrid,0.6925754158199664,0.5433308924562072,compact_btts_form,0.8000000000000005,False,1,1,1,0.7604463536617129,0.3671708137071137,0.41056189070815,0.7408031059333874,0.4089698969325857,0.6925754158199664,0.7163222526510632,0.11232352928979551
12002,E0,2025/2026,2026-05,10,31,2026-05-13,Man City,Crystal Palace,0.5492560837921847,0.5433308924562072,compact_btts_form,0.8000000000000005,False,1,0,0,0.5956870386689788,0.7392979518308297,0.6990048385308484,0.5577763860734203,0.8382420320091538,0.5492560837921847,0.7269137922146899,0.7721209793997379
14349,F1,2025/2026,2026-05,10,29,2026-05-13,Brest,Strasbourg,0.7740443002887699,0.5433308924562072,compact_btts_form,0.8000000000000005,False,1,1,1,0.7938779357528275,0.9459951737507473,0.9219763825261794,0.8420383974908064,0.9817791721063973,0.7740443002887699,0.9605072056657774,0.9851405679008728
14350,F1,2025/2026,2026-05,10,29,2026-05-13,Lens,Paris SG,0.7981794812225925,0.5433308924562072,compact_btts_form,0.8000000000000005,False,1,0,0,0.7863335971832733,0.8103189508499961,0.7529094987964423,0.751238715698367,0.7740245530011224,0.7981794812225925,0.7562999525688971,0.7624043823482739
16993,SP1,2025/2026,2026-05,10,36,2026-05-13,Espanol,Ath Bilbao,0.5438866092909002,0.5433308924562072,compact_btts_form,0.8000000000000005,False,1,0,0,0.5874060603708522,0.44478270973221856,0.6862363545271251,0.5695057600205105,0.500762862478745,0.5438866092909002,0.5598220629489172,0.2527158861776083
16994,SP1,2025/2026,2026-05,10,36,2026-05-13,Villarreal,Sevilla,0.5833298307832846,0.5433308924562072,compact_btts_form,0.8000000000000005,False,1,1,1,0.7385317498216498,0.80689910194968,0.7841929409475425,0.733601280831157,0.7190418045383252,0.5833298307832846,0.7700378981740476,0.38024144248021746
16995,SP1,2025/2026,2026-05,10,36,2026-05-13,Alaves,Barcelona,0.715142148454099,0.5433308924562072,compact_btts_form,0.8000000000000005,False,1,0,0,0.7127406570371061,0.8083378440985771,0.8343604176131892,0.6860509780511435,0.7148772081787362,0.715142148454099,0.9288880711541412,0.32903055989219554
16996,SP1,2025/2026,2026-05,10,36,2026-05-13,Getafe,Mallorca,0.36056519563075246,0.5433308924562072,compact_btts_form,0.8000000000000005,False,0,1,0,0.424677239530124,0.2759274578036316,0.2589996494126176,0.4417791926839341,0.23998675364811964,0.36056519563075246,0.5451419631936408,0.14675639338182192
16997,SP1,2025/2026,2026-05,10,36,2026-05-14,Valencia,Vallecano,0.6643063194395248,0.5433308924562072,compact_btts_form,0.8000000000000005,False,1,1,1,0.7802924693644832,0.6270076615869471,0.6741433815913591,0.7901049303155148,0.9308871011869116,0.6643063194395248,0.9096635197518322,0.7639359634026307
16998,SP1,2025/2026,2026-05,10,36,2026-05-14,Girona,Sociedad,0.7469648793112753,0.5433308924562072,compact_btts_form,0.8000000000000005,False,1,1,1,0.7480809605368913,0.984095010435767,0.9786808079795806,0.7327897355759317,0.9957984775115284,0.7469648793112753,0.9777383813389441,0.9808399537509546
16999,SP1,2025/2026,2026-05,10,36,2026-05-14,Real Madrid,Oviedo,0.6618594896445175,0.5433308924562072,compact_btts_form,0.8000000000000005,False,1,0,0,0.5732928845061298,0.8032257259605919,0.7944980518762131,0.6549286817610434,0.561723227851481,0.6618594896445175,0.7965374766749089,0.48199628481131396
12003,E0,2025/2026,2026-05,10,37,2026-05-15,Aston Villa,Liverpool,0.7157963850460112,0.5433308924562072,compact_btts_form,0.8000000000000005,False,1,1,1,0.7910643675001422,0.9260612563598617,0.8784637376126342,0.8229852749272477,0.9323878727828101,0.7157963850460112,0.8997951432873583,0.9739043590404638
9354,D1,2025/2026,2026-05,10,34,2026-05-16,Bayern Munich,FC Koln,0.8171864599582606,0.5433308924562072,compact_btts_form,0.8000000000000005,False,1,1,1,0.8302763208428483,0.9719646155906968,0.9341830130152976,0.8452835411449098,0.977960434654853,0.8171864599582606,0.9601074167413898,0.9766547281678584
9355,D1,2025/2026,2026-05,10,34,2026-05-16,Ein Frankfurt,Stuttgart,0.8708435923365436,0.5433308924562072,compact_btts_form,0.8000000000000005,False,1,1,1,0.868066697191867,0.9751728710840213,0.9175988396018143,0.7229272837667539,0.9911320509537891,0.8708435923365436,0.9776765042152221,0.977118872414577
9356,D1,2025/2026,2026-05,10,34,2026-05-16,Freiburg,RB Leipzig,0.7733579399194254,0.5433308924562072,compact_btts_form,0.8000000000000005,False,1,1,1,0.7620880239662339,0.9899224742443901,0.9811407130150391,0.7612848443461592,0.9783127894701055,0.7733579399194254,0.9786342607236722,0.9806597540972459
9357,D1,2025/2026,2026-05,10,34,2026-05-16,Heidenheim,Mainz,0.6737163839200986,0.5433308924562072,compact_btts_form,0.8000000000000005,False,1,0,0,0.7499142158982401,0.8031964191157189,0.7294583130272194,0.6871596305028401,0.8680811458743436,0.6737163839200986,0.8941693460013673,0.5444083064633033
9358,D1,2025/2026,2026-05,10,34,2026-05-16,Leverkusen,Hamburg,0.6837774957139384,0.5433308924562072,compact_btts_form,0.8000000000000005,False,1,1,1,0.6429506210230068,0.8703325582973922,0.8681868654094532,0.5758063570227644,0.9436036865050956,0.6837774957139384,0.873126269396044,0.8858356916295853
9359,D1,2025/2026,2026-05,10,34,2026-05-16,M'gladbach,Hoffenheim,0.828682882211934,0.5433308924562072,compact_btts_form,0.8000000000000005,False,1,0,0,0.8896792458695655,0.8154450364293183,0.780408464085352,0.9053244846110988,0.6774230726208572,0.828682882211934,0.8545122604836998,0.8230446750877112
9360,D1,2025/2026,2026-05,10,34,2026-05-16,St Pauli,Wolfsburg,0.7515254370720681,0.5433308924562072,compact_btts_form,0.8000000000000005,False,1,1,1,0.7673878801877417,0.7578272958198061,0.5776635172058471,0.6812465607850279,0.7048967108291122,0.7515254370720681,0.7981103108512894,0.6038500054155725
9361,D1,2025/2026,2026-05,10,34,2026-05-16,Union Berlin,Augsburg,0.8523725218635253,0.5433308924562072,compact_btts_form,0.8000000000000005,False,1,0,0,0.8396823472344686,0.8482113788040754,0.8306940908282767,0.8260346833859346,0.8635564432875847,0.8523725218635253,0.8984408765895572,0.8132094610291635
9362,D1,2025/2026,2026-05,10,34,2026-05-16,Werder Bremen,Dortmund,0.6401818623275873,0.5433308924562072,compact_btts_form,0.8000000000000005,False,1,0,0,0.6891267358095554,0.791191689071987,0.7622001228273686,0.7253351982432424,0.6099032900568435,0.6401818623275873,0.7139216787433755,0.5043428639508277
7201,I1,2025/2026,2026-05,10,37,2026-05-17,Como,Parma,0.54730733260921,0.5433308924562072,compact_btts_form,0.8000000000000005,False,1,0,0,0.4927310016266231,0.6122899724156169,0.5190205157271782,0.4850832354453072,0.906449144000022,0.54730733260921,0.49745997709851797,0.6595791088972506
7202,I1,2025/2026,2026-05,10,37,2026-05-17,Genoa,Milan,0.6861915255126005,0.5433308924562072,compact_btts_form,0.8000000000000005,False,1,1,1,0.7221825272945162,0.6211335297348077,0.475279190656351,0.6852076612681732,0.906253451960589,0.6861915255126005,0.5090564265934011,0.6971477960763792
7203,I1,2025/2026,2026-05,10,37,2026-05-17,Juventus,Fiorentina,0.5253547710673359,0.5433308924562072,compact_btts_form,0.8000000000000005,False,0,0,1,0.39694480615668215,0.6655005414229341,0.47759073829508925,0.4352842097594473,0.8121576049595101,0.5253547710673359,0.38326319056120006,0.6099027128624426
7204,I1,2025/2026,2026-05,10,37,2026-05-17,Pisa,Napoli,0.5592470675982777,0.5433308924562072,compact_btts_form,0.8000000000000005,False,1,0,0,0.45289096070262924,0.4479830877275803,0.34198300736313914,0.35687397738096344,0.6406681562118897,0.5592470675982777,0.17588649197563097,0.06518126176886761
7205,I1,2025/2026,2026-05,10,37,2026-05-17,Roma,Lazio,0.5828390916496813,0.5433308924562072,compact_btts_form,0.8000000000000005,False,1,0,0,0.4457317788100186,0.44866260973386285,0.31487485127088344,0.3946305073031269,0.7607486697344623,0.5828390916496813,0.30938561822007943,0.4257297306308676
7206,I1,2025/2026,2026-05,10,37,2026-05-17,Inter,Verona,0.6478646327234859,0.5433308924562072,compact_btts_form,0.8000000000000005,False,1,1,1,0.44754325626105834,0.6321068623643051,0.5135646301120855,0.4692573998692504,0.7169770502084631,0.6478646327234859,0.7640598551225055,0.6924778276509813
7207,I1,2025/2026,2026-05,10,37,2026-05-17,Atalanta,Bologna,0.5504736142337626,0.5433308924562072,compact_btts_form,0.8000000000000005,False,1,0,0,0.427307871052263,0.4780046977186614,0.4566958766961476,0.3983620106868668,0.3471525380243875,0.5504736142337626,0.2874647634840584,0.20399182304954397
7208,I1,2025/2026,2026-05,10,37,2026-05-17,Cagliari,Torino,0.6428803144417993,0.5433308924562072,compact_btts_form,0.8000000000000005,False,1,1,1,0.6234274709214175,0.9100208159801089,0.8744034203963954,0.5548779665691631,0.9898774067985702,0.6428803144417993,0.9401328654514878,0.9825185401544366
7209,I1,2025/2026,2026-05,10,37,2026-05-17,Sassuolo,Lecce,0.6213023305710927,0.5433308924562072,compact_btts_form,0.8000000000000005,False,1,1,1,0.5930062432733688,0.45385739036127276,0.41197193296715995,0.5811962770323841,0.38384799091266697,0.6213023305710927,0.5328765227622118,0.5418126936207968
7210,I1,2025/2026,2026-05,10,37,2026-05-17,Udinese,Cremonese,0.5184178928686195,0.5433308924562072,compact_btts_form,0.8000000000000005,False,0,0,1,0.3953125688367486,0.6414978821278892,0.476672948097396,0.3420952064734528,0.2997790695256078,0.5184178928686195,0.3966030814285324,0.2800348263673758
12004,E0,2025/2026,2026-05,10,37,2026-05-17,Man United,Nott'm Forest,0.5990867251710102,0.5433308924562072,compact_btts_form,0.8000000000000005,False,1,1,1,0.585275416967296,0.7286434984040284,0.5490599209873238,0.5971752473495275,0.5185589225746201,0.5990867251710102,0.5277704048149363,0.4808911214439882
12005,E0,2025/2026,2026-05,10,37,2026-05-17,Brentford,Crystal Palace,0.6389189112651689,0.5433308924562072,compact_btts_form,0.8000000000000005,False,1,1,1,0.6087593064775001,0.7770039084209762,0.739018809815021,0.5427110694479204,0.8092447985776966,0.6389189112651689,0.7935518560645182,0.6696643484627606
12006,E0,2025/2026,2026-05,10,37,2026-05-17,Everton,Sunderland,0.6719408900071591,0.5433308924562072,compact_btts_form,0.8000000000000005,False,1,1,1,0.6686156157578944,0.7712736070183372,0.7745689068951438,0.6614104971985486,0.7662500046191282,0.6719408900071591,0.6204989074464599,0.7851349581079421
12007,E0,2025/2026,2026-05,10,37,2026-05-17,Leeds,Brighton,0.6013369956797483,0.5433308924562072,compact_btts_form,0.8000000000000005,False,1,0,0,0.6473787062161677,0.8452048244095819,0.7426253985089379,0.6569752577826522,0.711607911632525,0.6013369956797483,0.7642243816854692,0.8021380516501849
12008,E0,2025/2026,2026-05,10,37,2026-05-17,Wolves,Fulham,0.7603966096666812,0.5433308924562072,compact_btts_form,0.8000000000000005,False,1,1,1,0.7427227826622882,0.7992264330469275,0.7980296295611542,0.7567906277837396,0.8741269353498344,0.7603966096666812,0.8167038235626801,0.8663905932593844
12009,E0,2025/2026,2026-05,10,37,2026-05-17,Newcastle,West Ham,0.78382196783881,0.5433308924562072,compact_btts_form,0.8000000000000005,False,1,1,1,0.8399210345558513,0.6607744049065382,0.49419401085072384,0.8441175081214195,0.7209924393618099,0.78382196783881,0.6037141042882845,0.6176233222344544
14351,F1,2025/2026,2026-05,10,34,2026-05-17,Brest,Angers,0.672620374877763,0.5433308924562072,compact_btts_form,0.8000000000000005,False,1,1,1,0.7562703196045744,0.7504614756288546,0.5621170049026262,0.7569838803054938,0.82787229785286,0.672620374877763,0.8042899167085171,0.626961951812881
14352,F1,2025/2026,2026-05,10,34,2026-05-17,Lille,Auxerre,0.2804023007467188,0.5433308924562072,compact_btts_form,0.8000000000000005,False,0,0,1,0.27738914717225055,0.7225138686986101,0.6669978585037363,0.31983000586946897,0.3913897364283792,0.2804023007467188,0.3776381414174658,0.1416069131088704
14353,F1,2025/2026,2026-05,10,34,2026-05-17,Lorient,Le Havre,0.7062654661589245,0.5433308924562072,compact_btts_form,0.8000000000000005,False,1,0,0,0.7630674004072084,0.9665205558858229,0.9240366902200678,0.7517413659740956,0.982120223627369,0.7062654661589245,0.9346073829644383,0.9846782430324726
14354,F1,2025/2026,2026-05,10,34,2026-05-17,Lyon,Lens,0.8077336932746698,0.5433308924562072,compact_btts_form,0.8000000000000005,False,1,0,0,0.7588639240968541,0.9465816059802769,0.9114469310394385,0.7446671177874635,0.9789045074583681,0.8077336932746698,0.8242636702416251,0.9220643559735672
14355,F1,2025/2026,2026-05,10,34,2026-05-17,Marseille,Rennes,0.8559620410774638,0.5433308924562072,compact_btts_form,0.8000000000000005,False,1,1,1,0.8343523539436773,0.9739845170946682,0.9686834404046981,0.8906591364100207,0.9970428580875227,0.8559620410774638,0.983097916907964,0.9960370504099216
14356,F1,2025/2026,2026-05,10,34,2026-05-17,Nantes,Toulouse,0.6074715546128641,0.5433308924562072,compact_btts_form,0.8000000000000005,False,1,0,0,0.6941048808353537,0.846554629910322,0.7760475439922992,0.6697585766110766,0.7035739416859135,0.6074715546128641,0.801290359108285,0.7675666299599603
14357,F1,2025/2026,2026-05,10,34,2026-05-17,Nice,Metz,0.5839689236376832,0.5433308924562072,compact_btts_form,0.8000000000000005,False,1,0,0,0.5181116106458276,0.7741197233400727,0.7350355053951737,0.547569835489344,0.8514102436368832,0.5839689236376832,0.6977095625087569,0.6296969004927897
14358,F1,2025/2026,2026-05,10,34,2026-05-17,Paris FC,Paris SG,0.8251216490341731,0.5433308924562072,compact_btts_form,0.8000000000000005,False,1,1,1,0.789043381951819,0.9558963912099958,0.9402931556908606,0.8115987472615364,0.9848311390637667,0.8251216490341731,0.9201707453070894,0.969862001106791
14359,F1,2025/2026,2026-05,10,34,2026-05-17,Strasbourg,Monaco,0.8339852979814947,0.5433308924562072,compact_btts_form,0.8000000000000005,False,1,1,1,0.8612606762166863,0.7842575108529097,0.6488534541141265,0.853593134200561,0.8277018577823002,0.8339852979814947,0.8187243762690014,0.7307733435636559
17000,SP1,2025/2026,2026-05,10,37,2026-05-17,Ath Bilbao,Celta,0.49159222500767114,0.5433308924562072,compact_btts_form,0.8000000000000005,False,0,1,0,0.5813366072328698,0.23969980710272948,0.15626756597031383,0.4164721826114577,0.1291415882999053,0.49159222500767114,0.5239428606573996,0.01737271152724236
17001,SP1,2025/2026,2026-05,10,37,2026-05-17,Ath Madrid,Girona,0.6783745011574037,0.5433308924562072,compact_btts_form,0.8000000000000005,False,1,0,0,0.6213093066041722,0.7895004913388363,0.7672222152226905,0.6077757437398582,0.8452443425587218,0.6783745011574037,0.9159039698723832,0.7547399800003645
17002,SP1,2025/2026,2026-05,10,37,2026-05-17,Elche,Getafe,0.4066382168823715,0.5433308924562072,compact_btts_form,0.8000000000000005,False,0,0,1,0.38663311731768696,0.24918878923611143,0.22336613911595213,0.27539248252757725,0.12009825886884397,0.4066382168823715,0.4513901102395029,0.012550334961223387
17003,SP1,2025/2026,2026-05,10,37,2026-05-17,Levante,Mallorca,0.6424666996132679,0.5433308924562072,compact_btts_form,0.8000000000000005,False,1,0,0,0.6919530911975248,0.8891017961809952,0.8905259961614634,0.6723424872286271,0.9691640993363811,0.6424666996132679,0.9505018692494109,0.935257753228536
17004,SP1,2025/2026,2026-05,10,37,2026-05-17,Osasuna,Espanol,0.5432162364209749,0.5433308924562072,compact_btts_form,0.8000000000000005,False,0,1,0,0.5038986107450553,0.4791191711269806,0.5018675081558774,0.46472982072659,0.514339135001328,0.5432162364209749,0.7114449453907985,0.1352771504848402
17005,SP1,2025/2026,2026-05,10,37,2026-05-17,Oviedo,Alaves,0.6984362798017277,0.5433308924562072,compact_btts_form,0.8000000000000005,False,1,0,0,0.7315396200721593,0.6421404611067439,0.6904398915691559,0.7144872322170288,0.8231405273261976,0.6984362798017277,0.7878143986460596,0.1730097640909333
17006,SP1,2025/2026,2026-05,10,37,2026-05-17,Sevilla,Real Madrid,0.5679449479485245,0.5433308924562072,compact_btts_form,0.8000000000000005,False,1,0,0,0.6818594895801657,0.8182886159008278,0.8550535631377467,0.7045345452915796,0.877402106334375,0.5679449479485245,0.8398688134775453,0.6570387093273302
17007,SP1,2025/2026,2026-05,10,37,2026-05-17,Sociedad,Valencia,0.6975489760674113,0.5433308924562072,compact_btts_form,0.8000000000000005,False,1,1,1,0.7479733641406816,0.8111584770546966,0.7663120947116857,0.7293291748602672,0.9312526719109377,0.6975489760674113,0.848191179519112,0.650347624290217
17008,SP1,2025/2026,2026-05,10,37,2026-05-17,Vallecano,Villarreal,0.7037313491929066,0.5433308924562072,compact_btts_form,0.8000000000000005,False,1,0,0,0.7999921159198436,0.7927667973184397,0.7549946535833552,0.799810615500518,0.8456969120251097,0.7037313491929066,0.8653757637166076,0.5469203404118852
17009,SP1,2025/2026,2026-05,10,37,2026-05-17,Barcelona,Betis,0.6282909694371057,0.5433308924562072,compact_btts_form,0.8000000000000005,False,1,1,1,0.7483104462546505,0.7656268224827267,0.5811677024237777,0.6921162081014441,0.7410075697835384,0.6282909694371057,0.8235406867376809,0.4539505995525801
12010,E0,2025/2026,2026-05,10,37,2026-05-18,Arsenal,Burnley,0.43201847493112777,0.5433308924562072,compact_btts_form,0.8000000000000005,False,0,0,1,0.5534522979402977,0.4451076152386774,0.44542673198200017,0.6123987363883002,0.2957573078292717,0.43201847493112777,0.36588513992634775,0.13920067974162972
12011,E0,2025/2026,2026-05,10,37,2026-05-19,Bournemouth,Man City,0.8569259401314612,0.5433308924562072,compact_btts_form,0.8000000000000005,False,1,1,1,0.8408231914856967,0.9293373650072448,0.8913675522486132,0.8726199826401703,0.95696268262663,0.8569259401314612,0.8670601434283651,0.9729571586128282
12012,E0,2025/2026,2026-05,10,37,2026-05-19,Chelsea,Tottenham,0.7562354433000026,0.5433308924562072,compact_btts_form,0.8000000000000005,False,1,1,1,0.734633514274869,0.8844424495718854,0.8247878805445777,0.7584250924282426,0.9215272147857164,0.7562354433000026,0.7490647428741903,0.9586334485026271
7211,I1,2025/2026,2026-05,10,38,2026-05-22,Fiorentina,Atalanta,0.7700947401859839,0.5433308924562072,compact_btts_form,0.8000000000000005,False,1,1,1,0.7389457904601184,0.923401863385616,0.872656498779106,0.6618392641324916,0.9592232082181662,0.7700947401859839,0.855894429527066,0.9614720108624732
7212,I1,2025/2026,2026-05,10,38,2026-05-23,Bologna,Inter,0.84243138319632,0.5433308924562072,compact_btts_form,0.8000000000000005,False,1,1,1,0.87193802417349,0.8966874169746466,0.7869700925915843,0.8392346577755109,0.9898986945567091,0.84243138319632,0.9034129268989736,0.990898559922486
7213,I1,2025/2026,2026-05,10,38,2026-05-23,Lazio,Pisa,0.6392408859352338,0.5433308924562072,compact_btts_form,0.8000000000000005,False,1,1,1,0.46538645170650556,0.8988691578928901,0.8909193221824933,0.44803987072557805,0.9778900412457219,0.6392408859352338,0.9077548786288887,0.972052595420571
17010,SP1,2025/2026,2026-05,10,38,2026-05-23,Alaves,Vallecano,0.614656518694149,0.5433308924562072,compact_btts_form,0.8000000000000005,False,1,1,1,0.6986748934716954,0.7238005591572547,0.6924518843237393,0.6550763517270306,0.8504771980151498,0.614656518694149,0.9059887305226397,0.36530089245916636
17011,SP1,2025/2026,2026-05,10,38,2026-05-23,Betis,Levante,0.7500197062169789,0.5433308924562072,compact_btts_form,0.8000000000000005,False,1,1,1,0.8230026693418008,0.8773064681532009,0.8530173154634297,0.8472092068792064,0.7890868676936661,0.7500197062169789,0.9302151475111529,0.8945957469624095
17012,SP1,2025/2026,2026-05,10,38,2026-05-23,Celta,Sevilla,0.5915717250366429,0.5433308924562072,compact_btts_form,0.8000000000000005,False,1,0,0,0.7213184266134798,0.7088556225014386,0.6018507294950921,0.6625619816195055,0.808207718269717,0.5915717250366429,0.7793226607241234,0.3141402999337518
17013,SP1,2025/2026,2026-05,10,38,2026-05-23,Espanol,Sociedad,0.7263783729042272,0.5433308924562072,compact_btts_form,0.8000000000000005,False,1,1,1,0.6891798027608863,0.9325647500834165,0.9287405877231967,0.6493685726957137,0.9556039680632907,0.7263783729042272,0.9479165267889486,0.9168240577346588
17014,SP1,2025/2026,2026-05,10,38,2026-05-23,Getafe,Osasuna,0.4585686222427256,0.5433308924562072,compact_btts_form,0.8000000000000005,False,0,0,1,0.4840519358314379,0.6748131681192079,0.5190708127405498,0.394451948559548,0.5285446890970823,0.4585686222427256,0.727129904669682,0.20525412718895722
17015,SP1,2025/2026,2026-05,10,38,2026-05-23,Girona,Elche,0.5329074048273532,0.5433308924562072,compact_btts_form,0.8000000000000005,False,0,1,0,0.632720209144353,0.8696853955446167,0.871595011573583,0.7354649662530944,0.8418652937583011,0.5329074048273532,0.8362927675429807,0.6163597795355747
17016,SP1,2025/2026,2026-05,10,38,2026-05-23,Mallorca,Oviedo,0.5513174147199623,0.5433308924562072,compact_btts_form,0.8000000000000005,False,1,0,0,0.4460130441900677,0.8439064361571734,0.861284868271612,0.5011353082073104,0.8790733983683796,0.5513174147199623,0.7547088621500253,0.12588633231019977
17017,SP1,2025/2026,2026-05,10,38,2026-05-23,Real Madrid,Ath Bilbao,0.6381186067391367,0.5433308924562072,compact_btts_form,0.8000000000000005,False,1,1,1,0.6550433923763319,0.7658756384477035,0.8846886956384804,0.7012995202932527,0.839647637492182,0.6381186067391367,0.7367561045554979,0.7182916820113475
17018,SP1,2025/2026,2026-05,10,38,2026-05-23,Valencia,Barcelona,0.7373683624249283,0.5433308924562072,compact_btts_form,0.8000000000000005,False,1,1,1,0.8129604742343383,0.8280912640891642,0.8579984331805142,0.8092471029920822,0.9092432758855448,0.7373683624249283,0.9503921116895536,0.7432017871091868
7214,I1,2025/2026,2026-05,10,38,2026-05-24,Parma,Sassuolo,0.712246648978749,0.5433308924562072,compact_btts_form,0.8000000000000005,False,1,0,0,0.6500924653616745,0.896143204649439,0.8632820802497609,0.6320302234055457,0.9005254897413294,0.712246648978749,0.8668431222721839,0.9649047003473439
7215,I1,2025/2026,2026-05,10,38,2026-05-24,Napoli,Udinese,0.49816486460047404,0.5433308924562072,compact_btts_form,0.8000000000000005,False,0,0,1,0.39655127736823226,0.8433368404537558,0.7435409265219634,0.3062306684034818,0.9023052948261175,0.49816486460047404,0.6890857102394565,0.7005450484692717
7216,I1,2025/2026,2026-05,10,38,2026-05-24,Cremonese,Como,0.6543241347544853,0.5433308924562072,compact_btts_form,0.8000000000000005,False,1,1,1,0.551139372923901,0.7872543561059181,0.8097839812907037,0.5822694318273456,0.9145745033782776,0.6543241347544853,0.7169234308877158,0.7579775210349856
7217,I1,2025/2026,2026-05,10,38,2026-05-24,Lecce,Genoa,0.5421779517420146,0.5433308924562072,compact_btts_form,0.8000000000000005,False,0,0,1,0.396730695180798,0.4955501558741824,0.38667215755143436,0.39093474620453567,0.8418564338599926,0.5421779517420146,0.5082158533320054,0.7035543509575699
7218,I1,2025/2026,2026-05,10,38,2026-05-24,Milan,Cagliari,0.5334977215357228,0.5433308924562072,compact_btts_form,0.8000000000000005,False,0,1,0,0.44802501800079014,0.5867714909164321,0.46376888758089313,0.45884051208546867,0.5959288675624772,0.5334977215357228,0.32167446982589415,0.2843392856971858
7219,I1,2025/2026,2026-05,10,38,2026-05-24,Torino,Juventus,0.607198531333967,0.5433308924562072,compact_btts_form,0.8000000000000005,False,1,1,1,0.5678797161400578,0.6524205812213797,0.6300501581217337,0.5176494882284012,0.9443243439898295,0.607198531333967,0.6565430043570084,0.8122723319003137
7220,I1,2025/2026,2026-05,10,38,2026-05-24,Verona,Roma,0.4706282492833904,0.5433308924562072,compact_btts_form,0.8000000000000005,False,0,0,1,0.43873696179438576,0.3188983714453307,0.28844602323554297,0.3919409231699392,0.5982709304824604,0.4706282492833904,0.21293747221870793,0.11111805562743234
12013,E0,2025/2026,2026-05,10,38,2026-05-24,Brighton,Man United,0.6323339732134388,0.5433308924562072,compact_btts_form,0.8000000000000005,False,1,0,0,0.7389381437129177,0.9270073655782602,0.9407106518656242,0.7679962024091812,0.9274454576167309,0.6323339732134388,0.7332905342319644,0.9334506852257362
12014,E0,2025/2026,2026-05,10,38,2026-05-24,Burnley,Wolves,0.7014074562415727,0.5433308924562072,compact_btts_form,0.8000000000000005,False,1,1,1,0.6553243071426244,0.6267955264102516,0.5040529900610373,0.6190200022930491,0.4909804146824748,0.7014074562415727,0.5348163241839655,0.595011028031454
12015,E0,2025/2026,2026-05,10,38,2026-05-24,Crystal Palace,Arsenal,0.5663130658456337,0.5433308924562072,compact_btts_form,0.8000000000000005,False,1,1,1,0.6109183679919924,0.732938360176494,0.7095000818134756,0.589915496318024,0.6652808954165935,0.5663130658456337,0.6836672463185598,0.6407163296026441
12016,E0,2025/2026,2026-05,10,38,2026-05-24,Fulham,Newcastle,0.7552421355114616,0.5433308924562072,compact_btts_form,0.8000000000000005,False,1,0,0,0.7722729606088998,0.8642006300368923,0.8136999686722755,0.7641373763973978,0.8021360693663082,0.7552421355114616,0.7686319167924288,0.794905177407401
12017,E0,2025/2026,2026-05,10,38,2026-05-24,Liverpool,Brentford,0.8003177469567018,0.5433308924562072,compact_btts_form,0.8000000000000005,False,1,1,1,0.8298521968964335,0.9169417553058057,0.8703410047864413,0.8519940435453001,0.922783194772145,0.8003177469567018,0.898568048884913,0.9420468025856477
12018,E0,2025/2026,2026-05,10,38,2026-05-24,Man City,Aston Villa,0.6881873618120886,0.5433308924562072,compact_btts_form,0.8000000000000005,False,1,1,1,0.793536151595959,0.8691700990724724,0.8462697737191011,0.7961155816671599,0.9509385624438716,0.6881873618120886,0.7902457376097546,0.9674694272616219
12019,E0,2025/2026,2026-05,10,38,2026-05-24,Nott'm Forest,Bournemouth,0.706414508413785,0.5433308924562072,compact_btts_form,0.8000000000000005,False,1,1,1,0.7009256637651297,0.8729315454133821,0.8898913907415102,0.699277394310723,0.9040509445273891,0.706414508413785,0.8142438904558461,0.9361315610730855
12020,E0,2025/2026,2026-05,10,38,2026-05-24,Sunderland,Chelsea,0.6546299858708494,0.5433308924562072,compact_btts_form,0.8000000000000005,False,1,1,1,0.6283071894580139,0.7743262852327291,0.730580020036174,0.592249877583384,0.7541125654918717,0.6546299858708494,0.7307065580827565,0.7546755415066403
12021,E0,2025/2026,2026-05,10,38,2026-05-24,Tottenham,Everton,0.6476195553134967,0.5433308924562072,compact_btts_form,0.8000000000000005,False,1,0,0,0.6792374214013751,0.665757240133988,0.683541426830929,0.7137900407078893,0.6785241597762496,0.6476195553134967,0.3885587883495059,0.6351093680308593
12022,E0,2025/2026,2026-05,10,38,2026-05-24,West Ham,Leeds,0.6974330123437976,0.5433308924562072,compact_btts_form,0.8000000000000005,False,1,0,0,0.7035828517497041,0.9472052708609607,0.9043351283881716,0.6718190879816255,0.9318613972194424,0.6974330123437976,0.8705902968122958,0.932009439059308
17019,SP1,2025/2026,2026-05,10,38,2026-05-24,Villarreal,Ath Madrid,0.7931790302413319,0.5433308924562072,compact_btts_form,0.8000000000000005,False,1,1,1,0.8804728233259208,0.6682024664971272,0.7866973092644151,0.8965806989769272,0.7220370136401465,0.7931790302413319,0.8029406430526124,0.593937370284177
