match_id,competition,season,date,home_team,away_team,home_score_probability,away_score_probability,scoring_probability_gap,joint_scoring_probability,target_btts,legacy_predicted_btts,requested_rule_predicted_btts,predicted_btts,correct
8774,D1,2024/2025,2024-09-14,Wolfsburg,Ein Frankfurt,0.7401507460514201,0.7515405046954524,0.011389758644032355,0.5562532652381998,1,0,0,0,0
8775,D1,2024/2025,2024-09-14,Holstein Kiel,Bayern Munich,0.6089969676766872,0.9506547740530271,0.3416578063763399,0.5789458747056597,1,0,1,1,1
11293,E0,2024/2025,2024-09-14,Southampton,Man United,0.65873118036727,0.8719045169465839,0.21317333657931392,0.5743506916157776,0,1,1,1,0
11294,E0,2024/2025,2024-09-14,Brighton,Ipswich,0.9166950840561187,0.5469393842789575,0.36975569977716116,0.5013766448452007,0,0,1,1,0
11295,E0,2024/2025,2024-09-14,Crystal Palace,Leicester,0.8838030233993811,0.6086915085477315,0.27511151485164964,0.5379633955720153,1,1,1,1,1
11296,E0,2024/2025,2024-09-14,Fulham,West Ham,0.7673903641166875,0.7461423714289261,0.02124799268776134,0.5725824660937323,1,0,0,0,0
11297,E0,2024/2025,2024-09-14,Liverpool,Nott'm Forest,0.9492450400282006,0.5378909999563802,0.4113540400718204,0.510590363784403,0,0,1,1,0
11298,E0,2024/2025,2024-09-14,Man City,Brentford,0.9587813871066584,0.5663605655728001,0.39242082153385827,0.5430159686624009,1,0,1,1,1
11299,E0,2024/2025,2024-09-14,Aston Villa,Everton,0.8960622201805399,0.6106417276810746,0.28542049249946533,0.5471729822407844,1,1,1,1,1
11300,E0,2024/2025,2024-09-14,Bournemouth,Chelsea,0.7157397800432805,0.831073935638046,0.11533415559476545,0.5948326758932785,0,0,0,0,1
13776,F1,2024/2025,2024-09-14,Marseille,Nice,0.8645794837265882,0.6655589348580754,0.19902054886851284,0.5754286002892127,0,1,0,0,1
13777,F1,2024/2025,2024-09-14,Auxerre,Monaco,0.6786407183068008,0.847955445278905,0.16931472697210415,0.5754570924762392,0,0,0,0,1
13778,F1,2024/2025,2024-09-14,Paris SG,Brest,0.9446454842023749,0.6009340903634688,0.34371139383890614,0.5676696747651127,1,0,1,1,1
16300,SP1,2024/2025,2024-09-14,Mallorca,Villarreal,0.7315086418704243,0.6731281639805753,0.058380477889849014,0.4923990690381629,1,0,0,0,0
16301,SP1,2024/2025,2024-09-14,Espanol,Alaves,0.7128327502994704,0.6948971323291394,0.01793561797033094,0.4953454340133954,1,0,0,0,0
16302,SP1,2024/2025,2024-09-14,Sevilla,Getafe,0.7607329298926775,0.6256083578887559,0.13512457200392158,0.47592087906206004,0,0,0,0,1
16303,SP1,2024/2025,2024-09-14,Sociedad,Real Madrid,0.6001647189431512,0.8454410988258143,0.24527637988266315,0.5074039194597837,0,1,1,1,0
6494,I1,2024/2025,2024-09-15,Genoa,Roma,0.6543193459373788,0.7553511592623351,0.10103181332495625,0.494240876481572,1,0,0,0,0
6495,I1,2024/2025,2024-09-15,Atalanta,Fiorentina,0.8566653187870799,0.6493937684525741,0.20727155033450573,0.5563131196697675,1,1,1,1,1
6496,I1,2024/2025,2024-09-15,Torino,Lecce,0.8187522643962523,0.5915535248945948,0.22719873950165748,0.48433578801903426,0,1,1,1,0
6497,I1,2024/2025,2024-09-15,Cagliari,Napoli,0.6282852444219227,0.8283496197853583,0.20006437536343558,0.5204398433336506,0,1,1,1,0
6498,I1,2024/2025,2024-09-15,Monza,Inter,0.5778864705343696,0.9036076919031436,0.325721221368774,0.5221826598216157,1,0,1,1,1
8776,D1,2024/2025,2024-09-15,Augsburg,St Pauli,0.8013501586348764,0.6998037841497825,0.10154637448509385,0.560787873441715,1,0,0,0,0
8777,D1,2024/2025,2024-09-15,Mainz,Werder Bremen,0.8177122427935097,0.6745476570550116,0.1431645857384981,0.5515858775215609,1,0,0,0,0
11301,E0,2024/2025,2024-09-15,Tottenham,Arsenal,0.729860464160447,0.7772894716837808,0.04742900752333379,0.5673128545901529,0,0,0,0,1
11302,E0,2024/2025,2024-09-15,Wolves,Newcastle,0.7049015917409936,0.8242818476535718,0.11938025591257817,0.58103758645421,1,0,0,0,0
13779,F1,2024/2025,2024-09-15,Rennes,Montpellier,0.874775098701792,0.595218365538637,0.279556733163155,0.5206822044631806,0,1,1,1,0
13780,F1,2024/2025,2024-09-15,Nantes,Reims,0.7590720371211908,0.6996984977359856,0.059373539385205176,0.5311215640470914,1,0,0,0,0
13781,F1,2024/2025,2024-09-15,Strasbourg,Angers,0.864449568373473,0.6378085416535505,0.22664102671992248,0.5513533185373259,1,1,1,1,1
13782,F1,2024/2025,2024-09-15,Toulouse,Le Havre,0.8429806068450328,0.6485757872857623,0.19440481955927058,0.5467368107511468,0,1,0,0,1
13783,F1,2024/2025,2024-09-15,Lens,Lyon,0.835221827799301,0.6340602105307512,0.20116161726854975,0.5295809279743037,0,1,1,1,0
16304,SP1,2024/2025,2024-09-15,Celta,Valladolid,0.8699376536297628,0.6044217058332484,0.26551594779651444,0.5258092005754749,1,1,1,1,1
16305,SP1,2024/2025,2024-09-15,Girona,Barcelona,0.7073636882408635,0.8758124373719587,0.1684487491310952,0.619517915906649,1,0,0,0,0
16306,SP1,2024/2025,2024-09-15,Las Palmas,Ath Bilbao,0.6473926020232544,0.8039708942579467,0.15657829223469222,0.5204848091846148,1,0,0,0,0
16307,SP1,2024/2025,2024-09-15,Ath Madrid,Valencia,0.9185173808917557,0.5247930090439917,0.393724371847764,0.48203150017739077,0,0,1,1,0
6499,I1,2024/2025,2024-09-16,Parma,Udinese,0.7765464020646338,0.6770011033477401,0.09954529871689366,0.5257227709984749,1,0,0,0,0
6500,I1,2024/2025,2024-09-16,Lazio,Verona,0.8832355813397587,0.6038617064238468,0.2793738749159118,0.5333521453220851,1,1,1,1,1
16308,SP1,2024/2025,2024-09-16,Vallecano,Osasuna,0.7857284345189671,0.6031386388042932,0.18258979571467393,0.47390317846559804,1,0,0,0,0
16309,SP1,2024/2025,2024-09-17,Mallorca,Sociedad,0.6662361558076204,0.6707470221659798,0.0045108663583594,0.44687591756727113,0,0,0,0,1
16310,SP1,2024/2025,2024-09-18,Betis,Getafe,0.7789710030191731,0.5482866391655877,0.23068436385358537,0.4270993932528293,1,0,1,1,1
16311,SP1,2024/2025,2024-09-19,Leganes,Ath Bilbao,0.609683884462543,0.7857464862978568,0.17606260183531386,0.47905696996887165,0,0,0,0,1
6501,I1,2024/2025,2024-09-20,Cagliari,Empoli,0.7817866138559207,0.628077063304009,0.1537095505519117,0.491022240561012,0,0,0,0,1
6502,I1,2024/2025,2024-09-20,Verona,Torino,0.70556668559979,0.7003883970331315,0.005178288566658473,0.49417071992721634,1,0,0,0,0
8778,D1,2024/2025,2024-09-20,Augsburg,Mainz,0.7791107948540371,0.7430884129926942,0.03602238186134288,0.578948204093563,1,0,0,0,0
13784,F1,2024/2025,2024-09-20,Nice,St Etienne,0.8915765474394679,0.5722169134313049,0.31935963400816303,0.5101751800635517,0,0,1,1,0
16312,SP1,2024/2025,2024-09-20,Alaves,Sevilla,0.7787476358423774,0.6466251330748598,0.13212250276751758,0.5035577936583098,1,0,0,0,0
6503,I1,2024/2025,2024-09-21,Venezia,Genoa,0.6678672152295132,0.7396434497732547,0.07177623454374149,0.4939836110628139,0,0,0,0,1
6504,I1,2024/2025,2024-09-21,Juventus,Napoli,0.7784553370600689,0.6644336080942855,0.11402172896578333,0.5172318883430748,0,0,0,0,1
6505,I1,2024/2025,2024-09-21,Lecce,Parma,0.7666495363150576,0.663092874484334,0.10355666183072365,0.5083598447572333,1,0,0,0,0
8779,D1,2024/2025,2024-09-21,Bochum,Holstein Kiel,0.8171585879943299,0.6807502575844901,0.1364083304098398,0.5562809192645184,1,0,0,0,0
8780,D1,2024/2025,2024-09-21,Heidenheim,Freiburg,0.7476595875639552,0.7710496206477532,0.023390033083797945,0.5764826413648433,0,0,0,0,1
8781,D1,2024/2025,2024-09-21,Union Berlin,Hoffenheim,0.8244303422218583,0.7087372873705919,0.11569305485126635,0.5843045243723286,1,0,0,0,0
8782,D1,2024/2025,2024-09-21,Werder Bremen,Bayern Munich,0.6155949594257973,0.9346412407367728,0.31904628131097545,0.5753604366690306,0,0,1,1,0
8783,D1,2024/2025,2024-09-21,Ein Frankfurt,M'gladbach,0.8540375979792991,0.6557103649525877,0.1983272330267114,0.5600013050542376,0,1,0,0,1
11303,E0,2024/2025,2024-09-21,West Ham,Chelsea,0.7022139956907368,0.8331076171436744,0.1308936214529376,0.5850198286748483,0,0,0,0,1
11304,E0,2024/2025,2024-09-21,Aston Villa,Wolves,0.8778197783386797,0.6255669417372618,0.25225283660141795,0.549135034131809,1,1,1,1,1
11305,E0,2024/2025,2024-09-21,Fulham,Newcastle,0.7308100720636846,0.7655289682302414,0.03471889616655677,0.5594562804391808,1,0,0,0,0
11306,E0,2024/2025,2024-09-21,Leicester,Everton,0.748647185221042,0.7422928677987559,0.006354317422286093,0.5557154660871937,1,0,0,0,0
11307,E0,2024/2025,2024-09-21,Liverpool,Bournemouth,0.9361505173665753,0.5401155862760156,0.39603493109055965,0.5056294855300432,0,0,1,1,0
11308,E0,2024/2025,2024-09-21,Southampton,Ipswich,0.7796795023930815,0.6872196208376781,0.09245988155540341,0.535811052009483,1,0,0,0,0
11309,E0,2024/2025,2024-09-21,Tottenham,Brentford,0.9029476525476982,0.629366813055633,0.27358083949206513,0.5682852864400099,1,1,1,1,1
11310,E0,2024/2025,2024-09-21,Crystal Palace,Man United,0.7474242967666609,0.793063363637427,0.04563906687076613,0.5927548268581065,0,0,0,0,1
13785,F1,2024/2025,2024-09-21,Lille,Strasbourg,0.8621298041538663,0.6286401294966946,0.23348967465717174,0.5419693917262465,1,1,1,1,1
13786,F1,2024/2025,2024-09-21,Rennes,Lens,0.7656748507787932,0.6961771715646149,0.06949767921417827,0.5330453519533388,1,0,0,0,0
13787,F1,2024/2025,2024-09-21,Reims,Paris SG,0.6282066047441055,0.9294670109280324,0.3012604061839269,0.5838973151567517,1,0,1,1,1
16313,SP1,2024/2025,2024-09-21,Valladolid,Sociedad,0.6070211936527183,0.7837755971458478,0.17675440349312943,0.47576839853534464,0,0,0,0,1
16314,SP1,2024/2025,2024-09-21,Osasuna,Las Palmas,0.8163968033009427,0.643163118698891,0.17323368460205169,0.5250763141068393,1,0,0,0,0
16315,SP1,2024/2025,2024-09-21,Valencia,Girona,0.7188802459506279,0.7587368472051733,0.039856601254545376,0.545440931330659,0,0,0,0,1
16316,SP1,2024/2025,2024-09-21,Real Madrid,Espanol,0.955272448155309,0.5116521154716491,0.44362033268365986,0.4887671689504451,1,0,1,1,1
6506,I1,2024/2025,2024-09-22,Fiorentina,Lazio,0.7798019826546089,0.7065095545372648,0.07329242811734404,0.5509375513925836,1,0,0,0,0
6507,I1,2024/2025,2024-09-22,Monza,Bologna,0.6559398485348301,0.7256619987897936,0.06972215025496353,0.47599062157365934,1,0,0,0,0
6508,I1,2024/2025,2024-09-22,Roma,Udinese,0.8762811835034302,0.5629016804419866,0.3133795030614436,0.4932601507337737,0,0,1,1,0
6509,I1,2024/2025,2024-09-22,Inter,Milan,0.8799167090278512,0.6395360459257087,0.24038066310214257,0.5627384528356343,1,1,1,1,1
8784,D1,2024/2025,2024-09-22,Leverkusen,Wolfsburg,0.9411311265832966,0.6215428878955622,0.31958823868773434,0.5849533583049861,1,0,1,1,1
8785,D1,2024/2025,2024-09-22,Stuttgart,Dortmund,0.8018679323490296,0.7618519018608043,0.04001603048822533,0.610904609301299,1,0,0,0,0
8786,D1,2024/2025,2024-09-22,St Pauli,RB Leipzig,0.6141592000113397,0.8578404675979105,0.24368126758657083,0.5268506153172864,0,1,1,1,0
11311,E0,2024/2025,2024-09-22,Brighton,Nott'm Forest,0.8385728897910638,0.6060397624899796,0.23253312730108422,0.5082085149595121,1,1,1,1,1
11312,E0,2024/2025,2024-09-22,Man City,Arsenal,0.8497713803481225,0.6433500469335677,0.20642133341455482,0.5467004574297673,1,1,1,1,1
13788,F1,2024/2025,2024-09-22,Monaco,Le Havre,0.9214987260248588,0.574783244297215,0.3467154817276439,0.5296620273603188,1,0,1,1,1
13789,F1,2024/2025,2024-09-22,Angers,Nantes,0.6770818047399026,0.7567471117674168,0.07966530702751418,0.5123797001671914,1,0,0,0,0
13790,F1,2024/2025,2024-09-22,Brest,Toulouse,0.797888128682556,0.6888868683356653,0.10900126034689073,0.5496546542503303,0,0,0,0,1
13791,F1,2024/2025,2024-09-22,Montpellier,Auxerre,0.7670639356361213,0.7256092373671413,0.04145469826897996,0.5565886773487639,1,0,0,0,0
13792,F1,2024/2025,2024-09-22,Lyon,Marseille,0.7316824923910402,0.8160880689531512,0.084405576562111,0.5971173523022327,1,0,0,0,0
16317,SP1,2024/2025,2024-09-22,Getafe,Leganes,0.7704715222806197,0.549632080883365,0.22083944139725464,0.4234758660524709,1,1,1,1,1
16318,SP1,2024/2025,2024-09-22,Ath Bilbao,Celta,0.8713817157141913,0.6524283348835463,0.21895338083064497,0.5685141218313776,1,1,1,1,1
16319,SP1,2024/2025,2024-09-22,Villarreal,Barcelona,0.7091138442785375,0.8807789317242537,0.17166508744571618,0.6245725342345291,1,0,0,0,0
16320,SP1,2024/2025,2024-09-22,Vallecano,Ath Madrid,0.6154181218806529,0.8434458196812549,0.22802769780060195,0.5190718422563257,1,1,1,1,1
16321,SP1,2024/2025,2024-09-23,Betis,Mallorca,0.8109184959736383,0.5790287108494525,0.2318897851241858,0.46954509132759276,1,1,1,1,1
6510,I1,2024/2025,2024-09-24,Atalanta,Como,0.9073688979801963,0.5972748809434242,0.3100940170367721,0.5419486505128878,1,0,1,1,1
16322,SP1,2024/2025,2024-09-24,Sevilla,Valladolid,0.8511344496092409,0.5320706572262869,0.319063792382954,0.4528636659915228,1,0,1,1,1
16323,SP1,2024/2025,2024-09-24,Valencia,Osasuna,0.7953355495318035,0.6248393481918891,0.1704962013399144,0.4969569463632901,0,0,0,0,1
16324,SP1,2024/2025,2024-09-24,Real Madrid,Alaves,0.9556870763344985,0.531703284382712,0.4239837919517865,0.5081419573291643,1,0,1,1,1
16325,SP1,2024/2025,2024-09-25,Girona,Vallecano,0.8554058740694735,0.6342633061214092,0.2211425679480643,0.5425525577629782,0,1,1,1,0
16326,SP1,2024/2025,2024-09-25,Barcelona,Getafe,0.9497843300757176,0.5594319408321441,0.3903523892435735,0.5313396911462165,0,0,1,1,0
16327,SP1,2024/2025,2024-09-26,Espanol,Villarreal,0.6780434929606658,0.7929778352078767,0.11493434224721089,0.5376734612247359,1,0,0,0,0
16328,SP1,2024/2025,2024-09-26,Las Palmas,Betis,0.7005621567985899,0.764978514431427,0.06441635763283704,0.5359149979746617,1,0,0,0,0
16329,SP1,2024/2025,2024-09-26,Celta,Ath Madrid,0.6947075776407675,0.8534889322818727,0.1587813546411052,0.5929252286887449,0,0,0,0,1
6511,I1,2024/2025,2024-09-27,Milan,Lecce,0.9313776533838858,0.5477411206883365,0.3836365326955493,0.5101538396485626,0,0,1,1,0
8787,D1,2024/2025,2024-09-27,Dortmund,Bochum,0.9458728217569801,0.5742186720532858,0.37165414970369426,0.5431378356405874,1,0,1,1,1
13793,F1,2024/2025,2024-09-27,Auxerre,Brest,0.7316040042525677,0.7753279946885223,0.04372399043595465,0.5672330655232365,0,0,0,0,1
13794,F1,2024/2025,2024-09-27,Paris SG,Rennes,0.93230360273555,0.6215950457353807,0.3107085570001693,0.5795153005816644,1,0,1,1,1
16330,SP1,2024/2025,2024-09-27,Valladolid,Mallorca,0.6742994405823347,0.7138395623997775,0.03954012181744282,0.48134161759170857,1,0,0,0,0
6512,I1,2024/2025,2024-09-28,Udinese,Inter,0.5800342618893747,0.904116669889225,0.32408240799985033,0.5244186452810761,1,0,1,1,1
6513,I1,2024/2025,2024-09-28,Genoa,Juventus,0.5758036228796255,0.8437044404600477,0.26790081758042217,0.4858080734565227,0,1,1,1,0
6514,I1,2024/2025,2024-09-28,Bologna,Atalanta,0.7085067444888068,0.7827400966560402,0.07423335216723337,0.554576637662625,1,0,0,0,0
8788,D1,2024/2025,2024-09-28,Freiburg,St Pauli,0.8720456061090534,0.5997489460722691,0.2722966600367842,0.5230084331908579,0,1,1,1,0
8789,D1,2024/2025,2024-09-28,Mainz,Heidenheim,0.8615319300388652,0.7052504803328619,0.15628144970600333,0.6075958074820073,0,0,0,0,1
8790,D1,2024/2025,2024-09-28,M'gladbach,Union Berlin,0.806159412891774,0.6716908611528748,0.13446855173889916,0.5414899102717716,0,0,0,0,1
8791,D1,2024/2025,2024-09-28,RB Leipzig,Augsburg,0.9124217031311733,0.5785430749981939,0.3338786281329794,0.5278752578245982,0,0,1,1,0
8792,D1,2024/2025,2024-09-28,Wolfsburg,Stuttgart,0.749610992030675,0.8573621128289821,0.10775112079830707,0.6426880639272489,1,0,0,0,0
8793,D1,2024/2025,2024-09-28,Bayern Munich,Leverkusen,0.8970336751827953,0.7316912688715542,0.16534240631124109,0.6563517080150131,1,0,0,0,0
11313,E0,2024/2025,2024-09-28,Newcastle,Man City,0.6349898284358115,0.889863332568589,0.25487350413277743,0.5650541648790478,1,1,1,1,1
11314,E0,2024/2025,2024-09-28,Arsenal,Leicester,0.9508782097891879,0.510284870261639,0.44059333952754887,0.48521876391689533,1,0,1,1,1
11315,E0,2024/2025,2024-09-28,Brentford,West Ham,0.7891084798982333,0.7117912925141102,0.07731718738412308,0.5616805448406083,1,0,0,0,0
11316,E0,2024/2025,2024-09-28,Chelsea,Brighton,0.8697908812206316,0.6417018403996465,0.22808904082098513,0.5581464092421097,1,1,1,1,1
11317,E0,2024/2025,2024-09-28,Everton,Crystal Palace,0.7280842594998214,0.7462369307334343,0.01815267123361297,0.543323363124472,1,0,0,0,0
11318,E0,2024/2025,2024-09-28,Nott'm Forest,Fulham,0.7482726761891864,0.6832152894214043,0.06505738676778205,0.5112313330287237,0,0,0,0,1
11319,E0,2024/2025,2024-09-28,Wolves,Liverpool,0.6179619569320989,0.9371838524511676,0.31922189551906877,0.5791439674658869,1,0,1,1,1
13795,F1,2024/2025,2024-09-28,Lens,Nice,0.8069381796432099,0.6873368077069749,0.11960137193623499,0.5546383124128413,0,0,0,0,1
13796,F1,2024/2025,2024-09-28,Le Havre,Lille,0.632218348228534,0.861725638779739,0.229507290551205,0.5447987599755049,0,1,1,1,0
13797,F1,2024/2025,2024-09-28,Monaco,Montpellier,0.9223609260060674,0.5389432757143048,0.38341765029176267,0.4971002188525895,1,0,1,1,1
16331,SP1,2024/2025,2024-09-28,Getafe,Alaves,0.7199227209773372,0.6689954037547092,0.050927317222628,0.4816249913924226,0,0,0,0,1
16332,SP1,2024/2025,2024-09-28,Vallecano,Leganes,0.8025957663870139,0.5762401797158185,0.22635558667119537,0.462487928662008,1,1,1,1,1
16333,SP1,2024/2025,2024-09-28,Sociedad,Valencia,0.8073651181606838,0.5603862339938801,0.2469788841668037,0.4524362980240896,0,1,1,1,0
16334,SP1,2024/2025,2024-09-28,Osasuna,Barcelona,0.6357440909205857,0.9290727563709367,0.29332866545035097,0.590652514898124,1,0,1,1,1
6515,I1,2024/2025,2024-09-29,Torino,Lazio,0.6985774898150161,0.7550709504879464,0.05649346067293026,0.5274755692241079,1,0,0,0,0
6516,I1,2024/2025,2024-09-29,Como,Verona,0.80005930022614,0.6975603752373425,0.10249892498879754,0.5580896656778719,1,0,0,0,0
6517,I1,2024/2025,2024-09-29,Roma,Venezia,0.9088287412574668,0.5276902881661005,0.3811384530913663,0.4795801003677871,1,0,1,1,1
6518,I1,2024/2025,2024-09-29,Empoli,Fiorentina,0.6395219211039456,0.7519533365401527,0.11243141543620716,0.4808906423646802,0,0,0,0,1
6519,I1,2024/2025,2024-09-29,Napoli,Monza,0.9196328274223998,0.5328772232062109,0.38675560421618893,0.490051387446125,0,0,1,1,0
8794,D1,2024/2025,2024-09-29,Holstein Kiel,Ein Frankfurt,0.6711367659478287,0.8842345808938464,0.21309781494601776,0.5934423369603298,1,1,1,1,1
8795,D1,2024/2025,2024-09-29,Hoffenheim,Werder Bremen,0.7918484196482453,0.7575478314164362,0.03430058823180904,0.5998630531150604,1,0,0,0,0
11320,E0,2024/2025,2024-09-29,Ipswich,Aston Villa,0.6517678248301838,0.8381978801142393,0.18643005528405554,0.5463104090993289,1,0,0,0,0
11321,E0,2024/2025,2024-09-29,Man United,Tottenham,0.7804472237678016,0.7463891332222188,0.03405809054558284,0.5825173268737365,0,0,0,0,1
13798,F1,2024/2025,2024-09-29,Toulouse,Lyon,0.7443263350948109,0.7128869242434183,0.03143941085139268,0.5306205116591156,1,0,0,0,0
13799,F1,2024/2025,2024-09-29,Angers,Reims,0.6586804651096918,0.771078102566491,0.1123976374567992,0.5078940832343949,1,0,0,0,0
13800,F1,2024/2025,2024-09-29,Nantes,St Etienne,0.8363566259424063,0.5768359669851859,0.25952065895722043,0.4824405830699554,1,1,1,1,1
13801,F1,2024/2025,2024-09-29,Strasbourg,Marseille,0.7248621149566841,0.8566476226162613,0.1317855076595772,0.6209514075022384,0,0,0,0,1
16335,SP1,2024/2025,2024-09-29,Celta,Girona,0.8187220519046904,0.7301934019101959,0.0885286499944945,0.5978254402991818,1,0,0,0,0
16336,SP1,2024/2025,2024-09-29,Ath Bilbao,Sevilla,0.8526208452930416,0.6040172664122176,0.24860357888082396,0.5149977122599774,1,1,1,1,1
16337,SP1,2024/2025,2024-09-29,Betis,Espanol,0.8653407063742952,0.5842818488409477,0.2810588575333475,0.5056028677977048,0,1,1,1,0
16338,SP1,2024/2025,2024-09-29,Ath Madrid,Real Madrid,0.719623575867158,0.746206558610831,0.02658298274367299,0.5369878320430522,1,0,0,0,0
6520,I1,2024/2025,2024-09-30,Parma,Cagliari,0.7967409839899495,0.67484224166354,0.12189874232640951,0.5376744716609921,1,0,0,0,0
11322,E0,2024/2025,2024-09-30,Bournemouth,Southampton,0.8687877751411229,0.6139510698365205,0.25483670530460245,0.5333931840087828,1,1,1,1,1
16339,SP1,2024/2025,2024-09-30,Villarreal,Las Palmas,0.9022593245764853,0.6199538170765466,0.28230550749993866,0.5593591122640988,1,1,1,1,1
6521,I1,2024/2025,2024-10-04,Napoli,Como,0.9087693092579866,0.5596681667463846,0.34910114251160196,0.5086092533077956,1,0,1,1,1
6522,I1,2024/2025,2024-10-04,Verona,Venezia,0.7526001095725788,0.7112232274638418,0.04137688210873702,0.5352666789198505,1,0,0,0,0
8796,D1,2024/2025,2024-10-04,Augsburg,M'gladbach,0.7796714224615091,0.7725650620975331,0.00710636036397605,0.6023469009096477,1,0,0,0,0
13802,F1,2024/2025,2024-10-04,Marseille,Angers,0.9428840175012476,0.5309039435740387,0.4119800739272089,0.5005808432243453,1,0,1,1,1
16340,SP1,2024/2025,2024-10-04,Leganes,Valencia,0.6600623093327633,0.6694070892601356,0.00934477992737226,0.44185038922076836,0,0,0,0,1
6523,I1,2024/2025,2024-10-05,Udinese,Lecce,0.7656330514253181,0.670180648415102,0.09545240301021607,0.5131124548522529,0,0,0,0,1
6524,I1,2024/2025,2024-10-05,Atalanta,Genoa,0.9042534426580671,0.580805577766226,0.3234478648918411,0.5251954432101176,1,0,1,1,1
6525,I1,2024/2025,2024-10-05,Inter,Torino,0.9357245007273974,0.5578797656825547,0.37784473504484273,0.5220217652092259,1,0,1,1,1
8797,D1,2024/2025,2024-10-05,Bochum,Wolfsburg,0.7305397496568465,0.8166863918662094,0.08614664220936286,0.5966218722620938,1,0,0,0,0
8798,D1,2024/2025,2024-10-05,Leverkusen,Holstein Kiel,0.9705848800587038,0.5733101897538344,0.3972746903048694,0.5564462017586581,1,0,1,1,1
8799,D1,2024/2025,2024-10-05,Union Berlin,Dortmund,0.6714863357659219,0.7844315875343414,0.11294525176841952,0.5267350923724798,1,0,0,0,0
8800,D1,2024/2025,2024-10-05,Werder Bremen,Freiburg,0.7536175172787319,0.7776809110807752,0.024063393802043254,0.5860739574437561,0,0,0,0,1
8801,D1,2024/2025,2024-10-05,St Pauli,Mainz,0.7545901104716896,0.7025413160633024,0.05204879440838717,0.5301307292991335,0,0,0,0,1
11323,E0,2024/2025,2024-10-05,Crystal Palace,Liverpool,0.613257748659315,0.9049744734800764,0.2917167248207614,0.5549826082005407,0,1,1,1,0
11324,E0,2024/2025,2024-10-05,Arsenal,Southampton,0.9585380641036575,0.5272050517723498,0.4313330123313077,0.5053461097115367,1,0,1,1,1
11325,E0,2024/2025,2024-10-05,Brentford,Wolves,0.8063999049433608,0.6921034603887541,0.11429644455460664,0.5581121646684624,1,0,0,0,0
11326,E0,2024/2025,2024-10-05,Leicester,Bournemouth,0.7116776423065633,0.8113006384827661,0.09962299617620285,0.5773845255972244,0,0,0,0,1
11327,E0,2024/2025,2024-10-05,Man City,Fulham,0.9490988840322614,0.5557144004460636,0.3933844835861978,0.5274279173040162,1,0,1,1,1
11328,E0,2024/2025,2024-10-05,West Ham,Ipswich,0.8407623159774604,0.6073295379060868,0.23343277807137364,0.5106197888514423,1,1,1,1,1
11329,E0,2024/2025,2024-10-05,Everton,Newcastle,0.7089394067115076,0.7978894900234261,0.08895008331191856,0.565655301678555,0,0,0,0,1
13803,F1,2024/2025,2024-10-05,St Etienne,Auxerre,0.718651675808985,0.7814366130991619,0.06278493729017687,0.5615807315422102,1,0,0,0,0
13804,F1,2024/2025,2024-10-05,Lille,Toulouse,0.8614788720233849,0.6446455482948308,0.21683332372855413,0.5553485197999273,1,1,1,1,1
13805,F1,2024/2025,2024-10-05,Rennes,Monaco,0.7631209055284972,0.7789497034025142,0.01582879787401703,0.594432803021681,1,0,0,0,0
16341,SP1,2024/2025,2024-10-05,Espanol,Mallorca,0.6813025014299183,0.7509449902908305,0.06964248886091218,0.5116207003214086,1,0,0,0,0
16342,SP1,2024/2025,2024-10-05,Getafe,Osasuna,0.7717923537553578,0.6269250485327662,0.1448673052225916,0.4838559588352956,1,0,0,0,0
16343,SP1,2024/2025,2024-10-05,Las Palmas,Celta,0.7131382366562687,0.8029634482258242,0.08982521156955547,0.5726239375672014,0,0,0,0,1
16344,SP1,2024/2025,2024-10-05,Valladolid,Vallecano,0.6750956144393261,0.7420798677004601,0.066984253261134,0.500974864248296,1,0,0,0,0
16345,SP1,2024/2025,2024-10-05,Real Madrid,Villarreal,0.9439717008043778,0.565931092673498,0.3780406081308798,0.5342229360890818,0,0,1,1,0
6526,I1,2024/2025,2024-10-06,Juventus,Cagliari,0.9121990715182873,0.5017246778582863,0.41047439366000094,0.4576727853001406,1,0,1,1,1
6527,I1,2024/2025,2024-10-06,Bologna,Parma,0.8414242756211294,0.6621053993323118,0.1793188762888176,0.5571115560180291,0,0,0,0,1
6528,I1,2024/2025,2024-10-06,Lazio,Empoli,0.8864429771299549,0.5759662464869125,0.3104767306430424,0.5105612342622242,1,0,1,1,1
6529,I1,2024/2025,2024-10-06,Monza,Roma,0.634557354338826,0.8146182367151281,0.18006088237630213,0.5169219930861112,1,0,0,0,0
6530,I1,2024/2025,2024-10-06,Fiorentina,Milan,0.7027090943071101,0.8078008009842549,0.10509170667714474,0.5676489692402039,1,0,0,0,0
8802,D1,2024/2025,2024-10-06,Heidenheim,RB Leipzig,0.649353847751924,0.8729672994967784,0.22361345174485447,0.5668646748898393,0,1,1,1,0
8803,D1,2024/2025,2024-10-06,Ein Frankfurt,Bayern Munich,0.6544165062246109,0.9201183834388524,0.26570187721424154,0.6021406578030907,1,1,1,1,1
8804,D1,2024/2025,2024-10-06,Stuttgart,Hoffenheim,0.9437242783111884,0.6457535211973049,0.29797075711388354,0.6094132757588353,1,0,1,1,1
11330,E0,2024/2025,2024-10-06,Aston Villa,Man United,0.7925977335088007,0.7268394052625619,0.06575832824623884,0.5760912652359912,0,0,0,0,1
11331,E0,2024/2025,2024-10-06,Chelsea,Nott'm Forest,0.9095104054021044,0.6017761401949578,0.30773426520714653,0.5473216612300297,1,0,1,1,1
11332,E0,2024/2025,2024-10-06,Brighton,Tottenham,0.7481165615077398,0.8275228855857042,0.07940632407796444,0.6190835757333397,1,0,0,0,0
13806,F1,2024/2025,2024-10-06,Lyon,Nantes,0.8554570150689766,0.6557104453833503,0.19974656968562632,0.5609321003571901,0,1,0,0,1
13807,F1,2024/2025,2024-10-06,Brest,Le Havre,0.8411250666571318,0.6380314892041131,0.2030935774530187,0.5366642788861588,0,1,1,1,0
13808,F1,2024/2025,2024-10-06,Reims,Montpellier,0.839810478599941,0.6532938558440786,0.18651662275586234,0.5486430257428165,1,0,0,0,0
13809,F1,2024/2025,2024-10-06,Strasbourg,Lens,0.709173360775862,0.7591726522998756,0.04999929152401361,0.5383850212406277,1,0,0,0,0
13810,F1,2024/2025,2024-10-06,Nice,Paris SG,0.6740241047585601,0.8929667668961853,0.21894266213762514,0.6018811256363471,1,1,1,1,1
16346,SP1,2024/2025,2024-10-06,Girona,Ath Bilbao,0.7582109187560698,0.6974924502624812,0.06071846849358864,0.5288463915389382,1,0,0,0,0
16347,SP1,2024/2025,2024-10-06,Alaves,Barcelona,0.6619072588517279,0.9204082643628791,0.2585010055111513,0.6092249112889098,0,1,1,1,0
16348,SP1,2024/2025,2024-10-06,Sevilla,Betis,0.7376523904568483,0.6971735027633714,0.04047888769347685,0.514271700876575,0,0,0,0,1
16349,SP1,2024/2025,2024-10-06,Sociedad,Ath Madrid,0.6601964319659571,0.7317417101214262,0.07154527815546907,0.48309326614283327,1,0,0,0,0
8805,D1,2024/2025,2024-10-18,Dortmund,St Pauli,0.9372176344033163,0.5839791604931496,0.3532384739101667,0.5473155673382242,1,0,1,1,1
13811,F1,2024/2025,2024-10-18,Monaco,Lille,0.8300195639248515,0.6784619010351955,0.151557662889656,0.5631366512368587,0,0,0,0,1
16350,SP1,2024/2025,2024-10-18,Alaves,Valladolid,0.8747193624030226,0.6168933090127735,0.2578260533902491,0.539608521930344,1,1,1,1,1
6531,I1,2024/2025,2024-10-19,Como,Parma,0.8228040088101568,0.70163910187469,0.12116490693546678,0.577311465760453,1,0,0,0,0
6532,I1,2024/2025,2024-10-19,Genoa,Bologna,0.629770651613617,0.7690735722393948,0.13930292062577776,0.48433996472801577,1,0,0,0,0
6533,I1,2024/2025,2024-10-19,Milan,Udinese,0.9267940742676738,0.5837380157770387,0.34305605849063514,0.5410049339469293,0,0,1,1,0
6534,I1,2024/2025,2024-10-19,Juventus,Lazio,0.7965266112036754,0.6142448501554312,0.18228176104824423,0.48926236894361497,0,0,0,0,1
8806,D1,2024/2025,2024-10-19,Freiburg,Augsburg,0.8541983639471067,0.619009921582534,0.2351884423645727,0.5287572622828274,1,1,1,1,1
8807,D1,2024/2025,2024-10-19,Hoffenheim,Bochum,0.8809181645491737,0.6844156124397288,0.1965025521094449,0.6029141450992045,1,1,0,0,0
8808,D1,2024/2025,2024-10-19,Leverkusen,Ein Frankfurt,0.9268076587210341,0.6557014769122012,0.27110618180883295,0.6077091506369213,1,1,1,1,1
8809,D1,2024/2025,2024-10-19,Mainz,RB Leipzig,0.6726452308010294,0.8488461297312448,0.1762008989302154,0.5709723008476337,0,0,0,0,1
8810,D1,2024/2025,2024-10-19,M'gladbach,Heidenheim,0.8450449818968843,0.6620537180931122,0.18299126380377206,0.5594651722207589,1,0,0,0,0
8811,D1,2024/2025,2024-10-19,Bayern Munich,Stuttgart,0.941602000464989,0.6290836273086114,0.31251837315637754,0.5923464019335601,0,0,1,1,0
11333,E0,2024/2025,2024-10-19,Tottenham,West Ham,0.9085355976956072,0.6131770779113934,0.2953585197842138,0.5570932029734738,1,0,1,1,1
11334,E0,2024/2025,2024-10-19,Fulham,Aston Villa,0.7680518953178017,0.7192750665669988,0.048776828750802914,0.5524405781316214,1,0,0,0,0
11335,E0,2024/2025,2024-10-19,Ipswich,Everton,0.7595666129854219,0.706035846174067,0.053530766811354935,0.5362812563247324,0,0,0,0,1
11336,E0,2024/2025,2024-10-19,Man United,Brentford,0.8684849461572999,0.6411027454109696,0.2273822007463303,0.556788083329543,1,1,1,1,1
11337,E0,2024/2025,2024-10-19,Newcastle,Brighton,0.8135557571500732,0.6628344010872457,0.15072135606282755,0.5392527430416495,0,0,0,0,1
11338,E0,2024/2025,2024-10-19,Southampton,Leicester,0.7794078923713351,0.7199177401782332,0.05949015219310194,0.5611095685530512,1,0,0,0,0
11339,E0,2024/2025,2024-10-19,Bournemouth,Arsenal,0.6325045539756459,0.8710019806866676,0.2384974267110217,0.5509127193061247,0,1,1,1,0
13812,F1,2024/2025,2024-10-19,Brest,Rennes,0.7059765755882251,0.770196596871745,0.06422002128351989,0.5437407559892192,1,0,0,0,0
13813,F1,2024/2025,2024-10-19,St Etienne,Lens,0.5806476180832769,0.8567741144700101,0.27612649638673314,0.4974838488024202,0,1,1,1,0
13814,F1,2024/2025,2024-10-19,Paris SG,Strasbourg,0.9418197677235038,0.5638682219642922,0.37795154575921164,0.5310622378370748,1,0,1,1,1
16351,SP1,2024/2025,2024-10-19,Ath Bilbao,Espanol,0.9080237432223223,0.5799169727552486,0.3281067704670737,0.5265783803593783,1,0,1,1,1
16352,SP1,2024/2025,2024-10-19,Osasuna,Betis,0.7366576572906774,0.7251804383596222,0.011477218931055244,0.5342097228350258,1,0,0,0,0
16353,SP1,2024/2025,2024-10-19,Girona,Sociedad,0.7325439802153384,0.6997662169554755,0.032777763259862924,0.512609529788794,0,0,0,0,1
16354,SP1,2024/2025,2024-10-19,Celta,Real Madrid,0.6339552989736419,0.8857757508776377,0.2518204519039958,0.5615422309712349,1,1,1,1,1
6535,I1,2024/2025,2024-10-20,Empoli,Napoli,0.5947789606980476,0.8599106068124222,0.26513164611437456,0.5114567370131199,0,1,1,1,0
6536,I1,2024/2025,2024-10-20,Lecce,Fiorentina,0.673223786768285,0.7499491674488198,0.0767253806805348,0.5048836183936171,0,0,0,0,1
6537,I1,2024/2025,2024-10-20,Venezia,Atalanta,0.6207059460809876,0.8824693513880522,0.26176340530706455,0.5477539736407964,0,1,1,1,0
6538,I1,2024/2025,2024-10-20,Cagliari,Torino,0.7122451060432968,0.7437668243835254,0.031521718340228544,0.5297442807045302,1,0,0,0,0
6539,I1,2024/2025,2024-10-20,Roma,Inter,0.643975324820355,0.8477291771559171,0.2037538523355621,0.545916672218674,0,1,1,1,0
8812,D1,2024/2025,2024-10-20,Holstein Kiel,Union Berlin,0.687390608674107,0.8138872682098882,0.12649665953578126,0.5594584646869012,0,0,0,0,1
8813,D1,2024/2025,2024-10-20,Wolfsburg,Werder Bremen,0.8183114115337219,0.6967132563420718,0.12159815519165007,0.5701284082315367,1,0,0,0,0
11340,E0,2024/2025,2024-10-20,Wolves,Man City,0.6109836202603998,0.9353782463441597,0.3243946260837599,0.5715007872641787,1,0,1,1,1
11341,E0,2024/2025,2024-10-20,Liverpool,Chelsea,0.8817002701561847,0.6167632527167918,0.2649370174393929,0.5438003265428025,1,1,1,1,1
13815,F1,2024/2025,2024-10-20,Le Havre,Lyon,0.6717797280219567,0.8291973797346307,0.15741765171267397,0.5570379902346494,0,0,0,0,1
13816,F1,2024/2025,2024-10-20,Auxerre,Reims,0.7641566059032905,0.7752575473154611,0.011100941412170662,0.5924181760574925,1,0,0,0,0
13817,F1,2024/2025,2024-10-20,Nantes,Nice,0.7023612607272199,0.7950769354463709,0.09271567471915099,0.5584312387552476,1,0,0,0,0
13818,F1,2024/2025,2024-10-20,Toulouse,Angers,0.8764299321523016,0.5584303902588439,0.3179995418934577,0.48942510904634184,1,0,1,1,1
13819,F1,2024/2025,2024-10-20,Montpellier,Marseille,0.6698584329563861,0.8760444735245313,0.20618604056814516,0.5868257782352448,0,1,1,1,0
16355,SP1,2024/2025,2024-10-20,Mallorca,Vallecano,0.7806037641349319,0.6107371778206869,0.169866586314245,0.4767437399039735,0,0,0,0,1
16356,SP1,2024/2025,2024-10-20,Ath Madrid,Leganes,0.9171066042766244,0.4870242068619787,0.43008239741464566,0.44665311655570555,1,0,0,0,0
16357,SP1,2024/2025,2024-10-20,Villarreal,Getafe,0.8529566264853193,0.629928042953721,0.22302858353159838,0.5373012984463051,1,1,1,1,1
16358,SP1,2024/2025,2024-10-20,Barcelona,Sevilla,0.9398804011937634,0.585721733173841,0.35415866801992235,0.5505083775633361,1,0,1,1,1
6540,I1,2024/2025,2024-10-21,Verona,Monza,0.7560554186813385,0.6724586556601352,0.08359676302120334,0.5084160104510136,0,0,0,0,1
11342,E0,2024/2025,2024-10-21,Nott'm Forest,Crystal Palace,0.7433072617286076,0.6684399489820417,0.07486731274656588,0.4968562681078516,0,0,0,0,1
16359,SP1,2024/2025,2024-10-21,Valencia,Las Palmas,0.8548059501208007,0.571615518094773,0.2831904320260278,0.4886203460487962,1,1,1,1,1
6541,I1,2024/2025,2024-10-25,Udinese,Cagliari,0.771449830191231,0.6682262400845105,0.10322359010672055,0.5155030194425204,0,0,0,0,1
6542,I1,2024/2025,2024-10-25,Torino,Como,0.7402896636830982,0.7306798128208984,0.009609850862199787,0.540914712893212,0,0,0,0,1
8814,D1,2024/2025,2024-10-25,Mainz,M'gladbach,0.7836502370525236,0.7412026149459152,0.04244762210660835,0.5808436049063168,1,0,0,0,0
11343,E0,2024/2025,2024-10-25,Leicester,Nott'm Forest,0.6947651900659113,0.7671844706432618,0.07241928057735048,0.5330130645620813,1,0,0,0,0
13820,F1,2024/2025,2024-10-25,Rennes,Le Havre,0.8962112804623987,0.5565885284314075,0.33962275203099124,0.4988209177561939,0,0,1,1,0
16360,SP1,2024/2025,2024-10-25,Espanol,Sevilla,0.6885895642333484,0.7669400549692161,0.07835049073586775,0.5281069182443527,0,0,0,0,1
6543,I1,2024/2025,2024-10-26,Napoli,Lecce,0.9273635554305634,0.49479934299289496,0.4325642124376684,0.4588588779425979,0,0,0,0,1
6544,I1,2024/2025,2024-10-26,Atalanta,Verona,0.9247392011021,0.6219483516340857,0.30279084946801427,0.5751400218168723,1,0,1,1,1
8815,D1,2024/2025,2024-10-26,Augsburg,Dortmund,0.6940492577287793,0.8638530692046281,0.16980381147584878,0.5995565814682,1,0,0,0,0
8816,D1,2024/2025,2024-10-26,RB Leipzig,Freiburg,0.8630354398042559,0.6173659453720893,0.24566949443216657,0.5328086901843714,1,1,1,1,1
8817,D1,2024/2025,2024-10-26,St Pauli,Wolfsburg,0.7482762820918061,0.7601115210516409,0.011835238959834848,0.5687734229476694,0,0,0,0,1
8818,D1,2024/2025,2024-10-26,Stuttgart,Holstein Kiel,0.948408297395009,0.5682288052925978,0.3801794921024112,0.5389129137583527,1,0,1,1,1
8819,D1,2024/2025,2024-10-26,Werder Bremen,Leverkusen,0.640151885415633,0.914790453455843,0.27463856804021003,0.5856048335399797,1,1,1,1,1
11344,E0,2024/2025,2024-10-26,Aston Villa,Bournemouth,0.8461325759278024,0.6826418103205958,0.16349076560720666,0.5776054734025841,1,0,0,0,0
11345,E0,2024/2025,2024-10-26,Brentford,Ipswich,0.879281498128883,0.6261727081064692,0.2531087900224138,0.550582076871276,1,1,1,1,1
11346,E0,2024/2025,2024-10-26,Brighton,Wolves,0.8778111047943049,0.6622140563993963,0.21559704839490856,0.5812988524582723,1,1,1,1,1
11347,E0,2024/2025,2024-10-26,Man City,Southampton,0.963571883029096,0.5436671758421519,0.41990470718694417,0.5238624043673329,0,0,1,1,0
11348,E0,2024/2025,2024-10-26,Everton,Fulham,0.7219489874543235,0.7467422221812726,0.024793234726949165,0.5391097911931612,1,0,0,0,0
13821,F1,2024/2025,2024-10-26,Angers,St Etienne,0.7436928941117626,0.6742326670652216,0.06946022704654109,0.5014220434744271,1,0,0,0,0
13822,F1,2024/2025,2024-10-26,Reims,Brest,0.794099322534796,0.7078401306246037,0.08625919191019227,0.5620953681919393,1,0,0,0,0
13823,F1,2024/2025,2024-10-26,Lens,Lille,0.7566742118199041,0.6778148441761638,0.07885936764374035,0.5128850129768299,0,0,0,0,1
16361,SP1,2024/2025,2024-10-26,Valladolid,Villarreal,0.6746985366898945,0.8148048062420606,0.1401062695521661,0.5497476104594113,1,0,0,0,0
16362,SP1,2024/2025,2024-10-26,Vallecano,Alaves,0.7548079083991261,0.6497776759305518,0.10503023246857435,0.49045732849358503,0,0,0,0,1
16363,SP1,2024/2025,2024-10-26,Las Palmas,Girona,0.711993839109464,0.7481998845694253,0.03620604545996131,0.532713708235843,0,0,0,0,1
16364,SP1,2024/2025,2024-10-26,Real Madrid,Barcelona,0.8426150526699927,0.7604959835962639,0.08211906907372879,0.6408053632732839,0,0,0,0,1
6545,I1,2024/2025,2024-10-27,Parma,Empoli,0.7908992369543394,0.678346214544317,0.11255302241002241,0.5365035034739649,1,0,0,0,0
6546,I1,2024/2025,2024-10-27,Lazio,Genoa,0.8853195172517069,0.5677904064301675,0.31752911082153934,0.5026759285209064,0,0,1,1,0
6547,I1,2024/2025,2024-10-27,Monza,Venezia,0.7789723785609086,0.6620624574128934,0.11690992114801524,0.5157283672068018,1,0,0,0,0
6548,I1,2024/2025,2024-10-27,Inter,Juventus,0.8417581919662545,0.590234036645444,0.2515241553208104,0.49683433552361295,1,1,1,1,1
6549,I1,2024/2025,2024-10-27,Fiorentina,Roma,0.7483957690940255,0.7321273648332378,0.016268404260787683,0.5479210222791532,1,0,0,0,0
8820,D1,2024/2025,2024-10-27,Bochum,Bayern Munich,0.6303863246391561,0.9680647474316078,0.33767842279245164,0.6102547781461442,0,0,1,1,0
8821,D1,2024/2025,2024-10-27,Union Berlin,Ein Frankfurt,0.7386910588399238,0.7308015711358156,0.007889487704108245,0.5398365863841955,1,0,0,0,0
8822,D1,2024/2025,2024-10-27,Heidenheim,Hoffenheim,0.7916857993509953,0.743659696287756,0.04802610306323929,0.5887448211006905,0,0,0,0,1
11349,E0,2024/2025,2024-10-27,Chelsea,Newcastle,0.8580191758960306,0.6450944923094265,0.2129246835866041,0.5535034446664023,1,1,1,1,1
11350,E0,2024/2025,2024-10-27,Crystal Palace,Tottenham,0.6768423678211091,0.8559068392520386,0.17906447143092952,0.5793140117136312,0,0,0,0,1
11351,E0,2024/2025,2024-10-27,West Ham,Man United,0.7236362464061298,0.7775964466731763,0.05396020026704651,0.5626969738893216,1,0,0,0,0
11352,E0,2024/2025,2024-10-27,Arsenal,Liverpool,0.7634853857956501,0.7404745856164174,0.023010800179232627,0.5653415246712246,1,0,0,0,0
13824,F1,2024/2025,2024-10-27,Lyon,Auxerre,0.9058120567913227,0.6231080847307454,0.2827039720605773,0.5644188158332583,1,1,1,1,1
13825,F1,2024/2025,2024-10-27,Montpellier,Toulouse,0.7024787435549443,0.8212053043573512,0.11872656080240684,0.5768792704056077,0,0,0,0,1
13826,F1,2024/2025,2024-10-27,Nice,Monaco,0.7166537878148365,0.7928500053925895,0.07619621757775308,0.5681989595336128,1,0,0,0,0
13827,F1,2024/2025,2024-10-27,Strasbourg,Nantes,0.8318953530528407,0.650609400578275,0.1812859524745657,0.5412389369935611,1,0,0,0,0
13828,F1,2024/2025,2024-10-27,Marseille,Paris SG,0.6927542574490217,0.8407607622037434,0.14800650475472166,0.5824405975127278,0,0,0,0,1
16365,SP1,2024/2025,2024-10-27,Leganes,Celta,0.6590815179545333,0.7541868219041946,0.09510530394966132,0.49707059540192183,0,0,0,0,1
16366,SP1,2024/2025,2024-10-27,Getafe,Valencia,0.7549254804864723,0.595689033067986,0.1592364474184863,0.44970082950937146,1,0,0,0,0
16367,SP1,2024/2025,2024-10-27,Betis,Ath Madrid,0.6681060702034273,0.7384956030370019,0.07038953283357463,0.49339339520756154,0,0,0,0,1
16368,SP1,2024/2025,2024-10-27,Sociedad,Osasuna,0.8381995476106704,0.5870246350976527,0.2511749125130177,0.49204378357517137,0,1,1,1,0
16369,SP1,2024/2025,2024-10-28,Mallorca,Ath Bilbao,0.6806730601809287,0.7439173402502943,0.06324428006936567,0.506364492509825,0,0,0,0,1
6550,I1,2024/2025,2024-10-29,Cagliari,Bologna,0.6793230309636726,0.7456796720428882,0.06635664107921557,0.5065573749401722,0,0,0,0,1
6551,I1,2024/2025,2024-10-29,Lecce,Verona,0.7613464653149501,0.694270515399635,0.06707594991531507,0.5285804028719008,0,0,0,0,1
6552,I1,2024/2025,2024-10-29,Milan,Napoli,0.7582609565440305,0.7182964994163111,0.039964457127719344,0.5446561907296407,0,0,0,0,1
6553,I1,2024/2025,2024-10-30,Empoli,Inter,0.5785602770903268,0.9002792359245871,0.3217189588342604,0.5208658041951968,0,0,1,1,0
6554,I1,2024/2025,2024-10-30,Venezia,Udinese,0.7230730351969782,0.7373565181698541,0.01428348297287596,0.5331626156153523,1,0,0,0,0
6555,I1,2024/2025,2024-10-30,Atalanta,Monza,0.9408906505302121,0.5910450994041876,0.34984555112602456,0.5561088080711,0,0,1,1,0
6556,I1,2024/2025,2024-10-30,Juventus,Parma,0.9131157971159587,0.541346949186788,0.37176884792917064,0.4943124510229864,1,0,1,1,1
6557,I1,2024/2025,2024-10-31,Genoa,Fiorentina,0.6595252400560372,0.8763103735592107,0.21678513350317352,0.5779488094852341,0,0,1,1,0
6558,I1,2024/2025,2024-10-31,Como,Lazio,0.7230831040698136,0.7858195901638435,0.06273648609402993,0.5682128684945407,1,0,0,0,0
6559,I1,2024/2025,2024-10-31,Roma,Torino,0.8677650308815351,0.6481267852720449,0.2196382456094902,0.5624217598367461,0,1,1,1,0
8823,D1,2024/2025,2024-11-01,Leverkusen,Stuttgart,0.9008822996181068,0.6495037289907774,0.2513785706273295,0.5851264129837471,0,1,1,1,0
13829,F1,2024/2025,2024-11-01,Monaco,Angers,0.9476241495093751,0.5235916584192891,0.424032491090086,0.4961680999997821,0,0,1,1,0
13830,F1,2024/2025,2024-11-01,Lille,Lyon,0.8053508143241331,0.7299073514193603,0.07544346290477288,0.587831479846753,1,0,0,0,0
16370,SP1,2024/2025,2024-11-01,Alaves,Mallorca,0.7640188567107267,0.6653123753155368,0.0987064813951899,0.5083112003440743,0,0,0,0,1
6560,I1,2024/2025,2024-11-02,Bologna,Lecce,0.8531381834580064,0.5533166599316658,0.2998215235263406,0.47205557013115285,0,0,1,1,0
6561,I1,2024/2025,2024-11-02,Udinese,Juventus,0.6288774421107651,0.8117415392506055,0.18286409713984042,0.5104859428589761,0,0,0,0,1
6562,I1,2024/2025,2024-11-02,Monza,Milan,0.6166219601448613,0.8639319395417699,0.24730997939690869,0.532719405991998,0,1,1,1,0
8824,D1,2024/2025,2024-11-02,Bayern Munich,Union Berlin,0.9631857099868909,0.5685917457959505,0.3945939641909404,0.5476594443671584,0,0,1,1,0
8825,D1,2024/2025,2024-11-02,Ein Frankfurt,Bochum,0.9322807139583464,0.5913557296634635,0.34092498429488294,0.5513095418540127,1,0,1,1,1
8826,D1,2024/2025,2024-11-02,Hoffenheim,St Pauli,0.8414531553612363,0.6585191881256629,0.18293396723557342,0.5541130487142586,0,0,0,0,1
8827,D1,2024/2025,2024-11-02,Holstein Kiel,Heidenheim,0.7349117788572933,0.7738895737489953,0.038977794891701945,0.5687405632829866,0,0,0,0,1
8828,D1,2024/2025,2024-11-02,Wolfsburg,Augsburg,0.8353293795080943,0.7138266694883693,0.12150271001972501,0.596280388900049,1,0,0,0,0
8829,D1,2024/2025,2024-11-02,Dortmund,RB Leipzig,0.8145290379446384,0.7537023600415566,0.06082667790308183,0.6139124582212525,1,0,0,0,0
11353,E0,2024/2025,2024-11-02,Newcastle,Arsenal,0.6679101676693455,0.8181458390506896,0.15023567138134408,0.5464479245383235,0,0,0,0,1
11354,E0,2024/2025,2024-11-02,Bournemouth,Man City,0.617302716225763,0.8757284091499927,0.2584256929242297,0.5405895256443569,1,1,1,1,1
11355,E0,2024/2025,2024-11-02,Ipswich,Leicester,0.7993533107048174,0.7319471781844041,0.06740613252041328,0.5850844001427523,1,0,0,0,0
11356,E0,2024/2025,2024-11-02,Liverpool,Brighton,0.9202099460381368,0.5823284255427176,0.3378815204954192,0.5358644090451373,1,0,1,1,1
11357,E0,2024/2025,2024-11-02,Nott'm Forest,West Ham,0.7944768459147988,0.6763654375182987,0.11811140839650014,0.5373566794853208,0,0,0,0,1
11358,E0,2024/2025,2024-11-02,Southampton,Everton,0.7486421052422035,0.730568627594872,0.01807347764733158,0.5469344353865323,0,0,0,0,1
11359,E0,2024/2025,2024-11-02,Wolves,Crystal Palace,0.7653953171713698,0.7493214788423372,0.01607383832903253,0.5735271509618506,1,0,0,0,0
13831,F1,2024/2025,2024-11-02,Paris SG,Lens,0.9130044353730039,0.5723619669713125,0.34064246840169143,0.522569014483625,0,0,1,1,0
13832,F1,2024/2025,2024-11-02,Brest,Nice,0.7243611714822308,0.73301639898091,0.008655227498679197,0.5309686174814983,0,0,0,0,1
13833,F1,2024/2025,2024-11-02,St Etienne,Strasbourg,0.6862986895897412,0.8521065445252146,0.16580785493547345,0.5847996048984972,0,0,0,0,1
16371,SP1,2024/2025,2024-11-02,Osasuna,Valladolid,0.8747669809895221,0.608412124793333,0.26635485619618915,0.5322188376028842,0,1,1,1,0
16372,SP1,2024/2025,2024-11-02,Girona,Leganes,0.8489046137449588,0.5488870460256238,0.3000175677193351,0.4659527457959936,1,0,1,1,1
6563,I1,2024/2025,2024-11-03,Napoli,Atalanta,0.8079324930214346,0.7008137074030117,0.10711878561842281,0.5662101657657095,0,0,0,0,1
6564,I1,2024/2025,2024-11-03,Torino,Fiorentina,0.7165687337223647,0.8124956167896374,0.0959268830672727,0.5822089552779222,0,0,0,0,1
6565,I1,2024/2025,2024-11-03,Verona,Roma,0.6169884813059676,0.8500507775558055,0.23306229624983787,0.5244715382771133,1,1,1,1,1
6566,I1,2024/2025,2024-11-03,Inter,Venezia,0.9573832545151705,0.5810954450186158,0.3762878094965547,0.5563310483358637,0,0,1,1,0
8830,D1,2024/2025,2024-11-03,Freiburg,Mainz,0.8642893372417096,0.6310282101693692,0.23326112707234048,0.5453909535481063,0,1,1,1,0
8831,D1,2024/2025,2024-11-03,M'gladbach,Werder Bremen,0.8068995356700975,0.7064623940973482,0.1004371415727493,0.5700441777655357,1,0,0,0,0
11360,E0,2024/2025,2024-11-03,Tottenham,Aston Villa,0.8475013482582578,0.6919583809478334,0.1555429673104245,0.5864356607918899,1,0,0,0,0
11361,E0,2024/2025,2024-11-03,Man United,Chelsea,0.7552994335983316,0.7561761406470879,0.0008767070487563089,0.5711394107313179,1,0,0,0,0
13834,F1,2024/2025,2024-11-03,Toulouse,Reims,0.8150276628280528,0.6905468404044974,0.1244808224235554,0.562814777408174,0,0,0,0,1
13835,F1,2024/2025,2024-11-03,Auxerre,Rennes,0.6793765610413999,0.8141560279809562,0.13477946693955634,0.5531185224408277,0,0,0,0,1
13836,F1,2024/2025,2024-11-03,Le Havre,Montpellier,0.7772583647036573,0.6922678890038035,0.08499047569985374,0.5380710073439493,0,0,0,0,1
13837,F1,2024/2025,2024-11-03,Nantes,Marseille,0.6631009963062411,0.8272643073391043,0.1641633110328632,0.5485597864051525,1,0,0,0,0
16373,SP1,2024/2025,2024-11-03,Ath Madrid,Las Palmas,0.9364669575139658,0.5217251566014193,0.41474180091254653,0.48857837006102844,0,0,1,1,0
16374,SP1,2024/2025,2024-11-03,Barcelona,Espanol,0.9664424374150368,0.5702012261798793,0.39624121123515743,0.5510666628463252,1,0,1,1,1
16375,SP1,2024/2025,2024-11-03,Sevilla,Sociedad,0.6774361459418401,0.7249597773064231,0.04752363136458304,0.491113957501318,0,0,0,0,1
16376,SP1,2024/2025,2024-11-03,Ath Bilbao,Betis,0.8255789427570611,0.6318152837342422,0.1937636590228189,0.5216133939630683,1,1,0,0,0
6567,I1,2024/2025,2024-11-04,Empoli,Como,0.7032493855951637,0.7079182778550973,0.00466889225993361,0.49784309395318355,0,0,0,0,1
6568,I1,2024/2025,2024-11-04,Parma,Genoa,0.8231002176838588,0.6235619166062907,0.1995383010775681,0.513253949298002,0,1,0,0,1
6569,I1,2024/2025,2024-11-04,Lazio,Cagliari,0.899042417810414,0.596578162140539,0.302464255669875,0.5363490733037235,1,0,1,1,1
11362,E0,2024/2025,2024-11-04,Fulham,Brentford,0.8261658773591627,0.7095721870894511,0.11659369026971156,0.5862243284964164,1,0,0,0,0
16377,SP1,2024/2025,2024-11-04,Celta,Getafe,0.8029513344608991,0.5899370685638889,0.2130142658970101,0.4736907564513255,0,1,1,1,0
6570,I1,2024/2025,2024-11-07,Genoa,Como,0.6685840041453112,0.7529710122823188,0.08438700813700761,0.503424374397061,1,0,0,0,0
6571,I1,2024/2025,2024-11-08,Lecce,Empoli,0.7199584667116515,0.646440135412551,0.07351833129910057,0.4654100487124926,1,0,0,0,0
8832,D1,2024/2025,2024-11-08,Union Berlin,Freiburg,0.7313390874873802,0.6841121386666917,0.04722694882068845,0.5003179472315384,0,0,0,0,1
13838,F1,2024/2025,2024-11-08,Marseille,Auxerre,0.9262886918405275,0.6044822227584129,0.32180646908211463,0.5599250473597447,1,0,1,1,1
16378,SP1,2024/2025,2024-11-08,Vallecano,Las Palmas,0.816575676541407,0.5958960959956977,0.22067958054570924,0.48659425773607,1,1,1,1,1
6572,I1,2024/2025,2024-11-09,Venezia,Parma,0.7369443402299642,0.7109520400443236,0.025992300185640693,0.5239320820856112,1,0,0,0,0
6573,I1,2024/2025,2024-11-09,Cagliari,Milan,0.6127544834138774,0.8820132952313556,0.26925881181747824,0.540457601083661,1,1,1,1,1
6574,I1,2024/2025,2024-11-09,Juventus,Torino,0.883608593611454,0.609451582829187,0.27415701078226706,0.5385166559779725,0,1,1,1,0
8833,D1,2024/2025,2024-11-09,Bochum,Leverkusen,0.5918445658428811,0.9451947723768558,0.35335020653397464,0.559408389694341,1,0,1,1,1
8834,D1,2024/2025,2024-11-09,Mainz,Dortmund,0.6862618847044242,0.8153428553026824,0.12908097059825818,0.5595387245603054,1,0,0,0,0
8835,D1,2024/2025,2024-11-09,St Pauli,Bayern Munich,0.5903420144318882,0.9484397484649819,0.35809773403309375,0.5599038316760907,0,0,1,1,0
8836,D1,2024/2025,2024-11-09,Werder Bremen,Holstein Kiel,0.8855541546539453,0.6656285740694701,0.2199255805844752,0.5894501492236006,1,1,1,1,1
8837,D1,2024/2025,2024-11-09,RB Leipzig,M'gladbach,0.8949824802103008,0.6371173357902107,0.2578651444200901,0.5702088533705018,0,1,1,1,0
11363,E0,2024/2025,2024-11-09,Brentford,Bournemouth,0.7806915364311467,0.7752228702327206,0.00546866619842612,0.6052099336385461,1,0,0,0,0
11364,E0,2024/2025,2024-11-09,Crystal Palace,Fulham,0.7332582376380438,0.7353278346657558,0.0020695970277120335,0.5391851921332109,0,0,0,0,1
11365,E0,2024/2025,2024-11-09,West Ham,Everton,0.7920728756145671,0.6885940416504984,0.10347883396406865,0.5454166627011673,0,0,0,0,1
11366,E0,2024/2025,2024-11-09,Wolves,Southampton,0.8430098750375928,0.7166766181462056,0.1263332568913872,0.6041654663057975,0,0,0,0,1
11367,E0,2024/2025,2024-11-09,Brighton,Man City,0.6619050821108788,0.870628142609878,0.20872306049899914,0.5762731922222332,1,1,1,1,1
11368,E0,2024/2025,2024-11-09,Liverpool,Aston Villa,0.9103116998558476,0.5720348479878246,0.33827685186802303,0.520730014848578,0,0,1,1,0
13839,F1,2024/2025,2024-11-09,Strasbourg,Monaco,0.6809217938767738,0.8240446484897028,0.14312285461292906,0.5611099602841639,1,0,0,0,0
13840,F1,2024/2025,2024-11-09,Lens,Nantes,0.8689209793800601,0.5620332400744159,0.30688773930564417,0.4883624734096099,1,0,1,1,1
13841,F1,2024/2025,2024-11-09,Angers,Paris SG,0.579715422229416,0.9444005912355382,0.36468516900612225,0.5474835875018201,1,0,1,1,1
16379,SP1,2024/2025,2024-11-09,Real Madrid,Osasuna,0.9523777822491732,0.5554594322462518,0.3969183500029214,0.5290072222120702,0,0,1,1,0
16380,SP1,2024/2025,2024-11-09,Villarreal,Alaves,0.8705267765977454,0.6141079355152965,0.25641884108244883,0.5345974015872271,0,1,1,1,0
16381,SP1,2024/2025,2024-11-09,Leganes,Sevilla,0.7019286976612632,0.7306706912774485,0.028741993616185346,0.5128787267476344,0,0,0,0,1
6575,I1,2024/2025,2024-11-10,Atalanta,Udinese,0.9278144873970485,0.6044996098260039,0.3233148775710446,0.5608634956224297,1,0,1,1,1
6576,I1,2024/2025,2024-11-10,Fiorentina,Verona,0.9095558260342878,0.5840637463109345,0.32549207972335326,0.5312385832325227,1,0,1,1,1
6577,I1,2024/2025,2024-11-10,Roma,Bologna,0.7916658027085202,0.6438851073413193,0.14778069536720084,0.5097418203554273,1,0,0,0,0
6578,I1,2024/2025,2024-11-10,Monza,Lazio,0.6439917916310524,0.8526761906677746,0.2086843990367222,0.5491164677092809,0,1,1,1,0
6579,I1,2024/2025,2024-11-10,Inter,Napoli,0.8386061289360207,0.6641238100167753,0.17448231891924537,0.5569382974524092,1,0,0,0,0
8838,D1,2024/2025,2024-11-10,Augsburg,Hoffenheim,0.8004439389916688,0.7065672559118933,0.09387668307977548,0.5655674774846503,0,0,0,0,1
8839,D1,2024/2025,2024-11-10,Stuttgart,Ein Frankfurt,0.8445315501642441,0.7094330131829888,0.1350985369812553,0.5991385623611202,1,0,0,0,0
8840,D1,2024/2025,2024-11-10,Heidenheim,Wolfsburg,0.7081176146889322,0.7248601245383297,0.016742509849397513,0.5132862223712044,1,0,0,0,0
11369,E0,2024/2025,2024-11-10,Man United,Leicester,0.9210945731227934,0.5646949878463587,0.35639958527643467,0.5201374887749228,0,0,1,1,0
11370,E0,2024/2025,2024-11-10,Nott'm Forest,Newcastle,0.713889937282959,0.711238153914195,0.002651783368764038,0.5077457610910522,1,0,0,0,0
11371,E0,2024/2025,2024-11-10,Tottenham,Ipswich,0.947529278306239,0.581134957911709,0.36639432039453,0.5506423872686083,1,0,1,1,1
11372,E0,2024/2025,2024-11-10,Chelsea,Arsenal,0.7369453010298161,0.7743754602299414,0.03743015920012527,0.5706723566492566,1,0,0,0,0
13842,F1,2024/2025,2024-11-10,Nice,Lille,0.7290047883293274,0.6877676596406735,0.04123712868865381,0.501385917136106,1,0,0,0,0
13843,F1,2024/2025,2024-11-10,Le Havre,Reims,0.6709491831339854,0.7931321808219688,0.12218299768798335,0.5321513888397764,0,0,0,0,1
13844,F1,2024/2025,2024-11-10,Montpellier,Brest,0.689140920462893,0.8021620046542656,0.11302108419137258,0.5528026622478001,1,0,0,0,0
13845,F1,2024/2025,2024-11-10,Rennes,Toulouse,0.7861285883963781,0.6908987906868702,0.0952297977095079,0.543135291047434,0,0,0,0,1
13846,F1,2024/2025,2024-11-10,Lyon,St Etienne,0.9289282672251973,0.5901746207586236,0.3387536464665737,0.5482298878215962,0,0,1,1,0
16382,SP1,2024/2025,2024-11-10,Betis,Celta,0.7944545450366916,0.6235896064798874,0.17086493855680418,0.49541359710558847,1,0,0,0,0
16383,SP1,2024/2025,2024-11-10,Mallorca,Ath Madrid,0.6198137663797704,0.7579205095334411,0.13810674315367077,0.4697695656303968,0,0,0,0,1
16384,SP1,2024/2025,2024-11-10,Getafe,Girona,0.7373342699842867,0.6759914188274867,0.06134285115680005,0.4984316393168071,0,0,0,0,1
16385,SP1,2024/2025,2024-11-10,Valladolid,Ath Bilbao,0.6202140392643694,0.8325439461200274,0.212329906855658,0.5163554436881996,1,1,1,1,1
16386,SP1,2024/2025,2024-11-10,Sociedad,Barcelona,0.6474749051359512,0.8893473235701117,0.24187241843416052,0.5758300739614701,0,1,1,1,0
8841,D1,2024/2025,2024-11-22,Bayern Munich,Augsburg,0.9664409664253052,0.5350179020142127,0.43142306441109246,0.5170632182774549,0,0,1,1,0
13847,F1,2024/2025,2024-11-22,Monaco,Brest,0.894889002997109,0.5746793777379451,0.32020962525916397,0.5142742553869087,1,0,1,1,1
13848,F1,2024/2025,2024-11-22,Paris SG,Toulouse,0.92970771030415,0.5992673907575247,0.33044031954662534,0.5571435137211206,0,0,1,1,0
16387,SP1,2024/2025,2024-11-22,Getafe,Valladolid,0.857063518730975,0.5483190774327065,0.3087444412982685,0.4699442778917973,0,0,1,1,0
6580,I1,2024/2025,2024-11-23,Verona,Inter,0.5940103868377515,0.9254296357291334,0.33141924889138186,0.549714815910582,0,0,1,1,0
6581,I1,2024/2025,2024-11-23,Milan,Juventus,0.7870373165875756,0.6694670373874335,0.11757027920014207,0.5268955406492398,0,0,0,0,1
6582,I1,2024/2025,2024-11-23,Parma,Atalanta,0.653614998422426,0.8920316643264674,0.23841666590404142,0.583045274871498,1,1,1,1,1
8842,D1,2024/2025,2024-11-23,Dortmund,Freiburg,0.8725015324562967,0.6216076842149614,0.2508938482413353,0.5423536570641635,0,1,1,1,0
8843,D1,2024/2025,2024-11-23,Hoffenheim,RB Leipzig,0.674649342538081,0.7904051742567586,0.11575583171867765,0.5332463311510195,1,0,0,0,0
8844,D1,2024/2025,2024-11-23,Leverkusen,Heidenheim,0.950107227057049,0.5371463255016509,0.4129609015553981,0.5103466058462566,1,0,1,1,1
8845,D1,2024/2025,2024-11-23,Stuttgart,Bochum,0.9289952305831017,0.551894229591701,0.37710100099140076,0.5127071070770255,0,0,1,1,0
8846,D1,2024/2025,2024-11-23,Wolfsburg,Union Berlin,0.7679779287392784,0.6804834195805686,0.08749450915870982,0.5225962471109064,0,0,0,0,1
8847,D1,2024/2025,2024-11-23,Ein Frankfurt,Werder Bremen,0.886750330172159,0.6943241755387415,0.1924261546334175,0.6156921919054911,0,0,0,0,1
11373,E0,2024/2025,2024-11-23,Leicester,Chelsea,0.5772441098409401,0.9003722312446645,0.3231281214037244,0.5197345671503274,1,0,1,1,1
11374,E0,2024/2025,2024-11-23,Arsenal,Nott'm Forest,0.9265794485810313,0.558721341795267,0.36785810678576425,0.5176997127911124,0,0,1,1,0
11375,E0,2024/2025,2024-11-23,Aston Villa,Crystal Palace,0.8738089159747996,0.5953512281517412,0.27845768782305835,0.5202232112955386,1,1,1,1,1
11376,E0,2024/2025,2024-11-23,Bournemouth,Brighton,0.7752875589162189,0.7267776821482099,0.048509876768009,0.5634616950674733,1,0,0,0,0
11377,E0,2024/2025,2024-11-23,Everton,Brentford,0.7596853253536026,0.7164165481923055,0.04326877716129707,0.5442511385021764,0,0,0,0,1
11378,E0,2024/2025,2024-11-23,Fulham,Wolves,0.8796478412420362,0.6311088019666731,0.24853903927536314,0.5551534952388317,1,1,1,1,1
11379,E0,2024/2025,2024-11-23,Man City,Tottenham,0.9131092768978788,0.6561095132308854,0.2569997636669934,0.599099683192073,0,1,1,1,0
13849,F1,2024/2025,2024-11-23,Lens,Marseille,0.7798203365629554,0.7216740764482739,0.05814626011468149,0.5627761211846529,1,0,0,0,0
13850,F1,2024/2025,2024-11-23,St Etienne,Montpellier,0.7648807053898397,0.7201397083159656,0.04474099707387402,0.5508209680759492,0,0,0,0,1
13851,F1,2024/2025,2024-11-23,Reims,Lyon,0.750098832304504,0.7843188115093875,0.03421997920488351,0.588316624667648,1,0,0,0,0
16388,SP1,2024/2025,2024-11-23,Valencia,Betis,0.6834482973144258,0.7103980792333243,0.02694978191889852,0.48552035766745405,1,0,0,0,0
16389,SP1,2024/2025,2024-11-23,Ath Madrid,Alaves,0.9170950766294605,0.5248989142476345,0.3921961623818261,0.481382209984655,1,0,1,1,1
16390,SP1,2024/2025,2024-11-23,Girona,Espanol,0.8626932020453136,0.6060558090064927,0.25663739303882094,0.5228402264899742,1,1,1,1,1
16391,SP1,2024/2025,2024-11-23,Las Palmas,Mallorca,0.6703250804391007,0.718791057757363,0.0484659773182623,0.4818236736101106,1,0,0,0,0
16392,SP1,2024/2025,2024-11-23,Celta,Barcelona,0.6654858609059534,0.8955014203583765,0.23001555945242314,0.5959435336696983,1,1,1,1,1
6583,I1,2024/2025,2024-11-24,Genoa,Cagliari,0.7192136716709103,0.7121968132542001,0.007016858416710181,0.5122216850128749,1,0,0,0,0
6584,I1,2024/2025,2024-11-24,Como,Fiorentina,0.7125632840310815,0.8022406698212677,0.08967738579018625,0.571647246271137,0,0,0,0,1
6585,I1,2024/2025,2024-11-24,Torino,Monza,0.7869224777363855,0.6152798803018499,0.17164259743453558,0.4841775679084784,1,0,0,0,0
6586,I1,2024/2025,2024-11-24,Napoli,Roma,0.8357325055564614,0.6029252643426927,0.23280724121376872,0.5038842418324103,0,1,1,1,0
6587,I1,2024/2025,2024-11-24,Lazio,Bologna,0.8284444278940348,0.6203225944449482,0.20812183344908664,0.5139027968646885,0,1,1,1,0
8848,D1,2024/2025,2024-11-24,Holstein Kiel,Mainz,0.7021038939168811,0.7751234802108232,0.07301958629394212,0.5442172137224235,0,0,0,0,1
8849,D1,2024/2025,2024-11-24,M'gladbach,St Pauli,0.8423834390112735,0.6375268568016612,0.20485658220961234,0.5370420660946311,0,1,1,1,0
11380,E0,2024/2025,2024-11-24,Southampton,Liverpool,0.5775314810133017,0.9312176062452242,0.35368612523192255,0.5378074832804659,1,0,1,1,1
11381,E0,2024/2025,2024-11-24,Ipswich,Man United,0.6298799138746052,0.8846674664367615,0.25478755256215635,0.5572342675668526,1,1,1,1,1
13852,F1,2024/2025,2024-11-24,Lille,Rennes,0.8061068143825855,0.6194117672614546,0.18669504712113083,0.49931204649821864,0,0,0,0,1
13853,F1,2024/2025,2024-11-24,Auxerre,Angers,0.8520957982545546,0.6555396287939291,0.19655616946062549,0.5585825632846575,0,1,0,0,1
13854,F1,2024/2025,2024-11-24,Nantes,Le Havre,0.8212029746500361,0.6135039591438198,0.20769901550621628,0.5038112762084791,0,1,1,1,0
13855,F1,2024/2025,2024-11-24,Nice,Strasbourg,0.8366375569764686,0.6372467164830717,0.19939084049339684,0.5331445360696735,1,1,0,0,0
16393,SP1,2024/2025,2024-11-24,Osasuna,Villarreal,0.7416237817134264,0.7390617249320817,0.0025620567813446904,0.5481057513637785,1,0,0,0,0
16394,SP1,2024/2025,2024-11-24,Sevilla,Vallecano,0.7551235161711257,0.6730355555670353,0.0820879606040904,0.5082249752279667,0,0,0,0,1
16395,SP1,2024/2025,2024-11-24,Leganes,Real Madrid,0.5740156891573165,0.9154449167331918,0.34142922757587535,0.5254797447641654,0,0,1,1,0
16396,SP1,2024/2025,2024-11-24,Ath Bilbao,Sociedad,0.7671536709397623,0.6358008428522377,0.13135282808752458,0.4877569505806891,0,0,0,0,1
6588,I1,2024/2025,2024-11-25,Empoli,Udinese,0.6759278118946171,0.7075246079201277,0.031596796025510576,0.47823556009304885,1,0,0,0,0
6589,I1,2024/2025,2024-11-25,Venezia,Lecce,0.7566551507460405,0.6780829015739841,0.07857224917205641,0.5130749201087755,0,0,0,0,1
11382,E0,2024/2025,2024-11-25,Newcastle,West Ham,0.8969019236982423,0.5669761170026715,0.3299258066955708,0.5085219700306557,0,0,1,1,0
6590,I1,2024/2025,2024-11-29,Cagliari,Verona,0.8203565785210974,0.6467051270561852,0.17365145146491223,0.5305288053438637,0,0,0,0,1
8850,D1,2024/2025,2024-11-29,St Pauli,Holstein Kiel,0.8531805669870413,0.5856557503973591,0.2675248165896822,0.4996701051832399,1,1,1,1,1
11383,E0,2024/2025,2024-11-29,Brighton,Southampton,0.9195511465515697,0.5935080851591984,0.32604306139237127,0.5457610401957675,1,0,1,1,1
13856,F1,2024/2025,2024-11-29,Reims,Lens,0.695390840546386,0.775388367167535,0.079997526621149,0.5391979683945219,0,0,0,0,1
16397,SP1,2024/2025,2024-11-29,Mallorca,Valencia,0.7781323828046226,0.5746855132970015,0.20344686950762114,0.44718140782509336,1,1,1,1,1
6591,I1,2024/2025,2024-11-30,Como,Monza,0.7897710909779011,0.6311603267783602,0.1586107641995409,0.4984721798617141,1,0,0,0,0
6592,I1,2024/2025,2024-11-30,Milan,Empoli,0.913001120932067,0.5020196329083404,0.4109814880237266,0.45834448757521956,0,0,1,1,0
6593,I1,2024/2025,2024-11-30,Bologna,Venezia,0.8642857550877721,0.6203869587919586,0.24389879629581346,0.5361916111261145,0,1,1,1,0
8851,D1,2024/2025,2024-11-30,Augsburg,Bochum,0.8468227480059309,0.5964571421747434,0.2503656058311875,0.5050934762041804,0,1,1,1,0
8852,D1,2024/2025,2024-11-30,Freiburg,M'gladbach,0.8211723979961214,0.669672176714815,0.15150022128130636,0.549916307224187,1,0,0,0,0
8853,D1,2024/2025,2024-11-30,RB Leipzig,Wolfsburg,0.8740141215964258,0.626815151491473,0.24719897010495273,0.5478452940341504,1,1,1,1,1
8854,D1,2024/2025,2024-11-30,Union Berlin,Leverkusen,0.6128920891470265,0.8372063020133819,0.22431421286635533,0.5131171194880381,1,1,1,1,1
8855,D1,2024/2025,2024-11-30,Werder Bremen,Stuttgart,0.7207467280622095,0.8019726511897854,0.08122592312757593,0.5780191643404134,1,0,0,0,0
8856,D1,2024/2025,2024-11-30,Dortmund,Bayern Munich,0.6876901360034622,0.9016063908895211,0.21391625488605892,0.6200258215724055,1,1,1,1,1
11384,E0,2024/2025,2024-11-30,Brentford,Leicester,0.8777818615564061,0.6427710970366438,0.23501076451976233,0.5642128101114786,1,1,1,1,1
11385,E0,2024/2025,2024-11-30,Crystal Palace,Newcastle,0.7021293384830678,0.7836446277760233,0.08151528929295548,0.5502198841061892,1,0,0,0,0
11386,E0,2024/2025,2024-11-30,Nott'm Forest,Ipswich,0.8544494164097954,0.6232349065708933,0.23121450983890213,0.5325227022057132,0,1,1,1,0
11387,E0,2024/2025,2024-11-30,Wolves,Bournemouth,0.7435934006604346,0.7892197965979544,0.045626395937519826,0.5868586324208094,1,0,0,0,0
11388,E0,2024/2025,2024-11-30,West Ham,Arsenal,0.5673079589536931,0.9033633666053797,0.3360554076516866,0.5124852277024348,1,0,1,1,1
13857,F1,2024/2025,2024-11-30,Rennes,St Etienne,0.897952120062479,0.5740817893443405,0.32387033071813853,0.5154979598310121,0,0,1,1,0
13858,F1,2024/2025,2024-11-30,Brest,Strasbourg,0.7881541762666194,0.7198131447021866,0.06834103156443283,0.5673237361286368,1,0,0,0,0
13859,F1,2024/2025,2024-11-30,Paris SG,Nantes,0.9488006065588971,0.5779262697690255,0.3708743367898716,0.5483367953031721,1,0,1,1,1
16398,SP1,2024/2025,2024-11-30,Barcelona,Las Palmas,0.9642558381826242,0.5801938916754106,0.3840619465072136,0.5594553473259117,1,0,1,1,1
16399,SP1,2024/2025,2024-11-30,Alaves,Leganes,0.8380521223081145,0.6110828026177065,0.226969319690408,0.5121192396397596,1,1,1,1,1
16400,SP1,2024/2025,2024-11-30,Espanol,Celta,0.6762374094108731,0.791329716429145,0.11509230701827189,0.5351267574278857,1,0,0,0,0
16401,SP1,2024/2025,2024-11-30,Valladolid,Ath Madrid,0.5958784880672169,0.888739458130846,0.2928609700636291,0.5295807245966861,0,0,1,1,0
6594,I1,2024/2025,2024-12-01,Udinese,Genoa,0.804065207898846,0.6280298210573184,0.17603538684152753,0.5049769286351278,0,0,0,0,1
6595,I1,2024/2025,2024-12-01,Parma,Lazio,0.677828087288761,0.8657234745930917,0.18789538730433075,0.5868116869044157,1,0,0,0,0
6596,I1,2024/2025,2024-12-01,Torino,Napoli,0.5821094663426623,0.816767858827386,0.23465839248472375,0.4754483024278486,0,1,1,1,0
6597,I1,2024/2025,2024-12-01,Lecce,Juventus,0.5676590165194279,0.8385080389229375,0.2708490224035096,0.4759866487186288,1,1,1,1,1
8857,D1,2024/2025,2024-12-01,Mainz,Hoffenheim,0.8006479794213756,0.6607811413786067,0.1398668380427689,0.5290530856845317,0,0,0,0,1
8858,D1,2024/2025,2024-12-01,Heidenheim,Ein Frankfurt,0.6930619807241045,0.8496069272043404,0.15654494648023587,0.5888302598051602,0,0,0,0,1
11389,E0,2024/2025,2024-12-01,Chelsea,Aston Villa,0.8624726897733271,0.626849532900989,0.23562315687233815,0.5406406027242697,0,1,1,1,0
11390,E0,2024/2025,2024-12-01,Man United,Everton,0.8881445229139693,0.5595734604701088,0.3285710624438605,0.49698210408454363,0,0,1,1,0
11391,E0,2024/2025,2024-12-01,Tottenham,Fulham,0.8785448509474784,0.6670407401497768,0.2115041107977016,0.5860252076307813,1,1,1,1,1
11392,E0,2024/2025,2024-12-01,Liverpool,Man City,0.8016826217130354,0.7034630043373525,0.09821961737568285,0.5639540655952971,0,0,0,0,1
13860,F1,2024/2025,2024-12-01,Montpellier,Lille,0.6230546136426223,0.8281875044526481,0.20513289081002584,0.5160060456103922,1,1,1,1,1
13861,F1,2024/2025,2024-12-01,Le Havre,Angers,0.7535470302838422,0.6757661571082106,0.07778087317563154,0.5092215808552164,0,0,0,0,1
13862,F1,2024/2025,2024-12-01,Lyon,Nice,0.8277608773109854,0.6511513443878205,0.17660953292316484,0.5389976080926898,1,0,0,0,0
13863,F1,2024/2025,2024-12-01,Toulouse,Auxerre,0.8648415944444805,0.6241014127305191,0.2407401817139614,0.5397488608809149,0,1,1,1,0
13864,F1,2024/2025,2024-12-01,Marseille,Monaco,0.7555277169039226,0.7754665970150213,0.019938880111098678,0.5858865075780133,1,0,0,0,0
16402,SP1,2024/2025,2024-12-01,Villarreal,Girona,0.8463133955140836,0.6769946306790227,0.16931876483506092,0.5729496246347666,1,0,0,0,0
16403,SP1,2024/2025,2024-12-01,Real Madrid,Getafe,0.9185249336556413,0.5470329158300012,0.37149201782564,0.5024633727202039,0,0,1,1,0
16404,SP1,2024/2025,2024-12-01,Vallecano,Ath Bilbao,0.6925450620416685,0.7020307019095752,0.009485639867906626,0.4861878960091229,1,0,0,0,0
16405,SP1,2024/2025,2024-12-01,Sociedad,Betis,0.8323625567379999,0.576887434850527,0.2554751218874729,0.48017950022221095,0,1,1,1,0
6598,I1,2024/2025,2024-12-02,Roma,Atalanta,0.7320558621079655,0.8317879087562483,0.09973204664828283,0.6089152146355371,0,0,0,0,1
16406,SP1,2024/2025,2024-12-02,Sevilla,Osasuna,0.7813127336791277,0.6593496720503728,0.12196306162875492,0.5151582947201131,1,0,0,0,0
11393,E0,2024/2025,2024-12-03,Ipswich,Crystal Palace,0.6948514301542931,0.7574845390852718,0.06263310893097873,0.5263392153031666,0,0,0,0,1
11394,E0,2024/2025,2024-12-03,Leicester,West Ham,0.7206748849300272,0.765029512333686,0.04435462740365881,0.551337555769154,1,0,0,0,0
16407,SP1,2024/2025,2024-12-03,Mallorca,Barcelona,0.5939679933446983,0.897116308381053,0.30314831503635475,0.5328583734858976,1,0,1,1,1
11395,E0,2024/2025,2024-12-04,Everton,Wolves,0.7925674118727132,0.6612530283220589,0.13131438355065428,0.5240876012502081,0,0,0,0,1
11396,E0,2024/2025,2024-12-04,Man City,Nott'm Forest,0.9263758810358942,0.5737332499633125,0.35264263107258165,0.5314926449143506,0,0,1,1,0
11397,E0,2024/2025,2024-12-04,Newcastle,Liverpool,0.6560354683378986,0.8540040748387613,0.19796860650086268,0.5602569631993206,1,1,0,0,0
11398,E0,2024/2025,2024-12-04,Southampton,Chelsea,0.5844038760396996,0.919163577784405,0.3347597017447055,0.5371627575717242,1,0,1,1,1
11399,E0,2024/2025,2024-12-04,Arsenal,Man United,0.9183027205961626,0.6117777812279324,0.3065249393682302,0.5617972009018942,0,0,1,1,0
11400,E0,2024/2025,2024-12-04,Aston Villa,Brentford,0.8643511007299154,0.6741847382527528,0.19016636247716256,0.5827323206040768,1,0,0,0,0
16408,SP1,2024/2025,2024-12-04,Ath Bilbao,Real Madrid,0.6944511995559531,0.7828068581564236,0.08835565860047045,0.5436211616673552,1,0,0,0,0
11401,E0,2024/2025,2024-12-05,Fulham,Brighton,0.7726373165934605,0.7172375892461419,0.05539972734731857,0.5541645263151017,1,0,0,0,0
11402,E0,2024/2025,2024-12-05,Bournemouth,Tottenham,0.7710142355266049,0.8117487290896486,0.040734493563043705,0.6258698257987485,0,0,0,0,1
6599,I1,2024/2025,2024-12-06,Inter,Parma,0.9583228950689314,0.5715485238832976,0.38677437118563385,0.547728036080216,1,0,1,1,1
6600,I1,2024/2025,2024-12-06,Atalanta,Milan,0.7884045744737557,0.6801401459897237,0.10826442848403195,0.5362256023815462,1,0,0,0,0
8859,D1,2024/2025,2024-12-06,Stuttgart,Union Berlin,0.8312414255611291,0.6059854535643456,0.2252559719967835,0.5037202122901341,1,1,1,1,1
13865,F1,2024/2025,2024-12-06,Lille,Brest,0.8665572477971233,0.612106727502002,0.2544505202951213,0.5304255211422386,1,1,1,1,1
13866,F1,2024/2025,2024-12-06,Auxerre,Paris SG,0.600562247571217,0.9358683575189638,0.3353061099477468,0.5620472042223722,0,0,1,1,0
16409,SP1,2024/2025,2024-12-06,Celta,Mallorca,0.8277748471417483,0.6315463282717212,0.19622851887002712,0.5227781653480564,0,1,0,0,1
6601,I1,2024/2025,2024-12-07,Genoa,Torino,0.7158499790272292,0.6749273295789455,0.04092264944828372,0.483146714723992,0,0,0,0,1
6602,I1,2024/2025,2024-12-07,Juventus,Bologna,0.8601320964652108,0.586040491815291,0.2740916046499198,0.5040722368385895,1,1,1,1,1
6603,I1,2024/2025,2024-12-07,Roma,Lecce,0.8860236027598103,0.5623987981809996,0.3236248045788107,0.4982986093521167,1,0,1,1,1
8860,D1,2024/2025,2024-12-07,Bayern Munich,Heidenheim,0.966757136627925,0.51477596293382,0.45198117369410495,0.49766333593078266,1,0,1,1,1
8861,D1,2024/2025,2024-12-07,Bochum,Werder Bremen,0.6985409241717792,0.8014394263966699,0.10289850222489072,0.5598382375828304,0,0,0,0,1
8862,D1,2024/2025,2024-12-07,Ein Frankfurt,Augsburg,0.8976165360671126,0.6008988726633497,0.2967176634037628,0.5393767646067089,1,0,1,1,1
8863,D1,2024/2025,2024-12-07,Holstein Kiel,RB Leipzig,0.6147442722202098,0.8886411909434558,0.27389691872324606,0.5462870821914352,0,1,1,1,0
8864,D1,2024/2025,2024-12-07,Leverkusen,St Pauli,0.9462946288485448,0.5521453275320126,0.39414930131653214,0.522492157787364,1,0,1,1,1
8865,D1,2024/2025,2024-12-07,M'gladbach,Dortmund,0.7074232586400075,0.8199437446709447,0.11252048603093712,0.58004727575661,1,0,0,0,0
11403,E0,2024/2025,2024-12-07,Aston Villa,Southampton,0.9248250597002734,0.5835486733118161,0.34127638638845725,0.5396804366336158,0,0,1,1,0
11404,E0,2024/2025,2024-12-07,Brentford,Newcastle,0.7373732656028551,0.7843679719867501,0.046994706383895024,0.5783719729381587,1,0,0,0,0
11405,E0,2024/2025,2024-12-07,Crystal Palace,Man City,0.603621505505166,0.8864731556656946,0.2828516501605286,0.535094260812842,1,1,1,1,1
11406,E0,2024/2025,2024-12-07,Man United,Nott'm Forest,0.8739658564659574,0.6108128067196622,0.26315304974629516,0.5338295377651249,1,1,1,1,1
13867,F1,2024/2025,2024-12-07,Monaco,Toulouse,0.8755253726429684,0.6440184834466572,0.23150688919631113,0.5638545227085939,0,1,1,1,0
13868,F1,2024/2025,2024-12-07,Nice,Le Havre,0.8739171175804237,0.5959473419814213,0.2779697755990024,0.5208085833341187,1,1,1,1,1
13869,F1,2024/2025,2024-12-07,Angers,Lyon,0.6241129177075713,0.8681787490100075,0.2440658313024362,0.541841572136345,0,1,1,1,0
16410,SP1,2024/2025,2024-12-07,Las Palmas,Valladolid,0.8344695421217302,0.6168360599215164,0.21763348220021383,0.5147309044868799,1,1,1,1,1
16411,SP1,2024/2025,2024-12-07,Betis,Barcelona,0.639427053749992,0.8985509164162527,0.25912386266626075,0.5745577651283997,1,1,1,1,1
16412,SP1,2024/2025,2024-12-07,Valencia,Vallecano,0.7701301256213882,0.6642012344486885,0.10592889117269966,0.5115213801238496,0,0,0,0,1
16413,SP1,2024/2025,2024-12-07,Girona,Real Madrid,0.6528308267368196,0.883770051095746,0.23093922435892644,0.5769523331020772,0,1,1,1,0
6604,I1,2024/2025,2024-12-08,Fiorentina,Cagliari,0.8918038207559625,0.5918576538330882,0.29994616692287435,0.527820917032008,0,0,1,1,0
6605,I1,2024/2025,2024-12-08,Verona,Empoli,0.7068521378033431,0.6599259369115996,0.046926200891743486,0.4664700592978383,1,0,0,0,0
6606,I1,2024/2025,2024-12-08,Venezia,Como,0.706577657338301,0.7259753441569131,0.019397686818612092,0.5129579579597585,1,0,0,0,0
6607,I1,2024/2025,2024-12-08,Napoli,Lazio,0.8257972745594666,0.6459220593187526,0.17987521524071404,0.533400676163264,0,0,0,0,1
8866,D1,2024/2025,2024-12-08,Wolfsburg,Mainz,0.7964785623619499,0.6760204974236814,0.1204580649382685,0.5384358339152241,1,0,0,0,0
8867,D1,2024/2025,2024-12-08,Hoffenheim,Freiburg,0.7095986975973436,0.7246326043353566,0.01503390673801297,0.5141983522729402,1,0,0,0,0
11407,E0,2024/2025,2024-12-08,Fulham,Arsenal,0.624269017046021,0.895869117957406,0.271600100911385,0.5592633336691557,1,1,1,1,1
11408,E0,2024/2025,2024-12-08,Ipswich,Bournemouth,0.6781263862127866,0.8200312760993883,0.14190488988660166,0.5560848458427381,1,0,0,0,0
11409,E0,2024/2025,2024-12-08,Leicester,Brighton,0.6429698258115051,0.8657681005772191,0.222798274765714,0.5566627648212922,1,1,1,1,1
11410,E0,2024/2025,2024-12-08,Tottenham,Chelsea,0.7348492145236454,0.8294020037711961,0.09455278924755073,0.609485410995601,1,0,0,0,0
13870,F1,2024/2025,2024-12-08,Lens,Montpellier,0.9222963207203541,0.5654170807668044,0.35687923995354964,0.521482093263667,0,0,1,1,0
13871,F1,2024/2025,2024-12-08,Nantes,Rennes,0.7026068058615652,0.7729622172520847,0.07035541139051948,0.5430885145151605,0,0,0,0,1
13872,F1,2024/2025,2024-12-08,Strasbourg,Reims,0.7693673674568355,0.7373388746891127,0.032028492767722794,0.5672844689431482,0,0,0,0,1
13873,F1,2024/2025,2024-12-08,St Etienne,Marseille,0.6133170661908437,0.8756704523310167,0.262353386140173,0.5370636327736682,0,1,1,1,0
16414,SP1,2024/2025,2024-12-08,Leganes,Sociedad,0.603394596090427,0.8290613193684909,0.22566672327806392,0.5002511199345471,0,1,1,1,0
16415,SP1,2024/2025,2024-12-08,Ath Bilbao,Villarreal,0.8133436028961718,0.6492399103313186,0.16410369256485324,0.5280551278128621,0,0,0,0,1
16416,SP1,2024/2025,2024-12-08,Osasuna,Alaves,0.7825705653363664,0.6486348486652976,0.13393571667106874,0.5076025402168705,1,0,0,0,0
16417,SP1,2024/2025,2024-12-08,Ath Madrid,Sevilla,0.9169551267202457,0.5414924594963294,0.3754626672239163,0.49652428681551425,1,0,1,1,1
6608,I1,2024/2025,2024-12-09,Monza,Udinese,0.6977602667374665,0.6960328852791978,0.001727381458268673,0.4856640916904615,1,0,0,0,0
11411,E0,2024/2025,2024-12-09,West Ham,Wolves,0.8388695945601273,0.6849291359475161,0.1539404586126112,0.5745662265747112,1,0,0,0,0
16418,SP1,2024/2025,2024-12-09,Getafe,Espanol,0.8250800205989183,0.5609559026543405,0.2641241179445778,0.46283350771712806,0,1,1,1,0
6609,I1,2024/2025,2024-12-13,Empoli,Torino,0.684525653970887,0.6738654842312245,0.01066016973966255,0.4612782112817874,0,0,0,0,1
8868,D1,2024/2025,2024-12-13,Freiburg,Wolfsburg,0.7896097789600454,0.6949415680728683,0.09466821088717703,0.5487326579561649,1,0,0,0,0
13874,F1,2024/2025,2024-12-13,Toulouse,St Etienne,0.9120307042238794,0.5319877318398929,0.38004297238398654,0.4851891457084018,1,0,1,1,1
16419,SP1,2024/2025,2024-12-13,Valladolid,Valencia,0.6700599982471507,0.7690689977166257,0.09900899946947506,0.5153223712619401,0,0,0,0,1
6610,I1,2024/2025,2024-12-14,Cagliari,Atalanta,0.6331286905182104,0.8987737812101594,0.26564509069194897,0.5690394671696888,0,1,1,1,0
6611,I1,2024/2025,2024-12-14,Udinese,Napoli,0.5809195662774763,0.836016942193715,0.2550973759162387,0.48565859945979495,1,1,1,1,1
6612,I1,2024/2025,2024-12-14,Juventus,Venezia,0.9202715146013559,0.5255691178755657,0.3947023967257902,0.4836662881350454,1,0,1,1,1
8869,D1,2024/2025,2024-12-14,Augsburg,Leverkusen,0.5968628072657559,0.8726821913515183,0.27581938408576234,0.5208715425808987,0,1,1,1,0
8870,D1,2024/2025,2024-12-14,Mainz,Bayern Munich,0.6200715796574175,0.9133907339044022,0.2933191542469846,0.5663676352165505,1,0,1,1,1
8871,D1,2024/2025,2024-12-14,M'gladbach,Holstein Kiel,0.9068820058892393,0.581435969234119,0.3254460366551203,0.5272938180751918,1,0,1,1,1
8872,D1,2024/2025,2024-12-14,Union Berlin,Bochum,0.875672572188619,0.5665010989616734,0.3091714732269456,0.496069474475448,0,0,1,1,0
8873,D1,2024/2025,2024-12-14,St Pauli,Werder Bremen,0.7324265324396404,0.7292548763633063,0.003171656076334073,0.5341256203594751,0,0,0,0,1
11412,E0,2024/2025,2024-12-14,Arsenal,Everton,0.9453906158489083,0.530021540828904,0.4153690750200043,0.5010773908974248,0,0,1,1,0
11413,E0,2024/2025,2024-12-14,Liverpool,Fulham,0.9334882759377041,0.5749276864302513,0.35856058950745284,0.5366882547946282,1,0,1,1,1
11414,E0,2024/2025,2024-12-14,Newcastle,Leicester,0.9377289024588669,0.5909267019606707,0.3468022004981962,0.5541290476632176,0,0,1,1,0
11415,E0,2024/2025,2024-12-14,Wolves,Ipswich,0.8395965543381246,0.6900698925949067,0.14952666174321794,0.5793803040751634,1,0,0,0,0
11416,E0,2024/2025,2024-12-14,Nott'm Forest,Aston Villa,0.7283531121629478,0.7419351535247003,0.01358204136175245,0.54039077809281,1,0,0,0,0
13875,F1,2024/2025,2024-12-14,Marseille,Lille,0.7876373312867984,0.6842869238775207,0.1033504074092777,0.5389699265573429,1,0,0,0,0
13876,F1,2024/2025,2024-12-14,Auxerre,Lens,0.6480893371565807,0.8255937656514465,0.1775044284948658,0.5350585163416514,1,0,0,0,0
13877,F1,2024/2025,2024-12-14,Reims,Monaco,0.6665782143656124,0.8142658181386804,0.147687603773068,0.5427718550738361,0,0,0,0,1
16420,SP1,2024/2025,2024-12-14,Espanol,Osasuna,0.7037881012094331,0.7193672826542192,0.015579181444786094,0.5062821339314025,0,0,0,0,1
16421,SP1,2024/2025,2024-12-14,Mallorca,Girona,0.7619668177265694,0.6972233128711695,0.06474350485539992,0.5312610289532212,1,0,0,0,0
16422,SP1,2024/2025,2024-12-14,Sevilla,Celta,0.7754472657776557,0.6782188236028618,0.09722844217479387,0.5259229323617773,0,0,0,0,1
16423,SP1,2024/2025,2024-12-14,Vallecano,Real Madrid,0.609849982675667,0.8932433598382632,0.28339337716259616,0.5447444475225194,1,1,1,1,1
6613,I1,2024/2025,2024-12-15,Lecce,Monza,0.7163347174834948,0.6791050408568547,0.03722967662664001,0.4864665175838122,1,0,0,0,0
6614,I1,2024/2025,2024-12-15,Bologna,Fiorentina,0.725728790213651,0.7328400946974359,0.0071113044837849415,0.5318431553448276,0,0,0,0,1
6615,I1,2024/2025,2024-12-15,Parma,Verona,0.8317100864116971,0.6490209307162413,0.18268915569545574,0.5397972543690052,1,0,0,0,0
6616,I1,2024/2025,2024-12-15,Como,Roma,0.673385949508379,0.7984031924050771,0.12501724289669802,0.5376334918082138,0,0,0,0,1
6617,I1,2024/2025,2024-12-15,Milan,Genoa,0.9220476731793101,0.5268118489090113,0.3952358242702988,0.48574563948984417,0,0,1,1,0
8874,D1,2024/2025,2024-12-15,Heidenheim,Stuttgart,0.6682905851850054,0.8648467057930384,0.19655612060803296,0.5779689111097538,1,1,0,0,0
8875,D1,2024/2025,2024-12-15,Dortmund,Hoffenheim,0.9091300587990889,0.5828277507367057,0.32630230806238325,0.529866227297002,1,0,1,1,1
8876,D1,2024/2025,2024-12-15,RB Leipzig,Ein Frankfurt,0.8357416201270995,0.757974125933581,0.07776749419351847,0.6334705240221532,1,0,0,0,0
11417,E0,2024/2025,2024-12-15,Brighton,Crystal Palace,0.8294430331763325,0.6472737267987443,0.1821693063775882,0.5368766832512992,1,0,0,0,0
11418,E0,2024/2025,2024-12-15,Man City,Man United,0.8965177864364475,0.6599900968920734,0.2365276895443741,0.5916928607356582,1,1,1,1,1
11419,E0,2024/2025,2024-12-15,Chelsea,Brentford,0.9400910013662112,0.6260222388751718,0.3140687624910393,0.5885178734216777,1,0,1,1,1
11420,E0,2024/2025,2024-12-15,Southampton,Tottenham,0.6669567548659073,0.8871819889187352,0.2202252340528279,0.591712020304721,0,1,1,1,0
13878,F1,2024/2025,2024-12-15,Montpellier,Nice,0.71343367500242,0.7613939444711517,0.047960269468731664,0.5432040799286423,1,0,0,0,0
13879,F1,2024/2025,2024-12-15,Brest,Nantes,0.8025375728721051,0.6815910397106864,0.12094653316141879,0.5470024187007888,1,0,0,0,0
13880,F1,2024/2025,2024-12-15,Le Havre,Strasbourg,0.6669829908599475,0.7444809795289336,0.07749798866898605,0.4965561503645515,0,0,0,0,1
13881,F1,2024/2025,2024-12-15,Rennes,Angers,0.8745796036707514,0.5936439935270336,0.2809356101437178,0.5191889285803951,0,1,1,1,0
13882,F1,2024/2025,2024-12-15,Paris SG,Lyon,0.9195016238377565,0.5920694726761554,0.32743215116160107,0.5444088415504891,1,0,1,1,1
16424,SP1,2024/2025,2024-12-15,Ath Madrid,Getafe,0.9118129576996268,0.5622780196604789,0.3495349380391479,0.5126923841561101,0,0,1,1,0
16425,SP1,2024/2025,2024-12-15,Alaves,Ath Bilbao,0.6470657211799764,0.7809562267125942,0.13389050553261783,0.505330004047778,1,0,0,0,0
16426,SP1,2024/2025,2024-12-15,Sociedad,Las Palmas,0.9068369149432285,0.5455811243191333,0.3612557906240952,0.49475310362882086,0,0,1,1,0
16427,SP1,2024/2025,2024-12-15,Villarreal,Betis,0.8468119817417299,0.6384591385583617,0.20835284318336822,0.5406548483837239,1,1,1,1,1
16428,SP1,2024/2025,2024-12-15,Barcelona,Leganes,0.9620474477578065,0.5372779543718631,0.4247694933859434,0.5168868847399861,0,0,1,1,0
6618,I1,2024/2025,2024-12-16,Lazio,Inter,0.6691036186333783,0.815805730797222,0.14670211216384366,0.5458585665782689,0,0,0,0,1
11421,E0,2024/2025,2024-12-16,Bournemouth,West Ham,0.8696544146771692,0.6564607155463633,0.21319369913080588,0.5708939593370282,1,1,1,1,1
13883,F1,2024/2025,2024-12-18,Monaco,Paris SG,0.6701894613045628,0.842125844730405,0.17193638342584217,0.5643838662305201,1,0,0,0,0
16429,SP1,2024/2025,2024-12-18,Espanol,Valencia,0.716362798992562,0.7108248208211225,0.005537978171439528,0.5092084582368057,1,0,0,0,0
16430,SP1,2024/2025,2024-12-18,Villarreal,Vallecano,0.8450149208095342,0.6476956684736067,0.1973192523359275,0.5473125040039031,1,1,0,0,0
6619,I1,2024/2025,2024-12-20,Verona,Milan,0.6041285438138839,0.8867619649600031,0.2826334211461192,0.535718214600825,0,1,1,1,0
8877,D1,2024/2025,2024-12-20,Bayern Munich,RB Leipzig,0.9487628144959654,0.5548979133986123,0.39386490109735317,0.5264665060740059,1,0,1,1,1
16431,SP1,2024/2025,2024-12-20,Girona,Valladolid,0.9152724131747967,0.5507679991490416,0.36450441402575506,0.5041027556805977,0,0,1,1,0
6620,I1,2024/2025,2024-12-21,Torino,Bologna,0.6428083038748039,0.7213322963684168,0.07852399249361286,0.46367838995869937,0,0,0,0,1
6621,I1,2024/2025,2024-12-21,Genoa,Napoli,0.5793389191391142,0.8435172510193052,0.264178331880191,0.4886823724807211,1,1,1,1,1
6622,I1,2024/2025,2024-12-21,Lecce,Lazio,0.5900291241509089,0.8467583866128391,0.2567292624619302,0.49961210922061017,1,1,1,1,1
8878,D1,2024/2025,2024-12-21,Ein Frankfurt,Mainz,0.8617274633735826,0.7039588239891332,0.1577686393844494,0.6066206517156061,1,0,0,0,0
8879,D1,2024/2025,2024-12-21,Hoffenheim,M'gladbach,0.7732224515339837,0.7247968657112176,0.048425585822766126,0.5604292093693752,1,0,0,0,0
8880,D1,2024/2025,2024-12-21,Holstein Kiel,Augsburg,0.6905752636135403,0.7568825372554948,0.06630727364195454,0.5226843576896986,1,0,0,0,0
8881,D1,2024/2025,2024-12-21,Stuttgart,St Pauli,0.9075991284774702,0.6268643005865353,0.28073482789093485,0.5689414928859783,0,1,1,1,0
8882,D1,2024/2025,2024-12-21,Werder Bremen,Union Berlin,0.7784920120347028,0.658504841650715,0.11998717038398776,0.5126407591112584,1,0,0,0,0
8883,D1,2024/2025,2024-12-21,Leverkusen,Freiburg,0.9198140611166886,0.5629351133381314,0.3568789477785572,0.5177956327447301,1,0,1,1,1
11422,E0,2024/2025,2024-12-21,Aston Villa,Man City,0.6856438433713002,0.8110692552249962,0.12542541185369593,0.5561046413927644,1,0,0,0,0
11423,E0,2024/2025,2024-12-21,Brentford,Nott'm Forest,0.7832673137894951,0.7234089924974393,0.059858321292055816,0.5666226183246342,0,0,0,0,1
11424,E0,2024/2025,2024-12-21,Ipswich,Newcastle,0.6280223361513603,0.8574028765435121,0.22938054039215183,0.5384681575497529,0,1,1,1,0
11425,E0,2024/2025,2024-12-21,West Ham,Brighton,0.731109201278481,0.784046502495086,0.052937301216605004,0.5732236122043689,1,0,0,0,0
11426,E0,2024/2025,2024-12-21,Crystal Palace,Arsenal,0.5999849285430641,0.8919938925468244,0.2920089640037603,0.535182891880556,1,1,1,1,1
16432,SP1,2024/2025,2024-12-21,Getafe,Mallorca,0.736872238112571,0.6023464975360125,0.13452574057655842,0.4438524117586298,0,0,0,0,1
16433,SP1,2024/2025,2024-12-21,Celta,Sociedad,0.7070668792662866,0.745209842829632,0.038142963563345345,0.5269131979680678,0,0,0,0,1
16434,SP1,2024/2025,2024-12-21,Osasuna,Ath Bilbao,0.6448416616476601,0.790919110862812,0.14607744921515187,0.5100175936776655,1,0,0,0,0
16435,SP1,2024/2025,2024-12-21,Barcelona,Ath Madrid,0.8639391932209359,0.7034913803616675,0.16044781285926846,0.6077737755875415,1,0,0,0,0
6623,I1,2024/2025,2024-12-22,Roma,Parma,0.9002466987453597,0.620293412165843,0.2799532865795167,0.5584170965557949,0,1,1,1,0
6624,I1,2024/2025,2024-12-22,Venezia,Cagliari,0.7494865171099755,0.7170281645038354,0.03245835260614005,0.5374029416837381,1,0,0,0,0
6625,I1,2024/2025,2024-12-22,Atalanta,Empoli,0.9299195701493227,0.5354228501405766,0.39449672000874614,0.4979001866508502,1,0,1,1,1
6626,I1,2024/2025,2024-12-22,Monza,Juventus,0.5690268723464476,0.845434251659711,0.2764073793132634,0.4810748079964848,1,1,1,1,1
8884,D1,2024/2025,2024-12-22,Bochum,Heidenheim,0.7567471343404716,0.697233370503201,0.059513763837270584,0.5276293550948457,0,0,0,0,1
8885,D1,2024/2025,2024-12-22,Wolfsburg,Dortmund,0.7223742578879357,0.8158332791578927,0.09345902126995698,0.5893369595919639,1,0,0,0,0
11427,E0,2024/2025,2024-12-22,Everton,Chelsea,0.6299195511379516,0.8818695542023739,0.2519500030644223,0.5555068737453849,0,1,1,1,0
11428,E0,2024/2025,2024-12-22,Fulham,Southampton,0.9121457583782776,0.5779964432550978,0.3341493151231798,0.5272170040728683,0,0,1,1,0
11429,E0,2024/2025,2024-12-22,Leicester,Wolves,0.7610213738149914,0.7811149037510461,0.020093529936054733,0.5944451371599858,0,0,0,0,1
11430,E0,2024/2025,2024-12-22,Man United,Bournemouth,0.8542723239742578,0.6670253114389737,0.18724701253528409,0.5698212629526251,0,0,0,0,1
11431,E0,2024/2025,2024-12-22,Tottenham,Liverpool,0.6924584841696472,0.8784043819519856,0.1859458977823384,0.6082585668144477,1,0,0,0,0
16436,SP1,2024/2025,2024-12-22,Valencia,Alaves,0.7546213180804355,0.6416491238423261,0.11297219423810945,0.48420210757905274,1,0,0,0,0
16437,SP1,2024/2025,2024-12-22,Real Madrid,Sevilla,0.9318328954627075,0.5827909274861478,0.34904196797655973,0.543063757408814,1,0,1,1,1
16438,SP1,2024/2025,2024-12-22,Las Palmas,Espanol,0.8287989916076723,0.6222509135632159,0.2065480780444564,0.5157209296881462,0,1,1,1,0
16439,SP1,2024/2025,2024-12-22,Leganes,Villarreal,0.5995808623363303,0.8066864824385527,0.20710562010222233,0.48367377677556844,1,1,1,1,1
16440,SP1,2024/2025,2024-12-22,Betis,Vallecano,0.844443839743442,0.6358029492069244,0.20864089053651758,0.5368998837484998,1,1,1,1,1
6627,I1,2024/2025,2024-12-23,Fiorentina,Udinese,0.8646881743287471,0.5749386847699282,0.28974948955881896,0.49714268168468023,1,1,1,1,1
6628,I1,2024/2025,2024-12-23,Inter,Como,0.9478292332930455,0.5389716714914781,0.4088575618015674,0.5108531061564389,0,0,1,1,0
11432,E0,2024/2025,2024-12-26,Man City,Everton,0.9291251009224644,0.5397395297495295,0.3893855711729348,0.5014855450503751,1,0,1,1,1
11433,E0,2024/2025,2024-12-26,Bournemouth,Crystal Palace,0.8281955672260797,0.6533748819026753,0.17482068532340433,0.541122180928659,0,0,0,0,1
11434,E0,2024/2025,2024-12-26,Chelsea,Fulham,0.9083210160275547,0.5941213777511207,0.31419963827643393,0.5396529334825886,1,0,1,1,1
11435,E0,2024/2025,2024-12-26,Newcastle,Aston Villa,0.8519784557045658,0.7116365875053204,0.14034186819924532,0.60629904084565,0,0,0,0,1
11436,E0,2024/2025,2024-12-26,Nott'm Forest,Tottenham,0.7725657478560254,0.7647281222311466,0.007837625624878775,0.5908027536580398,0,0,0,0,1
11437,E0,2024/2025,2024-12-26,Southampton,West Ham,0.6750435317916796,0.7877247724394387,0.11268124064775908,0.5317485124673159,0,0,0,0,1
11438,E0,2024/2025,2024-12-26,Wolves,Man United,0.6786686934521287,0.8533936686329476,0.17472497518081898,0.5791715660914414,0,0,0,0,1
11439,E0,2024/2025,2024-12-26,Liverpool,Leicester,0.9706041604932026,0.5678528727055518,0.4027512877876508,0.5511603607960256,1,0,1,1,1
11440,E0,2024/2025,2024-12-27,Brighton,Brentford,0.8909098828467833,0.6670890838454014,0.22382079900138185,0.5943162575370746,0,1,1,1,0
11441,E0,2024/2025,2024-12-27,Arsenal,Ipswich,0.9592551504598691,0.5458477025034802,0.41340744795638884,0.5236072199931499,0,0,1,1,0
6629,I1,2024/2025,2024-12-28,Empoli,Genoa,0.7265320798801451,0.6738746884099507,0.05265739147019444,0.4895915789490662,1,0,0,0,0
6630,I1,2024/2025,2024-12-28,Parma,Monza,0.777687583956246,0.7394773260867733,0.03821025786947274,0.5750823351148479,1,0,0,0,0
6631,I1,2024/2025,2024-12-28,Cagliari,Inter,0.6171733727623905,0.9204068250576023,0.3032334522952118,0.5680505845343239,0,0,1,1,0
6632,I1,2024/2025,2024-12-28,Lazio,Atalanta,0.717549073822411,0.7833823268815233,0.06583325305911236,0.5621152631026822,1,0,0,0,0
6633,I1,2024/2025,2024-12-29,Udinese,Torino,0.7532614287723839,0.6451215399484966,0.10813988882388725,0.48594517291344513,1,0,0,0,0
6634,I1,2024/2025,2024-12-29,Napoli,Venezia,0.9309761899488035,0.5160560360532396,0.4149201538955639,0.48043588224492734,0,0,1,1,0
6635,I1,2024/2025,2024-12-29,Juventus,Fiorentina,0.8197815052772215,0.6488003064222624,0.1709811988549591,0.5318744918231648,1,0,0,0,0
6636,I1,2024/2025,2024-12-29,Milan,Roma,0.7774337045686391,0.7025179632188222,0.07491574134981693,0.546161142671224,1,0,0,0,0
11442,E0,2024/2025,2024-12-29,Leicester,Man City,0.5888414349485,0.9323922250639398,0.34355079011543976,0.5490311757414751,0,0,1,1,0
11443,E0,2024/2025,2024-12-29,Crystal Palace,Southampton,0.8657490776827247,0.5861630718270895,0.2795860058556352,0.5074701388059755,1,1,1,1,1
11444,E0,2024/2025,2024-12-29,Everton,Nott'm Forest,0.7258777414239891,0.7045698863213027,0.0213078551026864,0.511431597758264,0,0,0,0,1
11445,E0,2024/2025,2024-12-29,Fulham,Bournemouth,0.7684093813927997,0.7065286134042421,0.06188076798855757,0.5429032147622662,1,0,0,0,0
11446,E0,2024/2025,2024-12-29,Tottenham,Wolves,0.9031765138469826,0.6972377547921298,0.20593875905485282,0.6297287646956531,1,1,1,1,1
11447,E0,2024/2025,2024-12-29,West Ham,Liverpool,0.6018686869080495,0.9203384516609043,0.3184697647528548,0.5539228954121359,0,0,1,1,0
6637,I1,2024/2025,2024-12-30,Como,Lecce,0.8516746469902252,0.5970855984048422,0.254589048585383,0.5085226662443914,0,1,1,1,0
6638,I1,2024/2025,2024-12-30,Bologna,Verona,0.8858089742476496,0.5670496469742076,0.31875932727344203,0.5022976661337146,1,0,1,1,1
11448,E0,2024/2025,2024-12-30,Aston Villa,Brighton,0.8136407071017946,0.6587450080735212,0.15489569902827338,0.5359817541687172,1,0,0,0,0
11449,E0,2024/2025,2024-12-30,Ipswich,Chelsea,0.6011613130790422,0.9161866044397802,0.315025291360738,0.5507759421504472,0,0,1,1,0
11450,E0,2024/2025,2024-12-30,Man United,Newcastle,0.7600041213309392,0.8024184668494313,0.0424143455184921,0.6098413418376214,0,0,0,0,1
11451,E0,2024/2025,2025-01-01,Brentford,Arsenal,0.6036442936102216,0.9082404666139808,0.3045961730037592,0.5482541748974146,1,0,1,1,1
13884,F1,2024/2025,2025-01-03,Nice,Rennes,0.7915257573547081,0.7281946617891296,0.06333109556557848,0.5763848311742963,1,0,0,0,0
16441,SP1,2024/2025,2025-01-03,Valencia,Real Madrid,0.6021040745811302,0.91214920760193,0.3100451330207997,0.5492087545230713,1,0,1,1,1
6639,I1,2024/2025,2025-01-04,Venezia,Empoli,0.7599138331840627,0.7112262548705377,0.04868757831352499,0.5404706695998155,1,0,0,0,0
6640,I1,2024/2025,2025-01-04,Fiorentina,Napoli,0.7027538384876453,0.7416245860105818,0.03887074752293651,0.5211795245357472,0,0,0,0,1
6641,I1,2024/2025,2025-01-04,Verona,Udinese,0.680880480907461,0.7557146398086352,0.07483415890117417,0.5145513473817122,0,0,0,0,1
11452,E0,2024/2025,2025-01-04,Tottenham,Newcastle,0.7875187339613052,0.8594203405196779,0.07190160655837263,0.6768096185066506,1,0,0,0,0
11453,E0,2024/2025,2025-01-04,Aston Villa,Leicester,0.9241595276641338,0.5408023918772248,0.383357135786909,0.49978768303688986,1,0,1,1,1
11454,E0,2024/2025,2025-01-04,Bournemouth,Everton,0.8484311202462584,0.5990519551210333,0.24937916512522518,0.5082543213690496,0,1,1,1,0
11455,E0,2024/2025,2025-01-04,Crystal Palace,Chelsea,0.67169485898723,0.837997288266435,0.16630242927920502,0.5628784703738042,1,0,0,0,0
11456,E0,2024/2025,2025-01-04,Man City,West Ham,0.933951854937176,0.5383743829736255,0.39557747196355053,0.5028157536288751,1,0,1,1,1
11457,E0,2024/2025,2025-01-04,Southampton,Brentford,0.71848854056741,0.753157165703869,0.034668625136459075,0.5411347928044599,0,0,0,0,1
11458,E0,2024/2025,2025-01-04,Brighton,Arsenal,0.6471800533467819,0.8513397094515899,0.20415965610480802,0.5509700785791137,1,1,1,1,1
13885,F1,2024/2025,2025-01-04,St Etienne,Reims,0.6417587648173274,0.7757339897752513,0.1339752249579239,0.49783408710498256,1,0,0,0,0
13886,F1,2024/2025,2025-01-04,Lille,Nantes,0.8867881159855028,0.58263915036383,0.3041489656216728,0.5166774744505348,1,0,1,1,1
13887,F1,2024/2025,2025-01-04,Lyon,Montpellier,0.9271597948758185,0.5718078614565953,0.3553519334192231,0.5301572595364774,0,0,1,1,0
6642,I1,2024/2025,2025-01-05,Monza,Cagliari,0.7508832922869283,0.707311558571751,0.04357173371517731,0.5311084317729549,1,0,0,0,0
6643,I1,2024/2025,2025-01-05,Lecce,Genoa,0.7130834762735818,0.6980188829257926,0.015064593347789201,0.4977457315413265,0,0,0,0,1
6644,I1,2024/2025,2025-01-05,Torino,Parma,0.8201796830925371,0.6183661672351816,0.20181351585735552,0.507171367078098,0,1,1,1,0
6645,I1,2024/2025,2025-01-05,Roma,Lazio,0.7406911333947231,0.69928012429298,0.04141100910174311,0.5179505878229702,0,0,0,0,1
11459,E0,2024/2025,2025-01-05,Fulham,Ipswich,0.886909603113194,0.6001146404220188,0.2867949626911752,0.5322474375591099,1,1,1,1,1
11460,E0,2024/2025,2025-01-05,Liverpool,Man United,0.945675982345124,0.6245679719673164,0.32110801037780756,0.5906389304314937,1,0,1,1,1
13888,F1,2024/2025,2025-01-05,Angers,Brest,0.6831984483181192,0.7968717549469934,0.1136733066288742,0.5444215464883223,0,0,0,0,1
13889,F1,2024/2025,2025-01-05,Lens,Toulouse,0.8224099046187692,0.6629500467920161,0.1594598578267531,0.5452166847492305,0,0,0,0,1
13890,F1,2024/2025,2025-01-05,Strasbourg,Auxerre,0.8354322786376941,0.6395502513622331,0.195882027275461,0.5343009237988604,1,1,0,0,0
13891,F1,2024/2025,2025-01-05,Marseille,Le Havre,0.9281689702459783,0.5596563578252413,0.3685126124207371,0.5194556653342689,1,0,1,1,1
11461,E0,2024/2025,2025-01-06,Wolves,Nott'm Forest,0.7027035957524866,0.781747886712656,0.0790442909601694,0.5493370509648909,0,0,0,0,1
6646,I1,2024/2025,2025-01-10,Lazio,Como,0.8111663500245572,0.6358160964252937,0.17535025359926348,0.5157526222241674,1,0,0,0,0
8886,D1,2024/2025,2025-01-10,Dortmund,Leverkusen,0.7543564434400751,0.798731530251568,0.044375086811492825,0.6025282764240216,1,0,0,0,0
13892,F1,2024/2025,2025-01-10,Nantes,Monaco,0.6058851623770499,0.8553525633571896,0.24946740098013964,0.5182454267392966,1,1,1,1,1
13893,F1,2024/2025,2025-01-10,Auxerre,Lille,0.6068554721560093,0.8356621042667831,0.2288066321107738,0.5071261208477029,0,1,1,1,0
16442,SP1,2024/2025,2025-01-10,Vallecano,Celta,0.7089658223659864,0.7326671156096682,0.023701293243681865,0.5194359441387236,1,0,0,0,0
6647,I1,2024/2025,2025-01-11,Empoli,Lecce,0.7998036069426077,0.6339607565490669,0.16584285039354074,0.5070440997480081,1,0,0,0,0
6648,I1,2024/2025,2025-01-11,Udinese,Atalanta,0.61301741798392,0.8687371931593835,0.2557197751754635,0.5325510310571632,0,1,1,1,0
6649,I1,2024/2025,2025-01-11,Torino,Juventus,0.5636841870741803,0.7968618516141879,0.23317766454000755,0.4491784250375696,1,1,1,1,1
6650,I1,2024/2025,2025-01-11,Milan,Cagliari,0.9222187144355795,0.5397011831781743,0.3825175312574052,0.49772253132993705,1,0,1,1,1
8887,D1,2024/2025,2025-01-11,Freiburg,Holstein Kiel,0.9185532230343334,0.6208610957488808,0.2976921272854526,0.5702939605567624,1,0,1,1,1
8888,D1,2024/2025,2025-01-11,Heidenheim,Union Berlin,0.6905412016388042,0.8105144875020638,0.11997328586325962,0.5596936481453346,0,0,0,0,1
8889,D1,2024/2025,2025-01-11,Hoffenheim,Wolfsburg,0.7777917231029473,0.7604584496436477,0.01733327345929958,0.5914782878965287,0,0,0,0,1
8890,D1,2024/2025,2025-01-11,Mainz,Bochum,0.8933625473063732,0.6326805006056916,0.2606820467006816,0.565213063652172,0,1,1,1,0
8891,D1,2024/2025,2025-01-11,St Pauli,Ein Frankfurt,0.6642778312000819,0.8136127257192799,0.149334894519198,0.5404648968775904,0,0,0,0,1
8892,D1,2024/2025,2025-01-11,M'gladbach,Bayern Munich,0.6189697673184895,0.929085075007315,0.31011530768882545,0.5750755726963591,0,0,1,1,0
13894,F1,2024/2025,2025-01-11,Brest,Lyon,0.7282770974986797,0.8155167575829831,0.0872396600843034,0.5939221771740694,1,0,0,0,0
13895,F1,2024/2025,2025-01-11,Reims,Nice,0.7293715656712388,0.7203395703065775,0.009031995364661372,0.5253952002094558,1,0,0,0,0
13896,F1,2024/2025,2025-01-11,Rennes,Marseille,0.729767749799733,0.7838329571618672,0.05406520736213416,0.5720160133668863,1,0,0,0,0
16443,SP1,2024/2025,2025-01-11,Alaves,Girona,0.7246383690728152,0.7516227182526231,0.026984349179807854,0.5446546607126569,0,0,0,0,1
16444,SP1,2024/2025,2025-01-11,Valladolid,Betis,0.5987763993162584,0.8330409331766466,0.23426453386038826,0.4988052504505683,0,1,1,1,0
16445,SP1,2024/2025,2025-01-11,Espanol,Leganes,0.7674297299739616,0.5884723160480112,0.17895741392595044,0.45161115060187706,1,0,0,0,0
16446,SP1,2024/2025,2025-01-11,Sevilla,Valencia,0.8043053936332981,0.6647907697754821,0.139514623857816,0.5346948017680524,1,0,0,0,0
6651,I1,2024/2025,2025-01-12,Genoa,Parma,0.7961425737814991,0.61284356039721,0.1832990133842891,0.48791084950005237,0,0,0,0,1
6652,I1,2024/2025,2025-01-12,Venezia,Inter,0.6069139337693257,0.949956429629955,0.3430424958606293,0.5765417936161795,0,0,1,1,0
6653,I1,2024/2025,2025-01-12,Bologna,Roma,0.7317406923487815,0.7719808628928498,0.040240170544068365,0.5648898110932237,1,0,0,0,0
6654,I1,2024/2025,2025-01-12,Napoli,Verona,0.9393398640482141,0.5279218918506429,0.41141797219757126,0.4958980781190589,0,0,1,1,0
8893,D1,2024/2025,2025-01-12,RB Leipzig,Werder Bremen,0.8711272871339546,0.7011995599672772,0.16992772716667737,0.6108340704138169,1,0,0,0,0
8894,D1,2024/2025,2025-01-12,Augsburg,Stuttgart,0.6707190877093508,0.8329585086761115,0.1622394209667607,0.558681171038983,0,0,0,0,1
13897,F1,2024/2025,2025-01-12,Le Havre,Lens,0.5920072320561977,0.8749835133607745,0.28297628130457686,0.5179965678395192,1,1,1,1,1
13898,F1,2024/2025,2025-01-12,Montpellier,Angers,0.7936998024694154,0.6662590055026076,0.12744079696680777,0.5288096410608888,1,0,0,0,0
13899,F1,2024/2025,2025-01-12,Toulouse,Strasbourg,0.8436206002270881,0.6369492815305628,0.20667131869652522,0.5373435351990259,1,1,1,1,1
13900,F1,2024/2025,2025-01-12,Paris SG,St Etienne,0.9661803880375072,0.5267871738491039,0.43939321418840327,0.508971436042709,1,0,1,1,1
16447,SP1,2024/2025,2025-01-12,Las Palmas,Getafe,0.71612267052253,0.6767153801503658,0.03940729037216417,0.48461122521694905,1,0,0,0,0
16448,SP1,2024/2025,2025-01-12,Ath Madrid,Osasuna,0.9286045889746896,0.5446502241100774,0.3839543648646122,0.505764697494711,0,0,1,1,0
6655,I1,2024/2025,2025-01-13,Monza,Fiorentina,0.6410009596578068,0.8345553744900572,0.19355441483225044,0.534950795935707,1,0,0,0,0
16449,SP1,2024/2025,2025-01-13,Sociedad,Villarreal,0.8130253501168702,0.6323114830480211,0.18071386706884907,0.5140852648880347,0,0,0,0,1
6656,I1,2024/2025,2025-01-14,Como,Milan,0.6227235448659559,0.806285706444756,0.1835621615788,0.50209309329203,1,0,0,0,0
6657,I1,2024/2025,2025-01-14,Atalanta,Juventus,0.7722160267896483,0.6183018483496366,0.15391417844001165,0.47746259668925206,1,0,0,0,0
8895,D1,2024/2025,2025-01-14,Holstein Kiel,Dortmund,0.6423954682788233,0.9018315624432766,0.25943609416445323,0.5793325088643715,1,1,1,1,1
8896,D1,2024/2025,2025-01-14,Ein Frankfurt,Freiburg,0.8749506176343118,0.6478253649925687,0.2271252526417431,0.5668152032194215,1,1,1,1,1
8897,D1,2024/2025,2025-01-14,Leverkusen,Mainz,0.9309945629913311,0.6159388309967864,0.31505573199454473,0.5734357027932445,0,0,1,1,0
8898,D1,2024/2025,2025-01-14,Wolfsburg,M'gladbach,0.8435970127387475,0.7183883080025263,0.12520870473622125,0.6060302306173745,1,0,0,0,0
11462,E0,2024/2025,2025-01-14,Brentford,Man City,0.6566453220320592,0.8870612449685988,0.23041592293653967,0.5824846168645649,1,1,1,1,1
11463,E0,2024/2025,2025-01-14,Chelsea,Bournemouth,0.9002341906157671,0.5650268652548891,0.33520732536087805,0.5086565027188992,1,0,1,1,1
11464,E0,2024/2025,2025-01-14,West Ham,Fulham,0.6932611523843147,0.751771116681668,0.05850996429735322,0.5211737106799763,1,0,0,0,0
11465,E0,2024/2025,2025-01-14,Nott'm Forest,Liverpool,0.6279287063140261,0.8903100383040818,0.26238133199005576,0.5590512305706731,1,1,1,1,1
6658,I1,2024/2025,2025-01-15,Inter,Bologna,0.9076381046407116,0.5890267258744908,0.3186113787662208,0.5346231010554469,1,0,1,1,1
8899,D1,2024/2025,2025-01-15,Bochum,St Pauli,0.7274239726387198,0.7121510895728033,0.015272883065916565,0.5180357746960413,0,0,0,0,1
8900,D1,2024/2025,2025-01-15,Bayern Munich,Hoffenheim,0.9629664820409037,0.5398382450398097,0.42312823700109403,0.5198461356971209,0,0,1,1,0
8901,D1,2024/2025,2025-01-15,Stuttgart,RB Leipzig,0.8204861646846136,0.6948600837373388,0.1256260809472748,0.5701230850980785,1,0,0,0,0
8902,D1,2024/2025,2025-01-15,Union Berlin,Augsburg,0.8385875190525153,0.6260863622932472,0.21250115675926806,0.5250282092681084,0,1,1,1,0
8903,D1,2024/2025,2025-01-15,Werder Bremen,Heidenheim,0.8772876183920901,0.6445524734472631,0.23273514494482705,0.5654579043592803,1,1,1,1,1
11466,E0,2024/2025,2025-01-15,Everton,Aston Villa,0.6630625239712233,0.737027029774325,0.07396450580310165,0.4886950025971779,0,0,0,0,1
11467,E0,2024/2025,2025-01-15,Leicester,Crystal Palace,0.6553100210517827,0.8268355054420795,0.1715254843902968,0.5418335924776105,0,0,0,0,1
11468,E0,2024/2025,2025-01-15,Newcastle,Wolves,0.9320023854616775,0.5928624958646173,0.3391398895970602,0.5525492603965871,0,0,1,1,0
11469,E0,2024/2025,2025-01-15,Arsenal,Tottenham,0.9208242206932264,0.6182541695149342,0.3025700511782923,0.5693034138339271,1,0,1,1,1
11470,E0,2024/2025,2025-01-16,Ipswich,Brighton,0.6368630999374626,0.8100328080161243,0.17316970807866172,0.5158800051641964,0,0,0,0,1
11471,E0,2024/2025,2025-01-16,Man United,Southampton,0.9274317793545168,0.528768857510093,0.39866292184442387,0.4903970423878405,1,0,1,1,1
6659,I1,2024/2025,2025-01-17,Roma,Genoa,0.898501105987226,0.5503311714159376,0.3481699345712884,0.4944731661764656,1,0,1,1,1
8904,D1,2024/2025,2025-01-17,Ein Frankfurt,Dortmund,0.7575547311067418,0.7618045950552074,0.004249863948465604,0.577108675162928,0,0,0,0,1
13901,F1,2024/2025,2025-01-17,Montpellier,Monaco,0.6198083994055122,0.8876037235502895,0.26779532414477725,0.5501442432000777,1,1,1,1,1
13902,F1,2024/2025,2025-01-17,Lille,Nice,0.8102589216413698,0.6643581758372652,0.14590074580410461,0.53830213913753,1,0,0,0,0
16450,SP1,2024/2025,2025-01-17,Espanol,Valladolid,0.825199990523185,0.5455035248268489,0.2796964656963361,0.4501495035174798,1,1,1,1,1
6660,I1,2024/2025,2025-01-18,Bologna,Monza,0.8778230050999848,0.6229191273192748,0.25490387778071,0.5468127402776658,1,1,1,1,1
6661,I1,2024/2025,2025-01-18,Juventus,Milan,0.7718637727926136,0.645712944810776,0.12615082798183763,0.4984024297226743,0,0,0,0,1
6662,I1,2024/2025,2025-01-18,Atalanta,Napoli,0.7676449317386552,0.691581885601126,0.07606304613752923,0.5308893293639668,1,0,0,0,0
8905,D1,2024/2025,2025-01-18,Bayern Munich,Wolfsburg,0.964359237082356,0.61175291696717,0.352606320115186,0.5899495762893661,1,0,1,1,1
8906,D1,2024/2025,2025-01-18,Bochum,RB Leipzig,0.6605988493883858,0.8165886069225468,0.155989757534161,0.5394374941566992,1,0,0,0,0
8907,D1,2024/2025,2025-01-18,Heidenheim,St Pauli,0.7652957264146306,0.7492071910330949,0.016088535381535762,0.5733650614967373,0,0,0,0,1
8908,D1,2024/2025,2025-01-18,Holstein Kiel,Hoffenheim,0.7275966553806527,0.7945190097470237,0.06692235436637106,0.5780893741282827,1,0,0,0,0
8909,D1,2024/2025,2025-01-18,Stuttgart,Freiburg,0.8718133317158905,0.6288642968644077,0.24294903485148278,0.5482522778465301,0,1,1,1,0
8910,D1,2024/2025,2025-01-18,Leverkusen,M'gladbach,0.9403818697869472,0.5745551829294221,0.36582668685752506,0.5403012772189514,1,0,1,1,1
11472,E0,2024/2025,2025-01-18,Newcastle,Bournemouth,0.880965736360039,0.6165550972800546,0.2644106390799844,0.5431639152818588,1,1,1,1,1
11473,E0,2024/2025,2025-01-18,Brentford,Liverpool,0.6403558292508102,0.9242962742613775,0.28394044501056726,0.5918785071780788,0,1,1,1,0
11474,E0,2024/2025,2025-01-18,Leicester,Fulham,0.6428400337306476,0.837286657507784,0.1944466237771364,0.538241383154525,0,1,0,0,1
11475,E0,2024/2025,2025-01-18,West Ham,Crystal Palace,0.7282775395658428,0.736607282621789,0.008329743055946137,0.536454539414078,0,0,0,0,1
11476,E0,2024/2025,2025-01-18,Arsenal,Aston Villa,0.8982997427703252,0.5818111004853312,0.31648864228499396,0.5226407619068929,1,0,1,1,1
13903,F1,2024/2025,2025-01-18,Lens,Paris SG,0.6396122518166331,0.8565869619748764,0.21697471015824332,0.5478835156255193,1,1,1,1,1
13904,F1,2024/2025,2025-01-18,Rennes,Brest,0.8280839350233422,0.6827143488816952,0.14536958614164697,0.5653447845188531,1,0,0,0,0
13905,F1,2024/2025,2025-01-18,Lyon,Toulouse,0.8465146152155493,0.6710257667387528,0.17548884847679647,0.5680331187305743,0,0,0,0,1
16451,SP1,2024/2025,2025-01-18,Girona,Sevilla,0.8200609518991092,0.6517431249024801,0.16831782699662912,0.5344690874012279,1,0,0,0,0
16452,SP1,2024/2025,2025-01-18,Leganes,Ath Madrid,0.5899625236824039,0.9061545070508664,0.31619198336846255,0.5345971998259138,0,0,1,1,0
16453,SP1,2024/2025,2025-01-18,Betis,Alaves,0.8420233617909262,0.5839231698674284,0.25810019192349776,0.49167695051938615,1,1,1,1,1
16454,SP1,2024/2025,2025-01-18,Getafe,Barcelona,0.5715459624613163,0.8979647223827911,0.32641875992147484,0.513228111510581,1,0,1,1,1
6663,I1,2024/2025,2025-01-19,Fiorentina,Torino,0.8467886147758412,0.5642295950124621,0.28255901976337916,0.47778319717613665,1,1,1,1,1
6664,I1,2024/2025,2025-01-19,Cagliari,Lecce,0.8146567229226662,0.6372605057959235,0.1773962171267427,0.5191485552997478,1,0,0,0,0
6665,I1,2024/2025,2025-01-19,Parma,Venezia,0.7801137789079234,0.6916103114758606,0.08850346743206283,0.5395347336171196,1,0,0,0,0
6666,I1,2024/2025,2025-01-19,Verona,Lazio,0.5912536944927496,0.8299437022324754,0.23869000773972582,0.4907072801659415,0,1,1,1,0
6667,I1,2024/2025,2025-01-19,Inter,Empoli,0.9459631422514428,0.5609317866248692,0.38503135562657365,0.5306207954643771,1,0,1,1,1
8911,D1,2024/2025,2025-01-19,Union Berlin,Mainz,0.752350217113116,0.7460378089142001,0.006312408198915875,0.5612817075111918,1,0,0,0,0
8912,D1,2024/2025,2025-01-19,Werder Bremen,Augsburg,0.8388065836177683,0.6702783493418045,0.16852823427596375,0.562233892284356,0,0,0,0,1
11477,E0,2024/2025,2025-01-19,Everton,Tottenham,0.7003277621839825,0.7544915399914597,0.054163777807477165,0.5283913717889657,1,0,0,0,0
11478,E0,2024/2025,2025-01-19,Man United,Brighton,0.8023203972937593,0.6671536380722533,0.135166759221506,0.5352709719541071,1,0,0,0,0
11479,E0,2024/2025,2025-01-19,Nott'm Forest,Southampton,0.9062498124954731,0.5331621600765795,0.37308765241889363,0.48317810759908153,1,0,1,1,1
11480,E0,2024/2025,2025-01-19,Ipswich,Man City,0.5845456501355825,0.9218751996116445,0.3373295494760621,0.5388781379008586,0,0,1,1,0
13906,F1,2024/2025,2025-01-19,St Etienne,Nantes,0.7350697894157747,0.7058895656491571,0.029180223766617663,0.5188780943725185,1,0,0,0,0
13907,F1,2024/2025,2025-01-19,Angers,Auxerre,0.7202299532871975,0.6792516039671914,0.0409783493200061,0.48921735099554425,0,0,0,0,1
13908,F1,2024/2025,2025-01-19,Reims,Le Havre,0.862080780619347,0.6003555489682222,0.2617252316511248,0.5175549803036816,1,1,1,1,1
13909,F1,2024/2025,2025-01-19,Marseille,Strasbourg,0.8895734545206988,0.6286525129094159,0.2609209416112829,0.5592325876019473,1,1,1,1,1
16455,SP1,2024/2025,2025-01-19,Celta,Ath Bilbao,0.7155882496490515,0.7277206340337697,0.012132384384718198,0.5207483347417233,1,0,0,0,0
16456,SP1,2024/2025,2025-01-19,Real Madrid,Las Palmas,0.9613177427242924,0.5550210712017947,0.4062966715224977,0.533551603332128,1,0,1,1,1
16457,SP1,2024/2025,2025-01-19,Osasuna,Vallecano,0.7728559310520338,0.6182512433008654,0.1546046877511683,0.4778191402653678,1,0,0,0,0
16458,SP1,2024/2025,2025-01-19,Valencia,Sociedad,0.6851672975221961,0.7391543212541873,0.05398702373199127,0.5064443687455846,0,0,0,0,1
6668,I1,2024/2025,2025-01-20,Como,Udinese,0.777173729844501,0.6374731467256128,0.1397005831188881,0.49542738311645534,1,0,0,0,0
11481,E0,2024/2025,2025-01-20,Chelsea,Wolves,0.9239218516222257,0.5667493780091897,0.35717247361303606,0.5236321347359952,1,0,1,1,1
16459,SP1,2024/2025,2025-01-20,Villarreal,Mallorca,0.8623736835351169,0.6058625810051117,0.2565111025300052,0.5224799456974714,0,1,1,1,0
6669,I1,2024/2025,2025-01-24,Torino,Cagliari,0.7663753770533912,0.6564979813412445,0.10987739571214672,0.5031238879851865,0,0,0,0,1
8913,D1,2024/2025,2025-01-24,Wolfsburg,Holstein Kiel,0.9279843138493494,0.6568699105649813,0.2711144032843681,0.6095649732439278,1,1,1,1,1
13910,F1,2024/2025,2025-01-24,Auxerre,St Etienne,0.8178589760424294,0.6518660575005647,0.1659929185418647,0.5331345063042272,1,0,0,0,0
16460,SP1,2024/2025,2025-01-24,Las Palmas,Osasuna,0.717790805229419,0.6797120282242144,0.03807877700520457,0.4878910440631804,1,0,0,0,0
6670,I1,2024/2025,2025-01-25,Como,Atalanta,0.6361587745063187,0.8287450379580463,0.19258626345172758,0.5272134277255833,1,0,0,0,0
6671,I1,2024/2025,2025-01-25,Napoli,Juventus,0.7714200206105879,0.6338554979516828,0.13756452265890506,0.48896882129402164,1,0,0,0,0
6672,I1,2024/2025,2025-01-25,Empoli,Bologna,0.6639153374494839,0.8216080039595555,0.15769266651007152,0.5454781552000052,1,0,0,0,0
8914,D1,2024/2025,2025-01-25,Augsburg,Heidenheim,0.8231388513690576,0.6479512145615257,0.1751876368075319,0.5333538184973601,1,0,0,0,0
8915,D1,2024/2025,2025-01-25,Dortmund,Werder Bremen,0.8930524414599202,0.6686683142016412,0.22438412725827905,0.5971558705246647,1,1,1,1,1
8916,D1,2024/2025,2025-01-25,Freiburg,Bayern Munich,0.6144716547555529,0.9505391068562766,0.33606745210072375,0.5840793378998416,1,0,1,1,1
8917,D1,2024/2025,2025-01-25,Mainz,Stuttgart,0.7335729671517327,0.7810373070921927,0.047464339940459954,0.5729478548198188,0,0,0,0,1
8918,D1,2024/2025,2025-01-25,RB Leipzig,Leverkusen,0.7158226921588504,0.8757057108831693,0.15988301872431887,0.6268500195032701,1,0,0,0,0
8919,D1,2024/2025,2025-01-25,M'gladbach,Bochum,0.8715861145581667,0.6603538928770103,0.2112322216811564,0.5755552837260333,0,1,1,1,0
11482,E0,2024/2025,2025-01-25,Bournemouth,Nott'm Forest,0.8149241603337875,0.6910934215899527,0.12383073874383477,0.5631887263013964,0,0,0,0,1
11483,E0,2024/2025,2025-01-25,Brighton,Everton,0.8623045486335477,0.5920578714548496,0.2702466771786981,0.5105341956098131,0,1,1,1,0
11484,E0,2024/2025,2025-01-25,Liverpool,Ipswich,0.9655351337612511,0.5266561502041165,0.4388789835571346,0.5085050164335172,1,0,1,1,1
11485,E0,2024/2025,2025-01-25,Southampton,Newcastle,0.627941120055449,0.924586771090692,0.296645651035243,0.5805860526271401,1,0,1,1,1
11486,E0,2024/2025,2025-01-25,Wolves,Arsenal,0.5919805801394196,0.903965358424287,0.3119847782848675,0.5351299373059478,0,0,1,1,0
11487,E0,2024/2025,2025-01-25,Man City,Chelsea,0.8335876668453253,0.7195451419294875,0.11404252491583777,0.5998039560508899,1,0,0,0,0
13911,F1,2024/2025,2025-01-25,Monaco,Rennes,0.8633247266032298,0.6600611793745894,0.20326354722864037,0.5698471372249728,1,1,1,1,1
13912,F1,2024/2025,2025-01-25,Strasbourg,Lille,0.7057714453392075,0.7322238947425855,0.026452449403377987,0.5167827165043783,1,0,0,0,0
13913,F1,2024/2025,2025-01-25,Paris SG,Reims,0.9381706575504625,0.5380062618573456,0.4001643956931169,0.5047416884529722,1,0,1,1,1
16461,SP1,2024/2025,2025-01-25,Mallorca,Betis,0.7454950161728344,0.6694944425450855,0.07600057362774892,0.4991047702727713,0,0,0,0,1
16462,SP1,2024/2025,2025-01-25,Ath Madrid,Villarreal,0.8657116656224487,0.6639526866043883,0.2017589790180604,0.5747915862147848,1,1,1,1,1
16463,SP1,2024/2025,2025-01-25,Sevilla,Espanol,0.8583214275121005,0.6062064987791358,0.2521149287329647,0.5203200273992202,1,1,1,1,1
16464,SP1,2024/2025,2025-01-25,Valladolid,Real Madrid,0.5814787633104284,0.9424879598504978,0.36100919654006947,0.5480367333288362,0,0,1,1,0
6673,I1,2024/2025,2025-01-26,Milan,Parma,0.9267674499754136,0.5099131346777429,0.4168543152976707,0.47257089553426146,1,0,1,1,1
6674,I1,2024/2025,2025-01-26,Udinese,Roma,0.6807407329018847,0.7921279856984103,0.1113872527965255,0.5392337855364294,1,0,0,0,0
6675,I1,2024/2025,2025-01-26,Lecce,Inter,0.5819408939154358,0.9278649475258833,0.34592405361044753,0.5399625569960115,0,0,1,1,0
6676,I1,2024/2025,2025-01-26,Lazio,Fiorentina,0.7978586494534653,0.6454506515240194,0.15240799792944593,0.5149783851138133,1,0,0,0,0
8920,D1,2024/2025,2025-01-26,Hoffenheim,Ein Frankfurt,0.7130032000101791,0.8075806036282133,0.09457740361803413,0.5758075546530681,1,0,0,0,0
8921,D1,2024/2025,2025-01-26,St Pauli,Union Berlin,0.7163008129881708,0.6734769626690915,0.042823850319079315,0.48241209588867423,0,0,0,0,1
11488,E0,2024/2025,2025-01-26,Crystal Palace,Brentford,0.7985508554308347,0.6719443909326775,0.12660646449815716,0.5365817681812408,1,0,0,0,0
11489,E0,2024/2025,2025-01-26,Tottenham,Leicester,0.9129383069006253,0.6197951507262964,0.29314315617432884,0.5658347355292829,1,0,1,1,1
11490,E0,2024/2025,2025-01-26,Aston Villa,West Ham,0.8871642898105139,0.5908677269685163,0.29629656284199757,0.5241967473679764,1,0,1,1,1
11491,E0,2024/2025,2025-01-26,Fulham,Man United,0.7760262712665554,0.7222688625847623,0.05375740868179313,0.5604996122835892,0,0,0,0,1
13914,F1,2024/2025,2025-01-26,Le Havre,Brest,0.6827560202643316,0.789474903974663,0.10671888371033145,0.5390187435363063,0,0,0,0,1
13915,F1,2024/2025,2025-01-26,Lens,Angers,0.9090989971145877,0.5781537732781219,0.33094522383646585,0.5255990154651553,0,0,1,1,0
13916,F1,2024/2025,2025-01-26,Nantes,Lyon,0.6717159734770136,0.8020369325770046,0.13032095909999097,0.5387410189304805,1,0,0,0,0
13917,F1,2024/2025,2025-01-26,Toulouse,Montpellier,0.8635060769996089,0.5853967761805737,0.2781093008190352,0.5054936736879053,1,1,1,1,1
13918,F1,2024/2025,2025-01-26,Nice,Marseille,0.7383045245102117,0.7982564341422161,0.059951909632004474,0.589356337046586,0,0,0,0,1
16465,SP1,2024/2025,2025-01-26,Vallecano,Girona,0.7146711031052961,0.7340194600408185,0.019348356935522393,0.5245824972081257,1,0,0,0,0
16466,SP1,2024/2025,2025-01-26,Sociedad,Getafe,0.8276143808079348,0.5369917309910768,0.29062264981685804,0.4444220789431611,0,1,1,1,0
16467,SP1,2024/2025,2025-01-26,Ath Bilbao,Leganes,0.9111115827378715,0.5270947141656814,0.3840168685721901,0.48024209927626,0,0,1,1,0
16468,SP1,2024/2025,2025-01-26,Barcelona,Valencia,0.9511368049797835,0.5293891847737439,0.4217476202060396,0.503521537796551,1,0,1,1,1
6677,I1,2024/2025,2025-01-27,Venezia,Verona,0.7674699716519057,0.6528018840994579,0.11466808755244773,0.5010058434841216,1,0,0,0,0
6678,I1,2024/2025,2025-01-27,Genoa,Monza,0.7564501219922839,0.6687191782953669,0.08773094369691703,0.5058527040001101,0,0,0,0,1
16469,SP1,2024/2025,2025-01-27,Alaves,Celta,0.7291095949111623,0.7380914516800748,0.0089818567689125,0.5381495593418512,1,0,0,0,0
6679,I1,2024/2025,2025-01-31,Parma,Lecce,0.7787056703703193,0.6517258956270902,0.1269797747432292,0.5075026504519901,1,0,0,0,0
8922,D1,2024/2025,2025-01-31,Werder Bremen,Mainz,0.7993222927288776,0.7530985461648583,0.046223746564019286,0.601968456571279,0,0,0,0,1
13919,F1,2024/2025,2025-01-31,Montpellier,Lens,0.6295480808127124,0.845966886328219,0.21641880551550663,0.5325768297190363,0,1,1,1,0
16470,SP1,2024/2025,2025-01-31,Leganes,Vallecano,0.646692595655468,0.7204255683485267,0.07373297269305867,0.4658938807718745,0,0,0,0,1
6680,I1,2024/2025,2025-02-01,Monza,Verona,0.7553126345182464,0.6593813216309916,0.09593131288725476,0.49803904319322745,0,0,0,0,1
6681,I1,2024/2025,2025-02-01,Udinese,Venezia,0.8226328706416262,0.5988327185754235,0.22380015206620263,0.4926194783158297,1,1,1,1,1
6682,I1,2024/2025,2025-02-01,Atalanta,Torino,0.9043204359115287,0.5220290818514114,0.38229135406011727,0.47208156685836344,1,0,1,1,1
6683,I1,2024/2025,2025-02-01,Bologna,Como,0.8426466639302305,0.682184969778503,0.1604616941517275,0.5748408889672006,0,0,0,0,1
8923,D1,2024/2025,2025-02-01,Bayern Munich,Holstein Kiel,0.9765323531236871,0.5888622715689265,0.3876700815547607,0.5750430597209635,1,0,1,1,1
8924,D1,2024/2025,2025-02-01,Bochum,Freiburg,0.7034020619218063,0.7536759339161125,0.05027387199430622,0.5301372059374366,0,0,0,0,1
8925,D1,2024/2025,2025-02-01,Heidenheim,Dortmund,0.6481302345900846,0.8670045927446453,0.2188743581545607,0.5619318900862676,1,1,1,1,1
8926,D1,2024/2025,2025-02-01,St Pauli,Augsburg,0.7547865517727467,0.6713161548355032,0.08347039693724345,0.5067004056576287,1,0,0,0,0
8927,D1,2024/2025,2025-02-01,Stuttgart,M'gladbach,0.8876222794855754,0.6230238555834224,0.26459842390215293,0.5530098548668494,1,1,1,1,1
8928,D1,2024/2025,2025-02-01,Union Berlin,RB Leipzig,0.6933087550179914,0.7937489188318826,0.1004401638138912,0.5503130747122092,0,0,0,0,1
11492,E0,2024/2025,2025-02-01,Nott'm Forest,Brighton,0.759392721515387,0.734034162261189,0.025358559254197943,0.5574202001647914,0,0,0,0,1
11493,E0,2024/2025,2025-02-01,Bournemouth,Liverpool,0.6769612219182932,0.8935676877827701,0.21660646586447685,0.6049106737881279,0,1,1,1,0
11494,E0,2024/2025,2025-02-01,Everton,Leicester,0.837116177555589,0.6088460211504197,0.22827015640516923,0.5096748539453687,0,1,1,1,0
11495,E0,2024/2025,2025-02-01,Ipswich,Southampton,0.8152452718492409,0.6954704047217435,0.11977486712749741,0.5669789591604794,1,0,0,0,0
11496,E0,2024/2025,2025-02-01,Newcastle,Fulham,0.8661701593845906,0.6510303886344556,0.21513977075013502,0.5639030954877184,1,1,1,1,1
11497,E0,2024/2025,2025-02-01,Wolves,Aston Villa,0.684601025340359,0.7904238545167408,0.10582282917638175,0.5411249812556396,0,0,0,0,1
13920,F1,2024/2025,2025-02-01,Brest,Paris SG,0.5969737635405535,0.9104914544267435,0.31351769088618997,0.5435395102206455,1,0,1,1,1
13921,F1,2024/2025,2025-02-01,Monaco,Auxerre,0.9254492521838382,0.5625132811341744,0.3629359710496638,0.5205774953690989,1,0,1,1,1
13922,F1,2024/2025,2025-02-01,Lille,St Etienne,0.9099411657020045,0.5491294055164274,0.36081176018557704,0.4996754513768667,1,0,1,1,1
16471,SP1,2024/2025,2025-02-01,Getafe,Sevilla,0.726498630122416,0.648184197165679,0.07831443295673701,0.47090493130786376,0,0,0,0,1
16472,SP1,2024/2025,2025-02-01,Villarreal,Valladolid,0.9473933997166573,0.5409720296555693,0.4064213700610879,0.5125133303270102,1,0,1,1,1
16473,SP1,2024/2025,2025-02-01,Ath Madrid,Mallorca,0.8988879516466819,0.5084019692617945,0.3904859823848874,0.4569964047628738,0,0,1,1,0
16474,SP1,2024/2025,2025-02-01,Espanol,Real Madrid,0.5810506696600188,0.932252444515711,0.35120177485569215,0.5416859071780434,0,0,1,1,0
6684,I1,2024/2025,2025-02-02,Juventus,Empoli,0.9151405350555102,0.5395963156910057,0.37554421936450444,0.493806461055449,1,0,1,1,1
6685,I1,2024/2025,2025-02-02,Fiorentina,Genoa,0.8680313765557411,0.5962154574593388,0.27181591909640235,0.5175337242622408,1,1,1,1,1
6686,I1,2024/2025,2025-02-02,Milan,Inter,0.6636178155278609,0.8426478315298185,0.17903001600195756,0.5591961132191071,1,0,0,0,0
6687,I1,2024/2025,2025-02-02,Roma,Napoli,0.7015941795141534,0.7768613456100378,0.07526716609588446,0.5450413983695356,1,0,0,0,0
8929,D1,2024/2025,2025-02-02,Ein Frankfurt,Wolfsburg,0.8328036249741987,0.7089628106178845,0.12384081435631422,0.5904267986544705,1,0,0,0,0
8930,D1,2024/2025,2025-02-02,Leverkusen,Hoffenheim,0.9464988053915608,0.5808748725611586,0.3656239328304023,0.5497973729611118,1,0,1,1,1
11498,E0,2024/2025,2025-02-02,Brentford,Tottenham,0.8163791211441801,0.7468965995273205,0.06948252161685964,0.6097507895076906,0,0,0,0,1
11499,E0,2024/2025,2025-02-02,Man United,Crystal Palace,0.8128511116751435,0.6735498736975037,0.1393012379776397,0.5474957636036684,0,0,0,0,1
11500,E0,2024/2025,2025-02-02,Arsenal,Man City,0.8356232886899596,0.7082794647987134,0.1273438238912462,0.5918548156866654,1,0,0,0,0
13923,F1,2024/2025,2025-02-02,Toulouse,Nice,0.7471477303676483,0.7266395868071989,0.020508143560449388,0.5429071180782844,1,0,0,0,0
13924,F1,2024/2025,2025-02-02,Angers,Le Havre,0.7919371073688869,0.6249444480528425,0.16699265931604435,0.49491669845721376,1,0,0,0,0
13925,F1,2024/2025,2025-02-02,Reims,Nantes,0.7787920065945887,0.6487145903984501,0.13007741619613855,0.5052137375635957,1,0,0,0,0
13926,F1,2024/2025,2025-02-02,Rennes,Strasbourg,0.82616369851887,0.6998533963826186,0.12631030213625138,0.5781934703764569,0,0,0,0,1
13927,F1,2024/2025,2025-02-02,Marseille,Lyon,0.8081710033461016,0.6792456966785246,0.12892530666757696,0.548946676203205,1,0,0,0,0
16475,SP1,2024/2025,2025-02-02,Barcelona,Alaves,0.9572052597776823,0.5431395841552787,0.4140656756224036,0.5198960667468959,0,0,1,1,0
16476,SP1,2024/2025,2025-02-02,Valencia,Celta,0.7510749760602206,0.7100125574928602,0.04106241856736037,0.533272664621406,1,0,0,0,0
16477,SP1,2024/2025,2025-02-02,Osasuna,Sociedad,0.6575349513697978,0.6971646368091062,0.03962968543930845,0.4584101155610184,1,0,0,0,0
16478,SP1,2024/2025,2025-02-02,Betis,Ath Bilbao,0.6900230959620951,0.7356065939971779,0.04558349803508277,0.5075855394000646,1,0,0,0,0
6688,I1,2024/2025,2025-02-03,Cagliari,Lazio,0.6509741302094415,0.8170828007931471,0.1661086705837056,0.5318997655554133,1,0,0,0,0
11501,E0,2024/2025,2025-02-03,Chelsea,West Ham,0.9243376915119929,0.5675200081162812,0.3568176833957116,0.5245801341890708,1,0,1,1,1
16479,SP1,2024/2025,2025-02-03,Girona,Las Palmas,0.8747810855496267,0.5860266164658369,0.2887544690837899,0.5126449997129595,1,1,1,1,1
6689,I1,2024/2025,2025-02-06,Fiorentina,Inter,0.6656912660868782,0.8215380715903322,0.15584680550345398,0.5468907190155406,0,0,0,0,1
6690,I1,2024/2025,2025-02-07,Como,Juventus,0.6643238640383463,0.8197057858101149,0.15538192177176857,0.5445501150039646,1,0,0,0,0
8931,D1,2024/2025,2025-02-07,Bayern Munich,Werder Bremen,0.9677081116459079,0.5598745157806512,0.4078335958652567,0.541795110424761,0,0,1,1,0
13928,F1,2024/2025,2025-02-07,Nantes,Brest,0.7477536536212729,0.6938292038738945,0.05392444974737842,0.5188133221858436,0,0,0,0,1
13929,F1,2024/2025,2025-02-07,Paris SG,Monaco,0.9276720208546417,0.644748304759697,0.2829237160949447,0.5981149628190325,1,1,1,1,1
16480,SP1,2024/2025,2025-02-07,Vallecano,Valladolid,0.887675207310336,0.5423555022658078,0.34531970504452825,0.4814355329097023,0,0,1,1,0
6691,I1,2024/2025,2025-02-08,Verona,Atalanta,0.5632313474924179,0.869654274819942,0.3064229273275241,0.4898165490593774,0,0,1,1,0
6692,I1,2024/2025,2025-02-08,Empoli,Milan,0.5919095630271106,0.8665511061075801,0.2746415430804695,0.5129198865567971,0,1,1,1,0
6693,I1,2024/2025,2025-02-08,Torino,Genoa,0.7484553848266302,0.6256264822836116,0.12282890254301859,0.4682535095553115,1,0,0,0,0
8932,D1,2024/2025,2025-02-08,Dortmund,Stuttgart,0.854160794148393,0.7069542641484949,0.14720652999989803,0.6038526156916713,1,0,0,0,0
8933,D1,2024/2025,2025-02-08,Freiburg,Heidenheim,0.8595397617557938,0.6590451923792354,0.2004945693765584,0.5664755476439494,0,1,1,1,0
8934,D1,2024/2025,2025-02-08,Hoffenheim,Union Berlin,0.7822125545095348,0.6998785473538477,0.08233400715568706,0.5474537863720755,0,0,0,0,1
8935,D1,2024/2025,2025-02-08,Mainz,Augsburg,0.8507297059044874,0.598459936964591,0.2522697689398964,0.5091276461695046,0,1,1,1,0
8936,D1,2024/2025,2025-02-08,Wolfsburg,Leverkusen,0.6726677745266997,0.8606077050947611,0.18793993056806146,0.5789030697266232,0,0,0,0,1
8937,D1,2024/2025,2025-02-08,M'gladbach,Ein Frankfurt,0.7600688809914231,0.7645098934499714,0.004441012458548332,0.5810801792213919,1,0,0,0,0
13930,F1,2024/2025,2025-02-08,Nice,Lens,0.7745304186425159,0.733236741300521,0.04129367734199496,0.5679141602035667,0,0,0,0,1
13931,F1,2024/2025,2025-02-08,Lille,Le Havre,0.9201633288222147,0.5342324701717766,0.3859308586504382,0.49158112811817645,1,0,1,1,1
13932,F1,2024/2025,2025-02-08,St Etienne,Rennes,0.6774016629574126,0.8142271304524612,0.13682546749504865,0.5515588121935393,0,0,0,0,1
16481,SP1,2024/2025,2025-02-08,Celta,Betis,0.7685624995993448,0.6831522303203595,0.0854102692789852,0.5250451857418829,1,0,0,0,0
16482,SP1,2024/2025,2025-02-08,Ath Bilbao,Girona,0.8664693142444022,0.614967401338489,0.25150191290591317,0.5328503825204227,0,1,1,1,0
16483,SP1,2024/2025,2025-02-08,Las Palmas,Villarreal,0.6620080657086216,0.8850693714942411,0.22306130578561956,0.585923062640848,1,1,1,1,1
16484,SP1,2024/2025,2025-02-08,Real Madrid,Ath Madrid,0.8433286580806334,0.6593043641912584,0.18402429388937502,0.5560102647201192,1,0,0,0,0
6694,I1,2024/2025,2025-02-09,Venezia,Roma,0.6275239445979492,0.8555688095553567,0.2280448649574075,0.536889914247149,0,1,1,1,0
6695,I1,2024/2025,2025-02-09,Cagliari,Parma,0.8277037230561713,0.6516369862971747,0.17606673675899664,0.5393623596392748,1,0,0,0,0
6696,I1,2024/2025,2025-02-09,Lazio,Monza,0.920125128260867,0.5620311637460427,0.35809396451482434,0.5171389966284319,1,0,1,1,1
6697,I1,2024/2025,2025-02-09,Lecce,Bologna,0.6221549965237784,0.8344176339164872,0.2122626373927088,0.5191371001286914,0,1,1,1,0
6698,I1,2024/2025,2025-02-09,Napoli,Udinese,0.9026750660489546,0.5522417419045992,0.35043332414435546,0.4984948508487238,1,0,1,1,1
8938,D1,2024/2025,2025-02-09,Holstein Kiel,Bochum,0.7970258406267355,0.748074315114547,0.04895152551218851,0.5962345598554413,1,0,0,0,0
8939,D1,2024/2025,2025-02-09,RB Leipzig,St Pauli,0.8954230291624676,0.6356917260005094,0.25973130316195825,0.5692130109088935,0,1,1,1,0
13933,F1,2024/2025,2025-02-09,Lyon,Reims,0.8912863954104981,0.5886651785279822,0.302621216882516,0.5246692650738826,0,0,1,1,0
13934,F1,2024/2025,2025-02-09,Auxerre,Toulouse,0.6884918966398453,0.7644941793542834,0.0760022827144381,0.5263480475137526,1,0,0,0,0
13935,F1,2024/2025,2025-02-09,Strasbourg,Montpellier,0.8429682865593376,0.6490485906080662,0.19391969595127145,0.5471273783186346,0,1,0,0,1
13936,F1,2024/2025,2025-02-09,Angers,Marseille,0.6102573166720721,0.876984011210181,0.26672669453810893,0.5351859094454354,0,1,1,1,0
16485,SP1,2024/2025,2025-02-09,Alaves,Getafe,0.7501642229275545,0.6382402629400546,0.11192395998749982,0.47878501088950415,0,0,0,0,1
16486,SP1,2024/2025,2025-02-09,Valencia,Leganes,0.8377157103398208,0.58776220365898,0.24995350668084082,0.4923776319490809,0,1,1,1,0
16487,SP1,2024/2025,2025-02-09,Sociedad,Espanol,0.8721799440146206,0.5416288457217602,0.33055109829286045,0.4723978163383084,1,0,1,1,1
16488,SP1,2024/2025,2025-02-09,Sevilla,Barcelona,0.6217915088541857,0.9023437438194789,0.28055223496529325,0.5610696779746486,1,1,1,1,1
6699,I1,2024/2025,2025-02-10,Inter,Fiorentina,0.9108342506326091,0.6060999313091724,0.30473431932343675,0.5520565767424659,1,0,1,1,1
16489,SP1,2024/2025,2025-02-10,Mallorca,Osasuna,0.7841175774801047,0.609205951993328,0.17491162548677663,0.47768909526346937,1,0,0,0,0
11502,E0,2024/2025,2025-02-12,Everton,Liverpool,0.5899532189450595,0.9082110057076362,0.31825778676257677,0.5358020062985498,1,0,1,1,1
6700,I1,2024/2025,2025-02-14,Bologna,Torino,0.8318959326640095,0.5567334116665003,0.27516252099750926,0.46314426074351916,1,1,1,1,1
8940,D1,2024/2025,2025-02-14,Augsburg,RB Leipzig,0.686583933108201,0.7424940294159678,0.05591009630776678,0.5097844710257714,0,0,0,0,1
11503,E0,2024/2025,2025-02-14,Brighton,Chelsea,0.7228574209200698,0.7744928173077287,0.051635396387658905,0.5598478804401835,0,0,0,0,1
13937,F1,2024/2025,2025-02-14,Brest,Auxerre,0.7571489294728532,0.6725718155685503,0.08457711390430289,0.5092370301513411,1,0,0,0,0
16490,SP1,2024/2025,2025-02-14,Girona,Getafe,0.811536631056017,0.6064275587525809,0.2051090723034361,0.49213817800959436,1,1,1,1,1
6701,I1,2024/2025,2025-02-15,Atalanta,Cagliari,0.9177371862351331,0.6061498601659294,0.3115873260692037,0.5562862671054994,0,0,1,1,0
6702,I1,2024/2025,2025-02-15,Lazio,Napoli,0.7403874723822182,0.7290950479221316,0.011292424460086603,0.5398128396574593,1,0,0,0,0
6703,I1,2024/2025,2025-02-15,Milan,Verona,0.9218485302799133,0.5260649945502325,0.39578353572968084,0.48495224205784243,0,0,1,1,0
8941,D1,2024/2025,2025-02-15,Bochum,Dortmund,0.6231266381543197,0.8773086633350269,0.2541820251807072,0.5466743980076152,0,1,1,1,0
8942,D1,2024/2025,2025-02-15,St Pauli,Freiburg,0.7278911395297547,0.6908289002740373,0.03706223925571739,0.5028482354405563,0,0,0,0,1
8943,D1,2024/2025,2025-02-15,Stuttgart,Wolfsburg,0.8650206661293454,0.6605303302856108,0.20449033584373455,0.5713723863022956,1,1,1,1,1
8944,D1,2024/2025,2025-02-15,Union Berlin,M'gladbach,0.778489788445871,0.6994056109187575,0.0790841775271135,0.5444801260819987,1,0,0,0,0
8945,D1,2024/2025,2025-02-15,Leverkusen,Bayern Munich,0.7338020015126234,0.8173191503052701,0.08351714879264671,0.5997504283686039,0,0,0,0,1
11504,E0,2024/2025,2025-02-15,Leicester,Arsenal,0.5733793898441584,0.9259078224953965,0.3525284326512381,0.5308964623143437,0,0,1,1,0
11505,E0,2024/2025,2025-02-15,Aston Villa,Ipswich,0.9071164391226074,0.548509832251247,0.35860660687136037,0.49756228585548995,1,0,1,1,1
11506,E0,2024/2025,2025-02-15,Fulham,Nott'm Forest,0.8013819685157346,0.7169461647407585,0.08443580377497617,0.5745477288197551,1,0,0,0,0
11507,E0,2024/2025,2025-02-15,Man City,Newcastle,0.8570551147795751,0.7529940129396073,0.10406110183996775,0.645357370188288,0,0,0,0,1
11508,E0,2024/2025,2025-02-15,Southampton,Bournemouth,0.6378081836840389,0.9173534290962674,0.27954524541222847,0.5850955244082151,1,1,1,1,1
11509,E0,2024/2025,2025-02-15,West Ham,Brentford,0.7789513510208779,0.756717521920796,0.02223382910008187,0.5894461360413749,0,0,0,0,1
11510,E0,2024/2025,2025-02-15,Crystal Palace,Everton,0.8438896490495147,0.6124321068222354,0.23145754222727932,0.516825115692871,1,1,1,1,1
13938,F1,2024/2025,2025-02-15,Marseille,St Etienne,0.9338506317236646,0.5414810858807199,0.3923695458429447,0.5056624541161261,1,0,1,1,1
13939,F1,2024/2025,2025-02-15,Monaco,Nantes,0.8941522927308296,0.6193623328761678,0.2747899598546618,0.5538042499723408,1,1,1,1,1
13940,F1,2024/2025,2025-02-15,Toulouse,Paris SG,0.628563034215139,0.904554913774975,0.27599187955983595,0.5685697812166117,0,1,1,1,0
16491,SP1,2024/2025,2025-02-15,Leganes,Alaves,0.6430718374302348,0.7153835541778271,0.07231171674759229,0.46004301665250713,1,0,0,0,0
16492,SP1,2024/2025,2025-02-15,Osasuna,Real Madrid,0.6082822779442574,0.8863212607869753,0.2780389828427179,0.5391335155019276,1,1,1,1,1
16493,SP1,2024/2025,2025-02-15,Ath Madrid,Celta,0.9060238219394925,0.5519473799322285,0.35407644200726396,0.5000774746756869,1,0,1,1,1
16494,SP1,2024/2025,2025-02-15,Villarreal,Valencia,0.9004299206670328,0.5866784605259502,0.31375146014108257,0.5282628396684382,1,0,1,1,1
6704,I1,2024/2025,2025-02-16,Fiorentina,Como,0.8100687014629099,0.6962582226106503,0.11381047885225959,0.5640169942730832,0,0,0,0,1
6705,I1,2024/2025,2025-02-16,Monza,Lecce,0.7147726386381101,0.7303418146306297,0.015569175992519613,0.5220283459512808,0,0,0,0,1
6706,I1,2024/2025,2025-02-16,Udinese,Empoli,0.8310551355025346,0.6153766859148122,0.21567844958772242,0.5114119550980349,0,1,1,1,0
6707,I1,2024/2025,2025-02-16,Parma,Roma,0.6827065937545561,0.8105980830905684,0.12789148933601224,0.5534006562107345,0,0,0,0,1
6708,I1,2024/2025,2025-02-16,Juventus,Inter,0.678880662903599,0.7960336128257753,0.11715294992217629,0.5404118267687092,0,0,0,0,1
8946,D1,2024/2025,2025-02-16,Werder Bremen,Hoffenheim,0.831800024682673,0.6657960494077239,0.16600397527494914,0.5538091703309709,1,0,0,0,0
8947,D1,2024/2025,2025-02-16,Ein Frankfurt,Holstein Kiel,0.9326513904450446,0.5925609134092154,0.3400904770358293,0.5526527598144904,1,0,1,1,1
8948,D1,2024/2025,2025-02-16,Heidenheim,Mainz,0.6704779249148669,0.8124587724685693,0.14198084755370244,0.5447356718436064,0,0,0,0,1
11511,E0,2024/2025,2025-02-16,Liverpool,Wolves,0.9518698025042077,0.5484454429407709,0.4034243595634368,0.5220486554563644,1,0,1,1,1
11512,E0,2024/2025,2025-02-16,Tottenham,Man United,0.7782278250433368,0.7517904567669934,0.026437368276343354,0.585064252058114,0,0,0,0,1
13941,F1,2024/2025,2025-02-16,Montpellier,Lyon,0.6269449358390544,0.8823294997367728,0.25538456389771835,0.553172011601376,1,1,1,1,1
13942,F1,2024/2025,2025-02-16,Le Havre,Nice,0.6130400726127299,0.8720808968376031,0.2590408242248733,0.5346205363214989,1,1,1,1,1
13943,F1,2024/2025,2025-02-16,Lens,Strasbourg,0.8496895233161488,0.62402025160109,0.2256692717150588,0.5302234701225533,0,1,1,1,0
13944,F1,2024/2025,2025-02-16,Reims,Angers,0.8165961939822142,0.6698267972929807,0.1467693966892335,0.5469780132967441,0,0,0,0,1
13945,F1,2024/2025,2025-02-16,Rennes,Lille,0.7389568289072015,0.7475348944577885,0.008578065550587044,0.552396015106007,0,0,0,0,1
16495,SP1,2024/2025,2025-02-16,Espanol,Ath Bilbao,0.5859835978633733,0.8430912175435207,0.2571076196801474,0.49403762498316417,1,1,1,1,1
16496,SP1,2024/2025,2025-02-16,Valladolid,Sevilla,0.6189603610866452,0.7986976761581231,0.17973731507147794,0.4943622020338963,0,0,0,0,1
16497,SP1,2024/2025,2025-02-16,Mallorca,Las Palmas,0.8390206393399343,0.5892473549263403,0.24977328441359403,0.4943906924596632,1,1,1,1,1
16498,SP1,2024/2025,2025-02-16,Betis,Sociedad,0.7359516579390122,0.7085429512693966,0.02740870666961559,0.5214533597077131,0,0,0,0,1
6709,I1,2024/2025,2025-02-17,Genoa,Venezia,0.817103257542207,0.6216333594370551,0.19546989810515192,0.5079386429929234,0,1,0,0,1
16499,SP1,2024/2025,2025-02-17,Barcelona,Vallecano,0.9566725022826521,0.5531065001874084,0.40356600209524374,0.5291417795630882,0,0,1,1,0
11513,E0,2024/2025,2025-02-19,Aston Villa,Liverpool,0.6702435301440756,0.8462779468676942,0.17603441672361864,0.5672123185916838,1,0,0,0,0
6710,I1,2024/2025,2025-02-21,Lecce,Udinese,0.6861364469246689,0.7450434003173995,0.058906953392730554,0.5112014314984542,0,0,0,0,1
8949,D1,2024/2025,2025-02-21,Freiburg,Werder Bremen,0.7853983139245438,0.6370505748271982,0.14834773909734567,0.500338447353943,0,0,0,0,1
11514,E0,2024/2025,2025-02-21,Leicester,Brentford,0.6602740878163764,0.8206719979480449,0.1603979101316685,0.5418684548415885,0,0,0,0,1
13946,F1,2024/2025,2025-02-21,Rennes,Reims,0.7852860362397399,0.6581744599739242,0.1271115762658157,0.5168552128271543,0,0,0,0,1
16500,SP1,2024/2025,2025-02-21,Celta,Osasuna,0.8620921462552981,0.5775020587341365,0.28459008752116155,0.4978599892809649,0,1,1,1,0
6711,I1,2024/2025,2025-02-22,Parma,Bologna,0.6653320892630323,0.8302554070377435,0.16492331777471114,0.5523955645863512,0,0,0,0,1
6712,I1,2024/2025,2025-02-22,Venezia,Lazio,0.6379985153681514,0.8826362955956554,0.24463778022750393,0.563120646200073,0,1,1,1,0
6713,I1,2024/2025,2025-02-22,Torino,Milan,0.6473481565446061,0.8059183882263499,0.15857023168174378,0.5217097829437277,1,0,0,0,0
6714,I1,2024/2025,2025-02-22,Inter,Genoa,0.9404403234931861,0.5439303424229734,0.3965099810702126,0.5115340271860206,0,0,1,1,0
8950,D1,2024/2025,2025-02-22,Holstein Kiel,Leverkusen,0.5986548154261665,0.9438768576709831,0.34522204224481656,0.5650564260140524,0,0,1,1,0
8951,D1,2024/2025,2025-02-22,Mainz,St Pauli,0.8388282069098956,0.5994268112854068,0.2394013956244888,0.5028161172842541,0,1,1,1,0
8952,D1,2024/2025,2025-02-22,M'gladbach,Augsburg,0.8374294263102806,0.6224138742429643,0.21501555206731626,0.5212276936348448,0,1,1,1,0
8953,D1,2024/2025,2025-02-22,Wolfsburg,Bochum,0.8908342415092294,0.5972535641687159,0.2935806773405135,0.532053925824922,1,0,1,1,1
8954,D1,2024/2025,2025-02-22,Dortmund,Union Berlin,0.8941962847611099,0.612968613683582,0.2812276710775279,0.5481142570310271,0,1,1,1,0
11515,E0,2024/2025,2025-02-22,Everton,Man United,0.7392711958263353,0.7300516809890546,0.009219514837280673,0.5397061792198046,1,0,0,0,0
11516,E0,2024/2025,2025-02-22,Arsenal,West Ham,0.9413777029917405,0.5551843008095655,0.386193402182175,0.5226381218331843,0,0,1,1,0
11517,E0,2024/2025,2025-02-22,Bournemouth,Wolves,0.8978399796286047,0.6447079963398635,0.2531319832887412,0.5788446143001816,0,1,1,1,0
11518,E0,2024/2025,2025-02-22,Fulham,Crystal Palace,0.8151945883468837,0.6855083372664758,0.129686251080408,0.5588226868063014,0,0,0,0,1
11519,E0,2024/2025,2025-02-22,Ipswich,Tottenham,0.668845152334852,0.8589917311313864,0.1901465787965344,0.5745324552629504,1,0,0,0,0
11520,E0,2024/2025,2025-02-22,Southampton,Brighton,0.632127251026875,0.8997461747413124,0.2676189237144374,0.568754076061172,0,1,1,1,0
11521,E0,2024/2025,2025-02-22,Aston Villa,Chelsea,0.7514159795118089,0.7567917142531116,0.005375734741302707,0.568665387251923,1,0,0,0,0
13947,F1,2024/2025,2025-02-22,Lille,Monaco,0.8200597048251014,0.7612496732234109,0.058810031601690516,0.6242701823217952,1,0,0,0,0
13948,F1,2024/2025,2025-02-22,St Etienne,Angers,0.7556556767346865,0.7092188753954431,0.04643680133924333,0.5359252692399569,1,0,0,0,0
13949,F1,2024/2025,2025-02-22,Auxerre,Marseille,0.6316067551208797,0.9028285537299391,0.2712217986090594,0.5702326132518436,0,1,1,1,0
16501,SP1,2024/2025,2025-02-22,Alaves,Espanol,0.8436325625000356,0.5833554722508933,0.26027709024914225,0.49213767190343954,0,1,1,1,0
16502,SP1,2024/2025,2025-02-22,Vallecano,Villarreal,0.7013417858702468,0.7679461158460235,0.0666043299757767,0.5385927003395695,0,0,0,0,1
16503,SP1,2024/2025,2025-02-22,Valencia,Ath Madrid,0.5969899884603059,0.8236695819040863,0.2266795934437804,0.49172249419602554,0,1,1,1,0
16504,SP1,2024/2025,2025-02-22,Las Palmas,Barcelona,0.6135381455516102,0.9497574806965122,0.336219335144902,0.5827124434303074,0,0,1,1,0
6715,I1,2024/2025,2025-02-23,Como,Napoli,0.6627063256102642,0.776268352477388,0.1135620268671238,0.5144379475578232,1,0,0,0,0
6716,I1,2024/2025,2025-02-23,Verona,Fiorentina,0.6272157096805149,0.8359098299302805,0.20869412024976564,0.5242957772086394,0,1,1,1,0
6717,I1,2024/2025,2025-02-23,Empoli,Atalanta,0.6034601275855439,0.8946876405372357,0.2912275129516918,0.5399083177078094,0,1,1,1,0
6718,I1,2024/2025,2025-02-23,Cagliari,Juventus,0.6550657083323124,0.8356815316129719,0.1806158232806595,0.5474263144462831,0,0,0,0,1
8955,D1,2024/2025,2025-02-23,RB Leipzig,Heidenheim,0.9197654118977171,0.5709233317524659,0.3488420801452512,0.5251155333913238,1,0,1,1,1
8956,D1,2024/2025,2025-02-23,Bayern Munich,Ein Frankfurt,0.9371857740804579,0.5822677465486427,0.35491802753181523,0.5456930487712736,0,0,1,1,0
8957,D1,2024/2025,2025-02-23,Hoffenheim,Stuttgart,0.6954383212979297,0.8585339032199099,0.16309558192198015,0.5970573764326134,1,0,0,0,0
11522,E0,2024/2025,2025-02-23,Newcastle,Nott'm Forest,0.8613516514772147,0.7002251085643784,0.16112654291283635,0.6031400536677393,1,0,0,0,0
11523,E0,2024/2025,2025-02-23,Man City,Liverpool,0.7636312582577708,0.8262455636754703,0.06261430541769952,0.6309469394194005,0,0,0,0,1
13950,F1,2024/2025,2025-02-23,Nantes,Lens,0.6488496892506569,0.8160850731595329,0.16723538390887605,0.5295165461216625,1,0,0,0,0
13951,F1,2024/2025,2025-02-23,Le Havre,Toulouse,0.621166404400837,0.8035552287378894,0.1823888243370524,0.49914151217260694,1,0,0,0,0
13952,F1,2024/2025,2025-02-23,Nice,Montpellier,0.9197779766550378,0.5667387078065027,0.3530392688485351,0.5212737819583557,0,0,1,1,0
13953,F1,2024/2025,2025-02-23,Strasbourg,Brest,0.8113343330251814,0.6513941016374741,0.1599402313877073,0.5284983989885773,0,0,0,0,1
13954,F1,2024/2025,2025-02-23,Lyon,Paris SG,0.6826501274176323,0.877560082546984,0.19490995512935172,0.5990665021673266,1,1,0,0,0
16505,SP1,2024/2025,2025-02-23,Ath Bilbao,Valladolid,0.9497521538627706,0.501593659577572,0.4481584942851986,0.47638965854770826,1,0,1,1,1
16506,SP1,2024/2025,2025-02-23,Real Madrid,Girona,0.9388630709340763,0.5705232766031935,0.3683397943308828,0.5356432355110456,0,0,1,1,0
16507,SP1,2024/2025,2025-02-23,Getafe,Betis,0.7138514107550465,0.7019776554424592,0.011873755312587386,0.5011077396561194,1,0,0,0,0
16508,SP1,2024/2025,2025-02-23,Sociedad,Leganes,0.8776408315952037,0.5427278625057305,0.3349129690894732,0.47632013257941663,0,0,1,1,0
6719,I1,2024/2025,2025-02-24,Roma,Monza,0.9176393799780611,0.5226534997264851,0.394985880251576,0.47960743343237555,0,0,1,1,0
16509,SP1,2024/2025,2025-02-24,Sevilla,Mallorca,0.7836492077944182,0.6373662472473851,0.14628296054703305,0.49947155473031457,1,0,0,0,0
11524,E0,2024/2025,2025-02-25,Brighton,Bournemouth,0.8354511272440264,0.7493049047428212,0.08614622250120518,0.6260076273168678,1,0,0,0,0
11525,E0,2024/2025,2025-02-25,Crystal Palace,Aston Villa,0.7381188582057967,0.7008018196758556,0.03731703852994106,0.5172750389676872,1,0,0,0,0
11526,E0,2024/2025,2025-02-25,Wolves,Fulham,0.730068054347017,0.7328692134945656,0.0028011591475485265,0.5350444007868062,1,0,0,0,0
11527,E0,2024/2025,2025-02-25,Chelsea,Southampton,0.9577764762416159,0.5607618407547439,0.397014635486872,0.5370844998488408,0,0,1,1,0
11528,E0,2024/2025,2025-02-26,Brentford,Everton,0.8195499348992735,0.6735364587064824,0.14601347619279115,0.5519967608851849,1,0,0,0,0
11529,E0,2024/2025,2025-02-26,Man United,Ipswich,0.8881520423337099,0.5723535633289799,0.31579847900473,0.5083369862076099,1,0,1,1,1
11530,E0,2024/2025,2025-02-26,Nott'm Forest,Arsenal,0.6945555586271568,0.8640191130836782,0.1694635544565214,0.6001092777523747,0,0,0,0,1
11531,E0,2024/2025,2025-02-26,Tottenham,Man City,0.7352258000938688,0.8557236408296085,0.12049784073573966,0.6291500984881874,0,0,0,0,1
11532,E0,2024/2025,2025-02-26,Liverpool,Newcastle,0.9006343734097415,0.6258716897865048,0.27476268362323675,0.5636815571657648,0,1,1,1,0
6720,I1,2024/2025,2025-02-27,Bologna,Milan,0.7056446921276804,0.7412780998497963,0.03563340772211587,0.5230789565495014,1,0,0,0,0
11533,E0,2024/2025,2025-02-27,West Ham,Leicester,0.865736917413291,0.5728421619770584,0.29289475543623256,0.49593060747438367,0,0,1,1,0
6721,I1,2024/2025,2025-02-28,Fiorentina,Lecce,0.8369438064934553,0.5793717664375116,0.2575720400559437,0.48490161157704814,0,1,1,1,0
8958,D1,2024/2025,2025-02-28,Stuttgart,Bayern Munich,0.656615242253111,0.8824346404152398,0.22581939816212881,0.5794200351887895,1,1,1,1,1
13955,F1,2024/2025,2025-02-28,Monaco,Reims,0.9300261786098162,0.6239178557326251,0.30610832287719103,0.580259939133444,0,0,1,1,0
16510,SP1,2024/2025,2025-02-28,Valladolid,Las Palmas,0.6796006388774426,0.7918260843390306,0.11222544546158797,0.5381255127966289,1,0,0,0,0
6722,I1,2024/2025,2025-03-01,Atalanta,Venezia,0.9490339777954151,0.5279375010980029,0.42109647669741224,0.501030626694409,0,0,1,1,0
6723,I1,2024/2025,2025-03-01,Napoli,Inter,0.6706718100812026,0.7535011208905223,0.08282931080931977,0.5053519606458616,1,0,0,0,0
6724,I1,2024/2025,2025-03-01,Udinese,Parma,0.838890833715385,0.6501352356368562,0.18875559807852882,0.5453924898511505,0,0,0,0,1
8959,D1,2024/2025,2025-03-01,Bochum,Hoffenheim,0.7554020998423274,0.7121631783718615,0.04323892147046593,0.5379695603724901,0,0,0,0,1
8960,D1,2024/2025,2025-03-01,Heidenheim,M'gladbach,0.7207244484653695,0.7790967435036561,0.05837229503828656,0.561514070762838,0,0,0,0,1
8961,D1,2024/2025,2025-03-01,RB Leipzig,Mainz,0.8161981559049746,0.6555533312765157,0.16064482462845886,0.535061420085255,1,0,0,0,0
8962,D1,2024/2025,2025-03-01,St Pauli,Dortmund,0.6523171589883823,0.8471744669857454,0.19485730799736312,0.5526264414716385,0,1,0,0,1
8963,D1,2024/2025,2025-03-01,Werder Bremen,Wolfsburg,0.7264440399791735,0.7344088347663805,0.007964794787207019,0.5335069209240868,1,0,0,0,0
8964,D1,2024/2025,2025-03-01,Ein Frankfurt,Leverkusen,0.6247698518882444,0.8532146546665877,0.22844480277834334,0.5330627934249236,1,1,1,1,1
13956,F1,2024/2025,2025-03-01,St Etienne,Nice,0.657611607986493,0.8856177459592829,0.2280061379727899,0.5823925099816575,1,1,1,1,1
13957,F1,2024/2025,2025-03-01,Lens,Le Havre,0.9147176212600814,0.5447369654903818,0.36998065576969963,0.49828050128579704,1,0,1,1,1
13958,F1,2024/2025,2025-03-01,Paris SG,Lille,0.9277251462374377,0.6356921882557166,0.29203295798172113,0.5897476283115315,1,1,1,1,1
16511,SP1,2024/2025,2025-03-01,Girona,Celta,0.7924191260194455,0.6810357482927207,0.1113833777267248,0.5396657524501168,1,0,0,0,0
16512,SP1,2024/2025,2025-03-01,Vallecano,Sevilla,0.7459099767141162,0.6455337425379455,0.1003762341761707,0.4815100588646552,1,0,0,0,0
16513,SP1,2024/2025,2025-03-01,Betis,Real Madrid,0.642298022747371,0.8645717187731793,0.22227369602580827,0.5553127054913092,1,1,1,1,1
16514,SP1,2024/2025,2025-03-01,Ath Madrid,Ath Bilbao,0.8134185214318589,0.667308664741619,0.1461098566902399,0.5428012274127957,0,0,0,0,1
6725,I1,2024/2025,2025-03-02,Monza,Torino,0.6225574284695767,0.812329249285063,0.18977182081548627,0.5057216085055306,0,0,0,0,1
6726,I1,2024/2025,2025-03-02,Bologna,Cagliari,0.8727376195973652,0.5706751008647296,0.30206251873263557,0.4980496290921704,1,0,1,1,1
6727,I1,2024/2025,2025-03-02,Genoa,Empoli,0.7920284625635698,0.5820935833635275,0.2099348792000424,0.46103468589953384,1,1,1,1,1
6728,I1,2024/2025,2025-03-02,Roma,Como,0.8175207279118971,0.6530294561823422,0.1644912717295549,0.5338651163660987,1,0,0,0,0
6729,I1,2024/2025,2025-03-02,Milan,Lazio,0.8083666300008348,0.6767543139304383,0.13161231607039647,0.5470656040904753,1,0,0,0,0
8965,D1,2024/2025,2025-03-02,Union Berlin,Holstein Kiel,0.8799664524321192,0.6249114846350837,0.2550549677970355,0.5499011422184235,0,1,1,1,0
8966,D1,2024/2025,2025-03-02,Augsburg,Freiburg,0.723795633043123,0.7156403001045657,0.008155332938557303,0.5179773240453547,0,0,0,0,1
13959,F1,2024/2025,2025-03-02,Lyon,Brest,0.8845482914490419,0.6381304768106462,0.24641781463839574,0.5644572229844195,1,1,1,1,1
13960,F1,2024/2025,2025-03-02,Angers,Toulouse,0.6699032741546129,0.7733296455109834,0.10342637135637045,0.5180560615286339,0,0,0,0,1
13961,F1,2024/2025,2025-03-02,Auxerre,Strasbourg,0.7296105133747055,0.767934760654401,0.03832424727969552,0.5602932749593391,0,0,0,0,1
13962,F1,2024/2025,2025-03-02,Montpellier,Rennes,0.6679430260631541,0.8089732463666668,0.14103022030351264,0.5403480381822849,0,0,0,0,1
13963,F1,2024/2025,2025-03-02,Marseille,Nantes,0.9186867446977066,0.5827673628452191,0.3359193818524875,0.5353806514883416,0,0,1,1,0
16515,SP1,2024/2025,2025-03-02,Leganes,Getafe,0.6566219104280115,0.7173695074239046,0.06074759699589305,0.47104053644748584,0,0,0,0,1
16516,SP1,2024/2025,2025-03-02,Barcelona,Sociedad,0.9426038674293149,0.5657318301953567,0.37687203723395823,0.5332610110700077,0,0,1,1,0
16517,SP1,2024/2025,2025-03-02,Mallorca,Alaves,0.7513940882902406,0.6468885097119517,0.1045055785782889,0.48606820198044437,1,0,0,0,0
16518,SP1,2024/2025,2025-03-02,Osasuna,Valencia,0.748649216900347,0.645454951381399,0.10319426551894806,0.4832193438961359,1,0,0,0,0
6730,I1,2024/2025,2025-03-03,Juventus,Verona,0.9271567312301608,0.5126152134745001,0.4145415177556607,0.4752746457038686,0,0,1,1,0
6731,I1,2024/2025,2025-03-07,Cagliari,Genoa,0.7353105874932975,0.6672457021457533,0.06806488534754418,0.4906328292471716,1,0,0,0,0
8967,D1,2024/2025,2025-03-07,M'gladbach,Mainz,0.7356457579873946,0.7362536336021301,0.0006078756147355202,0.5416218623622125,1,0,0,0,0
13964,F1,2024/2025,2025-03-07,Toulouse,Monaco,0.7263535814585209,0.844476276973063,0.11812269551454213,0.6133883682361422,1,0,0,0,0
6732,I1,2024/2025,2025-03-08,Como,Venezia,0.8738196325027698,0.5645960686961178,0.30922356380665206,0.49335512926055025,1,0,1,1,1
6733,I1,2024/2025,2025-03-08,Parma,Torino,0.6943568658285982,0.7495011983598912,0.05514433253129292,0.5204213030279525,1,0,0,0,0
6734,I1,2024/2025,2025-03-08,Lecce,Milan,0.6053095323326103,0.8406454185425242,0.23533588620991386,0.5088506851555268,1,1,1,1,1
6735,I1,2024/2025,2025-03-08,Inter,Monza,0.9535033234861148,0.4814324558106443,0.47207086767547046,0.45904744664953145,1,0,0,0,0
8968,D1,2024/2025,2025-03-08,Bayern Munich,Bochum,0.9650207103822012,0.5470052264599017,0.4180154839222995,0.5278713722211111,1,0,1,1,1
8969,D1,2024/2025,2025-03-08,Dortmund,Augsburg,0.8954243317584472,0.569188557348568,0.32623577440987916,0.509665283608396,0,0,1,1,0
8970,D1,2024/2025,2025-03-08,Holstein Kiel,Stuttgart,0.6148095900825908,0.9042682168888021,0.28945862680621126,0.5559527717501198,1,1,1,1,1
8971,D1,2024/2025,2025-03-08,Leverkusen,Werder Bremen,0.9355777060399102,0.525184100513554,0.4103936055263562,0.4913505360071045,0,0,1,1,0
8972,D1,2024/2025,2025-03-08,Wolfsburg,St Pauli,0.8329279503503636,0.5913888242673602,0.24153912608300343,0.49258428125712367,1,1,1,1,1
8973,D1,2024/2025,2025-03-08,Freiburg,RB Leipzig,0.7100918845822982,0.6924938348682973,0.01759804971400092,0.49173425226325207,0,0,0,0,1
11534,E0,2024/2025,2025-03-08,Nott'm Forest,Man City,0.7004823883600534,0.8656595444012098,0.16517715604115646,0.6063792651688351,0,0,0,0,1
11535,E0,2024/2025,2025-03-08,Brighton,Fulham,0.8235336436429421,0.6832605803622112,0.14027306328073097,0.562688075303283,1,0,0,0,0
11536,E0,2024/2025,2025-03-08,Crystal Palace,Ipswich,0.9044012096855243,0.5927270767798399,0.31167413290568435,0.5360630852530519,0,0,1,1,0
11537,E0,2024/2025,2025-03-08,Liverpool,Southampton,0.9608830167330072,0.5222478108626403,0.438635205870367,0.5018190519839028,1,0,1,1,1
11538,E0,2024/2025,2025-03-08,Brentford,Aston Villa,0.7771263901986031,0.7033224350427916,0.07380395515581151,0.5465704250904961,0,0,0,0,1
11539,E0,2024/2025,2025-03-08,Wolves,Everton,0.7291316087093647,0.7027700481605087,0.026361560548855967,0.5124118557680294,1,0,0,0,0
13965,F1,2024/2025,2025-03-08,Rennes,Paris SG,0.6493503345073098,0.8767319514036621,0.22738161689635228,0.5693061859172145,1,1,1,1,1
13966,F1,2024/2025,2025-03-08,Lille,Montpellier,0.912170533383707,0.579625215460942,0.332545317922765,0.5287170419496536,0,0,1,1,0
13967,F1,2024/2025,2025-03-08,Marseille,Lens,0.8968284225632194,0.6358736086471865,0.2609548139160329,0.5702695253926381,0,1,1,1,0
16519,SP1,2024/2025,2025-03-08,Celta,Leganes,0.882594427577617,0.5773043948925216,0.30529003268509536,0.5095256419482076,1,0,1,1,1
16520,SP1,2024/2025,2025-03-08,Alaves,Villarreal,0.7081061045968505,0.7581597937905409,0.050053689193690354,0.5368575782429714,0,0,0,0,1
16521,SP1,2024/2025,2025-03-08,Valencia,Valladolid,0.9070425510900639,0.5233027514748673,0.38373979961519666,0.4746578626902133,1,0,1,1,1
6736,I1,2024/2025,2025-03-09,Verona,Bologna,0.5755712897336593,0.8317823466631312,0.2562110569294719,0.47875003804658817,1,1,1,1,1
6737,I1,2024/2025,2025-03-09,Napoli,Fiorentina,0.8857489523931962,0.591356546337259,0.2943924060559372,0.5237934414090857,1,0,1,1,1
6738,I1,2024/2025,2025-03-09,Empoli,Roma,0.6527393466757739,0.8276482760540306,0.17490892937825664,0.5402385949888385,0,0,0,0,1
6739,I1,2024/2025,2025-03-09,Juventus,Atalanta,0.73621997830119,0.7265379892561431,0.009681989045046913,0.5348917826851479,0,0,0,0,1
8974,D1,2024/2025,2025-03-09,Ein Frankfurt,Union Berlin,0.8574018189965994,0.649647442014383,0.20775437698221644,0.5570088984896198,1,1,1,1,1
8975,D1,2024/2025,2025-03-09,Hoffenheim,Heidenheim,0.8437078896160134,0.6453288849376895,0.19837900467832392,0.5444690716190331,1,1,0,0,0
11540,E0,2024/2025,2025-03-09,Chelsea,Leicester,0.9511552959804692,0.5420393355916416,0.4091159603888276,0.5155635846777248,0,0,1,1,0
11541,E0,2024/2025,2025-03-09,Tottenham,Bournemouth,0.7524844169983222,0.7985203388838408,0.04603592188551853,0.6008741116663097,1,0,0,0,0
11542,E0,2024/2025,2025-03-09,Man United,Arsenal,0.5919876630059976,0.8625003022492412,0.27051263924324365,0.5105895382704949,1,1,1,1,1
13968,F1,2024/2025,2025-03-09,Brest,Angers,0.8482336090982168,0.6076639714602736,0.24056963763794315,0.5154410036307037,0,1,1,1,0
13969,F1,2024/2025,2025-03-09,Le Havre,St Etienne,0.7621103498909407,0.7358967644234828,0.02621358546745789,0.5608345406183917,1,0,0,0,0
13970,F1,2024/2025,2025-03-09,Nantes,Strasbourg,0.7354093504654605,0.7431694366042463,0.00776008613878576,0.546533752658911,0,0,0,0,1
13971,F1,2024/2025,2025-03-09,Reims,Auxerre,0.7469828095298305,0.7132891053011846,0.033693704228645927,0.532814699884898,0,0,0,0,1
13972,F1,2024/2025,2025-03-09,Nice,Lyon,0.8213138724913687,0.7283487790832763,0.09296509340809234,0.598202956273246,0,0,0,0,1
16522,SP1,2024/2025,2025-03-09,Getafe,Ath Madrid,0.5879231742091208,0.7927147311339743,0.2047915569248535,0.4660553609706159,1,1,1,1,1
16523,SP1,2024/2025,2025-03-09,Real Madrid,Vallecano,0.9360051911709673,0.5199969669256024,0.4160082242453649,0.48671986043552157,1,0,1,1,1
16524,SP1,2024/2025,2025-03-09,Ath Bilbao,Mallorca,0.8795865794449649,0.5821472196557955,0.29743935978916936,0.5120488816704378,1,0,1,1,1
16525,SP1,2024/2025,2025-03-09,Betis,Las Palmas,0.9063168170896537,0.6000892686735932,0.3062275484160605,0.5438709959539091,0,0,1,1,0
16526,SP1,2024/2025,2025-03-09,Sociedad,Sevilla,0.7714375185454319,0.6614521720015389,0.10998534654389291,0.5102690222053534,0,0,0,0,1
6740,I1,2024/2025,2025-03-10,Lazio,Udinese,0.8607265361722676,0.6238342606133573,0.23689227555891024,0.5369507022833228,1,1,1,1,1
11543,E0,2024/2025,2025-03-10,West Ham,Newcastle,0.6833943272971954,0.7882349707469397,0.10484064344974431,0.5386753075857293,0,0,0,0,1
16527,SP1,2024/2025,2025-03-10,Espanol,Girona,0.6605094700921962,0.7454723647890429,0.0849628946968467,0.4923915566351871,1,0,0,0,0
6741,I1,2024/2025,2025-03-14,Genoa,Lecce,0.7653630139741283,0.5928452089297159,0.1725178050444124,0.4537417959265692,1,0,0,0,0
8976,D1,2024/2025,2025-03-14,St Pauli,Hoffenheim,0.7629861143078499,0.6463730287649784,0.11661308554287153,0.49317364561078697,0,0,0,0,1
13973,F1,2024/2025,2025-03-14,Nice,Auxerre,0.8814909834196342,0.6108076155631842,0.27068336785645,0.5384214057229931,1,1,1,1,1
16528,SP1,2024/2025,2025-03-14,Las Palmas,Alaves,0.6929357648382294,0.7151070530432164,0.02217128820498704,0.49552325274171344,1,0,0,0,0
6742,I1,2024/2025,2025-03-15,Monza,Parma,0.6857379615650977,0.7641416009669576,0.0784036394018599,0.5240009037941717,1,0,0,0,0
6743,I1,2024/2025,2025-03-15,Udinese,Verona,0.8287252669670897,0.5791911249437985,0.24953414202329116,0.47999031964401845,0,1,1,1,0
6744,I1,2024/2025,2025-03-15,Milan,Como,0.8527507516994698,0.6479076998654474,0.2048430518340224,0.5525037780921347,1,1,1,1,1
6745,I1,2024/2025,2025-03-15,Torino,Empoli,0.8213967258777288,0.5983531208672646,0.22304360501046427,0.49148529439909205,0,1,1,1,0
8977,D1,2024/2025,2025-03-15,Augsburg,Wolfsburg,0.7089333743193169,0.6607426724995314,0.048190701819785464,0.46842253237185616,0,0,0,0,1
8978,D1,2024/2025,2025-03-15,Mainz,Freiburg,0.8047785269153275,0.6345576369943797,0.17022088992094775,0.510678360343208,1,0,0,0,0
8979,D1,2024/2025,2025-03-15,Union Berlin,Bayern Munich,0.5958193813066707,0.934905769387975,0.3390863880813043,0.5570349770967802,1,0,1,1,1
8980,D1,2024/2025,2025-03-15,Werder Bremen,M'gladbach,0.7690577813692872,0.7411878931890589,0.027869888180228286,0.5700163167137537,1,0,0,0,0
8981,D1,2024/2025,2025-03-15,RB Leipzig,Dortmund,0.7702381028491215,0.7472204493757778,0.023017653473343724,0.5755376613372671,0,0,0,0,1
11544,E0,2024/2025,2025-03-15,Everton,West Ham,0.7945435697697913,0.66763090443494,0.12691266533485135,0.5304618420983717,1,0,0,0,0
11545,E0,2024/2025,2025-03-15,Ipswich,Nott'm Forest,0.6853735799095616,0.8509770403759297,0.1656034604663681,0.5832371805832944,1,0,0,0,0
11546,E0,2024/2025,2025-03-15,Man City,Brighton,0.8858315659848385,0.6488818952153403,0.23694967076949813,0.5748000653778148,1,1,1,1,1
11547,E0,2024/2025,2025-03-15,Southampton,Wolves,0.6638136138575189,0.8269938391686826,0.16318022531116372,0.548969769016467,1,0,0,0,0
11548,E0,2024/2025,2025-03-15,Bournemouth,Brentford,0.8653094300833851,0.6555480516347103,0.20976137844867482,0.5672519109523046,1,1,1,1,1
13974,F1,2024/2025,2025-03-15,Nantes,Lille,0.6660616415462691,0.8100866430057466,0.1440250014594775,0.5395676392351141,0,0,0,0,1
13975,F1,2024/2025,2025-03-15,Angers,Monaco,0.6016524091311652,0.9234863141759595,0.32183390504479426,0.5556177657236262,0,0,1,1,0
13976,F1,2024/2025,2025-03-15,Lens,Rennes,0.8122070870535484,0.6935336108919119,0.11867347616163648,0.5632929138762488,0,0,0,0,1
16529,SP1,2024/2025,2025-03-15,Valladolid,Celta,0.6169223966475514,0.8679467515200027,0.2510243548724512,0.5354557901101769,0,1,1,1,0
16530,SP1,2024/2025,2025-03-15,Mallorca,Espanol,0.828986119948889,0.5791000329602652,0.2498860869886238,0.48006588938600403,1,1,1,1,1
16531,SP1,2024/2025,2025-03-15,Villarreal,Real Madrid,0.7107737391132941,0.7958186675884674,0.08504492847517331,0.5656470100180147,1,0,0,0,0
16532,SP1,2024/2025,2025-03-15,Girona,Valencia,0.8196193295814482,0.6462123204792317,0.1734070091022165,0.5296481088784599,1,0,0,0,0
6746,I1,2024/2025,2025-03-16,Venezia,Napoli,0.5472847873985918,0.8658379287247417,0.31855314132615,0.4738599267437573,0,0,1,1,0
6747,I1,2024/2025,2025-03-16,Bologna,Lazio,0.7481345628365212,0.6938753166938618,0.05425924614265942,0.519112106717815,0,0,0,0,1
6748,I1,2024/2025,2025-03-16,Roma,Cagliari,0.8737950048219126,0.5571182684407318,0.3166767363811809,0.4868071600585448,0,0,1,1,0
6749,I1,2024/2025,2025-03-16,Fiorentina,Juventus,0.6630391712312272,0.7560352288350792,0.09299605760385199,0.5012809715484222,0,0,0,0,1
6750,I1,2024/2025,2025-03-16,Atalanta,Inter,0.758283176328937,0.7236401958083508,0.03464298052058623,0.5487241861968503,0,0,0,0,1
8982,D1,2024/2025,2025-03-16,Bochum,Ein Frankfurt,0.6933716731506245,0.7868524820028021,0.09348080885217758,0.5455812219690046,1,0,0,0,0
8983,D1,2024/2025,2025-03-16,Heidenheim,Holstein Kiel,0.8065694554445452,0.6504579177387151,0.15611153770583008,0.5246394885001082,1,0,0,0,0
8984,D1,2024/2025,2025-03-16,Stuttgart,Leverkusen,0.7077740232394552,0.783162923192776,0.07538889995332088,0.5543023730001235,1,0,0,0,0
11549,E0,2024/2025,2025-03-16,Arsenal,Chelsea,0.8513509289969974,0.6364936643576884,0.214857264639309,0.541879472451621,0,1,1,1,0
11550,E0,2024/2025,2025-03-16,Fulham,Tottenham,0.8231438519954196,0.6971177719088272,0.12602608008659244,0.5738282080634963,0,0,0,0,1
11551,E0,2024/2025,2025-03-16,Leicester,Man United,0.6258157685306206,0.8358659342117921,0.21005016568117152,0.5230980820073179,0,1,1,1,0
13977,F1,2024/2025,2025-03-16,Lyon,Le Havre,0.9285745931020355,0.5974729374545668,0.33110165564746874,0.5547981897863522,1,0,1,1,1
13978,F1,2024/2025,2025-03-16,Brest,Reims,0.8490640437962423,0.5931339278996268,0.2559301158966155,0.503608691335206,0,1,1,1,0
13979,F1,2024/2025,2025-03-16,Montpellier,St Etienne,0.7795682424937166,0.6975617285148712,0.0820065139788454,0.5437969707292172,0,0,0,0,1
13980,F1,2024/2025,2025-03-16,Strasbourg,Toulouse,0.7529500136963798,0.6873923902362526,0.06555762346012717,0.5175721096431737,1,0,0,0,0
13981,F1,2024/2025,2025-03-16,Paris SG,Marseille,0.9207041587940301,0.6550455612750358,0.26565859751899434,0.6031031724654952,1,1,1,1,1
16533,SP1,2024/2025,2025-03-16,Leganes,Betis,0.6613028456410376,0.8210192275673937,0.15971638192635607,0.5429423515163241,1,0,0,0,0
16534,SP1,2024/2025,2025-03-16,Sevilla,Ath Bilbao,0.7079832402846434,0.7728923101485148,0.06490906986387135,0.5471948021300291,0,0,0,0,1
16535,SP1,2024/2025,2025-03-16,Osasuna,Getafe,0.7568166144400235,0.6617045362140546,0.0951120782259689,0.5007889868571267,1,0,0,0,0
16536,SP1,2024/2025,2025-03-16,Vallecano,Sociedad,0.7304596297311798,0.6713765534785556,0.05908307625262421,0.4904134686641414,1,0,0,0,0
16537,SP1,2024/2025,2025-03-16,Ath Madrid,Barcelona,0.7248879629859695,0.7994514780430517,0.07456351505708225,0.5795127534247503,1,0,0,0,0
16538,SP1,2024/2025,2025-03-27,Barcelona,Osasuna,0.9376246795524625,0.5772617430314568,0.3603629365210057,0.5412548568277656,0,0,1,1,0
8985,D1,2024/2025,2025-03-28,Leverkusen,Bochum,0.9468216116537558,0.5562238385246111,0.3905977731291447,0.5266447512321107,1,0,1,1,1
13982,F1,2024/2025,2025-03-28,Strasbourg,Lyon,0.726859356170906,0.7761990344688487,0.049339678297942724,0.5641875304545063,1,0,0,0,0
6751,I1,2024/2025,2025-03-29,Como,Empoli,0.8326894463833024,0.5705676223549249,0.2621218240283776,0.47510563758295954,1,1,1,1,1
6752,I1,2024/2025,2025-03-29,Venezia,Bologna,0.5999446827547379,0.832512655472466,0.2325679727177281,0.499461540976733,0,1,1,1,0
6753,I1,2024/2025,2025-03-29,Juventus,Genoa,0.8777693186999941,0.5468047156573561,0.330964603042638,0.4799684027245015,0,0,1,1,0
6754,I1,2024/2025,2025-03-29,Lecce,Roma,0.6237619350382722,0.8419260130345806,0.21816407799630844,0.5251613990495075,0,1,1,1,0
8986,D1,2024/2025,2025-03-29,Bayern Munich,St Pauli,0.9584942821329137,0.5214675911245357,0.437026691008378,0.49982370441049156,1,0,1,1,1
8987,D1,2024/2025,2025-03-29,Hoffenheim,Augsburg,0.7481971218824159,0.67064479635486,0.07755232552755598,0.5017745064381252,1,0,0,0,0
8988,D1,2024/2025,2025-03-29,Holstein Kiel,Werder Bremen,0.6864472478819352,0.8201635261743605,0.13371627829242527,0.5629989953555333,0,0,0,0,1
8989,D1,2024/2025,2025-03-29,M'gladbach,RB Leipzig,0.7154938531248451,0.7772118976957102,0.06171804457086505,0.5560903353767767,0,0,0,0,1
8990,D1,2024/2025,2025-03-29,Wolfsburg,Heidenheim,0.8613626358031974,0.5907737898373021,0.2705888459658953,0.5088704687777027,0,1,1,1,0
8991,D1,2024/2025,2025-03-29,Ein Frankfurt,Stuttgart,0.7567656538934971,0.7755574697913482,0.01879181589785106,0.5869152557586358,0,0,0,0,1
13983,F1,2024/2025,2025-03-29,Reims,Marseille,0.5973333193327554,0.8789015448215439,0.28156822548878857,0.5249971771349393,1,1,1,1,1
13984,F1,2024/2025,2025-03-29,St Etienne,Paris SG,0.5991326571465827,0.9647378882301032,0.3656052310835205,0.5780059744252847,1,0,1,1,1
13985,F1,2024/2025,2025-03-29,Monaco,Nice,0.8505636009231741,0.6921666629703346,0.1583969379528395,0.5887317692950248,1,0,0,0,0
16539,SP1,2024/2025,2025-03-29,Sociedad,Valladolid,0.9190796725013878,0.5219374045859714,0.3971422679154164,0.4797020588730989,1,0,1,1,1
16540,SP1,2024/2025,2025-03-29,Espanol,Ath Madrid,0.5808191344078664,0.8733459337500418,0.2925267993421754,0.5072560292793291,1,1,1,1,1
16541,SP1,2024/2025,2025-03-29,Alaves,Vallecano,0.7632422134820857,0.6389437326618166,0.12429848082026906,0.4876688288073109,0,0,0,0,1
16542,SP1,2024/2025,2025-03-29,Real Madrid,Leganes,0.9564692877923726,0.5318014332808579,0.4246678545115147,0.5086517381371052,1,0,1,1,1
6755,I1,2024/2025,2025-03-30,Cagliari,Monza,0.848932641118611,0.5394680795052623,0.3094645616133487,0.45797206153358716,0,0,1,1,0
6756,I1,2024/2025,2025-03-30,Fiorentina,Atalanta,0.6638207890214363,0.8112496492247819,0.14742886020334567,0.5385243822417581,0,0,0,0,1
6757,I1,2024/2025,2025-03-30,Inter,Udinese,0.914234960215201,0.5421029911385596,0.37213196907664137,0.49560950653610253,1,0,1,1,1
6758,I1,2024/2025,2025-03-30,Napoli,Milan,0.8193033801400356,0.6709234795795163,0.1483799005605193,0.5496898746348118,1,0,0,0,0
8992,D1,2024/2025,2025-03-30,Freiburg,Union Berlin,0.7986661619548409,0.6213237463594156,0.1773424155954253,0.49623025183627745,1,0,0,0,0
8993,D1,2024/2025,2025-03-30,Dortmund,Mainz,0.8839122735907242,0.6293677751667692,0.254544498423955,0.5563059010723947,1,1,1,1,1
13986,F1,2024/2025,2025-03-30,Toulouse,Brest,0.8090006889549203,0.6379393897426366,0.17106129921228364,0.5160934058132745,1,0,0,0,0
13987,F1,2024/2025,2025-03-30,Angers,Rennes,0.6301241051867132,0.8428911881609789,0.2127670829742656,0.5311260557097024,0,1,1,1,0
13988,F1,2024/2025,2025-03-30,Auxerre,Montpellier,0.8402122306977666,0.6137399143026471,0.22647231639511956,0.5156717824644832,0,1,1,1,0
13989,F1,2024/2025,2025-03-30,Le Havre,Nantes,0.7055286079271523,0.7942315527926667,0.08870294486551433,0.5603530818136307,1,0,0,0,0
13990,F1,2024/2025,2025-03-30,Lille,Lens,0.7994135484454381,0.6638887356895108,0.13552481275592732,0.5307216499705074,0,0,0,0,1
16543,SP1,2024/2025,2025-03-30,Getafe,Villarreal,0.65929422476329,0.7636541732895197,0.10435994852622965,0.503472786166165,1,0,0,0,0
16544,SP1,2024/2025,2025-03-30,Barcelona,Girona,0.94268727531058,0.5460129929613646,0.3966742823492154,0.5147195006189238,1,0,1,1,1
16545,SP1,2024/2025,2025-03-30,Ath Bilbao,Osasuna,0.901845701820295,0.5611706015285322,0.34067510029176284,0.5060892949764162,0,0,1,1,0
16546,SP1,2024/2025,2025-03-30,Valencia,Mallorca,0.7795319047758428,0.6487057115024436,0.13082619327339917,0.5056867989264682,0,0,0,0,1
16547,SP1,2024/2025,2025-03-30,Betis,Sevilla,0.8231245193045021,0.6430023427903924,0.18012217651410978,0.5292709943210104,1,0,0,0,0
6759,I1,2024/2025,2025-03-31,Verona,Parma,0.7292198135558203,0.6628279649758608,0.0663918485799595,0.48334728503928104,0,0,0,0,1
6760,I1,2024/2025,2025-03-31,Lazio,Torino,0.846802761301603,0.6150282015836754,0.2317745597179276,0.5208075793794154,1,1,1,1,1
16548,SP1,2024/2025,2025-03-31,Celta,Las Palmas,0.8688574616925031,0.5768311242243005,0.2920263374682026,0.5011840264187587,1,1,1,1,1
11552,E0,2024/2025,2025-04-01,Arsenal,Fulham,0.8961691881469188,0.5319030853038297,0.36426610284308913,0.47667515612957434,1,0,1,1,1
11553,E0,2024/2025,2025-04-01,Wolves,West Ham,0.7297313524017062,0.7036576158578768,0.026073736543829384,0.5134810236477286,0,0,0,0,1
11554,E0,2024/2025,2025-04-01,Nott'm Forest,Man United,0.7840271772545493,0.7176602211252086,0.06636695612934074,0.5626651173966729,0,0,0,0,1
11555,E0,2024/2025,2025-04-02,Bournemouth,Ipswich,0.9238130833172841,0.586045198496713,0.3377678848205711,0.5413962217865382,1,0,1,1,1
11556,E0,2024/2025,2025-04-02,Brighton,Aston Villa,0.8104372017727111,0.6962026731680047,0.1142345286047064,0.564228546308959,0,0,0,0,1
11557,E0,2024/2025,2025-04-02,Man City,Leicester,0.9475950755121023,0.5232745521583002,0.4243205233538021,0.495852388766006,0,0,1,1,0
11558,E0,2024/2025,2025-04-02,Newcastle,Brentford,0.86979712271769,0.6734121375867788,0.1963849851309113,0.5857319396761493,1,1,0,0,0
11559,E0,2024/2025,2025-04-02,Southampton,Crystal Palace,0.6264403392677094,0.8959780273300559,0.26953768806234657,0.5612767794170532,1,1,1,1,1
11560,E0,2024/2025,2025-04-02,Liverpool,Everton,0.9190757242477673,0.5312645195389906,0.3878112047087767,0.4882723230624399,0,0,1,1,0
11561,E0,2024/2025,2025-04-03,Chelsea,Tottenham,0.880252198414987,0.6384854105183434,0.24176678789664363,0.5620281862646672,0,1,1,1,0
6761,I1,2024/2025,2025-04-04,Genoa,Udinese,0.7238509617000595,0.6534726251359165,0.07037833656414294,0.47301678814929565,0,0,0,0,1
8994,D1,2024/2025,2025-04-04,Augsburg,Bayern Munich,0.5742596984641819,0.9107960975545669,0.336536399090385,0.5230334923440392,1,0,1,1,1
13991,F1,2024/2025,2025-04-04,Nice,Nantes,0.8980630584972853,0.5949450548624433,0.303118003634842,0.5342981756076011,1,0,1,1,1
16549,SP1,2024/2025,2025-04-04,Vallecano,Espanol,0.8570538265053878,0.550175500927478,0.3068783255779097,0.47153001831941355,0,0,1,1,0
6762,I1,2024/2025,2025-04-05,Monza,Como,0.5992150269900544,0.8663712688936536,0.2671562419035992,0.5191426832735183,1,1,1,1,1
6763,I1,2024/2025,2025-04-05,Parma,Inter,0.5862233554315706,0.8868138068710067,0.3005904514394362,0.5198709655069663,1,0,1,1,1
6764,I1,2024/2025,2025-04-05,Milan,Fiorentina,0.8399298248242394,0.6758388188703572,0.16409100595388215,0.5676571807432,1,0,0,0,0
8995,D1,2024/2025,2025-04-05,Bochum,Stuttgart,0.6985715583201217,0.8088913144706706,0.1103197561505489,0.565068466061388,0,0,0,0,1
8996,D1,2024/2025,2025-04-05,Freiburg,Dortmund,0.7226235391415684,0.8081626810994281,0.08553914195785972,0.5839973768182075,1,0,0,0,0
8997,D1,2024/2025,2025-04-05,Heidenheim,Leverkusen,0.5991679153122372,0.9164866300163593,0.3173187147041221,0.5491293835184397,0,0,1,1,0
8998,D1,2024/2025,2025-04-05,Mainz,Holstein Kiel,0.9062555510691035,0.5820817331886886,0.3241738178804149,0.5275148018781739,1,0,1,1,1
8999,D1,2024/2025,2025-04-05,RB Leipzig,Hoffenheim,0.8874564736941767,0.5612504416115572,0.32620603208261945,0.498085337771892,1,0,1,1,1
9000,D1,2024/2025,2025-04-05,Werder Bremen,Ein Frankfurt,0.7485056636346873,0.7783044152984665,0.02979875166377921,0.582565262882786,0,0,0,0,1
11562,E0,2024/2025,2025-04-05,Everton,Arsenal,0.5792863239487063,0.8271106572113371,0.24782433326263087,0.479133892114754,1,1,1,1,1
11563,E0,2024/2025,2025-04-05,Crystal Palace,Brighton,0.7647070325465103,0.7279136452834564,0.03679338726305392,0.556640683634825,1,0,0,0,0
11564,E0,2024/2025,2025-04-05,Ipswich,Wolves,0.7378272334604795,0.7541956734986033,0.016368440038123766,0.5564661072653375,1,0,0,0,0
11565,E0,2024/2025,2025-04-05,West Ham,Bournemouth,0.6816363991492698,0.7653804628583059,0.08374406370903609,0.5217111826819371,1,0,0,0,0
11566,E0,2024/2025,2025-04-05,Aston Villa,Nott'm Forest,0.8221177690187317,0.6807823594692695,0.14133540954946222,0.559683274554184,1,0,0,0,0
13992,F1,2024/2025,2025-04-05,Paris SG,Angers,0.9629114124715696,0.5710724919882869,0.3918389204832827,0.5498922198841005,0,0,1,1,0
13993,F1,2024/2025,2025-04-05,Brest,Monaco,0.6603620494153837,0.8282636258930953,0.16790157647771164,0.5469538654509811,1,0,0,0,0
13994,F1,2024/2025,2025-04-05,Lyon,Lille,0.7931614163166918,0.7359708568804104,0.057190559436281374,0.5837436872110756,1,0,0,0,0
16550,SP1,2024/2025,2025-04-05,Girona,Alaves,0.7927325364946456,0.6507914095853071,0.14194112690933847,0.5159035248494863,0,0,0,0,1
16551,SP1,2024/2025,2025-04-05,Real Madrid,Valencia,0.9315618609492634,0.5484666198421156,0.38309524110714777,0.5109305850486735,1,0,1,1,1
16552,SP1,2024/2025,2025-04-05,Mallorca,Celta,0.7121538420783851,0.6836340705660899,0.028519771512295122,0.48685262992932676,1,0,0,0,0
16553,SP1,2024/2025,2025-04-05,Barcelona,Betis,0.9347948460908221,0.6107622098970794,0.3240326361937427,0.5709373659988307,1,0,1,1,1
6765,I1,2024/2025,2025-04-06,Lecce,Venezia,0.7464811077995205,0.6190159541003645,0.127465153699156,0.4620837151624172,1,0,0,0,0
6766,I1,2024/2025,2025-04-06,Empoli,Cagliari,0.7227739321550745,0.7011632877306697,0.021610644424404746,0.5067825465558761,0,0,0,0,1
6767,I1,2024/2025,2025-04-06,Torino,Verona,0.8219189855148873,0.5817135574096469,0.24020542810524037,0.47812141696639315,1,1,1,1,1
6768,I1,2024/2025,2025-04-06,Atalanta,Lazio,0.8601909603840208,0.5746694163749648,0.28552154400905594,0.4943254371749057,0,1,1,1,0
6769,I1,2024/2025,2025-04-06,Roma,Juventus,0.7156941619528286,0.6759753891251205,0.03971877282770819,0.4837916396206403,1,0,0,0,0
9001,D1,2024/2025,2025-04-06,St Pauli,M'gladbach,0.7534097792167833,0.7336583848832413,0.019751394333542005,0.5527454017754246,1,0,0,0,0
9002,D1,2024/2025,2025-04-06,Union Berlin,Wolfsburg,0.7322661026470824,0.7086979860105732,0.02356811663650915,0.518955512169799,0,0,0,0,1
11567,E0,2024/2025,2025-04-06,Brentford,Chelsea,0.7107527756764787,0.8122420984264888,0.1014893227500101,0.5773033259779144,0,0,0,0,1
11568,E0,2024/2025,2025-04-06,Fulham,Liverpool,0.6519879815330358,0.8419756839089589,0.1899877023759231,0.5489580266516996,1,0,0,0,0
11569,E0,2024/2025,2025-04-06,Tottenham,Southampton,0.9173953150469508,0.5615651435902905,0.3558301714566603,0.5151772318234008,1,0,1,1,1
11570,E0,2024/2025,2025-04-06,Man United,Man City,0.6853967469625856,0.8036991268027792,0.11830237984019365,0.5508527670472955,0,0,0,0,1
13995,F1,2024/2025,2025-04-06,Lens,St Etienne,0.8868445820290316,0.5967084998405146,0.29013608218851705,0.5291877001342316,0,1,1,1,0
13996,F1,2024/2025,2025-04-06,Montpellier,Le Havre,0.7577285835722604,0.715659482084875,0.04206910148738541,0.5422756456802298,0,0,0,0,1
13997,F1,2024/2025,2025-04-06,Reims,Strasbourg,0.6765131518521892,0.7790568318674554,0.10254368001526626,0.5270421927986333,0,0,0,0,1
13998,F1,2024/2025,2025-04-06,Rennes,Auxerre,0.8431784224804221,0.6466734615171831,0.196504960963239,0.5452611091420123,0,1,0,0,1
13999,F1,2024/2025,2025-04-06,Marseille,Toulouse,0.8607480692711774,0.6679075064021824,0.19284056286899498,0.5749000965874052,1,0,0,0,0
16554,SP1,2024/2025,2025-04-06,Las Palmas,Sociedad,0.6760767825551742,0.7554902116936775,0.07941342913850324,0.510769391573789,1,0,0,0,0
16555,SP1,2024/2025,2025-04-06,Sevilla,Ath Madrid,0.6608403910817431,0.7797327949447916,0.11889240386304856,0.5152789251505767,1,0,0,0,0
16556,SP1,2024/2025,2025-04-06,Valladolid,Getafe,0.6078168271736387,0.8387997268492937,0.230982899675655,0.5098365886076526,0,1,1,1,0
16557,SP1,2024/2025,2025-04-06,Villarreal,Ath Bilbao,0.7777505743284479,0.6861203681567408,0.09163020617170703,0.5336305103923512,0,0,0,0,1
6770,I1,2024/2025,2025-04-07,Bologna,Napoli,0.6837075824613186,0.729237016814359,0.045529434353040465,0.49858487780744937,1,0,0,0,0
11571,E0,2024/2025,2025-04-07,Leicester,Newcastle,0.5833245097730373,0.8913516096904085,0.3080270999173712,0.5199472407580652,0,0,1,1,0
16558,SP1,2024/2025,2025-04-07,Leganes,Osasuna,0.7143275933974031,0.7260541302843755,0.011726536886972339,0.5186404995622825,1,0,0,0,0
6771,I1,2024/2025,2025-04-11,Udinese,Milan,0.6407889686092595,0.8172055694805835,0.17641660087132405,0.5236563140092056,0,0,0,0,1
9003,D1,2024/2025,2025-04-11,Wolfsburg,RB Leipzig,0.7151151443110129,0.7675389730774009,0.05242382876638807,0.5488787434965722,1,0,0,0,0
14000,F1,2024/2025,2025-04-11,Lens,Reims,0.8806937180268194,0.56381084829469,0.3168828697321294,0.4965446722485055,0,0,1,1,0
16559,SP1,2024/2025,2025-04-11,Valencia,Sevilla,0.7468545337059533,0.6849623080459766,0.06189222565997676,0.5115672051818314,0,0,0,0,1
6772,I1,2024/2025,2025-04-12,Venezia,Monza,0.8345766170034972,0.5702963715208292,0.26428024548266793,0.4759560164332232,0,1,1,1,0
6773,I1,2024/2025,2025-04-12,Inter,Cagliari,0.9251759761928077,0.563324048103994,0.3618519280888137,0.5211738761174968,1,0,1,1,1
6774,I1,2024/2025,2025-04-12,Juventus,Lecce,0.9171566796711472,0.5452150529327747,0.3719416267383725,0.5000476276545525,1,0,1,1,1
9004,D1,2024/2025,2025-04-12,Bochum,Augsburg,0.7498049850423284,0.7117772619067115,0.038027723135616864,0.5336941392174313,1,0,0,0,0
9005,D1,2024/2025,2025-04-12,Hoffenheim,Mainz,0.7276442106199136,0.7317385755440166,0.004094364924102978,0.5324453381818659,0,0,0,0,1
9006,D1,2024/2025,2025-04-12,Holstein Kiel,St Pauli,0.6745664378937112,0.7706273524396784,0.09606091454596721,0.5198393480786954,1,0,0,0,0
9007,D1,2024/2025,2025-04-12,Leverkusen,Union Berlin,0.9303468064776178,0.5717487691669358,0.35859803731068196,0.5319246415019674,0,0,1,1,0
9008,D1,2024/2025,2025-04-12,M'gladbach,Freiburg,0.7821382282950764,0.6912008761147169,0.09093735218035948,0.5406146286403692,1,0,0,0,0
9009,D1,2024/2025,2025-04-12,Bayern Munich,Dortmund,0.9231824598549829,0.6481682976695674,0.2750141621854155,0.598377603442608,1,1,1,1,1
11572,E0,2024/2025,2025-04-12,Man City,Crystal Palace,0.9015747094012749,0.579177351141734,0.32239735825954097,0.522171652047409,1,0,1,1,1
11573,E0,2024/2025,2025-04-12,Brighton,Leicester,0.9335611850436651,0.543850024311393,0.3897111607322722,0.5077172731821701,1,0,1,1,1
11574,E0,2024/2025,2025-04-12,Nott'm Forest,Everton,0.7729769845535442,0.6211211788881158,0.15185580566542844,0.4801123758992783,0,0,0,0,1
11575,E0,2024/2025,2025-04-12,Southampton,Aston Villa,0.6263698503266955,0.8972275360849953,0.2708576857582998,0.5619962774865482,0,1,1,1,0
11576,E0,2024/2025,2025-04-12,Arsenal,Brentford,0.8653225926961935,0.568256457159417,0.2970661355367765,0.4917251508255401,1,0,1,1,1
14001,F1,2024/2025,2025-04-12,Monaco,Marseille,0.8153900644704782,0.7030303859092529,0.1123596785612253,0.573243991691251,0,0,0,0,1
14002,F1,2024/2025,2025-04-12,Toulouse,Lille,0.72638362574349,0.7708574445403694,0.044473818796879394,0.5599382254965948,1,0,0,0,0
14003,F1,2024/2025,2025-04-12,Strasbourg,Nice,0.7218786392400145,0.7376125074741732,0.015733868234158677,0.5324667131818711,1,0,0,0,0
16560,SP1,2024/2025,2025-04-12,Sociedad,Mallorca,0.8391332893694028,0.5930170119523259,0.24611627741707687,0.4976203158915697,0,1,1,1,0
16561,SP1,2024/2025,2025-04-12,Getafe,Las Palmas,0.8374338852983518,0.587124480753277,0.2503094045450749,0.4916779350709941,1,1,1,1,1
16562,SP1,2024/2025,2025-04-12,Celta,Espanol,0.8666156550229531,0.5924527227470268,0.27416293227592636,0.5134288043935467,0,1,1,1,0
16563,SP1,2024/2025,2025-04-12,Leganes,Barcelona,0.6252963917608888,0.9422838193853162,0.31698742762442744,0.5892066722763073,0,0,1,1,0
6775,I1,2024/2025,2025-04-13,Atalanta,Bologna,0.8236503768669468,0.6483320509364113,0.17531832593053542,0.5339989380886957,0,0,0,0,1
6776,I1,2024/2025,2025-04-13,Fiorentina,Parma,0.8454332827878834,0.5758714107781333,0.2695618720097501,0.48686085727784695,0,1,1,1,0
6777,I1,2024/2025,2025-04-13,Verona,Genoa,0.6619951344927353,0.6889442752107204,0.026949140717985154,0.4560777581261209,0,0,0,0,1
6778,I1,2024/2025,2025-04-13,Como,Torino,0.8237646970054621,0.620278383401827,0.20348631360363512,0.5109634345620439,0,1,1,1,0
6779,I1,2024/2025,2025-04-13,Lazio,Roma,0.696453898488689,0.7237892545692461,0.02733535608055715,0.5040858480289736,1,0,0,0,0
9010,D1,2024/2025,2025-04-13,Stuttgart,Werder Bremen,0.8958925472889164,0.6914778956379207,0.2044146516509957,0.6194898933170363,1,1,1,1,1
9011,D1,2024/2025,2025-04-13,Ein Frankfurt,Heidenheim,0.8595780591107139,0.6378219731916696,0.2217560859190444,0.5482577737742611,0,1,1,1,0
11577,E0,2024/2025,2025-04-13,Chelsea,Ipswich,0.937486502681518,0.5530860641966152,0.3844004384849028,0.5185107200055703,1,0,1,1,1
11578,E0,2024/2025,2025-04-13,Liverpool,West Ham,0.9333332093354797,0.5537011504566647,0.379632058878815,0.5167876717684662,1,0,1,1,1
11579,E0,2024/2025,2025-04-13,Wolves,Tottenham,0.7711134947972106,0.7011399520317323,0.06997354276547829,0.5406584787531377,1,0,0,0,0
11580,E0,2024/2025,2025-04-13,Newcastle,Man United,0.87071610376989,0.6353815273316092,0.2353345764382807,0.5532369278855407,1,1,1,1,1
14004,F1,2024/2025,2025-04-13,St Etienne,Brest,0.6879915015620516,0.8208856840613613,0.13289418249930973,0.5647623743881678,1,0,0,0,0
14005,F1,2024/2025,2025-04-13,Angers,Montpellier,0.8073597842142305,0.6436294156210213,0.16373036859320922,0.519640506109719,0,0,0,0,1
14006,F1,2024/2025,2025-04-13,Le Havre,Rennes,0.6815017175014777,0.8457886572049523,0.16428693970347463,0.5764064225284435,1,0,0,0,0
14007,F1,2024/2025,2025-04-13,Auxerre,Lyon,0.6694531988983845,0.8124871188862178,0.14303391998783332,0.5439221008021106,1,0,0,0,0
16564,SP1,2024/2025,2025-04-13,Osasuna,Girona,0.735986251862148,0.6860620171394539,0.04992423472269414,0.5049322125394514,1,0,0,0,0
16565,SP1,2024/2025,2025-04-13,Alaves,Real Madrid,0.6011652445240865,0.8762897199591104,0.27512447543502394,0.5267949237731618,0,1,1,1,0
16566,SP1,2024/2025,2025-04-13,Betis,Villarreal,0.7562199771220723,0.7093339908076732,0.04688598631439911,0.536412534300487,1,0,0,0,0
16567,SP1,2024/2025,2025-04-13,Ath Bilbao,Vallecano,0.8252523643527776,0.5423043342319721,0.2829480301208055,0.4475379340236939,1,1,1,1,1
6780,I1,2024/2025,2025-04-14,Napoli,Empoli,0.9151074739679312,0.49829232959976427,0.41681514436816697,0.4559910350376361,0,0,0,0,1
11581,E0,2024/2025,2025-04-14,Bournemouth,Fulham,0.8162588062378159,0.7203658896617947,0.09589291657602117,0.5880050011497787,0,0,0,0,1
16568,SP1,2024/2025,2025-04-14,Ath Madrid,Valladolid,0.9572182226473079,0.5248762203361687,0.4323420023111393,0.5024210827400242,1,0,1,1,1
11582,E0,2024/2025,2025-04-16,Newcastle,Crystal Palace,0.8661298490549596,0.632489303344361,0.23364054571059856,0.547817864834528,0,1,1,1,0
14008,F1,2024/2025,2025-04-18,Rennes,Nantes,0.8492132279207576,0.6491521522973791,0.2000610756233785,0.5512685946641646,1,1,1,1,1
16569,SP1,2024/2025,2025-04-18,Espanol,Getafe,0.7060159920259593,0.710552006910192,0.00453601488423272,0.5016610800447355,0,0,0,0,1
6781,I1,2024/2025,2025-04-19,Lecce,Como,0.6641525139829967,0.8011543450265299,0.13700183104353325,0.532088672337771,0,0,0,0,1
6782,I1,2024/2025,2025-04-19,Monza,Napoli,0.5497622913354984,0.9323112961607929,0.3825490048252945,0.5125495944153259,0,0,1,1,0
6783,I1,2024/2025,2025-04-19,Roma,Verona,0.8975422711251847,0.485253545178288,0.4122887259468967,0.43553556901086804,0,0,0,0,1
9012,D1,2024/2025,2025-04-19,Freiburg,Hoffenheim,0.8214018915572281,0.6613278431273271,0.16007404842990103,0.5432159412842482,1,0,0,0,0
9013,D1,2024/2025,2025-04-19,Heidenheim,Bayern Munich,0.5691609779144076,0.9318693496519185,0.3627083717375109,0.5303836703363489,0,0,1,1,0
9014,D1,2024/2025,2025-04-19,Mainz,Wolfsburg,0.8085884304786625,0.692194915998573,0.1163935144800895,0.5597008007125958,1,0,0,0,0
9015,D1,2024/2025,2025-04-19,RB Leipzig,Holstein Kiel,0.92744109213931,0.54938550635795,0.37805558578136,0.509522694022125,1,0,1,1,1
9016,D1,2024/2025,2025-04-19,Werder Bremen,Bochum,0.8585635188201353,0.6598424021334445,0.1987211166866908,0.5665166146424209,0,1,0,0,1
9017,D1,2024/2025,2025-04-19,Union Berlin,Stuttgart,0.7004518963397406,0.7689884891061166,0.06853659276637603,0.5386394454578113,1,0,0,0,0
11583,E0,2024/2025,2025-04-19,Brentford,Brighton,0.7442164885877297,0.716212845049602,0.028003643538127676,0.5330174086242426,1,0,0,0,0
11584,E0,2024/2025,2025-04-19,Crystal Palace,Bournemouth,0.7413880626913991,0.7545404485392154,0.013152385847816306,0.5594072813647882,0,0,0,0,1
11585,E0,2024/2025,2025-04-19,Everton,Man City,0.6466887334980306,0.8128939970588599,0.16620526356082932,0.5256893894261458,0,0,0,0,1
11586,E0,2024/2025,2025-04-19,West Ham,Southampton,0.8972274317749723,0.5693367114812667,0.3278907202937056,0.5108245154575454,1,0,1,1,1
11587,E0,2024/2025,2025-04-19,Aston Villa,Newcastle,0.7930303491292995,0.7696997751476643,0.023330573981635183,0.6103952814100956,1,0,0,0,0
14009,F1,2024/2025,2025-04-19,Paris SG,Le Havre,0.9650783487054487,0.576390332567681,0.3886880161377677,0.5562618303642021,1,0,1,1,1
14010,F1,2024/2025,2025-04-19,Monaco,Strasbourg,0.8944090106763969,0.6205855223783947,0.2738234882980022,0.555057283110555,0,1,1,1,0
14011,F1,2024/2025,2025-04-19,Marseille,Montpellier,0.9456851699985487,0.557090687419591,0.3885944825789577,0.5268324014370043,1,0,1,1,1
16570,SP1,2024/2025,2025-04-19,Vallecano,Valencia,0.7719846978149552,0.6753824381563679,0.09660225965858726,0.5213849074296713,1,0,0,0,0
16571,SP1,2024/2025,2025-04-19,Barcelona,Celta,0.9371949075933321,0.569652067036019,0.3675428405573131,0.5338750163261725,1,0,1,1,1
16572,SP1,2024/2025,2025-04-19,Mallorca,Leganes,0.8121457835703855,0.6074458271906206,0.2046999563797649,0.4933345673002875,0,1,1,1,0
16573,SP1,2024/2025,2025-04-19,Las Palmas,Ath Madrid,0.60679535661768,0.8938585273437357,0.2870631707260557,0.5423892038652964,0,1,1,1,0
6784,I1,2024/2025,2025-04-20,Empoli,Venezia,0.7365344842398106,0.6066971614227765,0.12983732281703408,0.4468533808782818,1,0,0,0,0
6785,I1,2024/2025,2025-04-20,Bologna,Inter,0.6811832378916406,0.7745046162971376,0.09332137840549704,0.5275795622913069,0,0,0,0,1
6786,I1,2024/2025,2025-04-20,Milan,Atalanta,0.759130670137351,0.7745352236655664,0.015404553528215348,0.5879734433862245,0,0,0,0,1
9018,D1,2024/2025,2025-04-20,Augsburg,Ein Frankfurt,0.7301762923223969,0.7395999473873581,0.009423655064961234,0.540038347385141,0,0,0,0,1
9019,D1,2024/2025,2025-04-20,Dortmund,M'gladbach,0.9210930859166206,0.6081718369012465,0.3129212490153741,0.5601828740189488,1,0,1,1,1
9020,D1,2024/2025,2025-04-20,St Pauli,Leverkusen,0.6002293532940172,0.8639706582764402,0.263741304982423,0.518580549482274,1,1,1,1,1
11588,E0,2024/2025,2025-04-20,Fulham,Chelsea,0.7188274197763685,0.7501963598607713,0.03136894008440272,0.5392617136843423,1,0,0,0,0
11589,E0,2024/2025,2025-04-20,Ipswich,Arsenal,0.5757016031388051,0.9073469665191652,0.3316453633803601,0.5223611032282152,0,0,1,1,0
11590,E0,2024/2025,2025-04-20,Man United,Wolves,0.8213254499863827,0.6524778523853207,0.16884759760106194,0.5358966657165222,0,0,0,0,1
11591,E0,2024/2025,2025-04-20,Leicester,Liverpool,0.5757672676045124,0.9434460756467395,0.3676788080422272,0.5432053691073233,0,0,1,1,0
14012,F1,2024/2025,2025-04-20,Lille,Auxerre,0.8891792863993381,0.5488698382091768,0.3403094481901613,0.48804369106495593,1,0,1,1,1
14013,F1,2024/2025,2025-04-20,Brest,Lens,0.7599888796504185,0.7108842167792142,0.049104662871204297,0.5402640994712002,1,0,0,0,0
14014,F1,2024/2025,2025-04-20,Nice,Angers,0.9176584898150831,0.5625136516755913,0.3551448381394918,0.5161954280969908,1,0,1,1,1
14015,F1,2024/2025,2025-04-20,Reims,Toulouse,0.6595485107730804,0.7803077542021759,0.1207592434290955,0.514650817228732,0,0,0,0,1
14016,F1,2024/2025,2025-04-20,St Etienne,Lyon,0.6529743351600813,0.8980947850562379,0.24512044989615656,0.586432845182833,1,1,1,1,1
16574,SP1,2024/2025,2025-04-20,Valladolid,Osasuna,0.6162451516429849,0.8355285783037004,0.21928342666071554,0.5148904354388114,1,1,1,1,1
16575,SP1,2024/2025,2025-04-20,Villarreal,Sociedad,0.8573577598529424,0.6027066696190712,0.2546510902338712,0.5167352401130343,1,1,1,1,1
16576,SP1,2024/2025,2025-04-20,Sevilla,Alaves,0.7846247027127901,0.5992427711246077,0.1853819315881824,0.4701806811464338,1,0,0,0,0
16577,SP1,2024/2025,2025-04-20,Real Madrid,Ath Bilbao,0.8594111026710789,0.591081208942623,0.26832989372845595,0.507981753545534,0,1,1,1,0
11592,E0,2024/2025,2025-04-21,Tottenham,Nott'm Forest,0.7751685984874317,0.7657783607392455,0.009390237748186148,0.5936073386462438,1,0,0,0,0
16578,SP1,2024/2025,2025-04-21,Girona,Betis,0.7231480344889684,0.7524455079718166,0.02929747348284828,0.5441294901498726,1,0,0,0,0
11593,E0,2024/2025,2025-04-22,Man City,Aston Villa,0.8645418557800622,0.6979149939357656,0.16662686184429654,0.6033767240339576,1,0,0,0,0
14017,F1,2024/2025,2025-04-22,Nantes,Paris SG,0.6257678038498017,0.9269052815523606,0.30113747770255894,0.5800274824138029,1,0,1,1,1
16579,SP1,2024/2025,2025-04-22,Valencia,Espanol,0.8048341891982429,0.6333284444288385,0.1715057447694044,0.5097243850680687,1,0,0,0,0
16580,SP1,2024/2025,2025-04-22,Barcelona,Mallorca,0.9470963482413086,0.56147145734535,0.38562489089595864,0.5317675668935067,0,0,1,1,0
6787,I1,2024/2025,2025-04-23,Cagliari,Fiorentina,0.6861173417200859,0.7399191759867572,0.05380183426667129,0.5076713781157502,1,0,0,0,0
6788,I1,2024/2025,2025-04-23,Genoa,Lazio,0.6231283585587551,0.7187939895475305,0.09566563098877534,0.4479009188486517,0,0,0,0,1
6789,I1,2024/2025,2025-04-23,Parma,Juventus,0.5939352908772946,0.8278797704404961,0.23394447956320152,0.4917070122680039,0,1,1,1,0
6790,I1,2024/2025,2025-04-23,Torino,Udinese,0.7197865653005929,0.6588588393138423,0.06092772598675067,0.47423774096764576,0,0,0,0,1
11594,E0,2024/2025,2025-04-23,Arsenal,Crystal Palace,0.9068727374254072,0.5214723795969675,0.38540035782843973,0.4729090843768429,1,0,1,1,1
16581,SP1,2024/2025,2025-04-23,Ath Bilbao,Las Palmas,0.9151796536592615,0.5153040610352149,0.3998755926240466,0.47159579210741887,0,0,1,1,0
16582,SP1,2024/2025,2025-04-23,Celta,Villarreal,0.7443837711871623,0.7260083816963665,0.018375389490795757,0.54042885708063,0,0,0,0,1
16583,SP1,2024/2025,2025-04-23,Alaves,Sociedad,0.7440480571287484,0.6588326720657426,0.08521538506300586,0.4902031696234576,0,0,0,0,1
16584,SP1,2024/2025,2025-04-23,Getafe,Real Madrid,0.6317034208329594,0.8549847129821215,0.22328129214916215,0.5400967679506921,0,1,1,1,0
16585,SP1,2024/2025,2025-04-24,Leganes,Girona,0.7043530627302729,0.7198579698961939,0.015504907165921011,0.5070341658271807,1,0,0,0,0
16586,SP1,2024/2025,2025-04-24,Osasuna,Sevilla,0.716770096524579,0.693931722775473,0.022838373749106022,0.49738950791524317,0,0,0,0,1
16587,SP1,2024/2025,2025-04-24,Ath Madrid,Vallecano,0.8865785958016219,0.5855673525588645,0.3010112432427574,0.5191514811789113,0,0,1,1,0
16588,SP1,2024/2025,2025-04-24,Betis,Valladolid,0.9500042788416252,0.5622075278109083,0.38779675103071687,0.5340995570173349,1,0,1,1,1
9021,D1,2024/2025,2025-04-25,Stuttgart,Heidenheim,0.9165597922233607,0.6370649814018613,0.2794948108214994,0.5839081469864691,0,1,1,1,0
14018,F1,2024/2025,2025-04-25,Paris SG,Nice,0.8729039068791581,0.6620981344175022,0.21080577246165588,0.5779480482704397,1,1,1,1,1
9022,D1,2024/2025,2025-04-26,Bayern Munich,Mainz,0.9481527001784867,0.5560063599359814,0.3921463402425054,0.5271789314897123,0,0,1,1,0
9023,D1,2024/2025,2025-04-26,Hoffenheim,Dortmund,0.6749850318591556,0.8718727562452674,0.1968877243861118,0.5885010601513416,1,1,0,0,0
9024,D1,2024/2025,2025-04-26,Holstein Kiel,M'gladbach,0.7177437185805685,0.8120602093908154,0.09431649081024684,0.5828511143994789,1,0,0,0,0
9025,D1,2024/2025,2025-04-26,Leverkusen,Augsburg,0.918331090774642,0.5349134531731566,0.3834176376014854,0.49122765492253534,0,0,1,1,0
9026,D1,2024/2025,2025-04-26,Wolfsburg,Freiburg,0.7740672889467721,0.7236351888942115,0.0504321000525606,0.5601423288538276,0,0,0,0,1
9027,D1,2024/2025,2025-04-26,Ein Frankfurt,RB Leipzig,0.7953873472940093,0.7085026439526135,0.08688470334139575,0.5635340385242612,0,0,0,0,1
11595,E0,2024/2025,2025-04-26,Chelsea,Everton,0.8711004713858432,0.5491602021936229,0.3219402691922203,0.47837371099720993,0,0,1,1,0
11596,E0,2024/2025,2025-04-26,Brighton,West Ham,0.8735355032365871,0.6391075640869459,0.23442793914964122,0.5582831476169997,1,1,1,1,1
11597,E0,2024/2025,2025-04-26,Newcastle,Ipswich,0.9577012090702663,0.568250931826217,0.38945027724404935,0.5442146044652735,0,0,1,1,0
11598,E0,2024/2025,2025-04-26,Southampton,Fulham,0.619878572112293,0.8839378136458286,0.26405924153353555,0.5479341097588384,1,1,1,1,1
11599,E0,2024/2025,2025-04-26,Wolves,Leicester,0.8813511847382457,0.577437030858943,0.30391415387930265,0.5089248112592644,0,0,1,1,0
14019,F1,2024/2025,2025-04-26,Strasbourg,St Etienne,0.8756980914900508,0.6246271699186122,0.2510709215714386,0.5469848205905604,1,1,1,1,1
14020,F1,2024/2025,2025-04-26,Le Havre,Monaco,0.61110352431064,0.9247512541171561,0.3136477298065161,0.5651187505016783,1,0,1,1,1
14021,F1,2024/2025,2025-04-26,Lyon,Rennes,0.8739055765847932,0.7172499706537504,0.15665560593104277,0.6268087491595917,1,0,0,0,0
6791,I1,2024/2025,2025-04-27,Como,Genoa,0.8270638593155151,0.6074623529729113,0.21960150634260378,0.5024101580386596,0,1,1,1,0
6792,I1,2024/2025,2025-04-27,Venezia,Milan,0.6142701784612701,0.8610127249356923,0.24674254647442218,0.5288944402036722,0,1,1,1,0
6793,I1,2024/2025,2025-04-27,Fiorentina,Empoli,0.8179530841267367,0.5807253660339973,0.23722771809273946,0.47500610417813616,1,1,1,1,1
6794,I1,2024/2025,2025-04-27,Inter,Roma,0.8479221692457733,0.597756579015726,0.25016559023004736,0.5068510551599469,0,1,1,1,0
6795,I1,2024/2025,2025-04-27,Juventus,Monza,0.9450936801881994,0.5044052694297189,0.44068841075848053,0.4767102323916533,0,0,1,1,0
6796,I1,2024/2025,2025-04-27,Atalanta,Lecce,0.9374414548974248,0.5081665942352086,0.4292748606622162,0.47637643143012326,1,0,1,1,1
6797,I1,2024/2025,2025-04-27,Napoli,Torino,0.9012501565643443,0.5182544424556448,0.3829957141086995,0.4670768974033168,0,0,1,1,0
9028,D1,2024/2025,2025-04-27,Bochum,Union Berlin,0.7797048165064825,0.6986510327867803,0.08105378371970218,0.544741575321081,1,0,0,0,0
9029,D1,2024/2025,2025-04-27,Werder Bremen,St Pauli,0.8256446743011393,0.6513336078067316,0.17431106649440775,0.5377701244789749,0,0,0,0,1
11600,E0,2024/2025,2025-04-27,Bournemouth,Man United,0.8651369132379071,0.6150339496223336,0.2501029636155735,0.5320885727127841,1,1,1,1,1
11601,E0,2024/2025,2025-04-27,Liverpool,Tottenham,0.9397982247453912,0.5796688187391423,0.3601294060062489,0.5447717267913039,1,0,1,1,1
14022,F1,2024/2025,2025-04-27,Angers,Lille,0.5888593726151213,0.8808713172253727,0.2920119446102514,0.5187093312159885,0,1,1,1,0
14023,F1,2024/2025,2025-04-27,Lens,Auxerre,0.8706782786180715,0.5778176352132762,0.29286064340479523,0.5030932639826601,0,0,1,1,0
14024,F1,2024/2025,2025-04-27,Montpellier,Reims,0.631560475672324,0.8440491237252311,0.21248864805290713,0.5330680660707152,0,0,1,1,0
14025,F1,2024/2025,2025-04-27,Nantes,Toulouse,0.694168753298926,0.7818026110134463,0.08763385771452026,0.5427029438130492,0,0,0,0,1
14026,F1,2024/2025,2025-04-27,Marseille,Brest,0.9088643393652496,0.6359787767169697,0.2728855626482799,0.5780184307511882,1,1,1,1,1
16589,SP1,2024/2025,2025-04-27,Villarreal,Espanol,0.9064642066446512,0.5892157457025023,0.31724846094214887,0.5341029834707554,0,0,1,1,0
6798,I1,2024/2025,2025-04-28,Udinese,Bologna,0.6211292166347429,0.8325584473582759,0.21142923072353303,0.5171263762102837,0,1,1,1,0
6799,I1,2024/2025,2025-04-28,Lazio,Parma,0.8832554269719363,0.5386159701678307,0.34463945680410557,0.475735478704491,1,0,1,1,1
6800,I1,2024/2025,2025-04-28,Verona,Cagliari,0.6855734996602376,0.643246540440989,0.04232695921924867,0.44099278187446933,0,0,0,0,1
11602,E0,2024/2025,2025-05-01,Nott'm Forest,Brentford,0.7920244622196697,0.6918582636544791,0.1001661985651906,0.5479686692031733,0,0,0,0,1
6801,I1,2024/2025,2025-05-02,Torino,Venezia,0.7199348575858752,0.6441003788717392,0.07583447871413596,0.46371031453403383,1,0,0,0,0
9030,D1,2024/2025,2025-05-02,Heidenheim,Bochum,0.7506702167445702,0.6894213350249281,0.061248881719642156,0.5175280629914938,0,0,0,0,1
11603,E0,2024/2025,2025-05-02,Man City,Wolves,0.9257303729898916,0.59195257830941,0.33377779468048163,0.5479884811106981,0,0,1,1,0
14027,F1,2024/2025,2025-05-02,Nice,Reims,0.919647548952747,0.5874233952964721,0.3322241536562749,0.5402224856819012,0,0,1,1,0
16590,SP1,2024/2025,2025-05-02,Vallecano,Getafe,0.7432994792675972,0.7053093046140799,0.037990174653517284,0.5242560388422367,0,0,0,0,1
6802,I1,2024/2025,2025-05-03,Cagliari,Udinese,0.7582343133142372,0.6467408126278974,0.11149350068633979,0.4903810759552055,1,0,0,0,0
6803,I1,2024/2025,2025-05-03,Parma,Como,0.6886998172434549,0.7618233264040369,0.07312350916058208,0.5246675856662611,0,0,0,0,1
6804,I1,2024/2025,2025-05-03,Lecce,Napoli,0.5847802076328654,0.8848049594159131,0.30002475178304766,0.5174164278818267,0,0,1,1,0
6805,I1,2024/2025,2025-05-03,Inter,Verona,0.919012875517372,0.5095817503883363,0.4094311251290357,0.46831218973556066,0,0,1,1,0
9031,D1,2024/2025,2025-05-03,M'gladbach,Hoffenheim,0.8203004515291916,0.7405829520817098,0.07971749944748185,0.6075005299874482,1,0,0,0,0
9032,D1,2024/2025,2025-05-03,RB Leipzig,Bayern Munich,0.6710131931485614,0.8955814506268469,0.22456825747828546,0.6009469689097413,1,1,1,1,1
9033,D1,2024/2025,2025-05-03,St Pauli,Stuttgart,0.7328524294707899,0.767173558204406,0.034321128733616146,0.5622250059558493,0,0,0,0,1
9034,D1,2024/2025,2025-05-03,Union Berlin,Werder Bremen,0.7296029858736001,0.7498903114448869,0.020287325571286874,0.5471222103078734,1,0,0,0,0
9035,D1,2024/2025,2025-05-03,Dortmund,Wolfsburg,0.9337321245429512,0.6278410155843811,0.3058911089585701,0.5862353253568083,0,0,1,1,0
11604,E0,2024/2025,2025-05-03,Aston Villa,Fulham,0.8586595853797,0.6726046000557845,0.1860549853239155,0.5775383870083789,0,0,0,0,1
11605,E0,2024/2025,2025-05-03,Everton,Ipswich,0.8940707198087426,0.5289689132759651,0.3651018065327776,0.47293561704909043,1,0,1,1,1
11606,E0,2024/2025,2025-05-03,Leicester,Southampton,0.7632254107186587,0.7058929562726322,0.057332454446026526,0.5387554414745879,0,0,0,0,1
11607,E0,2024/2025,2025-05-03,Arsenal,Bournemouth,0.8012173515418288,0.66397633699049,0.13724101455133886,0.5319893622099652,1,0,0,0,0
14028,F1,2024/2025,2025-05-03,Strasbourg,Paris SG,0.7739172724370146,0.7746867328330173,0.0007694603960026747,0.5995434432672709,1,0,0,0,0
14029,F1,2024/2025,2025-05-03,Toulouse,Rennes,0.8132706514910498,0.7136842037187467,0.09958644777230308,0.5804184173172163,1,0,0,0,0
14030,F1,2024/2025,2025-05-03,St Etienne,Monaco,0.6082062107545455,0.9217544359959139,0.3135482252413684,0.560616772763268,1,0,1,1,1
16591,SP1,2024/2025,2025-05-03,Alaves,Ath Madrid,0.6282800633641612,0.7836392590762661,0.15535919571210488,0.4923449233470808,0,0,0,0,1
16592,SP1,2024/2025,2025-05-03,Villarreal,Osasuna,0.8862100385758968,0.566077431425103,0.3201326071507937,0.5016635023401851,1,0,1,1,1
16593,SP1,2024/2025,2025-05-03,Las Palmas,Valencia,0.7305504315311997,0.7056004606575691,0.0249499708736306,0.5154767210220004,1,0,0,0,0
16594,SP1,2024/2025,2025-05-03,Valladolid,Barcelona,0.599966398930548,0.9607274781905166,0.3607610792599686,0.576404205443591,1,0,1,1,1
6806,I1,2024/2025,2025-05-04,Empoli,Lazio,0.6159588688328956,0.8249679872251655,0.20900911839226988,0.5081463482345636,0,1,1,1,0
6807,I1,2024/2025,2025-05-04,Monza,Atalanta,0.5468070838727753,0.9370116940736356,0.3902046102008603,0.5123646319910937,0,0,1,1,0
6808,I1,2024/2025,2025-05-04,Roma,Fiorentina,0.8538671742545416,0.5518246689449309,0.30204250530961074,0.47118497075595606,0,0,1,1,0
6809,I1,2024/2025,2025-05-04,Bologna,Juventus,0.7248492627909788,0.6540740443837293,0.07077521840724954,0.47410508888226016,1,0,0,0,0
9036,D1,2024/2025,2025-05-04,Augsburg,Holstein Kiel,0.8311722314849838,0.625880487381321,0.2052917441036628,0.5202144813396418,1,1,1,1,1
9037,D1,2024/2025,2025-05-04,Freiburg,Leverkusen,0.6985098194405239,0.7851110242396547,0.0866012047991308,0.5484077597824061,1,0,0,0,0
9038,D1,2024/2025,2025-05-04,Mainz,Ein Frankfurt,0.7788130806570889,0.7429057554424761,0.03590732521461282,0.5785847200340366,1,0,0,0,0
11608,E0,2024/2025,2025-05-04,Brentford,Man United,0.8607410012410953,0.6063284790940033,0.254412522147092,0.521891782176363,1,1,1,1,1
11609,E0,2024/2025,2025-05-04,Brighton,Newcastle,0.7672086822510884,0.8418263211879616,0.07461763893687323,0.6458564625628975,1,0,0,0,0
11610,E0,2024/2025,2025-05-04,West Ham,Tottenham,0.8143985329322244,0.7130471182840002,0.10135141464822417,0.5807045270420401,1,0,0,0,0
11611,E0,2024/2025,2025-05-04,Chelsea,Liverpool,0.7926920719253033,0.7087666993566186,0.08392537256868471,0.5618337434246565,1,0,0,0,0
14031,F1,2024/2025,2025-05-04,Nantes,Angers,0.8167668611327528,0.6333836027374783,0.18338325839527447,0.5173267371008445,0,0,0,0,1
14032,F1,2024/2025,2025-05-04,Auxerre,Le Havre,0.7959200048838432,0.6905621329086745,0.10535787197516866,0.5496322161972694,1,0,0,0,0
14033,F1,2024/2025,2025-05-04,Brest,Montpellier,0.9212832660375602,0.5970513573954133,0.3242319086421469,0.5500534245334049,0,0,1,1,0
14034,F1,2024/2025,2025-05-04,Lyon,Lens,0.8971913632216871,0.6391589872440193,0.2580323759776678,0.5734479230808547,1,1,1,1,1
14035,F1,2024/2025,2025-05-04,Lille,Marseille,0.7733293561336714,0.7349308029615761,0.038398553172095284,0.5683435646570777,1,0,0,0,0
16595,SP1,2024/2025,2025-05-04,Real Madrid,Celta,0.9216893781042143,0.5860471155557782,0.3356422625484361,0.5401534014763738,1,0,1,1,1
16596,SP1,2024/2025,2025-05-04,Sevilla,Leganes,0.8336679177710827,0.5693559616722096,0.26431195609887315,0.47465379903782334,1,1,1,1,1
16597,SP1,2024/2025,2025-05-04,Espanol,Betis,0.6633087514373758,0.7681749160172564,0.10486616457988063,0.5095371444289173,1,0,0,0,0
16598,SP1,2024/2025,2025-05-04,Sociedad,Ath Bilbao,0.7359404324709914,0.6856250633623134,0.050315369108677954,0.5045792056438119,0,0,0,0,1
6810,I1,2024/2025,2025-05-05,Genoa,Milan,0.6120591051814378,0.8401085430193892,0.2280494378379514,0.5141960830957288,1,1,1,1,1
11612,E0,2024/2025,2025-05-05,Crystal Palace,Nott'm Forest,0.7698885969475838,0.7206288632375379,0.04925973371004588,0.5548039444378804,1,0,0,0,0
16599,SP1,2024/2025,2025-05-05,Girona,Mallorca,0.8008191237761105,0.6433666131981954,0.1574525105779151,0.5152202874481827,0,0,0,0,1
6811,I1,2024/2025,2025-05-09,Milan,Bologna,0.7552050453548711,0.6771309396889061,0.07807410566596495,0.5113727020189468,1,0,0,0,0
9039,D1,2024/2025,2025-05-09,Wolfsburg,Hoffenheim,0.7934657951661964,0.7483643712942546,0.045101423871941826,0.5938015309430463,1,0,0,0,0
16600,SP1,2024/2025,2025-05-09,Las Palmas,Vallecano,0.7432033468127207,0.6967655791400907,0.04643776767262997,0.5178385103608191,0,0,0,0,1
6812,I1,2024/2025,2025-05-10,Como,Cagliari,0.8372776761194419,0.6147640232506124,0.22251365286882951,0.5147281927491113,1,1,1,1,1
6813,I1,2024/2025,2025-05-10,Lazio,Juventus,0.7290333955042556,0.679325646599605,0.04970774890465057,0.49525108279363406,1,0,0,0,0
6814,I1,2024/2025,2025-05-10,Empoli,Parma,0.7827251572244609,0.6411084613823802,0.1416166958420807,0.5018117212334557,1,0,0,0,0
9040,D1,2024/2025,2025-05-10,Bochum,Mainz,0.6911140996908122,0.7521305368921316,0.06101643720131944,0.5198080188541727,1,0,0,0,0
9041,D1,2024/2025,2025-05-10,Holstein Kiel,Freiburg,0.7078978590894361,0.8175019904537608,0.10960413136432468,0.5787079088435699,1,0,0,0,0
9042,D1,2024/2025,2025-05-10,Union Berlin,Heidenheim,0.7732533877929407,0.6702315700225471,0.10302181777039365,0.5182588321257161,0,0,0,0,1
9043,D1,2024/2025,2025-05-10,Werder Bremen,RB Leipzig,0.7591832270697392,0.7116291231410702,0.04755410392866899,0.5402568941830465,0,0,0,0,1
9044,D1,2024/2025,2025-05-10,Bayern Munich,M'gladbach,0.9620977069649278,0.6090347114267411,0.35306299553818665,0.5859508993257142,0,0,1,1,0
11613,E0,2024/2025,2025-05-10,Fulham,Everton,0.8267325627262591,0.6158600160490442,0.2108725466772149,0.5091515293488613,1,1,1,1,1
11614,E0,2024/2025,2025-05-10,Ipswich,Brentford,0.6409056763130819,0.8823145205693607,0.24140884425627873,0.5654803845263587,0,1,1,1,0
11615,E0,2024/2025,2025-05-10,Southampton,Man City,0.5806341360605335,0.948319369975048,0.36768523391451446,0.5506265980949314,0,0,1,1,0
11616,E0,2024/2025,2025-05-10,Wolves,Brighton,0.7236080076350093,0.7583699502031049,0.034761942568095616,0.54876256871673,0,0,0,0,1
11617,E0,2024/2025,2025-05-10,Bournemouth,Aston Villa,0.765149819056343,0.7491002815435306,0.016049537512812462,0.573173944878088,0,0,0,0,1
14036,F1,2024/2025,2025-05-10,Angers,Strasbourg,0.6269339576015597,0.8239694426094615,0.1970354850079018,0.5165744235979008,1,1,0,0,0
14037,F1,2024/2025,2025-05-10,Auxerre,Nantes,0.7146889132397487,0.7646755310171697,0.04998661777742097,0.5465051242436888,1,0,0,0,0
14038,F1,2024/2025,2025-05-10,Brest,Lille,0.6398921553505956,0.868919561624327,0.22902740627373142,0.5560148111140853,0,1,1,1,0
14039,F1,2024/2025,2025-05-10,Le Havre,Marseille,0.6146286128051417,0.9094275687758653,0.2947989559707236,0.5589602050434627,1,0,1,1,1
14040,F1,2024/2025,2025-05-10,Monaco,Lyon,0.8570047223878655,0.6976819395112245,0.15932278287664103,0.5979167168858445,0,0,0,0,1
14041,F1,2024/2025,2025-05-10,Montpellier,Paris SG,0.5634094813812565,0.9353225915954536,0.37191311021419715,0.5269696162549673,1,0,1,1,1
14042,F1,2024/2025,2025-05-10,Reims,St Etienne,0.7881985961549962,0.6626340574326154,0.12556453872238083,0.5222872338328766,0,0,0,0,1
14043,F1,2024/2025,2025-05-10,Rennes,Nice,0.6895827108933005,0.8361463181704332,0.1465636072771327,0.5765920447874194,0,0,0,0,1
14044,F1,2024/2025,2025-05-10,Toulouse,Lens,0.7786145972529971,0.6948763576496175,0.08373823960337956,0.5410408753519865,1,0,0,0,0
16601,SP1,2024/2025,2025-05-10,Valencia,Getafe,0.7842779484687883,0.655542088608761,0.12873585986002734,0.5141272043890237,0,0,0,0,1
16602,SP1,2024/2025,2025-05-10,Celta,Sevilla,0.8448577499205424,0.6594145898498344,0.18544316007070805,0.5571115266453084,1,0,0,0,0
16603,SP1,2024/2025,2025-05-10,Girona,Villarreal,0.7030139638551722,0.7896850778216122,0.08667111396644,0.5551596367566518,0,0,0,0,1
16604,SP1,2024/2025,2025-05-10,Mallorca,Valladolid,0.9210747755876912,0.5221059915728059,0.39896878401488534,0.4808986590209112,1,0,1,1,1
16605,SP1,2024/2025,2025-05-10,Ath Madrid,Sociedad,0.8600362002546004,0.5957586407162173,0.26427755953838306,0.5123739976304212,0,1,1,1,0
6815,I1,2024/2025,2025-05-11,Udinese,Monza,0.8871266625481039,0.5557060290121197,0.33142063353598417,0.4929816348753816,1,0,1,1,1
6816,I1,2024/2025,2025-05-11,Verona,Lecce,0.7474104652561038,0.6042308708251254,0.14317959443097839,0.4516084762855077,1,0,0,0,0
6817,I1,2024/2025,2025-05-11,Torino,Inter,0.5768465767844448,0.8764570488988372,0.2996104721143924,0.505581248355891,0,0,1,1,0
6818,I1,2024/2025,2025-05-11,Napoli,Genoa,0.9216170904642611,0.4990566741769634,0.4225604162872977,0.4599391600317438,1,0,0,0,0
9045,D1,2024/2025,2025-05-11,Leverkusen,Dortmund,0.7574896245962426,0.7863890335334394,0.02889940893719678,0.595681533797847,1,0,0,0,0
9046,D1,2024/2025,2025-05-11,Ein Frankfurt,St Pauli,0.8917945986929514,0.5556585550102854,0.33613604368266603,0.49553329807570273,1,0,1,1,1
9047,D1,2024/2025,2025-05-11,Stuttgart,Augsburg,0.892989080133783,0.6142915741411793,0.2786975059926037,0.5485556677262653,0,1,1,1,0
11618,E0,2024/2025,2025-05-11,Newcastle,Chelsea,0.8194018897081148,0.7162872248383737,0.10311466486974108,0.5869271056063448,0,0,0,0,1
11619,E0,2024/2025,2025-05-11,Man United,West Ham,0.8279514624197322,0.6595425471279885,0.16840891529174362,0.5460692164226533,0,0,0,0,1
11620,E0,2024/2025,2025-05-11,Nott'm Forest,Leicester,0.924038378833059,0.5363252965769115,0.3877130822561474,0.49558515757608884,1,0,1,1,1
11621,E0,2024/2025,2025-05-11,Tottenham,Crystal Palace,0.7399916121558737,0.7596836501266051,0.01969203797073138,0.5621595289856453,0,0,0,0,1
11622,E0,2024/2025,2025-05-11,Liverpool,Arsenal,0.8155877950052629,0.6971399445294872,0.11844785047577566,0.5685788301688958,1,0,0,0,0
16606,SP1,2024/2025,2025-05-11,Leganes,Espanol,0.7382833163399157,0.6642376056350809,0.07404571070483479,0.49039554232595267,1,0,0,0,0
16607,SP1,2024/2025,2025-05-11,Barcelona,Real Madrid,0.8229425793383727,0.6972326985237121,0.1257098808146606,0.5737824753221575,1,0,0,0,0
16608,SP1,2024/2025,2025-05-11,Ath Bilbao,Alaves,0.8008031526257067,0.550021165296731,0.2507819873289757,0.4404586831804871,0,1,1,1,0
16609,SP1,2024/2025,2025-05-11,Betis,Osasuna,0.8812889687605922,0.6256215958425917,0.25566737291800046,0.5513534110344736,1,1,1,1,1
6819,I1,2024/2025,2025-05-12,Venezia,Fiorentina,0.6732140426471926,0.7398694462289971,0.06665540358180444,0.49809050092696283,1,0,0,0,0
6820,I1,2024/2025,2025-05-12,Atalanta,Roma,0.8057258912002713,0.6217174073979082,0.18400848380236312,0.5009338121504017,1,0,0,0,0
16610,SP1,2024/2025,2025-05-13,Valladolid,Girona,0.6473563092503978,0.8755691343112578,0.22821282506086005,0.5668052032813017,0,1,1,1,0
16611,SP1,2024/2025,2025-05-13,Sociedad,Celta,0.7684328801302264,0.7206110788009576,0.04782180132926872,0.5537412467367694,0,0,0,0,1
16612,SP1,2024/2025,2025-05-13,Sevilla,Las Palmas,0.8694921019588212,0.613278769550485,0.2562133324083362,0.5332410464231707,0,1,1,1,0
16613,SP1,2024/2025,2025-05-14,Alaves,Valencia,0.7731598088199847,0.613720222368329,0.15943958645165568,0.47450380979525575,0,0,0,0,1
16614,SP1,2024/2025,2025-05-14,Villarreal,Leganes,0.9217108698681972,0.544660971726907,0.3770498981412902,0.502019938033665,0,0,1,1,0
16615,SP1,2024/2025,2025-05-14,Real Madrid,Mallorca,0.9163340396099371,0.5701175991787055,0.34621644043123156,0.5224181627081422,1,0,1,1,1
16616,SP1,2024/2025,2025-05-15,Vallecano,Betis,0.6869653927915338,0.764638578196096,0.07767318540456225,0.525280241214041,1,0,0,0,0
16617,SP1,2024/2025,2025-05-15,Osasuna,Ath Madrid,0.6580677079013277,0.8315101520393547,0.173442444138027,0.5471899798492227,0,0,0,0,1
16618,SP1,2024/2025,2025-05-15,Espanol,Barcelona,0.5913862261267064,0.9294840476869421,0.3380978215602357,0.5496840632065564,0,0,1,1,0
16619,SP1,2024/2025,2025-05-15,Getafe,Ath Bilbao,0.6339745708431507,0.7013227633649983,0.06734819252184765,0.4446207979268573,0,0,0,0,1
11623,E0,2024/2025,2025-05-16,Aston Villa,Tottenham,0.9294073061846632,0.5645082929372446,0.3648990132474186,0.5246581318577072,0,0,1,1,0
11624,E0,2024/2025,2025-05-16,Chelsea,Man United,0.9039562744519194,0.5961101625445174,0.30784611190740196,0.5388575216966701,0,0,1,1,0
6821,I1,2024/2025,2025-05-17,Genoa,Atalanta,0.6364506811502073,0.8488396545674516,0.21238897341724428,0.5402445763367613,1,1,1,1,1
9048,D1,2024/2025,2025-05-17,Augsburg,Union Berlin,0.7837625979657473,0.6450321122508428,0.13873048571490454,0.5055520440690541,1,0,0,0,0
9049,D1,2024/2025,2025-05-17,Dortmund,Holstein Kiel,0.971322978898183,0.5958699056771009,0.3754530732210821,0.5787821318180609,0,0,1,1,0
9050,D1,2024/2025,2025-05-17,Freiburg,Ein Frankfurt,0.7675000838134883,0.7473045257907973,0.020195558022691018,0.5735562861786361,1,0,0,0,0
9051,D1,2024/2025,2025-05-17,Heidenheim,Werder Bremen,0.7638925577832105,0.6982748788630228,0.06561767892018777,0.5334069832504359,1,0,0,0,0
9052,D1,2024/2025,2025-05-17,Hoffenheim,Bayern Munich,0.6841774897992452,0.923106486585035,0.23892899678578983,0.6315686788091499,0,1,1,1,0
9053,D1,2024/2025,2025-05-17,Mainz,Leverkusen,0.797535978328587,0.718442214629814,0.07909376369877308,0.5729835145173454,1,0,0,0,0
9054,D1,2024/2025,2025-05-17,M'gladbach,Wolfsburg,0.8211958815884289,0.7740168245750155,0.047179057013413406,0.6356194286211562,0,0,0,0,1
9055,D1,2024/2025,2025-05-17,RB Leipzig,Stuttgart,0.8335212597392231,0.7409481213119007,0.0925731384273224,0.6175960114773061,1,0,0,0,0
9056,D1,2024/2025,2025-05-17,St Pauli,Bochum,0.8584293269718987,0.5992156864127584,0.2592136405591403,0.5143843183983084,0,1,1,1,0
14045,F1,2024/2025,2025-05-17,Lens,Monaco,0.656983476553467,0.8480093910500555,0.19102591449658846,0.5571281578820539,0,0,0,0,1
14046,F1,2024/2025,2025-05-17,Lille,Reims,0.9117633330249444,0.549094976759398,0.3626683562655464,0.5006446661574031,1,0,1,1,1
14047,F1,2024/2025,2025-05-17,Lyon,Angers,0.9421061638077033,0.5777666660822538,0.3643394977254495,0.5443175373587184,0,0,1,1,0
14048,F1,2024/2025,2025-05-17,Marseille,Rennes,0.8683245947269949,0.7079113215477523,0.1604132731792426,0.6146968113856033,1,0,0,0,0
14049,F1,2024/2025,2025-05-17,Nantes,Montpellier,0.8804922513799249,0.5513063773487814,0.3291858740311435,0.485420993391939,0,0,1,1,0
14050,F1,2024/2025,2025-05-17,Nice,Brest,0.9015850736845933,0.5982005712581445,0.30338450242644877,0.53932870611594,0,0,1,1,0
14051,F1,2024/2025,2025-05-17,Paris SG,Auxerre,0.953968436928083,0.5814861198014304,0.3724823171266526,0.5547194048023465,1,0,1,1,1
14052,F1,2024/2025,2025-05-17,St Etienne,Toulouse,0.818329498454088,0.7160983109751156,0.10223118747897242,0.5860043716640858,1,0,0,0,0
14053,F1,2024/2025,2025-05-17,Strasbourg,Le Havre,0.8867488032241652,0.620026341481928,0.2667224617422371,0.5498076162765573,1,1,1,1,1
6822,I1,2024/2025,2025-05-18,Cagliari,Venezia,0.732065473697384,0.6930387539812662,0.03902671971611771,0.5073497437239404,0,0,0,0,1
6823,I1,2024/2025,2025-05-18,Fiorentina,Bologna,0.6883253520888113,0.6959430355502714,0.007617683461460079,0.47903523497889666,1,0,0,0,0
6824,I1,2024/2025,2025-05-18,Inter,Lazio,0.8681172548312939,0.5734339443747374,0.2946833104565565,0.4978079016176779,1,0,1,1,1
6825,I1,2024/2025,2025-05-18,Juventus,Udinese,0.9126243938334564,0.5165747420277884,0.396049651805668,0.4714387108127845,0,0,1,1,0
6826,I1,2024/2025,2025-05-18,Lecce,Torino,0.8214499284196534,0.6005691377942303,0.2208807906254231,0.4933374752521234,0,1,1,1,0
6827,I1,2024/2025,2025-05-18,Monza,Empoli,0.5860015325259439,0.8467665715107062,0.26076503898476233,0.4962065085970131,1,1,1,1,1
6828,I1,2024/2025,2025-05-18,Parma,Napoli,0.5830888104260842,0.8827485897288505,0.2996597793027663,0.5147208250902989,0,0,1,1,0
6829,I1,2024/2025,2025-05-18,Roma,Milan,0.7717538884616685,0.7203725452650418,0.05138134319662668,0.5559503129493253,1,0,0,0,0
6830,I1,2024/2025,2025-05-18,Verona,Como,0.6672186584780069,0.7736756143555344,0.10645695587752757,0.5162108055074475,1,0,0,0,0
11625,E0,2024/2025,2025-05-18,Everton,Southampton,0.907751474425091,0.5340572492884001,0.3736942251366908,0.4847912554689536,0,0,1,1,0
11626,E0,2024/2025,2025-05-18,West Ham,Nott'm Forest,0.7182218012369265,0.7449299048006187,0.026708103563692243,0.5350248980211525,1,0,0,0,0
11627,E0,2024/2025,2025-05-18,Brentford,Fulham,0.827262797011044,0.7044477339055499,0.12281506310549406,0.5827634026987969,1,0,0,0,0
11628,E0,2024/2025,2025-05-18,Leicester,Ipswich,0.7617869431162031,0.7023782822697391,0.05940866084646401,0.5350626045614741,0,0,0,0,1
11629,E0,2024/2025,2025-05-18,Arsenal,Newcastle,0.836532913642478,0.7059625124305309,0.13057040121194707,0.590560877445876,0,0,0,0,1
16620,SP1,2024/2025,2025-05-18,Ath Madrid,Betis,0.8333963008739855,0.6683868810801943,0.16500941979379125,0.5570311542449344,1,0,0,0,0
16621,SP1,2024/2025,2025-05-18,Barcelona,Villarreal,0.8511316020052856,0.7103737466899406,0.14075785531534502,0.604621545042706,1,0,0,0,0
16622,SP1,2024/2025,2025-05-18,Celta,Vallecano,0.8579778123356993,0.6485978086457707,0.2093800036899286,0.5564825289476268,1,1,1,1,1
16623,SP1,2024/2025,2025-05-18,Las Palmas,Leganes,0.6978605389467046,0.7315632528771581,0.03370271393045343,0.5105291259264579,0,0,0,0,1
16624,SP1,2024/2025,2025-05-18,Mallorca,Getafe,0.7845082867300053,0.6083159504972738,0.17619233623273145,0.477228904115151,1,0,0,0,0
16625,SP1,2024/2025,2025-05-18,Osasuna,Espanol,0.8272166388969663,0.639168696796376,0.18804794210059028,0.5287309810520523,0,0,0,0,1
16626,SP1,2024/2025,2025-05-18,Sevilla,Real Madrid,0.6598809857920118,0.8551145685693212,0.1952335827773094,0.5642738444726346,0,1,0,0,1
16627,SP1,2024/2025,2025-05-18,Sociedad,Girona,0.7723503081062636,0.6161582612940653,0.15619204681219834,0.47589002295269095,1,0,0,0,0
16628,SP1,2024/2025,2025-05-18,Valencia,Ath Bilbao,0.7635924290288554,0.6339963835761836,0.12959604545267178,0.48411483853044796,0,0,0,0,1
16629,SP1,2024/2025,2025-05-18,Valladolid,Alaves,0.5955156483566759,0.8705979693013208,0.2750823209446449,0.5184547141464815,0,1,1,1,0
11630,E0,2024/2025,2025-05-19,Brighton,Liverpool,0.7654288169010671,0.7955852114886952,0.030156394587628088,0.6089638471737773,1,0,0,0,0
11631,E0,2024/2025,2025-05-20,Crystal Palace,Wolves,0.7734525563020386,0.7022904008572977,0.07116215544474092,0.5431883058094602,1,0,0,0,0
11632,E0,2024/2025,2025-05-20,Man City,Bournemouth,0.8853092692467622,0.5838053414349438,0.30150392781181845,0.5168482802081266,1,0,1,1,1
6831,I1,2024/2025,2025-05-23,Como,Inter,0.6115107116626414,0.868837319990906,0.2573266083282646,0.531303327866701,0,1,1,1,0
6832,I1,2024/2025,2025-05-23,Napoli,Cagliari,0.9472982718145969,0.5332954130358709,0.414002858778726,0.5051898231355322,0,0,1,1,0
16630,SP1,2024/2025,2025-05-23,Betis,Valencia,0.8356243486854132,0.7062556219615655,0.1293687267238477,0.5901643941070447,1,0,0,0,0
6833,I1,2024/2025,2025-05-24,Bologna,Genoa,0.8939174527486586,0.5908609106067105,0.3030565421419481,0.5281808801383036,1,0,1,1,1
6834,I1,2024/2025,2025-05-24,Milan,Monza,0.944810839134671,0.5477093844167055,0.39710145471796554,0.5174817630926816,0,0,1,1,0
16631,SP1,2024/2025,2025-05-24,Real Madrid,Sociedad,0.9102214097825303,0.5941728998637262,0.31604850991880407,0.5408288945685351,0,0,1,1,0
16632,SP1,2024/2025,2025-05-24,Espanol,Las Palmas,0.9191307425268292,0.5744545950538675,0.3446761474729617,0.5279988784998103,0,0,1,1,0
16633,SP1,2024/2025,2025-05-24,Leganes,Valladolid,0.9254307343904886,0.5705529718020731,0.3548777625884155,0.5280072557034683,0,0,1,1,0
16634,SP1,2024/2025,2025-05-24,Alaves,Osasuna,0.6519961684810219,0.736163383870222,0.08416721538920002,0.47997570565940845,1,0,0,0,0
16635,SP1,2024/2025,2025-05-24,Getafe,Celta,0.6397073030898034,0.8441332863322785,0.20442598324247507,0.5399982280479546,1,1,1,1,1
16636,SP1,2024/2025,2025-05-24,Vallecano,Mallorca,0.8801281626218669,0.5879935855028391,0.2921345771190278,0.5175097140420574,0,1,1,1,0
6835,I1,2024/2025,2025-05-25,Atalanta,Parma,0.8412307454383365,0.6089345587409634,0.23229618669737317,0.5122544727728251,1,1,1,1,1
6836,I1,2024/2025,2025-05-25,Empoli,Verona,0.7994366104368865,0.623774070802054,0.17566253963483247,0.49866782884041255,1,0,0,0,0
6837,I1,2024/2025,2025-05-25,Lazio,Lecce,0.8715934718431371,0.5321754542296795,0.3394180176134576,0.46384065178174483,0,0,1,1,0
6838,I1,2024/2025,2025-05-25,Torino,Roma,0.5951468812079764,0.8755541839099966,0.2804073027020202,0.5210833418826295,0,1,1,1,0
6839,I1,2024/2025,2025-05-25,Udinese,Fiorentina,0.6611145476850637,0.8177712902127111,0.15665674252764739,0.5406404966388075,1,0,0,0,0
6840,I1,2024/2025,2025-05-25,Venezia,Juventus,0.5868467275726392,0.8836971401507099,0.29685041257807065,0.5185947748627441,1,0,1,1,1
11633,E0,2024/2025,2025-05-25,Bournemouth,Leicester,0.9270899535899069,0.5482049031215257,0.37888505046838117,0.5082352581926947,0,0,1,1,0
11634,E0,2024/2025,2025-05-25,Fulham,Man City,0.6309588269516281,0.8819388387657363,0.25098001181410823,0.55646709515071,0,1,1,1,0
11635,E0,2024/2025,2025-05-25,Ipswich,West Ham,0.7137946972703049,0.7977990028724764,0.08400430560217154,0.5694646977379104,1,0,0,0,0
11636,E0,2024/2025,2025-05-25,Liverpool,Crystal Palace,0.9270943940977627,0.6179320592317199,0.30916233486604283,0.5728813480470142,1,0,1,1,1
11637,E0,2024/2025,2025-05-25,Man United,Aston Villa,0.666931824129097,0.8679411775769951,0.20100935344789805,0.5788575927981818,0,1,1,1,0
11638,E0,2024/2025,2025-05-25,Newcastle,Everton,0.9315890216423549,0.5651857731765809,0.366403248465774,0.526520861479749,0,0,1,1,0
11639,E0,2024/2025,2025-05-25,Nott'm Forest,Chelsea,0.7073663478511498,0.7956061228201274,0.08823977496897761,0.5627849974272869,0,0,0,0,1
11640,E0,2024/2025,2025-05-25,Southampton,Arsenal,0.5668758877164001,0.9272461418960104,0.3603702541796103,0.525633479818908,1,0,1,1,1
11641,E0,2024/2025,2025-05-25,Tottenham,Brighton,0.6702078710260287,0.8732183799959967,0.20301050896996797,0.5852378313979147,1,1,1,1,1
11642,E0,2024/2025,2025-05-25,Wolves,Brentford,0.7580487025110465,0.7889609802746342,0.030912277763587737,0.5980708474290298,1,0,0,0,0
16637,SP1,2024/2025,2025-05-25,Girona,Ath Madrid,0.6697645246053024,0.8349163170955735,0.165151792490271,0.5591973302047267,0,0,0,0,1
16638,SP1,2024/2025,2025-05-25,Villarreal,Sevilla,0.9026114537498561,0.6101924828619503,0.2924189708879058,0.5507667240232591,1,1,1,1,1
16639,SP1,2024/2025,2025-05-25,Ath Bilbao,Barcelona,0.6769960811497158,0.7925558927390096,0.11555981158929385,0.536557233476424,0,0,0,0,1
11643,E0,2025/2026,2025-08-15,Liverpool,Bournemouth,0.9399732227679373,0.6014644202240709,0.3385088025438664,0.5653604494582688,1,0,1,1,1
14054,F1,2025/2026,2025-08-15,Rennes,Marseille,0.7027108137404431,0.850757118518653,0.1480463047782099,0.5978362270497172,0,0,0,0,1
16640,SP1,2025/2026,2025-08-15,Girona,Vallecano,0.7604018861121835,0.6570498426245927,0.10335204348759086,0.4996219396014536,1,0,0,0,0
11644,E0,2025/2026,2025-08-16,Aston Villa,Newcastle,0.7610767402526588,0.7084864125715508,0.05259032768110805,0.5392125293932563,0,0,0,0,1
11645,E0,2025/2026,2025-08-16,Brighton,Fulham,0.8278060321542879,0.6843664217098319,0.14343961044445608,0.5665226520952441,1,0,0,0,0
11647,E0,2025/2026,2025-08-16,Tottenham,Burnley,0.9189276293740022,0.5895976904891375,0.3293299388848647,0.5417976080055698,0,0,1,1,0
11648,E0,2025/2026,2025-08-16,Wolves,Man City,0.6012397888923069,0.9040387336236538,0.30279894473134694,0.5435440573543541,0,0,1,1,0
14055,F1,2025/2026,2025-08-16,Lens,Lyon,0.7755905428803461,0.7564710186127395,0.019119524267606658,0.5867117679991031,0,0,0,0,1
14056,F1,2025/2026,2025-08-16,Monaco,Le Havre,0.9201594841186268,0.5610415264309634,0.3591179576876634,0.5162476815298422,1,0,1,1,1
14057,F1,2025/2026,2025-08-16,Nice,Toulouse,0.7895782300524594,0.6693687040163366,0.12020952603612278,0.5285189565697277,0,0,0,0,1
16642,SP1,2025/2026,2025-08-16,Mallorca,Barcelona,0.6021213051639952,0.9114806104467111,0.30935930528271594,0.5488218947938488,0,0,1,1,0
16643,SP1,2025/2026,2025-08-16,Alaves,Levante,0.7515625787600948,0.6134708390330602,0.1380917397270346,0.46106172577780574,1,0,0,0,0
16644,SP1,2025/2026,2025-08-16,Valencia,Sociedad,0.7031447381056742,0.6693882279964718,0.03375651010920244,0.47067681026560054,1,0,0,0,0
11649,E0,2025/2026,2025-08-17,Chelsea,Crystal Palace,0.8683203130459274,0.5892437154392902,0.27907659760663717,0.5116522874505899,0,1,1,1,0
11650,E0,2025/2026,2025-08-17,Nott'm Forest,Brentford,0.7912645041729551,0.6779629548248353,0.11330154934811987,0.5364480212971049,1,0,0,0,0
11651,E0,2025/2026,2025-08-17,Man United,Arsenal,0.6670899054155347,0.8110060188069457,0.14391611339141097,0.5410139283773547,0,0,0,0,1
14058,F1,2025/2026,2025-08-17,Brest,Lille,0.674682658907434,0.8057922742198326,0.13110961531239862,0.5436540740977048,1,0,0,0,0
14060,F1,2025/2026,2025-08-17,Auxerre,Lorient,0.7733940203722552,0.7472848769046236,0.0261091434676316,0.5779456553126527,0,0,0,0,1
14061,F1,2025/2026,2025-08-17,Metz,Strasbourg,0.6975518454341345,0.7875976972518941,0.09004585181775959,0.5493902271777334,0,0,0,0,1
14062,F1,2025/2026,2025-08-17,Nantes,Paris SG,0.5684406297226783,0.9214213174029292,0.3529806876802509,0.523773313904421,0,0,1,1,0
16645,SP1,2025/2026,2025-08-17,Celta,Getafe,0.8447038409448476,0.6146140917861405,0.23008974915870717,0.519166884030582,0,1,1,1,0
16646,SP1,2025/2026,2025-08-17,Ath Bilbao,Sevilla,0.8653846560787581,0.557489897833463,0.3078947582452951,0.48244320350399345,1,0,1,1,1
16647,SP1,2025/2026,2025-08-17,Espanol,Ath Madrid,0.5950320660009834,0.8978572851804268,0.3028252191794435,0.5342538753749435,1,0,1,1,1
11652,E0,2025/2026,2025-08-18,Leeds,Everton,0.7723995972162504,0.7398327380960313,0.03256685912021906,0.5714465089127703,0,0,0,0,1
16648,SP1,2025/2026,2025-08-18,Elche,Betis,0.6297196992874926,0.7524150635292689,0.1226953642417763,0.47381058754503086,1,0,0,0,0
16649,SP1,2025/2026,2025-08-19,Real Madrid,Osasuna,0.9487662112288008,0.5571221735984617,0.39164403763033906,0.5285786938365667,0,0,1,1,0
9057,D1,2025/2026,2025-08-22,Bayern Munich,RB Leipzig,0.9474033384283869,0.5604520499897588,0.386951288438628,0.5309741431893307,0,0,1,1,0
11653,E0,2025/2026,2025-08-22,West Ham,Chelsea,0.6159019691793223,0.8541296815926739,0.2382277124133516,0.5260601528274353,1,1,1,1,1
14063,F1,2025/2026,2025-08-22,Paris SG,Angers,0.9669864343306113,0.5259898989490259,0.44099653538158534,0.5086250968786371,0,0,1,1,0
16650,SP1,2025/2026,2025-08-22,Betis,Alaves,0.8244043544013098,0.6177713856410699,0.20663296876023984,0.5092934203470288,0,1,1,1,0
6841,I1,2025/2026,2025-08-23,Genoa,Lecce,0.8203576664774691,0.6201718114235849,0.2001858550538842,0.5087627000345571,0,1,1,1,0
6842,I1,2025/2026,2025-08-23,Sassuolo,Napoli,0.574670862305638,0.879733688448055,0.305062826142417,0.5055573173397633,0,0,1,1,0
6843,I1,2025/2026,2025-08-23,Milan,Cremonese,0.9223586525153201,0.5769549052816828,0.3454037472336373,0.5321593489977171,1,0,1,1,1
6844,I1,2025/2026,2025-08-23,Roma,Bologna,0.7665567664540104,0.6503484059804121,0.11620836047359828,0.4985289711568647,0,0,0,0,1
9058,D1,2025/2026,2025-08-23,Ein Frankfurt,Werder Bremen,0.859906505320459,0.6165097567636376,0.24339674855682136,0.5301407504345859,1,1,1,1,1
9059,D1,2025/2026,2025-08-23,Freiburg,Augsburg,0.8195865775166044,0.6376657239669509,0.18192085354965348,0.522622268305721,1,0,0,0,0
9060,D1,2025/2026,2025-08-23,Heidenheim,Wolfsburg,0.6696756314041197,0.7724425395763516,0.10276690817223189,0.5172859454141949,1,0,0,0,0
9061,D1,2025/2026,2025-08-23,Leverkusen,Hoffenheim,0.8986442915757512,0.6336668663691198,0.26497742520663137,0.569441112223304,1,1,1,1,1
9062,D1,2025/2026,2025-08-23,Union Berlin,Stuttgart,0.6985859809279397,0.837533765509462,0.13894778458152235,0.5850893471386985,1,0,0,0,0
9063,D1,2025/2026,2025-08-23,St Pauli,Dortmund,0.6461143329951662,0.8705340655095196,0.22441973251435343,0.5624645370862535,1,1,1,1,1
11654,E0,2025/2026,2025-08-23,Man City,Tottenham,0.8962010538512905,0.5829204356595578,0.3132806181917327,0.522413908749549,0,0,1,1,0
11655,E0,2025/2026,2025-08-23,Bournemouth,Wolves,0.8422656596382915,0.6444750402894736,0.19779061934881792,0.5428191949298279,0,1,0,0,1
11656,E0,2025/2026,2025-08-23,Brentford,Aston Villa,0.6985347963844749,0.7938879455723765,0.09535314918790161,0.5545583544124891,0,0,0,0,1
11657,E0,2025/2026,2025-08-23,Burnley,Sunderland,0.8015089466009628,0.728974037658208,0.07253490894275483,0.5842792130228809,0,0,0,0,1
11658,E0,2025/2026,2025-08-23,Arsenal,Leeds,0.9337457748800928,0.5382966937467772,0.39544908113331556,0.5026322634179765,0,0,1,1,0
14064,F1,2025/2026,2025-08-23,Marseille,Paris FC,0.9162307521891911,0.5946597246250485,0.3215710275641427,0.5448455267898255,1,0,1,1,1
14065,F1,2025/2026,2025-08-23,Nice,Auxerre,0.8779084911180918,0.6341918657760719,0.24371662534201988,0.5567624239628387,1,1,1,1,1
14066,F1,2025/2026,2025-08-23,Lyon,Metz,0.9096712562320752,0.5990192869983804,0.31065196923369487,0.5449106273110587,0,0,1,1,0
16651,SP1,2025/2026,2025-08-23,Mallorca,Celta,0.6891557719635372,0.7440349800613765,0.054879208097839305,0.5127560010520729,1,0,0,0,0
16652,SP1,2025/2026,2025-08-23,Ath Madrid,Elche,0.9426224027230419,0.5113906249112736,0.43123177781176825,0.4820482595839026,1,0,1,1,1
16653,SP1,2025/2026,2025-08-23,Levante,Barcelona,0.6003341905348111,0.95481999327753,0.3544858027427189,0.5732110877707197,1,0,1,1,1
6845,I1,2025/2026,2025-08-24,Cagliari,Fiorentina,0.6873102306267674,0.7915555627918751,0.10424533216510767,0.5440442364163843,1,0,0,0,0
6846,I1,2025/2026,2025-08-24,Como,Lazio,0.7215112279657409,0.6863564943997161,0.03515473356602472,0.49521391709660034,0,0,0,0,1
6848,I1,2025/2026,2025-08-24,Juventus,Parma,0.902817668234525,0.5619750024085971,0.3408426658259279,0.5073609612806212,0,0,1,1,0
9064,D1,2025/2026,2025-08-24,Mainz,FC Koln,0.8257352707022346,0.6492484682386546,0.17648680246358006,0.5361073596740566,0,0,0,0,1
11659,E0,2025/2026,2025-08-24,Crystal Palace,Nott'm Forest,0.7521288802867188,0.6899531526777624,0.0621757276089564,0.5189336921738169,1,0,0,0,0
11660,E0,2025/2026,2025-08-24,Everton,Brighton,0.689045747581999,0.7712370908162739,0.0821913432342749,0.5314176378044655,0,0,0,0,1
11661,E0,2025/2026,2025-08-24,Fulham,Man United,0.6781344786397702,0.8127112204435261,0.1345767418037559,0.5511274997601618,1,0,0,0,0
14067,F1,2025/2026,2025-08-24,Lorient,Rennes,0.7304562628348538,0.7603228332297615,0.0298665703949077,0.5553825753090194,0,0,0,0,1
14068,F1,2025/2026,2025-08-24,Le Havre,Lens,0.6549391162200382,0.8378683178021451,0.1829292015821069,0.5487527355701071,1,0,0,0,0
14069,F1,2025/2026,2025-08-24,Strasbourg,Nantes,0.8397777849301343,0.6328955369182451,0.20688224801188926,0.5314916120853719,0,1,1,1,0
14070,F1,2025/2026,2025-08-24,Toulouse,Brest,0.7764837754987577,0.6524046225519472,0.12407915294681049,0.5065816044719779,0,0,0,0,1
14071,F1,2025/2026,2025-08-24,Lille,Monaco,0.7052258185055678,0.7876528753831161,0.08242705687754837,0.5554731437403221,0,0,0,0,1
16654,SP1,2025/2026,2025-08-24,Osasuna,Valencia,0.7320341460340909,0.6699678523836471,0.062066293650443805,0.490439344689957,0,0,0,0,1
16655,SP1,2025/2026,2025-08-24,Sociedad,Espanol,0.8283212766834002,0.6287088640848131,0.19961241259858709,0.5207729289609027,1,1,0,0,0
16656,SP1,2025/2026,2025-08-24,Villarreal,Girona,0.88319781447136,0.6170627254040961,0.2661350890672639,0.5449884504686386,0,1,1,1,0
16657,SP1,2025/2026,2025-08-24,Oviedo,Real Madrid,0.5605171167957821,0.9258683087958952,0.3653511920001131,0.518965034978862,0,0,1,1,0
6849,I1,2025/2026,2025-08-25,Udinese,Verona,0.800907881544613,0.6257039070908155,0.17520397445379754,0.5011311907022924,1,0,0,0,0
6850,I1,2025/2026,2025-08-25,Inter,Torino,0.8984322269206707,0.5438691965172556,0.3545630304034151,0.4886296133805539,0,0,1,1,0
11662,E0,2025/2026,2025-08-25,Newcastle,Liverpool,0.6746862050589519,0.8005432341477581,0.12585702908880614,0.5401154766327709,1,0,0,0,0
16658,SP1,2025/2026,2025-08-25,Ath Bilbao,Vallecano,0.8424382004103074,0.5805031685179568,0.26193503189235057,0.48903804461874895,0,1,1,1,0
16659,SP1,2025/2026,2025-08-25,Sevilla,Getafe,0.7655328691385249,0.6894054407028432,0.07612742843568177,0.5277625250209568,1,0,0,0,0
16660,SP1,2025/2026,2025-08-27,Celta,Betis,0.7660988083205965,0.6622128667952043,0.10388594152539221,0.507320488106372,1,0,0,0,0
6851,I1,2025/2026,2025-08-29,Cremonese,Sassuolo,0.7256045811368832,0.7287694179161073,0.0031648367792240784,0.5287984282323872,1,0,0,0,0
6852,I1,2025/2026,2025-08-29,Lecce,Milan,0.5607203251566548,0.8725867620024611,0.3118664368458063,0.48927713291741254,0,0,1,1,0
9066,D1,2025/2026,2025-08-29,Hamburg,St Pauli,0.7102777464375789,0.6321911191361219,0.07808662730145699,0.44903128341785564,0,0,0,0,1
14072,F1,2025/2026,2025-08-29,Lens,Brest,0.8278841255598146,0.6284181524304651,0.19946597312934955,0.5202574126108098,1,1,0,0,0
16661,SP1,2025/2026,2025-08-29,Elche,Levante,0.7694471722182645,0.664317837617975,0.1051293346002895,0.5111574816093031,0,0,0,0,1
16662,SP1,2025/2026,2025-08-29,Valencia,Getafe,0.7556404272786221,0.6320232986530463,0.12361712862557583,0.4775823554442321,0,0,0,0,1
6853,I1,2025/2026,2025-08-30,Bologna,Como,0.7578452097724878,0.7057191616946079,0.052126048077879905,0.5348258861349143,0,0,0,0,1
6854,I1,2025/2026,2025-08-30,Parma,Atalanta,0.6554568301241774,0.8272192564632017,0.17176242633902428,0.5422065116590492,1,0,0,0,0
6855,I1,2025/2026,2025-08-30,Napoli,Cagliari,0.9237716711969545,0.530212085840873,0.3935595853560815,0.4897949046260463,0,0,1,1,0
6856,I1,2025/2026,2025-08-30,Pisa,Roma,0.6015477559725698,0.8543265721764425,0.25277881620387266,0.5139182323604766,0,1,1,1,0
9067,D1,2025/2026,2025-08-30,Hoffenheim,Ein Frankfurt,0.7524803773400952,0.8334956907329364,0.08101531339284118,0.6271891518740633,1,0,0,0,0
9068,D1,2025/2026,2025-08-30,RB Leipzig,Heidenheim,0.9102991840770386,0.6146826167136957,0.29561656736334285,0.5595450844608163,0,0,1,1,0
9069,D1,2025/2026,2025-08-30,Stuttgart,M'gladbach,0.8783719923968318,0.6363533385665882,0.24201865383024368,0.5589549498651097,0,1,1,1,0
9070,D1,2025/2026,2025-08-30,Werder Bremen,Leverkusen,0.6651330704208913,0.8336127123992801,0.16847964197838883,0.5544633829400206,1,0,0,0,0
9071,D1,2025/2026,2025-08-30,Augsburg,Bayern Munich,0.6114352186463285,0.9534277433642293,0.34199252471790076,0.5829593007273832,1,0,1,1,1
11663,E0,2025/2026,2025-08-30,Chelsea,Fulham,0.8802923801117255,0.5745877536243634,0.3057046264873621,0.5058052212210407,0,0,1,1,0
11664,E0,2025/2026,2025-08-30,Man United,Burnley,0.9189831290659366,0.5459390377206452,0.3730440913452914,0.501708765163765,1,0,1,1,1
11665,E0,2025/2026,2025-08-30,Sunderland,Brentford,0.6999677426257245,0.7510632367006659,0.051095494074941405,0.5257200383625352,1,0,0,0,0
11666,E0,2025/2026,2025-08-30,Tottenham,Bournemouth,0.8583341310904182,0.6552814453975973,0.20305268569282098,0.5624504300550199,0,1,1,1,0
11667,E0,2025/2026,2025-08-30,Wolves,Everton,0.7368505828188999,0.7424287829272278,0.00557820010832788,0.5470590814014543,1,0,0,0,0
11668,E0,2025/2026,2025-08-30,Leeds,Newcastle,0.6679644935100663,0.8186774151888616,0.15071292167879535,0.5468474449847581,0,0,0,0,1
14073,F1,2025/2026,2025-08-30,Lorient,Lille,0.6891843560356912,0.7973252071228705,0.1081408510871793,0.5495040594219995,1,0,0,0,0
14074,F1,2025/2026,2025-08-30,Nantes,Auxerre,0.7542975260752922,0.6605882056512585,0.09370932042403368,0.49828004927726066,0,0,0,0,1
14075,F1,2025/2026,2025-08-30,Toulouse,Paris SG,0.564905141152846,0.9251525155346311,0.3602473743817851,0.5226234123760013,1,0,1,1,1
16663,SP1,2025/2026,2025-08-30,Alaves,Ath Madrid,0.5930208406990142,0.8483629784848337,0.2553421377858195,0.5030969267189958,1,1,1,1,1
16664,SP1,2025/2026,2025-08-30,Oviedo,Sociedad,0.6353015333721092,0.7690200048119923,0.13371847143988314,0.48855958825088547,0,0,0,0,1
16665,SP1,2025/2026,2025-08-30,Girona,Sevilla,0.7488944290591198,0.7452445250787232,0.0036499039803966626,0.5581094731182653,0,0,0,0,1
16666,SP1,2025/2026,2025-08-30,Real Madrid,Mallorca,0.9435068424234634,0.5036759078044148,0.43983093461904854,0.4752216653773149,1,0,1,1,1
6857,I1,2025/2026,2025-08-31,Genoa,Juventus,0.62530247723797,0.8336634359166845,0.20836095867871451,0.5212918116614204,0,1,1,1,0
6858,I1,2025/2026,2025-08-31,Torino,Fiorentina,0.6709955219566902,0.7641509923014843,0.0931554703447941,0.5127418939330572,0,0,0,0,1
6859,I1,2025/2026,2025-08-31,Inter,Udinese,0.9271075279349568,0.5615759466857149,0.3655315812492419,0.5206412876795262,1,0,1,1,1
6860,I1,2025/2026,2025-08-31,Lazio,Verona,0.8943517755760334,0.5321611724624318,0.36219060311360163,0.47593928948439956,0,0,1,1,0
9072,D1,2025/2026,2025-08-31,Wolfsburg,Mainz,0.7950832071587061,0.6865763262797813,0.1085068808789248,0.5458853074577706,1,0,0,0,0
9073,D1,2025/2026,2025-08-31,Dortmund,Union Berlin,0.9227204135911697,0.6090384979876211,0.31368191560354863,0.5619722547560826,0,0,1,1,0
9074,D1,2025/2026,2025-08-31,FC Koln,Freiburg,0.7205052634969238,0.7204763172947206,2.894620220317279e-05,0.519106978835726,1,0,0,0,0
11669,E0,2025/2026,2025-08-31,Brighton,Man City,0.665516362744453,0.8523404695870821,0.18682410684262907,0.5672465291394939,1,0,0,0,0
11670,E0,2025/2026,2025-08-31,Nott'm Forest,West Ham,0.8582741270210636,0.6184680106905572,0.2398061163305064,0.5308150919658918,0,1,1,1,0
11671,E0,2025/2026,2025-08-31,Liverpool,Arsenal,0.8084928443694903,0.7399777908710208,0.06851505349846954,0.5982667489115635,0,0,0,0,1
11672,E0,2025/2026,2025-08-31,Aston Villa,Crystal Palace,0.8135705362482363,0.5965158377258988,0.2170546985223375,0.48530770997922534,0,1,1,1,0
14076,F1,2025/2026,2025-08-31,Angers,Rennes,0.6380033333537283,0.7825887844546898,0.14458545110096155,0.4992942531273345,1,0,0,0,0
14077,F1,2025/2026,2025-08-31,Le Havre,Nice,0.6893529280736341,0.8443753355346529,0.1550224074610188,0.5820726099439703,1,0,0,0,0
14078,F1,2025/2026,2025-08-31,Monaco,Strasbourg,0.8891958472276142,0.6191643500886034,0.27003149713901087,0.5505583688501708,1,1,1,1,1
14079,F1,2025/2026,2025-08-31,Paris FC,Metz,0.8383291877935813,0.6742500048809845,0.16407918291259682,0.565243458961694,1,0,0,0,0
14080,F1,2025/2026,2025-08-31,Lyon,Marseille,0.7425569650335923,0.7824456354740843,0.03988867044049205,0.5810104563814165,0,0,0,0,1
16667,SP1,2025/2026,2025-08-31,Celta,Villarreal,0.7521391230343728,0.7964806349392035,0.04434151190483071,0.5990642462770329,1,0,0,0,0
16668,SP1,2025/2026,2025-08-31,Betis,Ath Bilbao,0.6855563909590046,0.7430763889035878,0.05751999794458329,0.5094207673835934,1,0,0,0,0
16669,SP1,2025/2026,2025-08-31,Espanol,Osasuna,0.7463253840640829,0.689244370677386,0.05708101338669691,0.5144005696598072,0,0,0,0,1
16670,SP1,2025/2026,2025-08-31,Vallecano,Barcelona,0.6053606137510477,0.9222651701995961,0.3169045564485484,0.558303009473242,1,0,1,1,1
9075,D1,2025/2026,2025-09-12,Leverkusen,Ein Frankfurt,0.8296061021370795,0.7527972728259423,0.0768088293111372,0.6245252112085536,1,0,0,0,0
14081,F1,2025/2026,2025-09-12,Marseille,Lorient,0.9302942206495515,0.6341883499679453,0.2961058706816062,0.5899817567784547,0,0,1,1,0
16671,SP1,2025/2026,2025-09-12,Sevilla,Elche,0.8353462747934755,0.6169201572503211,0.21842611754315433,0.5153419552040608,1,1,1,1,1
6861,I1,2025/2026,2025-09-13,Cagliari,Parma,0.7717461721551236,0.6504433703388434,0.12130280181628028,0.5019771812626799,0,0,0,0,1
6862,I1,2025/2026,2025-09-13,Juventus,Inter,0.7103093061399489,0.7427239125035756,0.0324146063636267,0.5275637069439629,1,0,0,0,0
6863,I1,2025/2026,2025-09-13,Fiorentina,Napoli,0.6532111944717213,0.7753665236941066,0.12215532922238537,0.5064780930956135,1,0,0,0,0
9076,D1,2025/2026,2025-09-13,Freiburg,Stuttgart,0.7358925358476085,0.8116948696082877,0.07580233376067924,0.5973201959305368,1,0,0,0,0
9077,D1,2025/2026,2025-09-13,Heidenheim,Dortmund,0.643436974250041,0.9050868326919057,0.2616498584418647,0.5823663330608329,0,1,1,1,0
9078,D1,2025/2026,2025-09-13,Mainz,RB Leipzig,0.7368617084126844,0.7417932411343249,0.004931532721640486,0.546599034951221,0,0,0,0,1
9079,D1,2025/2026,2025-09-13,Union Berlin,Hoffenheim,0.7248025406935447,0.7418488639494126,0.017046323255867968,0.537693941401154,1,0,0,0,0
9080,D1,2025/2026,2025-09-13,Wolfsburg,FC Koln,0.8128287625147781,0.6722603214504859,0.14056844106429223,0.5464325251723854,1,0,0,0,0
9081,D1,2025/2026,2025-09-13,Bayern Munich,Hamburg,0.9679958186390811,0.5279423763693758,0.44005344226970533,0.5110460128079358,0,0,1,1,0
11673,E0,2025/2026,2025-09-13,Arsenal,Nott'm Forest,0.9144453044599425,0.5462045121863008,0.3682407922736417,0.49947415144359625,0,0,1,1,0
11674,E0,2025/2026,2025-09-13,Bournemouth,Brighton,0.7648823580395575,0.7315616398011588,0.03332071823839866,0.5595585921023958,1,0,0,0,0
11675,E0,2025/2026,2025-09-13,Crystal Palace,Sunderland,0.8704257895947208,0.6107034315778713,0.2597223580168495,0.5315720166393743,0,1,1,1,0
11676,E0,2025/2026,2025-09-13,Everton,Aston Villa,0.7250320936083581,0.6904926715783886,0.03453942202996951,0.5006293472957075,0,0,0,0,1
11677,E0,2025/2026,2025-09-13,Fulham,Leeds,0.803753225510118,0.6250925333162637,0.17866069219385428,0.5024201398952378,0,0,0,0,1
11678,E0,2025/2026,2025-09-13,Newcastle,Wolves,0.9039526535551129,0.5380495675285399,0.36590308602657295,0.48637133431160456,0,0,1,1,0
11679,E0,2025/2026,2025-09-13,West Ham,Tottenham,0.6870050937093928,0.8280746965281072,0.1410696028187144,0.5688915344866693,0,0,0,0,1
11680,E0,2025/2026,2025-09-13,Brentford,Chelsea,0.6461310337378412,0.8639667203910393,0.21783568665319808,0.5582357101613546,1,1,1,1,1
14082,F1,2025/2026,2025-09-13,Nice,Nantes,0.8718372268194395,0.6308945928027352,0.24094263401670435,0.5500373922045162,0,1,1,1,0
14083,F1,2025/2026,2025-09-13,Auxerre,Monaco,0.6183309463986486,0.8796457588807134,0.2613148124820648,0.543912194584269,1,1,1,1,1
16672,SP1,2025/2026,2025-09-13,Getafe,Oviedo,0.7855204954755877,0.6016844201295934,0.18383607534599422,0.4726354438201399,0,0,0,0,1
16673,SP1,2025/2026,2025-09-13,Sociedad,Real Madrid,0.6261327057312718,0.8859855446439033,0.25985283891263156,0.5547445263066817,1,1,1,1,1
16674,SP1,2025/2026,2025-09-13,Ath Bilbao,Alaves,0.8662423344027782,0.557437904479099,0.3088044299236792,0.4828763116605676,0,0,1,1,0
16675,SP1,2025/2026,2025-09-13,Ath Madrid,Villarreal,0.8635979473889728,0.6804618417004917,0.18313610568848104,0.5876454497690647,0,0,0,0,1
6864,I1,2025/2026,2025-09-14,Roma,Torino,0.8738266606523091,0.5381292030919412,0.33569745756036784,0.47023164453731925,0,0,1,1,0
6865,I1,2025/2026,2025-09-14,Atalanta,Lecce,0.908453185270566,0.5454229860855031,0.36303019918506285,0.49549124902915886,1,0,1,1,1
6866,I1,2025/2026,2025-09-14,Pisa,Udinese,0.6901454295898333,0.7140740756393525,0.023928646049519275,0.4928149596910841,0,0,0,0,1
6867,I1,2025/2026,2025-09-14,Sassuolo,Lazio,0.6669486470568131,0.812765851606429,0.1458172045496159,0.5420730851028863,0,0,0,0,1
6868,I1,2025/2026,2025-09-14,Milan,Bologna,0.8194922637875908,0.6626025774771828,0.156889686310408,0.542997686208269,0,0,0,0,1
9082,D1,2025/2026,2025-09-14,St Pauli,Augsburg,0.776432596517329,0.7065221754378974,0.06991042107943157,0.5485668471723185,1,0,0,0,0
9083,D1,2025/2026,2025-09-14,M'gladbach,Werder Bremen,0.8267965365994385,0.6718392802870499,0.15495725631238866,0.5554743900927923,0,0,0,0,1
11681,E0,2025/2026,2025-09-14,Burnley,Liverpool,0.5955868984779181,0.9304277420241832,0.3348408435462651,0.5541505731299958,0,0,1,1,0
11682,E0,2025/2026,2025-09-14,Man City,Man United,0.8570373050560325,0.656067696833156,0.20096960822287646,0.5622744908282061,0,1,1,1,0
14084,F1,2025/2026,2025-09-14,Lille,Toulouse,0.8596396396001134,0.668975529523714,0.19066411007639938,0.5750778831010604,1,0,0,0,0
14085,F1,2025/2026,2025-09-14,Brest,Paris FC,0.7838150265203938,0.7408235172837998,0.042991509236594005,0.580668604846733,1,0,0,0,0
14086,F1,2025/2026,2025-09-14,Metz,Angers,0.7671416933806132,0.6887200018184606,0.07842169156215262,0.5283458284601129,1,0,0,0,0
14087,F1,2025/2026,2025-09-14,Paris SG,Lens,0.9357528131093203,0.6195653529902823,0.3161874601190381,0.5797600219657257,0,0,1,1,0
14088,F1,2025/2026,2025-09-14,Strasbourg,Le Havre,0.8807268049602308,0.6367207375647017,0.2440060673955291,0.5607770208472813,0,1,1,1,0
14089,F1,2025/2026,2025-09-14,Rennes,Lyon,0.7299243578142577,0.7646747089365128,0.03475035112225511,0.5581546958572885,1,0,0,0,0
16676,SP1,2025/2026,2025-09-14,Celta,Girona,0.84584985491707,0.6067787563745889,0.2390710985424811,0.5132437230462061,1,1,1,1,1
16677,SP1,2025/2026,2025-09-14,Levante,Betis,0.6813920544981319,0.7823854625833186,0.10099340808518675,0.5331112377591188,1,0,0,0,0
16678,SP1,2025/2026,2025-09-14,Osasuna,Vallecano,0.7185527023319331,0.6734245615450248,0.0451281407869083,0.4838910385148748,0,0,0,0,1
16679,SP1,2025/2026,2025-09-14,Barcelona,Valencia,0.9484034411391143,0.5652260427767722,0.3831773983623421,0.536062323990935,0,0,1,1,0
6869,I1,2025/2026,2025-09-15,Verona,Cremonese,0.7499054503467516,0.6976793520723349,0.05222609827441671,0.5231935487134342,0,0,0,0,1
6870,I1,2025/2026,2025-09-15,Como,Genoa,0.8586571924235502,0.583582204864231,0.27507498755931925,0.5010970575770657,1,1,1,1,1
16680,SP1,2025/2026,2025-09-15,Espanol,Mallorca,0.7540626712710279,0.6507671730537702,0.1032954982172577,0.49071923288842123,1,0,0,0,0
6871,I1,2025/2026,2025-09-19,Lecce,Cagliari,0.6725294997558248,0.7035575319462665,0.0310280321904417,0.4731631950092653,1,0,0,0,0
9084,D1,2025/2026,2025-09-19,Stuttgart,St Pauli,0.8571134033648529,0.650471373148515,0.20664203021633787,0.5575277324307328,0,1,1,1,0
14090,F1,2025/2026,2025-09-19,Lyon,Angers,0.8958016740307668,0.5424374727015455,0.3533642013292213,0.48591639610306286,0,0,1,1,0
16681,SP1,2025/2026,2025-09-19,Betis,Sociedad,0.8084053688059089,0.6447051859243886,0.16370018288152022,0.5211831335982874,1,0,0,0,0
6872,I1,2025/2026,2025-09-20,Bologna,Genoa,0.8266194606845942,0.599325420608886,0.2272940400757082,0.49541405595828497,1,1,1,1,1
6873,I1,2025/2026,2025-09-20,Verona,Juventus,0.5708298202692512,0.8842052369193183,0.3133754166500671,0.5047307164717851,1,0,1,1,1
6874,I1,2025/2026,2025-09-20,Udinese,Milan,0.6203202350284066,0.8451994104242612,0.22487917539585456,0.5242942969202484,0,1,1,1,0
9085,D1,2025/2026,2025-09-20,Augsburg,Mainz,0.7332918741470998,0.7690176157232125,0.035725741576112635,0.5639143686858087,1,0,0,0,0
9086,D1,2025/2026,2025-09-20,Hamburg,Heidenheim,0.7846890225922765,0.67619805617868,0.10849096641359646,0.5306051917816457,1,0,0,0,0
9087,D1,2025/2026,2025-09-20,Hoffenheim,Bayern Munich,0.6408611457173716,0.9514521541697104,0.3105910084523388,0.6097487176164619,1,0,1,1,1
9088,D1,2025/2026,2025-09-20,Werder Bremen,Freiburg,0.775025248892213,0.7654916059691822,0.009533642923030827,0.5932753224411653,0,0,0,0,1
9089,D1,2025/2026,2025-09-20,RB Leipzig,FC Koln,0.8691512021245775,0.6446506316993561,0.22450057042522142,0.5602988714918636,1,1,1,1,1
11683,E0,2025/2026,2025-09-20,Liverpool,Everton,0.9036572797388831,0.581988565604424,0.3216687141344591,0.5259182040332283,1,0,1,1,1
11684,E0,2025/2026,2025-09-20,Brighton,Tottenham,0.7933831886511011,0.7400418293671963,0.05334135928390482,0.5871367463185403,1,0,0,0,0
11685,E0,2025/2026,2025-09-20,Burnley,Nott'm Forest,0.6676680179138734,0.786745616898461,0.11907759898458758,0.5252848866370231,1,0,0,0,0
11686,E0,2025/2026,2025-09-20,West Ham,Crystal Palace,0.6926188265363469,0.7635094854606579,0.07089065892431101,0.5288210438691309,1,0,0,0,0
11687,E0,2025/2026,2025-09-20,Wolves,Leeds,0.7071733492072753,0.701170760933784,0.006002588273491205,0.4958492753757578,1,0,0,0,0
11688,E0,2025/2026,2025-09-20,Man United,Chelsea,0.7408874885016546,0.7677758869830015,0.02688839848134683,0.5688355486389662,1,0,0,0,0
11689,E0,2025/2026,2025-09-20,Fulham,Brentford,0.7931768486230013,0.6352321063608428,0.1579447422621585,0.5038514002674445,1,0,0,0,0
14091,F1,2025/2026,2025-09-20,Nantes,Rennes,0.6474973147762195,0.7716733178509018,0.12417600307468224,0.49965640119291505,1,0,0,0,0
14092,F1,2025/2026,2025-09-20,Brest,Nice,0.7566951121075491,0.8067912664500376,0.050096154342488486,0.6104950078138027,1,0,0,0,0
14093,F1,2025/2026,2025-09-20,Lens,Lille,0.7751792422921557,0.7527206016361874,0.022458640655968365,0.5834933856340353,0,0,0,0,1
16682,SP1,2025/2026,2025-09-20,Girona,Levante,0.8201143644010539,0.6821020222836405,0.13801234211741342,0.5594016664618213,0,0,0,0,1
16683,SP1,2025/2026,2025-09-20,Real Madrid,Espanol,0.9467161574981762,0.5275201822938425,0.4191959752043337,0.49941187998396397,0,0,1,1,0
16684,SP1,2025/2026,2025-09-20,Alaves,Sevilla,0.7446781915207841,0.6798636215402445,0.06481456998053958,0.50627961216936,1,0,0,0,0
16685,SP1,2025/2026,2025-09-20,Villarreal,Osasuna,0.8904065987564281,0.6068803105272332,0.2835262882291949,0.5403702331487987,1,1,1,1,1
16686,SP1,2025/2026,2025-09-20,Valencia,Ath Bilbao,0.677963430062141,0.7489898197352757,0.07102638967313468,0.5077877072693522,0,0,0,0,1
6875,I1,2025/2026,2025-09-21,Lazio,Roma,0.7157212391106333,0.7387360871897872,0.023014848079153882,0.5287291076992154,0,0,0,0,1
6876,I1,2025/2026,2025-09-21,Cremonese,Parma,0.7155920120740771,0.7014650320615323,0.014126980012544754,0.5019627736925188,0,0,0,0,1
6877,I1,2025/2026,2025-09-21,Torino,Atalanta,0.6461016380474326,0.7850856779416906,0.138984039894258,0.5072451425257054,0,0,0,0,1
6878,I1,2025/2026,2025-09-21,Fiorentina,Como,0.7136118145155506,0.7246092517279519,0.010997437212401318,0.5170897229403391,1,0,0,0,0
6879,I1,2025/2026,2025-09-21,Inter,Sassuolo,0.940261470263203,0.5740349571232701,0.3662265131399328,0.5397429527672006,1,0,1,1,1
9090,D1,2025/2026,2025-09-21,Ein Frankfurt,Union Berlin,0.8885256850597462,0.6391774827359605,0.24934820232378563,0.5679256107227334,1,1,1,1,1
9091,D1,2025/2026,2025-09-21,Leverkusen,M'gladbach,0.8882997677965658,0.6435376287513404,0.24476213904522548,0.5716543261881682,1,1,1,1,1
9092,D1,2025/2026,2025-09-21,Dortmund,Wolfsburg,0.9069790712246621,0.6201159556834193,0.2868631155412429,0.5624321935373413,0,1,1,1,0
11690,E0,2025/2026,2025-09-21,Bournemouth,Newcastle,0.7294022516966593,0.7128555229751699,0.016546728721489434,0.5199584235924886,0,0,0,0,1
11691,E0,2025/2026,2025-09-21,Sunderland,Aston Villa,0.6186050746546194,0.7687721211054779,0.15016704645085843,0.4755663353688443,1,0,0,0,0
11692,E0,2025/2026,2025-09-21,Arsenal,Man City,0.8386497171767376,0.6910775971677328,0.14757212000900488,0.5795720314118985,1,0,0,0,0
14094,F1,2025/2026,2025-09-21,Paris FC,Strasbourg,0.7668641122933659,0.7538051789831598,0.013058933310206133,0.5780661394230626,1,0,0,0,0
14095,F1,2025/2026,2025-09-21,Auxerre,Toulouse,0.7316293058170558,0.7481132868271465,0.016483981010090742,0.5473416047138612,0,0,0,0,1
14096,F1,2025/2026,2025-09-21,Le Havre,Lorient,0.7807903640913824,0.7378285161958429,0.04296184789553947,0.5760893957975566,1,0,0,0,0
14097,F1,2025/2026,2025-09-21,Monaco,Metz,0.9333746001651745,0.5676818468010182,0.3656927533641563,0.5298598167789282,1,0,1,1,1
16687,SP1,2025/2026,2025-09-21,Vallecano,Celta,0.7334379427483647,0.6440653365241022,0.08937260622426246,0.47238195541577077,1,0,0,0,0
16688,SP1,2025/2026,2025-09-21,Mallorca,Ath Madrid,0.5966186138489824,0.8566438786882885,0.2600252648393061,0.5110896834652225,1,1,1,1,1
16689,SP1,2025/2026,2025-09-21,Elche,Oviedo,0.7888894643586635,0.6005471069965993,0.18834235736206417,0.4737652855606922,0,0,0,0,1
16690,SP1,2025/2026,2025-09-21,Barcelona,Getafe,0.9487735537669062,0.5736686604603203,0.3751048933065859,0.5442816536696388,0,0,1,1,0
6880,I1,2025/2026,2025-09-22,Napoli,Pisa,0.9303453609804563,0.5014632552407451,0.4288821057397112,0.4665340132153857,1,0,1,1,1
14098,F1,2025/2026,2025-09-22,Marseille,Paris SG,0.7124273532796467,0.8600354861432343,0.14760813286358765,0.6127128051195987,0,0,0,0,1
16691,SP1,2025/2026,2025-09-23,Ath Bilbao,Girona,0.8894371158771818,0.533595294508272,0.35584182136890974,0.4745994597930729,1,0,1,1,1
16692,SP1,2025/2026,2025-09-23,Espanol,Valencia,0.7548999242413166,0.680687053934691,0.0742128703066256,0.5138506054473432,1,0,0,0,0
16693,SP1,2025/2026,2025-09-23,Levante,Real Madrid,0.6169679941611725,0.934239171342476,0.3172711771813035,0.5763956676099634,1,0,1,1,1
16694,SP1,2025/2026,2025-09-23,Sevilla,Villarreal,0.7057540931935689,0.7960341852861352,0.09028009209256638,0.5618043845876978,1,0,0,0,0
16695,SP1,2025/2026,2025-09-24,Getafe,Alaves,0.7331376977501095,0.6472973598002969,0.0858403379498126,0.47455809612371397,1,0,0,0,0
16696,SP1,2025/2026,2025-09-24,Ath Madrid,Vallecano,0.8880629283263873,0.5609429685030191,0.3271199598233683,0.49815265523288754,1,0,1,1,1
16697,SP1,2025/2026,2025-09-24,Sociedad,Mallorca,0.8363205839900787,0.6106198407837792,0.22570074320629951,0.5106739418402191,0,1,1,1,0
16698,SP1,2025/2026,2025-09-25,Osasuna,Elche,0.78931355436987,0.5803422877189602,0.20897126665090981,0.4580720338705943,1,1,1,1,1
16699,SP1,2025/2026,2025-09-25,Oviedo,Barcelona,0.5829165223969999,0.9415006238957947,0.3585841014987948,0.5488162695159423,1,0,1,1,1
9093,D1,2025/2026,2025-09-26,Bayern Munich,Werder Bremen,0.9721760124596848,0.6080714873362797,0.3641045251234051,0.5911525138490141,0,0,1,1,0
14099,F1,2025/2026,2025-09-26,Strasbourg,Marseille,0.6647031938544175,0.8368017837667979,0.17209858991238047,0.5562248182928642,1,0,0,0,0
16700,SP1,2025/2026,2025-09-26,Girona,Espanol,0.7399240702164209,0.7125197486342897,0.02740432158213124,0.5272105125190647,0,0,0,0,1
6881,I1,2025/2026,2025-09-27,Como,Cremonese,0.902390669043309,0.5308053837789095,0.3715852852643995,0.47899382540004054,1,0,1,1,1
6882,I1,2025/2026,2025-09-27,Juventus,Atalanta,0.8317932887428117,0.6717150037631591,0.1600782849796526,0.5587280320780482,1,0,0,0,0
6883,I1,2025/2026,2025-09-27,Cagliari,Inter,0.598437330867097,0.8992985861127366,0.30086125524563956,0.5381738455258603,0,0,1,1,0
9094,D1,2025/2026,2025-09-27,Heidenheim,Augsburg,0.7310000268960668,0.7859787501407369,0.054978723244670125,0.5745504874926156,1,0,0,0,0
9095,D1,2025/2026,2025-09-27,Mainz,Dortmund,0.7153483454724066,0.8170014034609754,0.10165305798856883,0.5844406022144428,0,0,0,0,1
9096,D1,2025/2026,2025-09-27,St Pauli,Leverkusen,0.6812522372929741,0.7929062491736341,0.11165401188065993,0.5401691562131187,1,0,0,0,0
9097,D1,2025/2026,2025-09-27,Wolfsburg,RB Leipzig,0.744601775950935,0.7594301093910439,0.01482833344010892,0.5654730081631841,0,0,0,0,1
9098,D1,2025/2026,2025-09-27,M'gladbach,Ein Frankfurt,0.7119196278240197,0.8059552173741351,0.09403558955011537,0.5737753383958212,1,0,0,0,0
11693,E0,2025/2026,2025-09-27,Brentford,Man United,0.6836719695527137,0.8187926809300523,0.1351207113773386,0.5597856048267955,1,0,0,0,0
11694,E0,2025/2026,2025-09-27,Chelsea,Brighton,0.8381443018934173,0.6583185934346645,0.1798257084587528,0.5517659779177533,1,0,0,0,0
11695,E0,2025/2026,2025-09-27,Crystal Palace,Liverpool,0.6556023575614207,0.8203092026194596,0.1647068450580389,0.5377966471666469,1,0,0,0,0
11696,E0,2025/2026,2025-09-27,Leeds,Bournemouth,0.6815429779481122,0.7437920000746047,0.062249022126492415,0.5069262147048286,1,0,0,0,0
11697,E0,2025/2026,2025-09-27,Man City,Burnley,0.9545611413741576,0.5332567765143382,0.42130436485981937,0.5090261972350307,1,0,1,1,1
11698,E0,2025/2026,2025-09-27,Nott'm Forest,Sunderland,0.8440316575419162,0.6121692097594588,0.23186244778245746,0.516690192809401,0,1,1,1,0
11699,E0,2025/2026,2025-09-27,Tottenham,Wolves,0.8981876670200829,0.5927015417342185,0.3054861252858644,0.532357215009464,1,0,1,1,1
14100,F1,2025/2026,2025-09-27,Lorient,Monaco,0.6438318333357185,0.9004497486342679,0.2566179152985494,0.5797382124898875,1,1,1,1,1
14101,F1,2025/2026,2025-09-27,Toulouse,Nantes,0.8507524453903962,0.6119867641597853,0.23876568123061093,0.520649236155493,1,1,1,1,1
14102,F1,2025/2026,2025-09-27,Paris SG,Auxerre,0.9536351888972739,0.5387062439258535,0.4149289449714204,0.5137292306863722,0,0,1,1,0
16701,SP1,2025/2026,2025-09-27,Getafe,Levante,0.7836007678637381,0.6576370663544149,0.12596370150932323,0.5153249101709756,1,0,0,0,0
16702,SP1,2025/2026,2025-09-27,Ath Madrid,Real Madrid,0.7226240100512068,0.7973384452545227,0.07471443520331589,0.5761759046778178,1,0,0,0,0
16703,SP1,2025/2026,2025-09-27,Mallorca,Alaves,0.7461629687855403,0.6531255804183587,0.09303738836718167,0.4873381220747417,0,0,0,0,1
16704,SP1,2025/2026,2025-09-27,Villarreal,Ath Bilbao,0.7894566923630641,0.6577354284553815,0.13172126390768268,0.5192536357983882,0,0,0,0,1
6884,I1,2025/2026,2025-09-28,Sassuolo,Udinese,0.760785742687832,0.6833997973414437,0.07738594534638821,0.5199208223731241,1,0,0,0,0
6885,I1,2025/2026,2025-09-28,Pisa,Fiorentina,0.662171504554152,0.7648717438550577,0.10270023930090577,0.5064762734194616,0,0,0,0,1
6886,I1,2025/2026,2025-09-28,Roma,Verona,0.8848140358562948,0.47935381836507307,0.40546021749122174,0.4241389866307256,0,0,0,0,1
6887,I1,2025/2026,2025-09-28,Lecce,Bologna,0.6023990707266098,0.7930142270734569,0.19061515634684711,0.4777110334620312,1,0,0,0,0
6888,I1,2025/2026,2025-09-28,Milan,Napoli,0.7607015531057677,0.7012355373296998,0.059466015776067915,0.5334309623396601,1,0,0,0,0
9099,D1,2025/2026,2025-09-28,Freiburg,Hoffenheim,0.7919233994764284,0.7378730338223712,0.054050365654057186,0.5843389213265979,1,0,0,0,0
9100,D1,2025/2026,2025-09-28,FC Koln,Stuttgart,0.73486604207335,0.8094932814691548,0.07462723939580473,0.5948691238382061,1,0,0,0,0
9101,D1,2025/2026,2025-09-28,Union Berlin,Hamburg,0.8021343337627634,0.6735846855760846,0.1285496481866788,0.5403054029973732,0,0,0,0,1
11700,E0,2025/2026,2025-09-28,Aston Villa,Fulham,0.7474987773256445,0.6351924091400056,0.11230636818563888,0.47480554919868473,1,0,0,0,0
11701,E0,2025/2026,2025-09-28,Newcastle,Arsenal,0.6511470756068888,0.7907571436651818,0.139610068058293,0.5148992016128395,1,0,0,0,0
14103,F1,2025/2026,2025-09-28,Nice,Paris FC,0.8351985952015663,0.6872806696981424,0.14791792550342386,0.5740158498410802,1,0,0,0,0
14104,F1,2025/2026,2025-09-28,Angers,Brest,0.6732220970909162,0.7648721528577439,0.09165005576682772,0.5149288347533342,0,0,0,0,1
14105,F1,2025/2026,2025-09-28,Lille,Lyon,0.7930375182170911,0.7346394586249493,0.05839805959214184,0.5825966530522771,0,0,0,0,1
14106,F1,2025/2026,2025-09-28,Metz,Le Havre,0.7360572494288926,0.7617000976673571,0.025642848238464522,0.5606548787787538,0,0,0,0,1
14107,F1,2025/2026,2025-09-28,Rennes,Lens,0.7556436923083281,0.7491172128101738,0.006526479498154214,0.5660656966596033,0,0,0,0,1
16705,SP1,2025/2026,2025-09-28,Vallecano,Sevilla,0.8026940274916347,0.6532590522024996,0.14943497528913507,0.5243671396077924,0,0,0,0,1
16706,SP1,2025/2026,2025-09-28,Elche,Celta,0.6726283304781713,0.6938752138704127,0.021246883392241456,0.46672012666583973,1,0,0,0,0
16707,SP1,2025/2026,2025-09-28,Barcelona,Sociedad,0.9392029564470362,0.5860017621948619,0.35320119425217433,0.5503745875365873,1,0,1,1,1
16708,SP1,2025/2026,2025-09-28,Betis,Osasuna,0.843361869980868,0.6273204463889205,0.21604142359194756,0.5290581447437929,0,1,1,1,0
6889,I1,2025/2026,2025-09-29,Parma,Torino,0.7382083147255071,0.6322106115644305,0.1059977031610766,0.4667031301145604,1,0,0,0,0
6890,I1,2025/2026,2025-09-29,Genoa,Lazio,0.6758184341330332,0.75155391757225,0.07573548343921677,0.5079139917402247,0,0,0,0,1
11702,E0,2025/2026,2025-09-29,Everton,West Ham,0.8451300325470488,0.6065207946255715,0.23860923792147726,0.5125889389023711,1,1,1,1,1
16709,SP1,2025/2026,2025-09-30,Valencia,Oviedo,0.8476023344574882,0.6094570140265966,0.23814532043089165,0.5165771878404334,1,1,1,1,1
6891,I1,2025/2026,2025-10-03,Verona,Sassuolo,0.7291466358458468,0.7027846492978715,0.02636198654797528,0.5124330627596463,0,0,0,0,1
9102,D1,2025/2026,2025-10-03,Hoffenheim,FC Koln,0.8362330553138708,0.7147363373068574,0.12149671800701345,0.5976861510899587,0,0,0,0,1
11703,E0,2025/2026,2025-10-03,Bournemouth,Fulham,0.797802740943594,0.6321048486705695,0.16569789227302456,0.5042949808331161,1,0,0,0,0
14108,F1,2025/2026,2025-10-03,Paris FC,Lorient,0.8613392209564089,0.6691703674086186,0.19216885354779034,0.5763826829508535,0,0,0,0,1
16710,SP1,2025/2026,2025-10-03,Osasuna,Getafe,0.754220518516539,0.586193237556358,0.16802728096018105,0.44211896758064506,1,0,0,0,0
6892,I1,2025/2026,2025-10-04,Lazio,Torino,0.8443496527327211,0.5647694705499193,0.2795801821828018,0.47686290633286715,1,1,1,1,1
6893,I1,2025/2026,2025-10-04,Parma,Lecce,0.8144198078964163,0.5973374338100005,0.21708237408641584,0.4864834380928789,0,1,1,1,0
6894,I1,2025/2026,2025-10-04,Inter,Cremonese,0.9534584013638523,0.5310153437889619,0.4224430575748904,0.5063010407887,1,0,1,1,1
6895,I1,2025/2026,2025-10-04,Atalanta,Como,0.7813942760766566,0.6832427222741722,0.09815155380248441,0.5338819523560708,1,0,0,0,0
9103,D1,2025/2026,2025-10-04,Augsburg,Wolfsburg,0.7391010864942399,0.7859229992341766,0.046821912739936744,0.5808765426347916,1,0,0,0,0
9104,D1,2025/2026,2025-10-04,Dortmund,RB Leipzig,0.8654260907333712,0.6445988888045804,0.2208272019287908,0.557852696429223,1,1,1,1,1
9105,D1,2025/2026,2025-10-04,Leverkusen,Union Berlin,0.8637572864343239,0.6407691249904897,0.22298816144383427,0.5534690006326815,0,1,1,1,0
9106,D1,2025/2026,2025-10-04,Werder Bremen,St Pauli,0.7784804407991848,0.7566376360612347,0.021842804737950083,0.5890276004462032,0,0,0,0,1
9107,D1,2025/2026,2025-10-04,Ein Frankfurt,Bayern Munich,0.6989745040947422,0.9520686083274257,0.2530941042326835,0.6654716833698336,0,1,1,1,0
11704,E0,2025/2026,2025-10-04,Leeds,Tottenham,0.722123469283537,0.7605109553354995,0.038387486051962516,0.549182809495008,1,0,0,0,0
11705,E0,2025/2026,2025-10-04,Arsenal,West Ham,0.9507275030881548,0.5283377327764094,0.4223897703117454,0.5023052134697724,0,0,1,1,0
11706,E0,2025/2026,2025-10-04,Man United,Sunderland,0.8949579989112914,0.5846732659871368,0.3102847329241546,0.5232580161447771,0,0,1,1,0
11707,E0,2025/2026,2025-10-04,Chelsea,Liverpool,0.7431147312159009,0.8019638730141627,0.05884914179826184,0.5959511679397824,1,0,0,0,0
14109,F1,2025/2026,2025-10-04,Metz,Marseille,0.6177716750619682,0.9166426174672148,0.2988709424052466,0.5662758452259082,0,0,1,1,0
14110,F1,2025/2026,2025-10-04,Brest,Nantes,0.8280817710830992,0.6492824792402953,0.17879929184280396,0.5376589853425293,0,0,0,0,1
14111,F1,2025/2026,2025-10-04,Auxerre,Lens,0.6569584111431052,0.8185357139364717,0.16157730279336657,0.5377439220915917,1,0,0,0,0
16711,SP1,2025/2026,2025-10-04,Oviedo,Levante,0.7305058329207261,0.7097878731941732,0.02071795972655288,0.5185041815047403,0,0,0,0,1
16712,SP1,2025/2026,2025-10-04,Girona,Valencia,0.7398225006650262,0.7064509219620445,0.033371578702981686,0.522648287683073,1,0,0,0,0
16713,SP1,2025/2026,2025-10-04,Ath Bilbao,Mallorca,0.8806124367277421,0.552253849361097,0.32835858736664514,0.48632160797815105,1,0,1,1,1
16714,SP1,2025/2026,2025-10-04,Real Madrid,Villarreal,0.9106402550624725,0.6136688354750859,0.2969714195873866,0.5588315448609227,1,0,1,1,1
6896,I1,2025/2026,2025-10-05,Udinese,Cagliari,0.7655965808936688,0.6610120372131411,0.10458454368052772,0.5060685556199394,1,0,0,0,0
6897,I1,2025/2026,2025-10-05,Bologna,Pisa,0.8592724757515279,0.5620036075030763,0.29726886824845156,0.48291423120045834,0,0,1,1,0
6898,I1,2025/2026,2025-10-05,Fiorentina,Roma,0.6902888737987596,0.741005319829136,0.050716446030376394,0.511507727703744,1,0,0,0,0
6899,I1,2025/2026,2025-10-05,Napoli,Genoa,0.8846581889293962,0.5462614353453061,0.33839675358409005,0.483254652074551,1,0,1,1,1
6900,I1,2025/2026,2025-10-05,Juventus,Milan,0.7259253728479949,0.7438928514751045,0.01796747862710968,0.5400106955660233,0,0,0,0,1
9108,D1,2025/2026,2025-10-05,Stuttgart,Heidenheim,0.9021399249398407,0.5905024195773837,0.31163750536245705,0.5327158084743353,0,0,1,1,0
9109,D1,2025/2026,2025-10-05,Hamburg,Mainz,0.6945831071632578,0.7637021858937656,0.06911907873050782,0.5304546372254636,0,0,0,0,1
9110,D1,2025/2026,2025-10-05,M'gladbach,Freiburg,0.7796659555701827,0.7368612867874279,0.042804668782754796,0.5745056592857944,0,0,0,0,1
11708,E0,2025/2026,2025-10-05,Aston Villa,Burnley,0.8732026127785455,0.5784582620239599,0.2947443507545856,0.5051112657826583,1,0,1,1,1
11709,E0,2025/2026,2025-10-05,Everton,Crystal Palace,0.7361921110024687,0.6998853959974196,0.03630671500504912,0.5152501071391391,1,0,0,0,0
11710,E0,2025/2026,2025-10-05,Newcastle,Nott'm Forest,0.869967284615787,0.5577444649022195,0.31222281971356747,0.48521943764046904,0,0,1,1,0
11711,E0,2025/2026,2025-10-05,Wolves,Brighton,0.6704192894224694,0.8214068884484456,0.15098759902597614,0.5506870224803285,1,0,0,0,0
11712,E0,2025/2026,2025-10-05,Brentford,Man City,0.6416373945868089,0.8905274568362238,0.2488900622494149,0.5713957172124116,0,1,1,1,0
14112,F1,2025/2026,2025-10-05,Lyon,Toulouse,0.8111194676710474,0.6544605413311527,0.15665892633989464,0.53084568589623,1,0,0,0,0
14113,F1,2025/2026,2025-10-05,Le Havre,Rennes,0.6706492575345462,0.7385650550829373,0.06791579754839117,0.49531810583233316,1,0,0,0,0
14114,F1,2025/2026,2025-10-05,Monaco,Nice,0.8355722773477002,0.6916594887461265,0.14391278860157375,0.577931494160747,1,0,0,0,0
14115,F1,2025/2026,2025-10-05,Strasbourg,Angers,0.852211189532182,0.5969819351253781,0.2552292544068039,0.5087546850624224,0,1,1,1,0
14116,F1,2025/2026,2025-10-05,Lille,Paris SG,0.654271245616757,0.8744750922658664,0.2202038466491094,0.5721439078776169,1,1,1,1,1
16715,SP1,2025/2026,2025-10-05,Alaves,Elche,0.7397372408251447,0.6463507987216056,0.09338644210353908,0.478129756451449,1,0,0,0,0
16716,SP1,2025/2026,2025-10-05,Sevilla,Barcelona,0.6256965900597553,0.9170022625443651,0.2913056724846098,0.5737651887510897,1,1,1,1,1
16717,SP1,2025/2026,2025-10-05,Espanol,Betis,0.7256944252095585,0.73647272152599,0.010778296316431457,0.5344541483303226,1,0,0,0,0
16718,SP1,2025/2026,2025-10-05,Sociedad,Vallecano,0.7858572060770427,0.6513657782779856,0.1344914277990571,0.5118804906517362,0,0,0,0,1
16719,SP1,2025/2026,2025-10-05,Celta,Ath Madrid,0.6335715817088741,0.8462396382416442,0.2126680565327701,0.5361533861055039,1,1,1,1,1
9111,D1,2025/2026,2025-10-17,Union Berlin,M'gladbach,0.7772926716912502,0.6962256007447115,0.08106707094653864,0.5411710573027024,1,0,0,0,0
14117,F1,2025/2026,2025-10-17,Paris SG,Strasbourg,0.9397407600336194,0.6135846178108416,0.3261561422227778,0.5766104750864982,1,0,1,1,1
16720,SP1,2025/2026,2025-10-17,Oviedo,Espanol,0.6711046060231759,0.7303517600381857,0.059247154015009795,0.4901424301787597,0,0,0,0,1
6901,I1,2025/2026,2025-10-18,Lecce,Sassuolo,0.7021118141530441,0.7646406115483976,0.06252879739535344,0.5368632069493385,0,0,0,0,1
6902,I1,2025/2026,2025-10-18,Pisa,Verona,0.7081030702307678,0.6694559056867655,0.0386471645440023,0.474043782200918,0,0,0,0,1
6903,I1,2025/2026,2025-10-18,Torino,Napoli,0.5993852384294016,0.8515150557921831,0.2521298173627815,0.5103855547422229,0,1,1,1,0
6904,I1,2025/2026,2025-10-18,Roma,Inter,0.663310173906032,0.7866736498736003,0.12336347596756836,0.5218086355049507,0,0,0,0,1
9112,D1,2025/2026,2025-10-18,FC Koln,Augsburg,0.8253336189238561,0.7309945896642961,0.09433902925956006,0.6033144101013928,1,0,0,0,0
9113,D1,2025/2026,2025-10-18,Heidenheim,Werder Bremen,0.7080845496835584,0.7664192745946536,0.05833472491109526,0.5426896469201548,1,0,0,0,0
9114,D1,2025/2026,2025-10-18,Mainz,Leverkusen,0.718437851764488,0.76570255911347,0.047264707348981916,0.5501097016600522,1,0,0,0,0
9115,D1,2025/2026,2025-10-18,RB Leipzig,Hamburg,0.9028925031139589,0.5692132736568695,0.3336792294570894,0.5139383974577417,1,0,1,1,1
9116,D1,2025/2026,2025-10-18,Wolfsburg,Stuttgart,0.7495479536260368,0.756973442300465,0.007425488674428271,0.5673878946255704,0,0,0,0,1
9117,D1,2025/2026,2025-10-18,Bayern Munich,Dortmund,0.9361879127899396,0.6233032391938441,0.3128846735960955,0.5835289585360934,1,0,1,1,1
11713,E0,2025/2026,2025-10-18,Nott'm Forest,Chelsea,0.6556256222910882,0.8257676797086997,0.17014205741761146,0.5413944488768843,0,0,0,0,1
11714,E0,2025/2026,2025-10-18,Brighton,Newcastle,0.7362481285140119,0.7381217374662496,0.0018736089522377597,0.5434407478250372,1,0,0,0,0
11715,E0,2025/2026,2025-10-18,Burnley,Leeds,0.6785901517065747,0.7885443534654949,0.10995420175892023,0.535098432445513,0,0,0,0,1
11716,E0,2025/2026,2025-10-18,Crystal Palace,Bournemouth,0.7711408034275538,0.6735629683010949,0.0975778351264589,0.5194118885347542,1,0,0,0,0
11717,E0,2025/2026,2025-10-18,Man City,Everton,0.9202613285924424,0.5604067624846768,0.35985456610776556,0.515720671796338,0,0,1,1,0
11718,E0,2025/2026,2025-10-18,Sunderland,Wolves,0.7120097037618874,0.6665800185044605,0.045429685257426966,0.47461144150895435,0,0,0,0,1
11719,E0,2025/2026,2025-10-18,Fulham,Arsenal,0.5904636738772965,0.8934246322716339,0.30296095839433745,0.5275347907035816,0,0,1,1,0
14118,F1,2025/2026,2025-10-18,Nice,Lyon,0.7526271969130429,0.7350263872655786,0.017600809647464355,0.5532008495048132,1,0,0,0,0
14119,F1,2025/2026,2025-10-18,Angers,Monaco,0.6143832030155801,0.8821329493269611,0.26774974631138093,0.5419676668930787,1,1,1,1,1
14120,F1,2025/2026,2025-10-18,Marseille,Le Havre,0.9233487287493772,0.534219651854611,0.3891290768947663,0.4932710364128899,1,0,1,1,1
16721,SP1,2025/2026,2025-10-18,Sevilla,Mallorca,0.8246436967141063,0.6392408030674461,0.18540289364666018,0.5271458989320328,1,0,0,0,0
16722,SP1,2025/2026,2025-10-18,Barcelona,Girona,0.9513993988752137,0.5410184751960788,0.4103809236791349,0.5147246520819341,1,0,1,1,1
16723,SP1,2025/2026,2025-10-18,Villarreal,Betis,0.8295945688679562,0.667374128467939,0.16222044040001726,0.5536499523799879,1,0,0,0,0
16724,SP1,2025/2026,2025-10-18,Ath Madrid,Osasuna,0.9187549856933932,0.571381213328572,0.34737377236482125,0.5249593384771658,0,0,1,1,0
6905,I1,2025/2026,2025-10-19,Como,Juventus,0.6816053654837072,0.7241153298894861,0.04250996440577892,0.4935608940816784,0,0,0,0,1
6906,I1,2025/2026,2025-10-19,Cagliari,Bologna,0.6463410400104185,0.7902758659552712,0.14393482594485274,0.510787725096664,0,0,0,0,1
6907,I1,2025/2026,2025-10-19,Genoa,Parma,0.773050870333171,0.6176472865383685,0.15540358379480246,0.47747277241740727,0,0,0,0,1
6908,I1,2025/2026,2025-10-19,Atalanta,Lazio,0.8647254245781637,0.6584660231659846,0.20625940141217913,0.569392311452501,0,1,1,1,0
6909,I1,2025/2026,2025-10-19,Milan,Fiorentina,0.8719752241860598,0.5564287326388617,0.31554649154719805,0.4851920688863366,1,0,1,1,1
9118,D1,2025/2026,2025-10-19,Freiburg,Ein Frankfurt,0.7560175514569083,0.7750477991904878,0.01903024773357953,0.5859497394060582,1,0,0,0,0
9119,D1,2025/2026,2025-10-19,St Pauli,Hoffenheim,0.7451757120070923,0.723048133082826,0.02212757892426631,0.5387979073853937,0,0,0,0,1
11720,E0,2025/2026,2025-10-19,Tottenham,Aston Villa,0.7976344657583577,0.6615316499804136,0.13610281577794414,0.5276604442143721,1,0,0,0,0
11721,E0,2025/2026,2025-10-19,Liverpool,Man United,0.8784813152191994,0.6193297864504401,0.25915152876875924,0.5440696453554085,1,1,1,1,1
14121,F1,2025/2026,2025-10-19,Lens,Paris FC,0.8324115022183887,0.6587617612871326,0.17364974093125607,0.5483608673170536,1,0,0,0,0
14122,F1,2025/2026,2025-10-19,Lorient,Brest,0.7548492784268942,0.7520191702316833,0.002830108195210901,0.5676611280125778,1,0,0,0,0
14123,F1,2025/2026,2025-10-19,Rennes,Auxerre,0.8432934576228002,0.6351231842977638,0.20817027332503635,0.5355952261028641,1,1,1,1,1
14124,F1,2025/2026,2025-10-19,Toulouse,Metz,0.8777252539262846,0.6116932237649089,0.2660320301613758,0.5368985901540423,0,1,1,1,0
14125,F1,2025/2026,2025-10-19,Nantes,Lille,0.6200514264462138,0.8480784155545129,0.2280269891082991,0.5258522313028207,0,1,1,1,0
16725,SP1,2025/2026,2025-10-19,Elche,Ath Bilbao,0.6256397739486801,0.7910019059692346,0.1653621320205545,0.494882253643567,0,0,0,0,1
16726,SP1,2025/2026,2025-10-19,Celta,Sociedad,0.7799183018252155,0.6718401748792601,0.10807812694595542,0.5239804482897883,1,0,0,0,0
16727,SP1,2025/2026,2025-10-19,Levante,Vallecano,0.713151788950052,0.7621829260760763,0.04903113712602425,0.5435521172383391,0,0,0,0,1
16728,SP1,2025/2026,2025-10-19,Getafe,Real Madrid,0.5743458155128495,0.9121769529977986,0.3378311374849491,0.5239050159615468,0,0,1,1,0
6910,I1,2025/2026,2025-10-20,Cremonese,Udinese,0.6706884495725377,0.7369803253231111,0.06629187575057338,0.4942841917564218,1,0,0,0,0
11722,E0,2025/2026,2025-10-20,West Ham,Brentford,0.7479004548107467,0.7315723589218089,0.0163280958889378,0.5471432999645918,0,0,0,0,1
16729,SP1,2025/2026,2025-10-20,Alaves,Valencia,0.7471778182202315,0.6556075248637316,0.09157029335649991,0.48985540003644923,0,0,0,0,1
6911,I1,2025/2026,2025-10-24,Milan,Pisa,0.9169107990337063,0.5051487056743866,0.4117620933593197,0.4631763033507444,1,0,1,1,1
9120,D1,2025/2026,2025-10-24,Werder Bremen,Union Berlin,0.7786268775091931,0.7237490196181066,0.05487785789108657,0.5635304392455861,0,0,0,0,1
11723,E0,2025/2026,2025-10-24,Leeds,West Ham,0.834751018843041,0.6142212675637437,0.2205297512792973,0.5127218288938992,1,1,1,1,1
14126,F1,2025/2026,2025-10-24,Paris FC,Nantes,0.8651484245616914,0.5965914873171246,0.26855693724456675,0.5161401853593267,1,1,1,1,1
16730,SP1,2025/2026,2025-10-24,Sociedad,Sevilla,0.8134456586165205,0.6621167246666521,0.15132893394986846,0.5385959751774781,1,0,0,0,0
6912,I1,2025/2026,2025-10-25,Parma,Como,0.6196704777633505,0.7804663663135063,0.1607958885501558,0.48363196609171655,0,0,0,0,1
6913,I1,2025/2026,2025-10-25,Udinese,Lecce,0.8232274608589224,0.5933250541209598,0.22990240673796258,0.48844147776798047,1,1,1,1,1
6914,I1,2025/2026,2025-10-25,Napoli,Inter,0.7106220882676348,0.7843782640153476,0.07375617574771276,0.5573965199663286,1,0,0,0,0
6915,I1,2025/2026,2025-10-25,Cremonese,Atalanta,0.5908422850057435,0.8613137109740886,0.27047142596834506,0.5089005610987071,1,1,1,1,1
9121,D1,2025/2026,2025-10-25,Augsburg,RB Leipzig,0.7068231816102327,0.823628272186404,0.11680509057617128,0.5821595558109328,0,0,0,0,1
9122,D1,2025/2026,2025-10-25,Ein Frankfurt,St Pauli,0.8744047135626527,0.6966994876008523,0.17770522596180038,0.6091973158948701,0,0,0,0,1
9123,D1,2025/2026,2025-10-25,Hamburg,Wolfsburg,0.7544519920758909,0.7323195495991464,0.022132442476744507,0.5524999430311951,0,0,0,0,1
9124,D1,2025/2026,2025-10-25,Hoffenheim,Heidenheim,0.8841323885560994,0.6354272522570487,0.24870513629905078,0.5618018142916635,1,1,1,1,1
9125,D1,2025/2026,2025-10-25,M'gladbach,Bayern Munich,0.6225147512424275,0.9590108722360321,0.3364961209936046,0.596998414568797,0,0,1,1,0
9126,D1,2025/2026,2025-10-25,Dortmund,FC Koln,0.9036045998687546,0.57027217225871,0.33333242761004467,0.5153005580301171,0,0,1,1,0
11724,E0,2025/2026,2025-10-25,Chelsea,Sunderland,0.9220204263418722,0.5529473536303725,0.3690730727114997,0.509828754738886,1,0,1,1,1
11725,E0,2025/2026,2025-10-25,Newcastle,Fulham,0.8701190521251642,0.5914487406484148,0.27867031147674937,0.5146308175936207,1,1,1,1,1
11726,E0,2025/2026,2025-10-25,Man United,Brighton,0.8168252817750947,0.6914867347421461,0.12533854703294867,0.5648238469494936,1,0,0,0,0
11727,E0,2025/2026,2025-10-25,Brentford,Liverpool,0.6480922563777738,0.8698538013190243,0.22176154494125055,0.5637455128156302,1,1,1,1,1
14127,F1,2025/2026,2025-10-25,Brest,Paris SG,0.5773668933534545,0.9255888329280143,0.3482219395745598,0.5344043489902972,0,0,1,1,0
14128,F1,2025/2026,2025-10-25,Monaco,Toulouse,0.8508429874596329,0.7010708547761948,0.14977213268343814,0.5965012204986561,0,0,0,0,1
14129,F1,2025/2026,2025-10-25,Lens,Marseille,0.7394927244144205,0.7949511570712384,0.055458432656817935,0.587860596919006,1,0,0,0,0
16731,SP1,2025/2026,2025-10-25,Girona,Oviedo,0.8268952705141003,0.6147274884634722,0.21216778205062803,0.5083152528654563,1,1,1,1,1
16732,SP1,2025/2026,2025-10-25,Espanol,Elche,0.7992017548927155,0.6138118485776114,0.1853899063151041,0.4905595065571688,0,0,0,0,1
16733,SP1,2025/2026,2025-10-25,Ath Bilbao,Getafe,0.8443505769335791,0.5341548290438556,0.3101957478897235,0.45101393807503676,0,0,1,1,0
16734,SP1,2025/2026,2025-10-25,Valencia,Villarreal,0.6872777435102378,0.7819914551938577,0.09471371168361986,0.5374453227699217,0,0,0,0,1
6916,I1,2025/2026,2025-10-26,Torino,Genoa,0.7293462929505485,0.6514666053285127,0.07787968762203579,0.47514475357742886,1,0,0,0,0
6917,I1,2025/2026,2025-10-26,Sassuolo,Roma,0.6018243635975791,0.8292509769750117,0.22742661337743264,0.4990634414806571,0,1,1,1,0
6918,I1,2025/2026,2025-10-26,Verona,Cagliari,0.7440978591131487,0.6209144141058174,0.12318344500733136,0.4620210862286338,1,0,0,0,0
6919,I1,2025/2026,2025-10-26,Fiorentina,Bologna,0.7349919828470655,0.7385072135423656,0.003515230695300131,0.5427968812283644,1,0,0,0,0
6920,I1,2025/2026,2025-10-26,Lazio,Juventus,0.6584984590723205,0.7422951811397277,0.08379672206740718,0.4888002329573197,0,0,0,0,1
9127,D1,2025/2026,2025-10-26,Leverkusen,Freiburg,0.8455455462973831,0.6555613426746859,0.1899842036226972,0.5543069736233133,0,0,0,0,1
9128,D1,2025/2026,2025-10-26,Stuttgart,Mainz,0.8473499057182415,0.6622249912173244,0.18512491450091717,0.5611362838722631,1,0,0,0,0
11728,E0,2025/2026,2025-10-26,Arsenal,Crystal Palace,0.9061637263212885,0.544595473045859,0.3615682532754295,0.4934926631929404,0,0,1,1,0
11729,E0,2025/2026,2025-10-26,Aston Villa,Man City,0.6494325142865147,0.8517600889246146,0.20232757463809992,0.5531606961192178,0,1,1,1,0
11730,E0,2025/2026,2025-10-26,Bournemouth,Nott'm Forest,0.8354397940599672,0.6360538506370813,0.19938594342288585,0.5313846979872923,0,1,0,0,1
11731,E0,2025/2026,2025-10-26,Wolves,Burnley,0.8020673157373747,0.6257219111645526,0.1763454045728221,0.5018710936858127,1,0,0,0,0
11732,E0,2025/2026,2025-10-26,Everton,Tottenham,0.7580446678140388,0.6977959864720418,0.06024868134199701,0.5289605267671684,0,0,0,0,1
14130,F1,2025/2026,2025-10-26,Lille,Metz,0.9185068654062719,0.5108175573961589,0.40768930801011305,0.4691894334384343,1,0,1,1,1
14131,F1,2025/2026,2025-10-26,Angers,Lorient,0.7099636277588588,0.7045885704244776,0.00537505733438115,0.5002322575359903,0,0,0,0,1
14132,F1,2025/2026,2025-10-26,Auxerre,Le Havre,0.7758642031596679,0.6513814443245606,0.12448275883510729,0.5053835452538687,0,0,0,0,1
14133,F1,2025/2026,2025-10-26,Rennes,Nice,0.7862000753809959,0.6975977447416051,0.08860233063939082,0.5484513995014626,1,0,0,0,0
14134,F1,2025/2026,2025-10-26,Lyon,Strasbourg,0.8134888414475379,0.7178962139967885,0.09559262745074937,0.5840005594038212,1,0,0,0,0
16735,SP1,2025/2026,2025-10-26,Mallorca,Levante,0.7842035084520185,0.6602557840337769,0.12394772441824153,0.5177749023150261,1,0,0,0,0
16736,SP1,2025/2026,2025-10-26,Real Madrid,Barcelona,0.8324444748807792,0.7418985990320922,0.09054587584868701,0.6175893896860558,1,0,0,0,0
16737,SP1,2025/2026,2025-10-26,Osasuna,Celta,0.7335669027555987,0.6595323853977917,0.07403451735780697,0.48381112922326985,1,0,0,0,0
16738,SP1,2025/2026,2025-10-26,Vallecano,Alaves,0.7752627036432057,0.6293437056711243,0.1459189979720814,0.4879067027794297,0,0,0,0,1
16739,SP1,2025/2026,2025-10-27,Betis,Ath Madrid,0.6976583864216168,0.8032355287522625,0.10557714233064563,0.5603840029058176,0,0,0,0,1
6921,I1,2025/2026,2025-10-28,Lecce,Napoli,0.5688714257599703,0.8906276594419616,0.32175623368199135,0.506652626448014,0,0,1,1,0
6922,I1,2025/2026,2025-10-28,Atalanta,Milan,0.7217411561862762,0.7094461292295351,0.012295026956741117,0.512036469562003,1,0,0,0,0
6923,I1,2025/2026,2025-10-29,Como,Verona,0.8525919227460826,0.5325928590791537,0.319999063666929,0.45408436976312905,1,0,1,1,1
6924,I1,2025/2026,2025-10-29,Juventus,Udinese,0.8945323395916764,0.5157410663991842,0.3787912731924923,0.4613470627495683,1,0,1,1,1
6925,I1,2025/2026,2025-10-29,Roma,Parma,0.872827677017771,0.5083267264753951,0.36450095054237586,0.44368163583556697,1,0,1,1,1
6926,I1,2025/2026,2025-10-29,Bologna,Torino,0.8428881288865631,0.6209240151664037,0.22196411372015934,0.5233694813243419,0,1,1,1,0
6927,I1,2025/2026,2025-10-29,Genoa,Cremonese,0.8155368016847057,0.5626370655348494,0.2528997361498563,0.4588512329355592,0,1,1,1,0
6928,I1,2025/2026,2025-10-29,Inter,Fiorentina,0.911192947915851,0.5683993434650757,0.34279360445077534,0.5179214733653766,0,0,1,1,0
14135,F1,2025/2026,2025-10-29,Le Havre,Brest,0.7340886980447874,0.7300806218193246,0.004008076225462731,0.5359439331390768,0,0,0,0,1
14136,F1,2025/2026,2025-10-29,Lorient,Paris SG,0.5705302736452588,0.9390266012639444,0.36849632761868567,0.5357431037792955,1,0,1,1,1
14137,F1,2025/2026,2025-10-29,Metz,Lens,0.6010629005951666,0.9062331540976156,0.305170253502449,0.5447031282174195,0,0,1,1,0
14138,F1,2025/2026,2025-10-29,Nice,Lille,0.7127619033151398,0.805248469618664,0.09248656630352425,0.5739504318470025,0,0,0,0,1
14139,F1,2025/2026,2025-10-29,Marseille,Angers,0.9420984055374161,0.5397991364668676,0.40229926907054847,0.50854390577591,1,0,1,1,1
14140,F1,2025/2026,2025-10-29,Nantes,Monaco,0.6126977340673978,0.8669388968348213,0.2542411627674235,0.5311714976655846,1,1,1,1,1
14141,F1,2025/2026,2025-10-29,Paris FC,Lyon,0.746286777837187,0.7675398245220489,0.021253046684861943,0.5728048225042799,1,0,0,0,0
14142,F1,2025/2026,2025-10-29,Strasbourg,Auxerre,0.8667807977447729,0.6624911357836024,0.2042896619611705,0.5742345951733515,0,1,1,1,0
14143,F1,2025/2026,2025-10-29,Toulouse,Rennes,0.7829764673316323,0.6631494722360957,0.11982699509553663,0.5192304310842546,1,0,0,0,0
6929,I1,2025/2026,2025-10-30,Cagliari,Sassuolo,0.7240123882487297,0.7138311333455756,0.010181254903154136,0.5168225836598276,1,0,0,0,0
6930,I1,2025/2026,2025-10-30,Pisa,Lazio,0.6374881199857918,0.7922501298348158,0.154762009849024,0.5050500458268962,0,0,0,0,1
9129,D1,2025/2026,2025-10-31,Augsburg,Dortmund,0.6224877736016736,0.8904090445759572,0.26792127097428353,0.5542687437528809,0,1,1,1,0
16740,SP1,2025/2026,2025-10-31,Getafe,Girona,0.7577837916951752,0.6012114679088222,0.156572323786353,0.4555883057625694,1,0,0,0,0
6931,I1,2025/2026,2025-11-01,Udinese,Atalanta,0.6108559793877248,0.8262357184240882,0.21537973903636332,0.5047110289830669,0,1,1,1,0
6932,I1,2025/2026,2025-11-01,Napoli,Como,0.8039581750941911,0.5988775309321261,0.20508064416206495,0.4814724868731071,0,1,1,1,0
6933,I1,2025/2026,2025-11-01,Cremonese,Juventus,0.5503880502000812,0.8888567877160392,0.33846873751595796,0.48921615429813825,1,0,1,1,1
9130,D1,2025/2026,2025-11-01,Heidenheim,Ein Frankfurt,0.6931128036587079,0.8494619254761075,0.15634912181739968,0.5887729367680693,1,0,0,0,0
9131,D1,2025/2026,2025-11-01,Mainz,Werder Bremen,0.820917585517594,0.6942395433785801,0.1266780421390139,0.5699134497211809,1,0,0,0,0
9132,D1,2025/2026,2025-11-01,RB Leipzig,Stuttgart,0.8329994453510919,0.7098338198399787,0.12316562551111321,0.5912911782181492,1,0,0,0,0
9133,D1,2025/2026,2025-11-01,St Pauli,M'gladbach,0.7796408825711788,0.6635915546058925,0.11604932796528633,0.5173631052997186,0,0,0,0,1
9134,D1,2025/2026,2025-11-01,Union Berlin,Freiburg,0.7207592208074631,0.7141828519099163,0.006576368897546869,0.5147538758566431,0,0,0,0,1
9135,D1,2025/2026,2025-11-01,Bayern Munich,Leverkusen,0.9510465990631894,0.5816730217803208,0.3693735772828687,0.5531981491309825,0,0,1,1,0
11733,E0,2025/2026,2025-11-01,Brighton,Leeds,0.8449567975260498,0.6758780045780558,0.169078792947994,0.5710877142665709,0,0,0,0,1
11734,E0,2025/2026,2025-11-01,Burnley,Arsenal,0.5641115132693426,0.9337644741995571,0.3696529609302145,0.5267472905778642,0,0,1,1,0
11735,E0,2025/2026,2025-11-01,Crystal Palace,Brentford,0.8343284171593033,0.685701878739283,0.14862653842002027,0.5721005631317065,0,0,0,0,1
11736,E0,2025/2026,2025-11-01,Fulham,Wolves,0.832661549877359,0.6275491512461756,0.20511239863118336,0.5225360489008617,0,1,1,1,0
11737,E0,2025/2026,2025-11-01,Nott'm Forest,Man United,0.6874521987963013,0.812341618793286,0.12488941999698477,0.5584460320131912,1,0,0,0,0
11738,E0,2025/2026,2025-11-01,Tottenham,Chelsea,0.7378641842295592,0.7807213285934331,0.04285714436387389,0.5760663062332112,0,0,0,0,1
11739,E0,2025/2026,2025-11-01,Liverpool,Aston Villa,0.8905196750805188,0.6370148248962353,0.2535048501842835,0.567274234888069,0,1,1,1,0
14144,F1,2025/2026,2025-11-01,Paris SG,Nice,0.9423762052790451,0.5526433303755827,0.3897328749034624,0.5207979245521153,0,0,1,1,0
14145,F1,2025/2026,2025-11-01,Monaco,Paris FC,0.8707530498848587,0.6698815093923688,0.2008715404924899,0.5833013673648777,0,1,1,1,0
14146,F1,2025/2026,2025-11-01,Auxerre,Marseille,0.639085492650621,0.8823504593762487,0.2432649667256277,0.5638973780209716,0,1,1,1,0
16741,SP1,2025/2026,2025-11-01,Villarreal,Vallecano,0.8596625612214301,0.6359932023893339,0.22366935883209627,0.5467395452854341,0,1,1,1,0
16742,SP1,2025/2026,2025-11-01,Ath Madrid,Sevilla,0.928740785305566,0.599344509944621,0.32939627536094507,0.5566356908345469,0,0,1,1,0
16743,SP1,2025/2026,2025-11-01,Sociedad,Ath Bilbao,0.6802959813609052,0.6902015402637935,0.009905558902888356,0.46954133417056576,1,0,0,0,0
16744,SP1,2025/2026,2025-11-01,Real Madrid,Valencia,0.9516425551114496,0.558438255683024,0.3932042994284256,0.5314336085101738,0,0,1,1,0
6934,I1,2025/2026,2025-11-02,Verona,Inter,0.582745270208458,0.9157118076640729,0.3329665374556149,0.5336267247902757,1,0,1,1,1
6935,I1,2025/2026,2025-11-02,Fiorentina,Lecce,0.8647593046371579,0.5777386122935341,0.2870206923436238,0.4996048406289931,0,1,1,1,0
6936,I1,2025/2026,2025-11-02,Torino,Pisa,0.7896490855202702,0.5809003554724441,0.20874873004782613,0.4587074344772154,1,1,1,1,1
6937,I1,2025/2026,2025-11-02,Parma,Bologna,0.6046415134560047,0.7802470382458591,0.17560552478985436,0.4717697500745414,1,0,0,0,0
6938,I1,2025/2026,2025-11-02,Milan,Roma,0.7756926166692133,0.6496210555142504,0.12607156115496287,0.5039062563952652,0,0,0,0,1
9136,D1,2025/2026,2025-11-02,FC Koln,Hamburg,0.7958131121995872,0.6987677111659776,0.09704540103360959,0.5560885069275788,1,0,0,0,0
9137,D1,2025/2026,2025-11-02,Wolfsburg,Hoffenheim,0.7179352317583401,0.7738434057174205,0.05590817395908043,0.5555694448283994,1,0,0,0,0
11740,E0,2025/2026,2025-11-02,West Ham,Newcastle,0.6164358000284671,0.8698724940832063,0.25343669405473923,0.5362205468129393,1,1,1,1,1
11741,E0,2025/2026,2025-11-02,Man City,Bournemouth,0.9004152758658855,0.5843594430138834,0.3160558328520021,0.5261661690861811,1,0,1,1,1
14147,F1,2025/2026,2025-11-02,Rennes,Strasbourg,0.7868410765783841,0.7625424885435214,0.024298588034862734,0.5999997526223445,1,0,0,0,0
14148,F1,2025/2026,2025-11-02,Lens,Lorient,0.8917015817651582,0.5633484835735111,0.32835309819164715,0.502338733887503,0,0,1,1,0
14149,F1,2025/2026,2025-11-02,Lille,Angers,0.9330793409394732,0.5230068535872701,0.41007248735220314,0.48800689025203753,0,0,1,1,0
14150,F1,2025/2026,2025-11-02,Nantes,Metz,0.8146181580598384,0.6319616357728124,0.182656522287026,0.5148074236977309,0,0,0,0,1
14151,F1,2025/2026,2025-11-02,Toulouse,Le Havre,0.8492645275277481,0.6062020149980947,0.24306251252965339,0.5148258678537257,0,1,1,1,0
14152,F1,2025/2026,2025-11-02,Brest,Lyon,0.6910479134134709,0.7878863351702373,0.09683842175676638,0.5444672079263791,0,0,0,0,1
16745,SP1,2025/2026,2025-11-02,Levante,Celta,0.6968189205600702,0.7480086575543451,0.05118973699427487,0.5212265853266059,1,0,0,0,0
16746,SP1,2025/2026,2025-11-02,Alaves,Espanol,0.7326232995054387,0.6463272305645461,0.08629606894089259,0.4735143882164102,1,0,0,0,0
16747,SP1,2025/2026,2025-11-02,Barcelona,Elche,0.9428334059671768,0.5427079795147702,0.40012542645240656,0.5116832127714757,1,0,1,1,1
16748,SP1,2025/2026,2025-11-02,Betis,Mallorca,0.8747875811160601,0.6109746422686217,0.2638129388474384,0.5344730294334178,0,1,1,1,0
6939,I1,2025/2026,2025-11-03,Sassuolo,Genoa,0.7051328774257524,0.6651386788984128,0.03999419852733954,0.4690111505388014,1,0,0,0,0
6940,I1,2025/2026,2025-11-03,Lazio,Cagliari,0.86843149497724,0.5565676043197596,0.31186389065748044,0.4833408366753098,0,0,1,1,0
11742,E0,2025/2026,2025-11-03,Sunderland,Everton,0.6817045477635719,0.7114142349943445,0.029709687230772608,0.4849743193393871,1,0,0,0,0
16749,SP1,2025/2026,2025-11-03,Oviedo,Osasuna,0.6789686754672175,0.7558851265969525,0.076916451129735,0.5132223232109029,0,0,0,0,1
6941,I1,2025/2026,2025-11-07,Pisa,Cremonese,0.7464790948102993,0.647906377217443,0.09857271759285624,0.4836485659870972,0,0,0,0,1
9138,D1,2025/2026,2025-11-07,Werder Bremen,Wolfsburg,0.7692738312180801,0.705821408729447,0.06345242248863314,0.5429699392490441,1,0,0,0,0
14153,F1,2025/2026,2025-11-07,Paris FC,Rennes,0.7871318356121907,0.710579355519348,0.07655248009284266,0.5593196324580718,0,0,0,0,1
16750,SP1,2025/2026,2025-11-07,Elche,Sociedad,0.7099016003774675,0.7258855868433798,0.01598398646591226,0.5153073397910525,1,0,0,0,0
6942,I1,2025/2026,2025-11-08,Como,Cagliari,0.8836827919362703,0.5390589017524023,0.34462389018386796,0.47635707531866256,0,0,1,1,0
6943,I1,2025/2026,2025-11-08,Lecce,Verona,0.6702739139414413,0.6750282733092134,0.004754359367772132,0.45245384277209943,0,0,0,0,1
6944,I1,2025/2026,2025-11-08,Juventus,Torino,0.8880003327758051,0.5279520054676757,0.3600483273081294,0.4688215565449497,0,0,1,1,0
6945,I1,2025/2026,2025-11-08,Parma,Milan,0.5628702748910142,0.8513064763762691,0.28843620148525495,0.47917511037441124,1,1,1,1,1
9139,D1,2025/2026,2025-11-08,Hamburg,Dortmund,0.6400920113928559,0.8636221795745542,0.22353016818169835,0.5527976580073586,1,1,1,1,1
9140,D1,2025/2026,2025-11-08,Hoffenheim,RB Leipzig,0.7579192023127691,0.7982435050237664,0.040324302710997295,0.6050040805789619,1,0,0,0,0
9141,D1,2025/2026,2025-11-08,Leverkusen,Heidenheim,0.9088029364558114,0.5828991014969968,0.3259038349588147,0.5297404150979247,0,0,1,1,0
9142,D1,2025/2026,2025-11-08,Union Berlin,Bayern Munich,0.5727332988165224,0.9463619574806321,0.37362865866410977,0.5420130057823439,1,0,1,1,1
9143,D1,2025/2026,2025-11-08,M'gladbach,FC Koln,0.7982069793647787,0.740879903648246,0.05732707571653273,0.5913755099631347,1,0,0,0,0
11743,E0,2025/2026,2025-11-08,Tottenham,Man United,0.7464530007148906,0.760769955853283,0.014316955138392373,0.5678790164004179,1,0,0,0,0
11744,E0,2025/2026,2025-11-08,Everton,Fulham,0.770570965039484,0.6916741927512992,0.07889677228818481,0.5329840502012746,0,0,0,0,1
11745,E0,2025/2026,2025-11-08,West Ham,Burnley,0.8212798156268017,0.6530074128249884,0.16827240280181333,0.5363018076078413,1,0,0,0,0
11746,E0,2025/2026,2025-11-08,Sunderland,Arsenal,0.5539023689414342,0.9073559564765752,0.353453587535141,0.5025866137654958,1,0,1,1,1
11747,E0,2025/2026,2025-11-08,Chelsea,Wolves,0.9164613068682254,0.5502579569161499,0.3662033499520755,0.5042901263100144,0,0,1,1,0
14154,F1,2025/2026,2025-11-08,Marseille,Brest,0.9039905220579086,0.5784645005522678,0.3255260215056408,0.522926425846212,0,0,1,1,0
14155,F1,2025/2026,2025-11-08,Le Havre,Nantes,0.8036098575939576,0.6250850196201482,0.17852483797380947,0.5023244836010635,1,0,0,0,0
14156,F1,2025/2026,2025-11-08,Monaco,Lens,0.8198043824268775,0.7150782294801589,0.10472615294671861,0.5862242663058866,1,0,0,0,0
16751,SP1,2025/2026,2025-11-08,Girona,Alaves,0.7488209726633286,0.70344588782204,0.045375084841288604,0.5267550339349187,0,0,0,0,1
16752,SP1,2025/2026,2025-11-08,Sevilla,Osasuna,0.7761089038581928,0.6758829013409577,0.10022600251723501,0.5245587376962257,0,0,0,0,1
16753,SP1,2025/2026,2025-11-08,Ath Madrid,Levante,0.9433494222681035,0.5331395793301356,0.4102098429379679,0.502936914149343,1,0,1,1,1
16754,SP1,2025/2026,2025-11-08,Espanol,Villarreal,0.7176435186484768,0.7670788122637933,0.04943529361531651,0.5504891379136829,0,0,0,0,1
6946,I1,2025/2026,2025-11-09,Atalanta,Sassuolo,0.8991693573578962,0.5375119177974542,0.36165743956044194,0.48331424569814724,0,0,1,1,0
6947,I1,2025/2026,2025-11-09,Bologna,Napoli,0.6850694982548893,0.7373720974647213,0.052302599209832046,0.505151132837312,0,0,0,0,1
6948,I1,2025/2026,2025-11-09,Genoa,Fiorentina,0.681907658622676,0.715462118230974,0.03355445960829806,0.48787909787610373,1,0,0,0,0
6949,I1,2025/2026,2025-11-09,Roma,Udinese,0.8711958949867296,0.5490234074909542,0.3221724874957753,0.4783069388577458,0,0,1,1,0
6950,I1,2025/2026,2025-11-09,Inter,Lazio,0.9188520010944196,0.5484191636083741,0.3704328374860455,0.5039160459200824,0,0,1,1,0
9144,D1,2025/2026,2025-11-09,Freiburg,St Pauli,0.8102439618043482,0.59800333633425,0.21224062547009825,0.48452859240368085,1,1,1,1,1
9145,D1,2025/2026,2025-11-09,Stuttgart,Augsburg,0.8849175811404266,0.5970599205553586,0.287857660585068,0.5283488206937432,1,1,1,1,1
9146,D1,2025/2026,2025-11-09,Ein Frankfurt,Mainz,0.836980813084304,0.6982222773665215,0.13875853571778252,0.5843986494238057,0,0,0,0,1
11748,E0,2025/2026,2025-11-09,Aston Villa,Bournemouth,0.7785692457985539,0.696971785984839,0.08159745981371491,0.5426407977570872,0,0,0,0,1
11749,E0,2025/2026,2025-11-09,Brentford,Newcastle,0.7134401756841436,0.7760162308255,0.06257605514135633,0.5536411560538916,1,0,0,0,0
11750,E0,2025/2026,2025-11-09,Crystal Palace,Brighton,0.7896533732936013,0.7274194188617287,0.06223395443187263,0.5744091979034351,0,0,0,0,1
11751,E0,2025/2026,2025-11-09,Nott'm Forest,Leeds,0.7686324256193438,0.6739593376039552,0.09467308801538854,0.5180270004313343,1,0,0,0,0
11752,E0,2025/2026,2025-11-09,Man City,Liverpool,0.8367763533578563,0.7001142947567176,0.13666205860113867,0.5858390865002334,0,0,0,0,1
14157,F1,2025/2026,2025-11-09,Lorient,Toulouse,0.6965859292111021,0.7696399154656736,0.07305398625457149,0.5361203356726103,1,0,0,0,0
14158,F1,2025/2026,2025-11-09,Angers,Auxerre,0.7093505271036604,0.7200474798878462,0.01069695278418581,0.510766059398106,0,0,0,0,1
14159,F1,2025/2026,2025-11-09,Metz,Nice,0.6787065332407659,0.8236328267990446,0.14492629355827868,0.5590049805400717,1,0,0,0,0
14160,F1,2025/2026,2025-11-09,Strasbourg,Lille,0.7608008070186052,0.8000798020384927,0.03927899501988752,0.6087013590701712,0,0,0,0,1
14161,F1,2025/2026,2025-11-09,Lyon,Paris SG,0.6540530374679999,0.8483749168753151,0.19432187940731516,0.5548821912939618,1,1,0,0,0
16755,SP1,2025/2026,2025-11-09,Ath Bilbao,Oviedo,0.8851684913272196,0.5217633994238201,0.36340509190339954,0.4618485210977443,0,0,1,1,0
16756,SP1,2025/2026,2025-11-09,Vallecano,Real Madrid,0.5961427253118434,0.9022398776772222,0.3060971523653788,0.5378637395635235,0,0,1,1,0
16757,SP1,2025/2026,2025-11-09,Mallorca,Getafe,0.71417312366701,0.6686589204593144,0.045514203207695614,0.4775382298922394,0,0,0,0,1
16758,SP1,2025/2026,2025-11-09,Valencia,Betis,0.685643315339584,0.784459424656065,0.098816109316481,0.537859360670567,1,0,0,0,0
16759,SP1,2025/2026,2025-11-09,Celta,Barcelona,0.634261882309339,0.8815541452105818,0.24729226290124284,0.559136191498864,1,1,1,1,1
9147,D1,2025/2026,2025-11-21,Mainz,Hoffenheim,0.7775905021355177,0.7766128723073454,0.0009776298281722884,0.6038867933423755,1,0,0,0,0
14162,F1,2025/2026,2025-11-21,Nice,Marseille,0.6706610723242139,0.8482123834170539,0.17755131109283995,0.5688630266211586,1,0,0,0,0
16760,SP1,2025/2026,2025-11-21,Valencia,Levante,0.8004539985173497,0.6525886356401357,0.14786536287721397,0.5223671827851284,0,0,0,0,1
6951,I1,2025/2026,2025-11-22,Cagliari,Genoa,0.6793668362583478,0.7005105072423456,0.02114367098399783,0.4759036070709628,1,0,0,0,0
6952,I1,2025/2026,2025-11-22,Udinese,Bologna,0.6354709461884067,0.7987011558406565,0.16323020965224977,0.5075513792238361,0,0,0,0,1
6953,I1,2025/2026,2025-11-22,Fiorentina,Juventus,0.6448356171865086,0.8139326518035658,0.16909703461705716,0.5248527638740039,1,0,0,0,0
6954,I1,2025/2026,2025-11-22,Napoli,Atalanta,0.7474047192522201,0.6217066184415745,0.12569810081064559,0.4646664606135721,1,0,0,0,0
9148,D1,2025/2026,2025-11-22,Augsburg,Hamburg,0.7705950831434224,0.7474291258494956,0.023165957293926787,0.5759652093778076,0,0,0,0,1
9149,D1,2025/2026,2025-11-22,Bayern Munich,Freiburg,0.9484265446280875,0.5173087376264246,0.4311178070016629,0.4906293385329478,1,0,1,1,1
9150,D1,2025/2026,2025-11-22,Dortmund,Stuttgart,0.8514724620136813,0.6426757257310466,0.20879673628263473,0.5472206824646436,1,1,1,1,1
9151,D1,2025/2026,2025-11-22,Heidenheim,M'gladbach,0.6931945093263588,0.81299998567383,0.11980547634747118,0.5635671261515074,0,0,0,0,1
9152,D1,2025/2026,2025-11-22,Wolfsburg,Leverkusen,0.7016823969814797,0.8494850083133617,0.147802611331882,0.5960686768331519,1,0,0,0,0
9153,D1,2025/2026,2025-11-22,FC Koln,Ein Frankfurt,0.7066294002735617,0.7786087041498888,0.07197930387632712,0.550187801661211,1,0,0,0,0
11753,E0,2025/2026,2025-11-22,Burnley,Chelsea,0.611365826523479,0.912574999813057,0.30120917328957797,0.5579171690253734,0,0,1,1,0
11754,E0,2025/2026,2025-11-22,Bournemouth,West Ham,0.8805192863792097,0.6536475937693829,0.22687169260982687,0.5755493128093045,1,1,1,1,1
11755,E0,2025/2026,2025-11-22,Brighton,Brentford,0.8292201715535963,0.6757354970590097,0.15348467449458658,0.5603335047961266,1,0,0,0,0
11756,E0,2025/2026,2025-11-22,Fulham,Sunderland,0.795356651961324,0.642830354421878,0.15252629753944602,0.5112793984720961,0,0,0,0,1
11757,E0,2025/2026,2025-11-22,Liverpool,Nott'm Forest,0.9140240845406259,0.5848562250175325,0.32916785952309335,0.5345726756595365,0,0,1,1,0
11758,E0,2025/2026,2025-11-22,Wolves,Crystal Palace,0.6433363663142082,0.8226442768680923,0.17930791055388406,0.5292369798494979,0,0,0,0,1
11759,E0,2025/2026,2025-11-22,Newcastle,Man City,0.6908826616122583,0.8401293306173027,0.14924666900504435,0.580430788035407,1,0,0,0,0
14163,F1,2025/2026,2025-11-22,Lens,Strasbourg,0.8155677401736102,0.7086995568894566,0.1068681832841536,0.5779924960743731,0,0,0,0,1
14164,F1,2025/2026,2025-11-22,Rennes,Monaco,0.7421443578994446,0.7795299246006243,0.03738556670117976,0.5785237353561328,1,0,0,0,0
14165,F1,2025/2026,2025-11-22,Paris SG,Le Havre,0.9509241825208616,0.5171022743959163,0.43382190812494537,0.491725057559615,0,0,1,1,0
16761,SP1,2025/2026,2025-11-22,Alaves,Celta,0.71535039981462,0.6813783799258406,0.0339720198887794,0.48742429650498814,0,0,0,0,1
16762,SP1,2025/2026,2025-11-22,Barcelona,Ath Bilbao,0.9167341041391048,0.6147965434906143,0.30193756064849053,0.5636049585246865,0,0,1,1,0
16763,SP1,2025/2026,2025-11-22,Osasuna,Sociedad,0.7013139843137228,0.7068317138996473,0.005517729585924447,0.495710965514259,1,0,0,0,0
16764,SP1,2025/2026,2025-11-22,Villarreal,Mallorca,0.910791742568464,0.5820917343079189,0.328700008260545,0.5301643450250089,1,0,1,1,1
6955,I1,2025/2026,2025-11-23,Verona,Parma,0.739208684751654,0.6409478024344998,0.09826088231715424,0.4737941820320696,1,0,0,0,0
6956,I1,2025/2026,2025-11-23,Cremonese,Roma,0.5774222428911677,0.8648490221190898,0.28742677922792204,0.49938306211423794,1,1,1,1,1
6957,I1,2025/2026,2025-11-23,Lazio,Lecce,0.8481475116325118,0.5278635729050473,0.3202839387274645,0.4477061758408628,0,0,1,1,0
6958,I1,2025/2026,2025-11-23,Inter,Milan,0.8073635171109703,0.6244979100196402,0.18286560709133015,0.504196829061907,0,0,0,0,1
9154,D1,2025/2026,2025-11-23,RB Leipzig,Werder Bremen,0.9137188052025903,0.6042962314400309,0.30942257376255944,0.552156830579813,0,0,1,1,0
9155,D1,2025/2026,2025-11-23,St Pauli,Union Berlin,0.7336058785770764,0.6999454554654667,0.03366042311160966,0.5134841008127756,0,0,0,0,1
11760,E0,2025/2026,2025-11-23,Leeds,Aston Villa,0.7022085755916361,0.7801866061016574,0.07797803051002128,0.5478537253663177,1,0,0,0,0
11761,E0,2025/2026,2025-11-23,Arsenal,Tottenham,0.9084001519115888,0.5586467512531466,0.3497534006584423,0.507474793703274,1,0,1,1,1
14166,F1,2025/2026,2025-11-23,Auxerre,Lyon,0.6410613840361117,0.8114469058720876,0.17038552183597588,0.5201872765501809,0,0,0,0,1
14167,F1,2025/2026,2025-11-23,Brest,Metz,0.8317485702176501,0.6208589421208672,0.2108896280967829,0.5163985374158742,1,1,1,1,1
14168,F1,2025/2026,2025-11-23,Nantes,Lorient,0.7228051420525345,0.7239652463927448,0.0011601043402102995,0.5232858027600061,1,0,0,0,0
14169,F1,2025/2026,2025-11-23,Toulouse,Angers,0.8704148281504479,0.5740512817435763,0.29636354640687157,0.4996627477483794,0,0,1,1,0
14170,F1,2025/2026,2025-11-23,Lille,Paris FC,0.8733571678137848,0.6241042055876497,0.24925296222613513,0.5450658814127018,1,1,1,1,1
16765,SP1,2025/2026,2025-11-23,Oviedo,Vallecano,0.6556330018818535,0.7636009234315807,0.10796792154972723,0.5006419656692026,0,0,0,0,1
16766,SP1,2025/2026,2025-11-23,Betis,Girona,0.8880943349477,0.6136444597303352,0.27444987521736475,0.5449741683585527,1,1,1,1,1
16767,SP1,2025/2026,2025-11-23,Getafe,Ath Madrid,0.5872325039397476,0.8435636968151082,0.25633119287536066,0.49536802191340606,0,1,1,1,0
16768,SP1,2025/2026,2025-11-23,Elche,Real Madrid,0.590404995787192,0.9174360492888509,0.32703105350165895,0.5416588268154021,1,0,1,1,1
6959,I1,2025/2026,2025-11-24,Torino,Como,0.6239650122296828,0.7471430830255965,0.1231780707959137,0.4661911429373892,1,0,0,0,0
6960,I1,2025/2026,2025-11-24,Sassuolo,Pisa,0.7789755914139715,0.597395993288858,0.1815795981251136,0.4653568971805251,1,0,0,0,0
11762,E0,2025/2026,2025-11-24,Man United,Everton,0.8532273717565132,0.643472221402784,0.20975515035372916,0.5490281122658226,0,1,1,1,0
16769,SP1,2025/2026,2025-11-24,Espanol,Sevilla,0.7876088395425532,0.666922250226052,0.12068658931650122,0.5252738595656491,1,0,0,0,0
6961,I1,2025/2026,2025-11-28,Como,Sassuolo,0.8569606858131931,0.6100953601059012,0.24686532570729192,0.5228277382078,0,1,1,1,0
9156,D1,2025/2026,2025-11-28,M'gladbach,RB Leipzig,0.7547838895899978,0.8311406468590025,0.0763567572690047,0.6273315702325847,0,0,0,0,1
14171,F1,2025/2026,2025-11-28,Metz,Rennes,0.6701112346656657,0.8611826016085712,0.1910713669429055,0.5770881364365097,0,0,0,0,1
16770,SP1,2025/2026,2025-11-28,Getafe,Elche,0.7374685575753408,0.5907113099371784,0.14675724763816245,0.435631017682811,0,0,0,0,1
6962,I1,2025/2026,2025-11-29,Genoa,Verona,0.7846970492453623,0.6431662833789459,0.14153076586641644,0.5046906847415653,1,0,0,0,0
6963,I1,2025/2026,2025-11-29,Parma,Udinese,0.7139583877389236,0.7170417822537697,0.0030833945148460717,0.5119379947993458,0,0,0,0,1
6964,I1,2025/2026,2025-11-29,Juventus,Cagliari,0.9175996283095498,0.5086676106787718,0.408932017630778,0.46675321049194773,1,0,1,1,1
6965,I1,2025/2026,2025-11-29,Milan,Lazio,0.8647755921651319,0.5709859252987444,0.2937896668663875,0.49377469166817745,0,0,1,1,0
9157,D1,2025/2026,2025-11-29,Bayern Munich,St Pauli,0.962982526001251,0.5513440280228369,0.4116384979784141,0.5309346648011359,1,0,1,1,1
9158,D1,2025/2026,2025-11-29,Hoffenheim,Augsburg,0.8619765897848455,0.6426243817748419,0.21935220801000355,0.5539271731148728,0,1,1,1,0
9159,D1,2025/2026,2025-11-29,Union Berlin,Heidenheim,0.8472608268333862,0.5635399945136129,0.2837208323197733,0.47746536170528564,1,1,1,1,1
9160,D1,2025/2026,2025-11-29,Werder Bremen,FC Koln,0.776627422879209,0.7358094313783978,0.040817991500811224,0.5714497824216214,1,0,0,0,0
9161,D1,2025/2026,2025-11-29,Leverkusen,Dortmund,0.7640746600640151,0.7686479662358571,0.004573306171841929,0.587304433510559,1,0,0,0,0
11763,E0,2025/2026,2025-11-29,Brentford,Burnley,0.9078161221939244,0.6016024104433542,0.3062137117505702,0.5461443673512034,1,0,1,1,1
11764,E0,2025/2026,2025-11-29,Man City,Leeds,0.9430889143952768,0.5420279676979295,0.40106094669734726,0.5111805676281185,1,0,1,1,1
11765,E0,2025/2026,2025-11-29,Sunderland,Bournemouth,0.6786694774234323,0.7578478018572987,0.07917832443386641,0.5143281716529898,1,0,0,0,0
11766,E0,2025/2026,2025-11-29,Everton,Newcastle,0.7017847586362506,0.7451250430065648,0.04334028437031423,0.5229173984601879,1,0,0,0,0
11767,E0,2025/2026,2025-11-29,Tottenham,Fulham,0.7930178899992749,0.7057608877979177,0.08725700220135724,0.5596810100855197,1,0,0,0,0
14172,F1,2025/2026,2025-11-29,Monaco,Paris SG,0.6467856204760316,0.9003771271959732,0.2535915067199416,0.5823509788758744,0,1,1,1,0
14173,F1,2025/2026,2025-11-29,Paris FC,Auxerre,0.8343458798677383,0.6368807458519556,0.1974651340157827,0.5313788262686714,1,1,0,0,0
14174,F1,2025/2026,2025-11-29,Marseille,Toulouse,0.8733275940827957,0.5964511099604717,0.276876484122324,0.5208972128497917,1,1,1,1,1
16771,SP1,2025/2026,2025-11-29,Mallorca,Osasuna,0.7326876511438825,0.6783910263758047,0.05429662476807773,0.49704872767237596,1,0,0,0,0
16772,SP1,2025/2026,2025-11-29,Barcelona,Alaves,0.950884103719166,0.5630816751740301,0.3878024285451359,0.5354254140185442,1,0,1,1,1
16773,SP1,2025/2026,2025-11-29,Levante,Ath Bilbao,0.6554687541933917,0.784104840827222,0.1286360866338303,0.5139562231740269,0,0,0,0,1
16774,SP1,2025/2026,2025-11-29,Ath Madrid,Oviedo,0.937310896007039,0.487842025037023,0.449468870970016,0.4572596455973404,0,0,0,0,1
6966,I1,2025/2026,2025-11-30,Lecce,Torino,0.6592610571466603,0.6865952834423091,0.027334226295648856,0.45264553239408756,1,0,0,0,0
6967,I1,2025/2026,2025-11-30,Pisa,Inter,0.5548743926983177,0.9281542080762909,0.37327981537797317,0.51500900253672,0,0,1,1,0
6968,I1,2025/2026,2025-11-30,Atalanta,Fiorentina,0.844212046717515,0.5937141107374904,0.2504979359800247,0.5012206045907661,0,1,1,1,0
6969,I1,2025/2026,2025-11-30,Roma,Napoli,0.7072357701483502,0.6776175130948658,0.02961825705348431,0.4792353437396572,0,0,0,0,1
9162,D1,2025/2026,2025-11-30,Hamburg,Stuttgart,0.7142798644242754,0.8020758323774551,0.08779596795317968,0.5729066168085564,1,0,0,0,0
9163,D1,2025/2026,2025-11-30,Ein Frankfurt,Wolfsburg,0.8553483308706334,0.6659437767638783,0.18940455410675516,0.569613897908669,1,0,0,0,0
9164,D1,2025/2026,2025-11-30,Freiburg,Mainz,0.8093014311360123,0.6638901868851989,0.14541124425081342,0.5372872783633461,0,0,0,0,1
11768,E0,2025/2026,2025-11-30,Crystal Palace,Man United,0.7675895899844927,0.7097541338062209,0.057835456178271794,0.5447998845581158,1,0,0,0,0
11769,E0,2025/2026,2025-11-30,Aston Villa,Wolves,0.8883860110740753,0.5765130028269264,0.3118730082471489,0.5121660869137503,0,0,1,1,0
11770,E0,2025/2026,2025-11-30,Nott'm Forest,Brighton,0.7305857319529631,0.7617546833174063,0.031168951364443198,0.5565271028800448,0,0,0,0,1
11771,E0,2025/2026,2025-11-30,West Ham,Liverpool,0.643138375378346,0.8720507011195818,0.22891232574123588,0.5608492711655954,0,1,1,1,0
11772,E0,2025/2026,2025-11-30,Chelsea,Arsenal,0.6791123857695242,0.7904138259711855,0.11130144020166133,0.5367798191005092,1,0,0,0,0
14175,F1,2025/2026,2025-11-30,Strasbourg,Brest,0.8302720542932226,0.6307859810390923,0.19948607325413026,0.523723972296693,1,1,0,0,0
14176,F1,2025/2026,2025-11-30,Angers,Lens,0.6168404357553994,0.856766446234906,0.23992601047950668,0.5284881880361444,1,1,1,1,1
14177,F1,2025/2026,2025-11-30,Le Havre,Lille,0.6130971273225344,0.8404951652010296,0.22739803787849522,0.5153051713132303,0,1,1,1,0
14178,F1,2025/2026,2025-11-30,Lorient,Nice,0.7378390370155422,0.7139062359842602,0.023932801031282036,0.526747889678017,1,0,0,0,0
14179,F1,2025/2026,2025-11-30,Lyon,Nantes,0.8994405037441406,0.5682390279381355,0.3312014758060051,0.5110971975357574,0,0,1,1,0
16775,SP1,2025/2026,2025-11-30,Sociedad,Villarreal,0.7215416371249429,0.7826241581360257,0.0610825210110828,0.5646959163149982,1,0,0,0,0
16776,SP1,2025/2026,2025-11-30,Sevilla,Betis,0.6929332765165003,0.7593062910600011,0.06637301454350086,0.526148596143798,0,0,0,0,1
16777,SP1,2025/2026,2025-11-30,Celta,Espanol,0.8060560656265525,0.6770855397736388,0.1289705258529137,0.5457689062825699,0,0,0,0,1
16778,SP1,2025/2026,2025-11-30,Girona,Real Madrid,0.6017924813210591,0.9115804525331525,0.30978797121209334,0.5485822624536998,1,0,1,1,1
6970,I1,2025/2026,2025-12-01,Bologna,Cremonese,0.8952659608412116,0.5624136137660245,0.33285234707518707,0.503509764318418,1,0,1,1,1
16779,SP1,2025/2026,2025-12-01,Vallecano,Valencia,0.7825511582104192,0.5765584290422293,0.2059927291681899,0.45118646642297633,1,1,1,1,1
11773,E0,2025/2026,2025-12-02,Bournemouth,Everton,0.7823502594149223,0.6874030303269931,0.09494722908792919,0.5377899390989268,0,0,0,0,1
11774,E0,2025/2026,2025-12-02,Fulham,Man City,0.6314615281662693,0.8761173341092476,0.2446558059429783,0.5532343906495835,1,1,1,1,1
11775,E0,2025/2026,2025-12-02,Newcastle,Tottenham,0.8475119767711888,0.676481099099202,0.17103087767198688,0.5733258335459112,1,0,0,0,0
16780,SP1,2025/2026,2025-12-02,Barcelona,Ath Madrid,0.8803296195542242,0.7054612133216377,0.17486840623258648,0.6210384015336987,1,0,0,0,0
11776,E0,2025/2026,2025-12-03,Arsenal,Brentford,0.9257909842235216,0.5784412074536971,0.3473497767698245,0.5355156547640004,0,0,1,1,0
11777,E0,2025/2026,2025-12-03,Brighton,Aston Villa,0.7976614866925835,0.6970202341722002,0.10064125252038336,0.5559861962446099,1,0,0,0,0
11778,E0,2025/2026,2025-12-03,Burnley,Crystal Palace,0.6293235516856253,0.8619550240887307,0.23263147240310544,0.5424485971527887,0,1,1,1,0
11779,E0,2025/2026,2025-12-03,Wolves,Nott'm Forest,0.6807926698503578,0.7911682748558568,0.11037560500549903,0.5386215621400204,0,0,0,0,1
11780,E0,2025/2026,2025-12-03,Leeds,Chelsea,0.6550964860608693,0.8649178655345056,0.20982137947363622,0.5666046544429221,1,1,1,1,1
11781,E0,2025/2026,2025-12-03,Liverpool,Sunderland,0.924747340355695,0.5661078830711638,0.35863945728453117,0.5235067592244514,1,0,1,1,1
16781,SP1,2025/2026,2025-12-03,Ath Bilbao,Real Madrid,0.6359976865641975,0.8431146679588669,0.20711698139466939,0.536218978330181,0,1,1,1,0
11782,E0,2025/2026,2025-12-04,Man United,West Ham,0.9136861294698798,0.615395477093415,0.2982906523764648,0.5622783115587524,1,0,1,1,1
9165,D1,2025/2026,2025-12-05,Mainz,M'gladbach,0.7460183359265461,0.7472438325551486,0.001225496628602496,0.5574576004941666,0,0,0,0,1
14180,F1,2025/2026,2025-12-05,Brest,Monaco,0.6748558861748808,0.818618818996896,0.14376293282201524,0.5524497285335846,0,0,0,0,1
14181,F1,2025/2026,2025-12-05,Lille,Marseille,0.7657995827386784,0.7321796445505078,0.03361993818817066,0.5607028662865328,0,0,0,0,1
16782,SP1,2025/2026,2025-12-05,Oviedo,Mallorca,0.6984231637827335,0.6705043707435532,0.027918793039180323,0.4682957839448633,0,0,0,0,1
6971,I1,2025/2026,2025-12-06,Sassuolo,Fiorentina,0.6875235443505818,0.7420021330608965,0.054478588710314635,0.5101439364377196,1,0,0,0,0
6972,I1,2025/2026,2025-12-06,Inter,Como,0.890744734913148,0.5862998751190274,0.3044448597941206,0.5222435268425099,0,0,1,1,0
6973,I1,2025/2026,2025-12-06,Verona,Atalanta,0.6000373042725118,0.8623951578479421,0.2623578535754303,0.5174692657327464,1,1,1,1,1
9166,D1,2025/2026,2025-12-06,Augsburg,Leverkusen,0.6732002046176085,0.862690952824152,0.18949074820654344,0.5807637259629788,0,0,0,0,1
9167,D1,2025/2026,2025-12-06,FC Koln,St Pauli,0.8163830484036789,0.6863133480293439,0.13006970037433507,0.5602945832243308,1,0,0,0,0
9168,D1,2025/2026,2025-12-06,Heidenheim,Freiburg,0.6378545829453375,0.8366538239444017,0.1987992409990642,0.5336634759416782,1,1,0,0,0
9169,D1,2025/2026,2025-12-06,Stuttgart,Bayern Munich,0.6615013848525226,0.9272252847849158,0.2657238999323932,0.6133608099554965,0,1,1,1,0
9170,D1,2025/2026,2025-12-06,Wolfsburg,Union Berlin,0.7866767801691842,0.67319873571746,0.11347804445172416,0.529589813828177,1,0,0,0,0
9171,D1,2025/2026,2025-12-06,RB Leipzig,Ein Frankfurt,0.8645461513773386,0.6549936379495006,0.20955251342783798,0.5662722288658827,0,1,1,1,0
11783,E0,2025/2026,2025-12-06,Aston Villa,Arsenal,0.6398691132606232,0.8416782226057902,0.20180910934516694,0.5385638979495444,1,1,1,1,1
11784,E0,2025/2026,2025-12-06,Bournemouth,Chelsea,0.7155482805921491,0.8132882193512689,0.0977399387591198,0.5819469869826511,0,0,0,0,1
11785,E0,2025/2026,2025-12-06,Everton,Nott'm Forest,0.7750875559015121,0.6666426793337024,0.10844487656780977,0.5167064449843949,0,0,0,0,1
11786,E0,2025/2026,2025-12-06,Man City,Sunderland,0.9455079315130847,0.5752277319373702,0.37028019957571445,0.543882382973066,0,0,1,1,0
11787,E0,2025/2026,2025-12-06,Newcastle,Burnley,0.936837744678648,0.5872878528012884,0.34954989187735963,0.5501934274955248,1,0,1,1,1
11788,E0,2025/2026,2025-12-06,Tottenham,Brentford,0.7822212430848143,0.7345669696022971,0.04765427348251727,0.5745938880913538,0,0,0,0,1
11789,E0,2025/2026,2025-12-06,Leeds,Liverpool,0.6644579970658575,0.8497561904852526,0.18529819341939513,0.5646272963241442,1,0,0,0,0
14182,F1,2025/2026,2025-12-06,Nantes,Lens,0.6355513938007002,0.882549295470615,0.24699790166991475,0.5609054348341754,1,1,1,1,1
14183,F1,2025/2026,2025-12-06,Toulouse,Strasbourg,0.7442951455140879,0.7316002780190104,0.012694867495077533,0.5445265353863066,0,0,0,0,1
14184,F1,2025/2026,2025-12-06,Paris SG,Rennes,0.9362712327094853,0.5722633880949562,0.36400784461452906,0.5357937478061713,0,0,1,1,0
16783,SP1,2025/2026,2025-12-06,Villarreal,Getafe,0.8730133655205038,0.5938090046751263,0.2792043608453775,0.5184031976478126,0,1,1,1,0
16784,SP1,2025/2026,2025-12-06,Alaves,Sociedad,0.7096028713427088,0.7160430816921626,0.0064402103494537455,0.5081062267738404,0,0,0,0,1
16785,SP1,2025/2026,2025-12-06,Betis,Barcelona,0.6890371610453139,0.8796410596726606,0.19060389862734672,0.6061053784957416,1,0,0,0,0
16786,SP1,2025/2026,2025-12-06,Ath Bilbao,Ath Madrid,0.6793059013235251,0.8027400859710279,0.12343418464750278,0.5453060776290731,0,0,0,0,1
6974,I1,2025/2026,2025-12-07,Cremonese,Lecce,0.7339684426051816,0.6758588338370352,0.058109608768146415,0.4960590556923229,0,0,0,0,1
6975,I1,2025/2026,2025-12-07,Cagliari,Roma,0.6007992471534608,0.8682257888911584,0.26742654173769764,0.5216294003250276,0,1,1,1,0
6976,I1,2025/2026,2025-12-07,Lazio,Bologna,0.7111222737667231,0.6947949585383744,0.016327315228348738,0.49408417071746485,1,0,0,0,0
6977,I1,2025/2026,2025-12-07,Napoli,Juventus,0.7238024563579418,0.6411605692717822,0.0826418870861596,0.46407359495877226,1,0,0,0,0
9172,D1,2025/2026,2025-12-07,Hamburg,Werder Bremen,0.7651955885017214,0.6869971942424731,0.07819839425924835,0.5256872223474006,1,0,0,0,0
9173,D1,2025/2026,2025-12-07,Dortmund,Hoffenheim,0.884093446580925,0.6429166199856191,0.24117682659530593,0.5683983704272448,0,1,1,1,0
11790,E0,2025/2026,2025-12-07,Brighton,West Ham,0.8909011495923695,0.6046336999978736,0.2862674495944959,0.5386688584103935,1,1,1,1,1
11791,E0,2025/2026,2025-12-07,Fulham,Crystal Palace,0.7430015829053489,0.7404393615617364,0.002562221343612503,0.5501476176857961,1,0,0,0,0
14185,F1,2025/2026,2025-12-07,Nice,Angers,0.8215577111593865,0.6749530047430639,0.14660470641632262,0.5545128457168621,0,0,0,0,1
14186,F1,2025/2026,2025-12-07,Auxerre,Metz,0.8037736378522569,0.6536361447546936,0.1501374930975633,0.5253755019012044,1,0,0,0,0
14187,F1,2025/2026,2025-12-07,Le Havre,Paris FC,0.698128722336,0.7109313448880021,0.012802622552002152,0.4963215914752751,0,0,0,0,1
14188,F1,2025/2026,2025-12-07,Lorient,Lyon,0.6806550698565678,0.7798181780670235,0.09916310821045571,0.5307871964676313,0,0,0,0,1
16787,SP1,2025/2026,2025-12-07,Elche,Girona,0.7844801902523351,0.6601760198782162,0.1243041703741189,0.5178950096740924,0,0,0,0,1
16788,SP1,2025/2026,2025-12-07,Valencia,Sevilla,0.765581799269521,0.6664412356163311,0.0991405636531899,0.5102152802705535,1,0,0,0,0
16789,SP1,2025/2026,2025-12-07,Espanol,Vallecano,0.7281401633771154,0.6312836500480777,0.09685651332903766,0.4596629800833091,0,0,0,0,1
16790,SP1,2025/2026,2025-12-07,Real Madrid,Celta,0.9337534064962765,0.5654193359847685,0.368334070511508,0.5279622310746402,0,0,1,1,0
6978,I1,2025/2026,2025-12-08,Pisa,Parma,0.7263479312794995,0.6711729112998759,0.055175019979623596,0.4875050556535038,0,0,0,0,1
6979,I1,2025/2026,2025-12-08,Udinese,Genoa,0.7285490305413029,0.6768034127433918,0.05174561779791109,0.49308447022124346,1,0,0,0,0
6980,I1,2025/2026,2025-12-08,Torino,Milan,0.6012569559399384,0.8263459020932931,0.22508894615335462,0.4968462216460558,1,1,1,1,1
11792,E0,2025/2026,2025-12-08,Wolves,Man United,0.6238130110591796,0.8333083621731585,0.20949535111397888,0.5198285985480314,1,1,1,1,1
16791,SP1,2025/2026,2025-12-08,Osasuna,Levante,0.8420267933697495,0.6231313567554524,0.2188954366142971,0.524693298176935,0,1,1,1,0
6981,I1,2025/2026,2025-12-12,Lecce,Pisa,0.6966705910533211,0.6362327888613225,0.06043780219199857,0.4432446730635204,0,0,0,0,1
9174,D1,2025/2026,2025-12-12,Union Berlin,RB Leipzig,0.689338421188404,0.8054653149513862,0.11612689376298213,0.5552381885306091,1,0,0,0,0
14189,F1,2025/2026,2025-12-12,Angers,Nantes,0.7532574881719217,0.617840735181415,0.1354167529905067,0.46539316027304617,1,0,0,0,0
16792,SP1,2025/2026,2025-12-12,Sociedad,Girona,0.8514248452949853,0.6148635025258302,0.23656134276915508,0.5235100625155878,1,1,1,1,1
6982,I1,2025/2026,2025-12-13,Torino,Cremonese,0.8159699939614387,0.6699219842757965,0.14604800968564213,0.5466362374641567,0,0,0,0,1
6983,I1,2025/2026,2025-12-13,Parma,Lazio,0.6351217154980284,0.7995288785086422,0.16440716301061375,0.5077981529086236,0,0,0,0,1
6984,I1,2025/2026,2025-12-13,Atalanta,Cagliari,0.9241466167743486,0.5397829538644038,0.38436366290994484,0.4988385906062531,1,0,1,1,1
9175,D1,2025/2026,2025-12-13,Ein Frankfurt,Augsburg,0.8556312457028152,0.6618803749654696,0.19375087073734565,0.5663255297379511,0,1,0,0,1
9176,D1,2025/2026,2025-12-13,Hoffenheim,Hamburg,0.8564385132258638,0.6525411696729528,0.203897343552911,0.5588613891733699,1,1,1,1,1
9177,D1,2025/2026,2025-12-13,M'gladbach,Wolfsburg,0.8131916725579674,0.6898067034708018,0.12338496908716567,0.5609450669371191,1,0,0,0,0
9178,D1,2025/2026,2025-12-13,St Pauli,Heidenheim,0.8033115730819809,0.6174966128877177,0.18581496019426313,0.4960421754716275,1,0,0,0,0
9179,D1,2025/2026,2025-12-13,Leverkusen,FC Koln,0.8974040916941485,0.6438745133436687,0.25352957835047973,0.5778156228121869,0,1,1,1,0
11793,E0,2025/2026,2025-12-13,Chelsea,Everton,0.8695559525500114,0.6046528955157844,0.264903057034227,0.5257795245223504,0,1,1,1,0
11794,E0,2025/2026,2025-12-13,Liverpool,Brighton,0.8703692181597027,0.6372680805424321,0.23310113761727058,0.5546585210198511,0,1,1,1,0
11795,E0,2025/2026,2025-12-13,Burnley,Fulham,0.6577047299957474,0.8367498741841217,0.17904514418837436,0.5503343500742434,1,0,0,0,0
11796,E0,2025/2026,2025-12-13,Arsenal,Wolves,0.9591581179970926,0.5246518646273542,0.43450625336973836,0.5032240950796385,1,0,1,1,1
14190,F1,2025/2026,2025-12-13,Rennes,Brest,0.831520360065358,0.6462823574309008,0.18523800263445722,0.5373969385548311,1,0,0,0,0
14191,F1,2025/2026,2025-12-13,Metz,Paris SG,0.5913459293562339,0.9465659056891202,0.3552199763328864,0.559747895196658,1,0,1,1,1
14192,F1,2025/2026,2025-12-13,Paris FC,Toulouse,0.7314785419904989,0.6735416832636196,0.05793685872687926,0.4926812884434989,0,0,0,0,1
16793,SP1,2025/2026,2025-12-13,Ath Madrid,Valencia,0.9236455065343173,0.4938892217850422,0.42975628474927513,0.45617856042748506,1,0,0,0,0
16794,SP1,2025/2026,2025-12-13,Mallorca,Elche,0.7291553462412752,0.6835263310701187,0.04562901517115647,0.4983968785964609,1,0,0,0,0
16795,SP1,2025/2026,2025-12-13,Barcelona,Osasuna,0.9536546894348279,0.5965040950204111,0.35715059441441677,0.5688589274832933,0,0,1,1,0
16796,SP1,2025/2026,2025-12-13,Getafe,Espanol,0.7055827902307222,0.6556575146340207,0.04992527559670157,0.4626206586112129,0,0,0,0,1
6985,I1,2025/2026,2025-12-14,Milan,Sassuolo,0.9045707787286765,0.5741146460630531,0.33045613266562346,0.5193273324687944,1,0,1,1,1
6986,I1,2025/2026,2025-12-14,Fiorentina,Verona,0.8306051049308463,0.6297181354333874,0.20088696949745888,0.5230470979585056,1,1,1,1,1
6987,I1,2025/2026,2025-12-14,Udinese,Napoli,0.5951142656165932,0.8176779569845574,0.22256369136796417,0.48661181688174115,0,1,1,1,0
6988,I1,2025/2026,2025-12-14,Genoa,Inter,0.6324912879510028,0.9023688139420385,0.26987752599103565,0.5707404133370187,1,1,1,1,1
6989,I1,2025/2026,2025-12-14,Bologna,Juventus,0.6942012075518191,0.7416339354900111,0.047432727938191976,0.5148431735785737,0,0,0,0,1
9180,D1,2025/2026,2025-12-14,Freiburg,Dortmund,0.6852227822622086,0.8031679501509736,0.11794516788876508,0.550348977426285,1,0,0,0,0
9181,D1,2025/2026,2025-12-14,Bayern Munich,Mainz,0.9650888670004086,0.5546232376958024,0.4104656293046063,0.5352607120799402,1,0,1,1,1
9182,D1,2025/2026,2025-12-14,Werder Bremen,Stuttgart,0.7064013000244028,0.7899369959905262,0.08353569596612342,0.5580125209050792,0,0,0,0,1
11797,E0,2025/2026,2025-12-14,Crystal Palace,Man City,0.6535532452873956,0.8539912939817021,0.2004380486943066,0.5581287816289238,0,1,1,1,0
11798,E0,2025/2026,2025-12-14,Nott'm Forest,Tottenham,0.7249951052120959,0.7243811017435744,0.0006140034685214735,0.5251727530722367,0,0,0,0,1
11799,E0,2025/2026,2025-12-14,Sunderland,Newcastle,0.68571352337111,0.7974925715737179,0.11177904820260787,0.5468514411161013,0,0,0,0,1
11800,E0,2025/2026,2025-12-14,West Ham,Aston Villa,0.6782435461399777,0.8316245645157465,0.15338101837576879,0.5640439936942746,1,0,0,0,0
11801,E0,2025/2026,2025-12-14,Brentford,Leeds,0.8241991454445511,0.6841544804998327,0.14004466494471834,0.5638795381800229,1,0,0,0,0
14193,F1,2025/2026,2025-12-14,Lyon,Le Havre,0.8637470909156898,0.531525021240963,0.3322220696747268,0.45910319084578205,0,0,1,1,0
14194,F1,2025/2026,2025-12-14,Auxerre,Lille,0.6140182639064309,0.8331048521937907,0.21908658828735983,0.5115415949960551,1,1,1,1,1
14195,F1,2025/2026,2025-12-14,Lens,Nice,0.8887205908951904,0.610331163910915,0.2783894269842754,0.5424138726326577,0,1,1,1,0
14196,F1,2025/2026,2025-12-14,Strasbourg,Lorient,0.8490965278331185,0.6011845862677868,0.2479119415653317,0.5104637447867677,0,1,1,1,0
14197,F1,2025/2026,2025-12-14,Marseille,Monaco,0.8298290877753327,0.6750437685347735,0.15478531924055916,0.560170954651634,0,0,0,0,1
16797,SP1,2025/2026,2025-12-14,Sevilla,Oviedo,0.795865497421366,0.5791323903861006,0.21673310703526538,0.46091148794745873,0,1,1,1,0
16798,SP1,2025/2026,2025-12-14,Celta,Ath Bilbao,0.709134082234472,0.7076341934499115,0.0014998887845605324,0.5018075243298339,0,0,0,0,1
16799,SP1,2025/2026,2025-12-14,Alaves,Real Madrid,0.5716856262959179,0.8599319940682484,0.2882463677723305,0.49161076060080416,1,1,1,1,1
6990,I1,2025/2026,2025-12-15,Roma,Como,0.7717871383286331,0.6387454456830239,0.13304169264560917,0.4929755196441484,0,0,0,0,1
11802,E0,2025/2026,2025-12-15,Man United,Bournemouth,0.8352997341108733,0.6558535821515766,0.1794461519592967,0.5478343227868758,1,0,0,0,0
16800,SP1,2025/2026,2025-12-15,Vallecano,Betis,0.7254807864066867,0.7131537913514598,0.01232699505522683,0.5173793733785672,0,0,0,0,1
9183,D1,2025/2026,2025-12-19,Dortmund,M'gladbach,0.892568926102606,0.6183754659723988,0.2741934601302072,0.5519427255911825,0,1,1,1,0
16801,SP1,2025/2026,2025-12-19,Valencia,Mallorca,0.7929002786875403,0.6106954123501183,0.18220486633742206,0.48422056264561114,1,0,0,0,0
6991,I1,2025/2026,2025-12-20,Lazio,Cremonese,0.8626849426640887,0.582164612016461,0.2805203306476277,0.5022246449384821,0,1,1,1,0
6992,I1,2025/2026,2025-12-20,Juventus,Roma,0.7967060160768168,0.6249219771346276,0.1717840389421892,0.4978790987617768,1,0,0,0,0
9184,D1,2025/2026,2025-12-20,Augsburg,Werder Bremen,0.7611254747907668,0.6949072892375027,0.06621818555326409,0.5289116404564589,0,0,0,0,1
9185,D1,2025/2026,2025-12-20,FC Koln,Union Berlin,0.768617719799222,0.7211741327526542,0.047443587046567814,0.5543072174945265,0,0,0,0,1
9186,D1,2025/2026,2025-12-20,Hamburg,Ein Frankfurt,0.7263841165657352,0.7434383220112305,0.017054205445495296,0.5400217887552402,1,0,0,0,0
9187,D1,2025/2026,2025-12-20,Stuttgart,Hoffenheim,0.8347006364717554,0.7474756066367502,0.08722502983500524,0.6239183646068068,0,0,0,0,1
9188,D1,2025/2026,2025-12-20,Wolfsburg,Freiburg,0.756577753227217,0.7575751356401231,0.0009973824129061448,0.5731644940234085,1,0,0,0,0
9189,D1,2025/2026,2025-12-20,RB Leipzig,Leverkusen,0.8247933889633359,0.7478595452949695,0.07693384366836642,0.6168296088324172,1,0,0,0,0
11803,E0,2025/2026,2025-12-20,Newcastle,Chelsea,0.7249810717306009,0.7598895940271344,0.03490852229653352,0.5509055722747231,1,0,0,0,0
11804,E0,2025/2026,2025-12-20,Bournemouth,Burnley,0.9040470132420674,0.6173521279155161,0.2866948853265513,0.558115347360657,1,1,1,1,1
11805,E0,2025/2026,2025-12-20,Brighton,Sunderland,0.8699082845124425,0.6091348275777921,0.26077345693465037,0.5298914328949796,0,1,1,1,0
11806,E0,2025/2026,2025-12-20,Man City,West Ham,0.9518260021385423,0.5766039567403983,0.37522204539814397,0.5488266389614783,0,0,1,1,0
11807,E0,2025/2026,2025-12-20,Wolves,Brentford,0.6573114663240861,0.8057531129863028,0.1484416466622167,0.5296307601922238,0,0,0,0,1
11808,E0,2025/2026,2025-12-20,Tottenham,Liverpool,0.6831317981574989,0.8191480771458337,0.1360162789883348,0.559586098897891,1,0,0,0,0
11809,E0,2025/2026,2025-12-20,Everton,Arsenal,0.5738760452705312,0.8842605028124101,0.31038445754187893,0.5074559203429173,0,0,1,1,0
11810,E0,2025/2026,2025-12-20,Leeds,Crystal Palace,0.7504947565587206,0.7503569305376414,0.000137826021079146,0.563138941915996,1,0,0,0,0
16802,SP1,2025/2026,2025-12-20,Oviedo,Celta,0.6307160536114054,0.7896418203455439,0.1589257667341385,0.49803977269486777,0,0,0,0,1
16803,SP1,2025/2026,2025-12-20,Levante,Sociedad,0.6755942820114034,0.7997577307290399,0.12416344871763652,0.540311749874955,1,0,0,0,0
16804,SP1,2025/2026,2025-12-20,Osasuna,Alaves,0.7574812268780877,0.6643137329925005,0.0931674938855872,0.5032051814991216,0,0,0,0,1
16805,SP1,2025/2026,2025-12-20,Real Madrid,Sevilla,0.948001571107598,0.5525957327861118,0.3954058383214861,0.5238616228685884,0,0,1,1,0
6993,I1,2025/2026,2025-12-21,Cagliari,Pisa,0.765599691710243,0.655846011745536,0.10975367996470697,0.5021155044017748,1,0,0,0,0
6994,I1,2025/2026,2025-12-21,Sassuolo,Torino,0.7493602287942502,0.6954817216314002,0.05387850716285003,0.5211663420439251,0,0,0,0,1
6995,I1,2025/2026,2025-12-21,Fiorentina,Udinese,0.780241080637873,0.6796897199034206,0.10055136073445237,0.5303218415558981,1,0,0,0,0
6996,I1,2025/2026,2025-12-21,Genoa,Atalanta,0.6316125889061988,0.8363633600781204,0.20475077117192164,0.528257627125229,0,1,1,1,0
9190,D1,2025/2026,2025-12-21,Mainz,St Pauli,0.8048378749280078,0.6345933012537905,0.1702445736742173,0.5107447240246499,0,0,0,0,1
9191,D1,2025/2026,2025-12-21,Heidenheim,Bayern Munich,0.5758333112967926,0.9639625777281107,0.38812926643131807,0.5550817630993697,0,0,1,1,0
11811,E0,2025/2026,2025-12-21,Aston Villa,Man United,0.7993878392211382,0.7253023471649012,0.07408549205623705,0.5797978760821701,1,0,0,0,0
16806,SP1,2025/2026,2025-12-21,Girona,Ath Madrid,0.5988749977451578,0.8647738789758437,0.26589888123068584,0.5178914548217298,0,1,1,1,0
16807,SP1,2025/2026,2025-12-21,Villarreal,Barcelona,0.7249253731685616,0.8791215141150973,0.15419614094653566,0.6372974916803978,0,0,0,0,1
16808,SP1,2025/2026,2025-12-21,Elche,Vallecano,0.7194835442907793,0.656544103436352,0.06293944085442738,0.47237267852359854,0,0,0,0,1
16809,SP1,2025/2026,2025-12-21,Betis,Getafe,0.8416800277180648,0.593881804698131,0.24779822301993382,0.4998584538395773,0,1,1,1,0
11812,E0,2025/2026,2025-12-22,Fulham,Nott'm Forest,0.7632519029858901,0.74891754572839,0.014334357257500097,0.571612741956716,0,0,0,0,1
16810,SP1,2025/2026,2025-12-22,Ath Bilbao,Espanol,0.8345990327508562,0.5873823325362966,0.24721670021455966,0.49022872658973493,1,1,1,1,1
11813,E0,2025/2026,2025-12-26,Man United,Newcastle,0.7721510685128948,0.7713956635136356,0.0007554049992591905,0.5956339858282672,0,0,0,0,1
6997,I1,2025/2026,2025-12-27,Parma,Fiorentina,0.6459958954208309,0.7798886840664769,0.13389278864564602,0.5038048887920973,0,0,0,0,1
6998,I1,2025/2026,2025-12-27,Lecce,Como,0.5764237236497953,0.825813565956237,0.24938984230644168,0.47601853072900996,0,1,1,1,0
6999,I1,2025/2026,2025-12-27,Torino,Cagliari,0.8064097083545401,0.6494861608982263,0.15692354745631376,0.5237519455902485,1,0,0,0,0
7000,I1,2025/2026,2025-12-27,Udinese,Lazio,0.6611694889440373,0.74389817839551,0.08272868945147271,0.4918427784361596,1,0,0,0,0
7001,I1,2025/2026,2025-12-27,Pisa,Juventus,0.5670201600408044,0.8914160002230431,0.32439584018223877,0.5054508431094036,0,0,1,1,0
11814,E0,2025/2026,2025-12-27,Nott'm Forest,Man City,0.6352094733796778,0.8938148703453787,0.25860539696570084,0.5677596730910129,1,1,1,1,1
11815,E0,2025/2026,2025-12-27,Arsenal,Brighton,0.9051587832314071,0.5539922976920779,0.35116648553932917,0.5014509940985327,1,0,1,1,1
11816,E0,2025/2026,2025-12-27,Brentford,Bournemouth,0.7655787267309974,0.7013791467486213,0.06419957998237602,0.5369609541234829,1,0,0,0,0
11817,E0,2025/2026,2025-12-27,Burnley,Everton,0.6381195721739567,0.8256898823488001,0.1875703101748435,0.526888874472781,0,0,0,0,1
11818,E0,2025/2026,2025-12-27,Liverpool,Wolves,0.9385011271052331,0.5585867664799555,0.3799143606252776,0.524234309927506,1,0,1,1,1
11819,E0,2025/2026,2025-12-27,West Ham,Fulham,0.7413120776138797,0.7636305526685727,0.022318475054692977,0.5660885515281748,0,0,0,0,1
11820,E0,2025/2026,2025-12-27,Chelsea,Aston Villa,0.8474580033309439,0.6544356053669501,0.19302239796399379,0.554606691432953,1,0,0,0,0
7002,I1,2025/2026,2025-12-28,Milan,Verona,0.9136275575102057,0.5688044602960546,0.34482309721415116,0.5196754297611952,0,0,1,1,0
7003,I1,2025/2026,2025-12-28,Cremonese,Napoli,0.5628931044620462,0.8784305303075212,0.31553742584547495,0.49446248825904215,0,0,1,1,0
7004,I1,2025/2026,2025-12-28,Bologna,Sassuolo,0.8422257188084897,0.6074290430348325,0.23479667577365726,0.5115923623951648,1,1,1,1,1
7005,I1,2025/2026,2025-12-28,Atalanta,Inter,0.6769582880098592,0.8257898705605757,0.1488315825507165,0.5590252970305706,0,0,0,0,1
11821,E0,2025/2026,2025-12-28,Sunderland,Leeds,0.7244572179340804,0.7289078025581142,0.004450584624033804,0.5280625187716953,1,0,0,0,0
11822,E0,2025/2026,2025-12-28,Crystal Palace,Tottenham,0.7634335719294275,0.7034952110750881,0.059938360854339456,0.5370718618263011,0,0,0,0,1
7006,I1,2025/2026,2025-12-29,Roma,Genoa,0.8640166080319569,0.5682471013280127,0.2957695067039442,0.49097493301342127,1,0,1,1,1
11823,E0,2025/2026,2025-12-30,Burnley,Newcastle,0.5951889356462596,0.8718028743632028,0.2766139387169432,0.5188874248855845,1,1,1,1,1
11824,E0,2025/2026,2025-12-30,Chelsea,Bournemouth,0.892463627132332,0.5791346902347311,0.3133289368976009,0.5168566462450476,1,0,1,1,1
11825,E0,2025/2026,2025-12-30,Nott'm Forest,Everton,0.7803165214861136,0.6422036439637651,0.13811287752234858,0.5011221135435118,0,0,0,0,1
11826,E0,2025/2026,2025-12-30,West Ham,Brighton,0.6679377129901964,0.808300745235865,0.1403630322456686,0.5398945511811151,1,0,0,0,0
11827,E0,2025/2026,2025-12-30,Arsenal,Aston Villa,0.9119638764824325,0.5823214528327124,0.3296424236497201,0.5310561294842023,1,0,1,1,1
11828,E0,2025/2026,2025-12-30,Man United,Wolves,0.9220306380022991,0.5998680113023577,0.32216262669994145,0.5530966851782833,1,0,1,1,1
11829,E0,2025/2026,2026-01-01,Crystal Palace,Fulham,0.7846243332511842,0.6945189282653415,0.09010540498584274,0.5449364510205206,1,0,0,0,0
11830,E0,2025/2026,2026-01-01,Liverpool,Leeds,0.8956990894742131,0.6121184258566835,0.28358066361752954,0.5482739166902201,0,1,1,1,0
11831,E0,2025/2026,2026-01-01,Brentford,Tottenham,0.7912820633331358,0.6785860171913213,0.1126960461418145,0.5369529438321634,0,0,0,0,1
11832,E0,2025/2026,2026-01-01,Sunderland,Man City,0.5824921438450507,0.9186545495420282,0.33616240569697753,0.5351090580157453,0,0,1,1,0
7007,I1,2025/2026,2026-01-02,Cagliari,Milan,0.582539651194574,0.88468535380157,0.302145702606996,0.5153642974205148,0,0,1,1,0
14198,F1,2025/2026,2026-01-02,Toulouse,Lens,0.743826154799198,0.7293515189846187,0.014474635814579306,0.5425107358632831,0,0,0,0,1
16811,SP1,2025/2026,2026-01-02,Vallecano,Getafe,0.7545255526504773,0.5680619584531313,0.18646359419734593,0.4286172631415614,1,0,0,0,0
7008,I1,2025/2026,2026-01-03,Como,Udinese,0.8553768723711416,0.6147384265967534,0.2406384457743882,0.5258330326686875,0,1,1,1,0
7009,I1,2025/2026,2026-01-03,Genoa,Pisa,0.805144399394303,0.604802363673546,0.20034203572075704,0.486953235852192,1,1,1,1,1
7010,I1,2025/2026,2026-01-03,Sassuolo,Parma,0.8153783342958698,0.6228392195563183,0.19253911473955154,0.5078496053759703,1,0,0,0,0
7011,I1,2025/2026,2026-01-03,Juventus,Lecce,0.9302358008603915,0.5159356618833076,0.41430013897708384,0.4799418236244548,1,0,1,1,1
7012,I1,2025/2026,2026-01-03,Atalanta,Roma,0.757649476124862,0.6853664071098716,0.07228306901499038,0.5192674993003731,0,0,0,0,1
11833,E0,2025/2026,2026-01-03,Aston Villa,Nott'm Forest,0.8430826493395047,0.6636531766246287,0.17942947271487597,0.5595144783912702,1,0,0,0,0
11834,E0,2025/2026,2026-01-03,Brighton,Burnley,0.8928687568842958,0.5636221723422445,0.32924658454205125,0.5032406283716462,0,0,1,1,0
11835,E0,2025/2026,2026-01-03,Wolves,West Ham,0.7446014801050086,0.7231787791796448,0.021422700925363802,0.5384799893576967,0,0,0,0,1
11836,E0,2025/2026,2026-01-03,Bournemouth,Arsenal,0.619965873763594,0.9121779965457747,0.29221212278218067,0.5655192286564259,1,1,1,1,1
14199,F1,2025/2026,2026-01-03,Monaco,Lyon,0.8082570021479533,0.6898227025699196,0.11843429957803364,0.5575540295927625,1,0,0,0,0
14200,F1,2025/2026,2026-01-03,Nice,Strasbourg,0.7233025748552618,0.7589908374889556,0.035688262633693735,0.5489800270473132,1,0,0,0,0
14201,F1,2025/2026,2026-01-03,Lille,Rennes,0.8303003081780138,0.6706155172591866,0.15968479091882726,0.5568122706492608,0,0,0,0,1
16812,SP1,2025/2026,2026-01-03,Celta,Valencia,0.7836656092557436,0.5857283358324279,0.19793727342331568,0.4590151531584724,1,1,0,0,0
16813,SP1,2025/2026,2026-01-03,Osasuna,Ath Bilbao,0.6710823992389754,0.7446733715356174,0.07359097229664202,0.4997371928194991,1,0,0,0,0
16814,SP1,2025/2026,2026-01-03,Elche,Villarreal,0.7095733683466956,0.8059990498188669,0.09642568147217134,0.5719154606642095,1,0,0,0,0
16815,SP1,2025/2026,2026-01-03,Espanol,Barcelona,0.611605418449517,0.9007661702292223,0.28916075177970535,0.5509134704682124,0,1,1,1,0
7013,I1,2025/2026,2026-01-04,Lazio,Napoli,0.6422900722974374,0.7471326991218104,0.10484262682437295,0.4798759153347271,0,0,0,0,1
7014,I1,2025/2026,2026-01-04,Fiorentina,Cremonese,0.8503819596926034,0.6276738559714614,0.22270810372114203,0.5337625236888243,0,1,1,1,0
7015,I1,2025/2026,2026-01-04,Verona,Torino,0.7186545174698692,0.7311639658245442,0.012509448354675046,0.5254542870509937,0,0,0,0,1
7016,I1,2025/2026,2026-01-04,Inter,Bologna,0.908337832653389,0.5534191142363588,0.35491871841703015,0.5026915187744124,1,0,1,1,1
11837,E0,2025/2026,2026-01-04,Leeds,Man United,0.7397230148849165,0.7621027611152261,0.022379746230309583,0.5637449521042744,1,0,0,0,0
11838,E0,2025/2026,2026-01-04,Everton,Brentford,0.7439627306008538,0.6697069248199665,0.07425580578088731,0.498236992491363,1,0,0,0,0
11839,E0,2025/2026,2026-01-04,Newcastle,Crystal Palace,0.8582445985146357,0.6026497928942476,0.25559480562038817,0.5172209295474519,0,1,1,1,0
11840,E0,2025/2026,2026-01-04,Tottenham,Sunderland,0.8196980817120432,0.5701423032568147,0.24955577845522847,0.467344552282497,1,1,1,1,1
11841,E0,2025/2026,2026-01-04,Fulham,Liverpool,0.6456924013408127,0.8180291158313829,0.1723367144905702,0.5281951841678675,1,0,0,0,0
11842,E0,2025/2026,2026-01-04,Man City,Chelsea,0.8723999694308677,0.614491963847639,0.2579080055832287,0.5360827704761941,1,1,1,1,1
14202,F1,2025/2026,2026-01-04,Marseille,Nantes,0.9405675612802661,0.5326662688681298,0.40790129241213624,0.5010086134855554,0,0,1,1,0
14203,F1,2025/2026,2026-01-04,Brest,Auxerre,0.8046291613751179,0.6499321345570619,0.15469702681805597,0.5229543483793889,0,0,0,0,1
14204,F1,2025/2026,2026-01-04,Le Havre,Angers,0.7919053440673021,0.644910416139384,0.14699492792791802,0.5107080049854459,1,0,0,0,0
14205,F1,2025/2026,2026-01-04,Lorient,Metz,0.8295638303185277,0.6337044457395165,0.1958593845790112,0.5256982872975529,1,1,0,0,0
14206,F1,2025/2026,2026-01-04,Paris SG,Paris FC,0.9507547330338432,0.5409197688008862,0.40983496423295696,0.5142820303790148,1,0,1,1,1
16816,SP1,2025/2026,2026-01-04,Sevilla,Levante,0.834596524714685,0.6162850816258597,0.21831144308882533,0.5143493873584485,0,1,1,1,0
16817,SP1,2025/2026,2026-01-04,Real Madrid,Betis,0.9007956985531616,0.5995263026388504,0.3012693959143111,0.5400507145865574,1,0,1,1,1
16818,SP1,2025/2026,2026-01-04,Alaves,Oviedo,0.7961805549781575,0.5385637538058144,0.2576168011723431,0.42879398839623317,1,1,1,1,1
16819,SP1,2025/2026,2026-01-04,Mallorca,Girona,0.7498409836065617,0.6475011652730858,0.10233981833347594,0.4855229106547655,1,0,0,0,0
16820,SP1,2025/2026,2026-01-04,Sociedad,Ath Madrid,0.6598238881626219,0.8386998575413256,0.17887596937870365,0.5533942010043545,1,0,0,0,0
7017,I1,2025/2026,2026-01-06,Pisa,Como,0.5847082405254971,0.8434803477805405,0.2587721072550434,0.4931899100685942,0,1,1,1,0
7018,I1,2025/2026,2026-01-06,Lecce,Roma,0.5623054777915649,0.8511085773908016,0.28880309959923667,0.4785830152622338,0,1,1,1,0
7019,I1,2025/2026,2026-01-06,Sassuolo,Juventus,0.6017589110714481,0.859062826728275,0.257303915656827,0.5169487111539669,0,1,1,1,0
11843,E0,2025/2026,2026-01-06,West Ham,Nott'm Forest,0.6913255439156656,0.7963350671107792,0.10500952319511359,0.5505267734094774,1,0,0,0,0
7020,I1,2025/2026,2026-01-07,Bologna,Atalanta,0.7210799395014778,0.7397827166805464,0.018702777179068653,0.5334424765882473,0,0,0,0,1
7021,I1,2025/2026,2026-01-07,Napoli,Verona,0.9131488258446974,0.5270956959329114,0.386053129911786,0.48131681584893166,1,0,1,1,1
7022,I1,2025/2026,2026-01-07,Lazio,Fiorentina,0.7337517341007713,0.6902286899453507,0.04352304415542063,0.5064564981735047,1,0,0,0,0
7023,I1,2025/2026,2026-01-07,Parma,Inter,0.568950592374237,0.9150890428200473,0.3461384504458104,0.5206404529876394,0,0,1,1,0
7024,I1,2025/2026,2026-01-07,Torino,Udinese,0.7426993837649192,0.6636267530563793,0.07907263070853987,0.4928751805448871,1,0,0,0,0
11844,E0,2025/2026,2026-01-07,Bournemouth,Tottenham,0.8074015836155883,0.7113013869098537,0.09610019670573466,0.5743058662189802,1,0,0,0,0
11845,E0,2025/2026,2026-01-07,Brentford,Sunderland,0.8257038532713113,0.5923757349672419,0.2333281183040694,0.48912692694687676,0,1,1,1,0
11846,E0,2025/2026,2026-01-07,Crystal Palace,Aston Villa,0.7026104451376535,0.7806238794221472,0.0780134342844937,0.5484744914058768,0,0,0,0,1
11847,E0,2025/2026,2026-01-07,Everton,Wolves,0.842317126069914,0.6125384046420285,0.22977872142788558,0.5159515886055235,1,1,1,1,1
11848,E0,2025/2026,2026-01-07,Fulham,Chelsea,0.657195205745981,0.8000667697867868,0.1428715640408058,0.5258000453805498,1,0,0,0,0
11849,E0,2025/2026,2026-01-07,Man City,Brighton,0.9147283164288078,0.5561070610568013,0.3586212553720065,0.5086868757146601,1,0,1,1,1
11850,E0,2025/2026,2026-01-07,Burnley,Man United,0.6184435539111486,0.8543746541211025,0.2359311002099539,0.528382497466263,1,1,1,1,1
11851,E0,2025/2026,2026-01-07,Newcastle,Leeds,0.8607869597596761,0.5813071498859218,0.2794798098737543,0.500381614236865,1,1,1,1,1
7025,I1,2025/2026,2026-01-08,Cremonese,Cagliari,0.7351120614841289,0.660031055486421,0.07508100599770784,0.4851967898421684,1,0,0,0,0
7026,I1,2025/2026,2026-01-08,Milan,Genoa,0.8998937701349803,0.5603480675856412,0.33954570254933913,0.5042537351274934,1,0,1,1,1
11852,E0,2025/2026,2026-01-08,Arsenal,Liverpool,0.875834812045864,0.6120551281636997,0.26377968388216433,0.5360591881369611,0,1,1,1,0
9192,D1,2025/2026,2026-01-09,Ein Frankfurt,Dortmund,0.6690375441975286,0.8279582865062218,0.15892074230869324,0.5539351787021164,1,0,0,0,0
16821,SP1,2025/2026,2026-01-09,Getafe,Sociedad,0.6153114965044998,0.7368523990427707,0.12154090253827088,0.45339375235793805,1,0,0,0,0
7027,I1,2025/2026,2026-01-10,Como,Bologna,0.7941052566785182,0.6214967892124319,0.17260846746608627,0.4935338673224131,1,0,0,0,0
7028,I1,2025/2026,2026-01-10,Udinese,Pisa,0.8039270197427254,0.6001746853295361,0.2037523344131893,0.482496646102002,1,1,1,1,1
7029,I1,2025/2026,2026-01-10,Roma,Sassuolo,0.8731885320580581,0.5428660790054121,0.33032245305264607,0.4740244346308496,0,0,1,1,0
7030,I1,2025/2026,2026-01-10,Atalanta,Torino,0.8650106304869907,0.5877503318987426,0.2772602985882481,0.5084102851646694,0,1,1,1,0
9193,D1,2025/2026,2026-01-10,Freiburg,Hamburg,0.8536415788276467,0.6663621166751661,0.1872794621524806,0.5688344093495213,1,0,0,0,0
9194,D1,2025/2026,2026-01-10,Heidenheim,FC Koln,0.6872485207424744,0.7813385038972837,0.09408998315480921,0.5369737310025463,1,0,0,0,0
9195,D1,2025/2026,2026-01-10,Union Berlin,Mainz,0.7568189681754014,0.6298403815054187,0.12697858666998274,0.4766751476461321,1,0,0,0,0
9196,D1,2025/2026,2026-01-10,Leverkusen,Stuttgart,0.8233144650107196,0.6875091058485483,0.1358053591621713,0.5660361916716957,1,0,0,0,0
16822,SP1,2025/2026,2026-01-10,Oviedo,Betis,0.6111151590541997,0.8201177681255665,0.2090026090713668,0.5011864003112307,1,1,1,1,1
16823,SP1,2025/2026,2026-01-10,Villarreal,Alaves,0.8941320118294831,0.5751383620279652,0.3189936498015179,0.5142496207203782,1,0,1,1,1
16824,SP1,2025/2026,2026-01-10,Girona,Osasuna,0.7440875504438652,0.6994230295316509,0.04466452091221429,0.5204319687682333,0,0,0,0,1
16825,SP1,2025/2026,2026-01-10,Valencia,Elche,0.7835155598158359,0.7011831570905732,0.08233240272526265,0.5493879138612556,1,0,0,0,0
7031,I1,2025/2026,2026-01-11,Lecce,Parma,0.6879001677364674,0.6797908089056258,0.008109358830841629,0.4676282114718889,1,0,0,0,0
7032,I1,2025/2026,2026-01-11,Fiorentina,Milan,0.6629553000293322,0.8138566677839117,0.15090136775457952,0.5395505913715558,1,0,0,0,0
7033,I1,2025/2026,2026-01-11,Verona,Lazio,0.6328349408535845,0.7542176929336656,0.12138275208008109,0.47729530909840323,0,0,0,0,1
7034,I1,2025/2026,2026-01-11,Inter,Napoli,0.8464594208161798,0.6168278076254313,0.22963161319074843,0.5221197087859365,1,1,1,1,1
9197,D1,2025/2026,2026-01-11,M'gladbach,Augsburg,0.8132239910118759,0.6238733117166673,0.18935067929520866,0.5073487444400243,0,0,0,0,1
9198,D1,2025/2026,2026-01-11,Bayern Munich,Wolfsburg,0.9694540473497244,0.606148898741283,0.36330514860844143,0.587633503181315,1,0,1,1,1
16826,SP1,2025/2026,2026-01-11,Vallecano,Mallorca,0.8028980433981039,0.5839523169832652,0.21894572641483867,0.468854172743653,1,1,1,1,1
16827,SP1,2025/2026,2026-01-11,Levante,Espanol,0.6835212975732606,0.7500831116287399,0.06656181405547923,0.5126977817482652,1,0,0,0,0
7035,I1,2025/2026,2026-01-12,Genoa,Cagliari,0.7752519644168636,0.6256091562214056,0.14964280819545805,0.4850047273178212,0,0,0,0,1
7036,I1,2025/2026,2026-01-12,Juventus,Cremonese,0.9300779937310795,0.5091093898079418,0.4209686039231376,0.4735114398622246,0,0,1,1,0
16828,SP1,2025/2026,2026-01-12,Sevilla,Celta,0.7389394642585152,0.7360749029477431,0.0028645613107720624,0.5439147944383439,0,0,0,0,1
9199,D1,2025/2026,2026-01-13,Stuttgart,Ein Frankfurt,0.8555964882376268,0.6263252282289272,0.22927126000869957,0.5358816657673002,1,1,1,1,1
9200,D1,2025/2026,2026-01-13,Dortmund,Werder Bremen,0.9119283546232374,0.5616692091821202,0.35025914544111725,0.5122020777719858,0,0,1,1,0
9201,D1,2025/2026,2026-01-13,Mainz,Heidenheim,0.8449559169020109,0.6186070021467335,0.2263489147552774,0.5226956467008974,1,1,1,1,1
7037,I1,2025/2026,2026-01-14,Napoli,Parma,0.9240468344180518,0.5252200530722325,0.3988267813458193,0.4853279274142776,0,0,1,1,0
7038,I1,2025/2026,2026-01-14,Inter,Lecce,0.9541609850952854,0.5074524992273706,0.4467084858679148,0.4841913765518524,0,0,1,1,0
9202,D1,2025/2026,2026-01-14,Wolfsburg,St Pauli,0.8287535129228774,0.6863974083054645,0.14235610461741288,0.5688542633943123,1,0,0,0,0
9203,D1,2025/2026,2026-01-14,FC Koln,Bayern Munich,0.6156217067534229,0.955101344892025,0.33947963813860216,0.587981120064918,1,0,1,1,1
9204,D1,2025/2026,2026-01-14,Hoffenheim,M'gladbach,0.8366804862289915,0.6540207028637147,0.18265978336527677,0.5472063596758396,1,0,0,0,0
9205,D1,2025/2026,2026-01-14,RB Leipzig,Freiburg,0.8686926671929066,0.671126086951987,0.19756658024091955,0.5830023104970602,0,1,0,0,1
7039,I1,2025/2026,2026-01-15,Verona,Bologna,0.6229374421362065,0.7879606043819353,0.16502316224572877,0.4908501633977821,1,0,0,0,0
7040,I1,2025/2026,2026-01-15,Como,Milan,0.690502949212437,0.7287427953874676,0.03823984617503051,0.5031990494323619,1,0,0,0,0
9206,D1,2025/2026,2026-01-15,Augsburg,Union Berlin,0.7142727862949141,0.7095927039542342,0.0046800823406798475,0.506842757787933,1,0,0,0,0
7041,I1,2025/2026,2026-01-16,Pisa,Atalanta,0.5866360494616705,0.8863894491004184,0.2997533996387479,0.5199880047047759,1,0,1,1,1
9207,D1,2025/2026,2026-01-16,Werder Bremen,Ein Frankfurt,0.7180901691618705,0.7420108948957145,0.02392072573384396,0.5328307290356146,1,0,0,0,0
14207,F1,2025/2026,2026-01-16,Monaco,Lorient,0.8654214098944227,0.5959129020502756,0.26950850784414715,0.5157157838666265,1,1,1,1,1
14208,F1,2025/2026,2026-01-16,Paris SG,Lille,0.9353393191575974,0.5906672666441214,0.344672052513476,0.5524743190315915,0,0,1,1,0
16829,SP1,2025/2026,2026-01-16,Espanol,Girona,0.8075262171826225,0.6000740329050951,0.20745218427752743,0.484575513821372,0,1,1,1,0
7042,I1,2025/2026,2026-01-17,Udinese,Inter,0.5801204975216128,0.9102181316803218,0.3300976341587091,0.5280361954035812,0,0,1,1,0
7043,I1,2025/2026,2026-01-17,Napoli,Sassuolo,0.8910542538500195,0.5319180674348841,0.35913618641513534,0.473967856687535,0,0,1,1,0
7044,I1,2025/2026,2026-01-17,Cagliari,Juventus,0.5888734247684485,0.9046730262056671,0.31579960143721864,0.5327379032373676,0,0,1,1,0
9208,D1,2025/2026,2026-01-17,Dortmund,St Pauli,0.9228629338907768,0.5449802642904714,0.37788266960030537,0.5029420856156753,1,0,1,1,1
9209,D1,2025/2026,2026-01-17,FC Koln,Mainz,0.7808884713566377,0.6774413958462174,0.10344707551042032,0.5290061760360597,1,0,0,0,0
9210,D1,2025/2026,2026-01-17,Hamburg,M'gladbach,0.7567615775862551,0.7503530550754226,0.0064085225108324595,0.5678383617055429,0,0,0,0,1
9211,D1,2025/2026,2026-01-17,Hoffenheim,Leverkusen,0.7748562851878581,0.7634696341539782,0.011386651033879924,0.5915792445742846,0,0,0,0,1
9212,D1,2025/2026,2026-01-17,Wolfsburg,Heidenheim,0.8701305300995542,0.6784683399270367,0.1916621901725175,0.5903560162764769,1,0,0,0,0
9213,D1,2025/2026,2026-01-17,RB Leipzig,Bayern Munich,0.6858600525306008,0.9234193850877626,0.23755933255716177,0.633336467964068,1,1,1,1,1
11853,E0,2025/2026,2026-01-17,Man United,Man City,0.6662955438165237,0.8115348982043203,0.14523935438779667,0.5407220863251349,0,0,0,0,1
11854,E0,2025/2026,2026-01-17,Chelsea,Brentford,0.8815944426920658,0.65879881899963,0.22279562369243577,0.5807933776821699,0,1,1,1,0
11855,E0,2025/2026,2026-01-17,Leeds,Fulham,0.7915672444418744,0.6677526574627886,0.12381458697908587,0.5285711310365584,0,0,0,0,1
11856,E0,2025/2026,2026-01-17,Liverpool,Burnley,0.9367497167768639,0.4938788682826915,0.4428708484941724,0.46264088998588937,1,0,0,0,0
11857,E0,2025/2026,2026-01-17,Sunderland,Crystal Palace,0.6834315562949558,0.6810600649856288,0.002371491309327012,0.46545794014347197,1,0,0,0,0
11858,E0,2025/2026,2026-01-17,Tottenham,West Ham,0.848439249027077,0.6083253110811673,0.24011393794590974,0.5161270700978686,1,1,1,1,1
11859,E0,2025/2026,2026-01-17,Nott'm Forest,Arsenal,0.6007544219987944,0.8878005169047312,0.2870460949059368,0.5333500863833326,0,1,1,1,0
14209,F1,2025/2026,2026-01-17,Lens,Auxerre,0.8969724996003043,0.5613335357943081,0.3356389638059962,0.5035007447108975,0,0,1,1,0
14210,F1,2025/2026,2026-01-17,Toulouse,Nice,0.8001801992318663,0.638950760351641,0.16122943888022534,0.5112757467175286,1,0,0,0,0
14211,F1,2025/2026,2026-01-17,Angers,Marseille,0.5891025045606428,0.8818939968445748,0.292791492283932,0.5195259622981346,1,0,1,1,1
16830,SP1,2025/2026,2026-01-17,Real Madrid,Levante,0.9549475186983756,0.5405799081823186,0.414367610516057,0.5162254419769008,0,0,1,1,0
16831,SP1,2025/2026,2026-01-17,Mallorca,Ath Bilbao,0.6236495510792026,0.7668644835270423,0.14321493244783967,0.4782546908902245,1,0,0,0,0
16832,SP1,2025/2026,2026-01-17,Osasuna,Oviedo,0.820380666859007,0.5356408339978144,0.28473983286119264,0.4394293845920416,1,1,1,1,1
16833,SP1,2025/2026,2026-01-17,Betis,Villarreal,0.7702476857299809,0.7798720904886094,0.009624404758628469,0.6006946728642536,0,0,0,0,1
7045,I1,2025/2026,2026-01-18,Parma,Genoa,0.6513116413831957,0.6778186952674876,0.026507053884291865,0.4414712069748835,0,0,0,0,1
7046,I1,2025/2026,2026-01-18,Bologna,Fiorentina,0.7858752235717275,0.6867790951465047,0.09909612842522275,0.539722674942648,1,0,0,0,0
7047,I1,2025/2026,2026-01-18,Torino,Roma,0.6538996393640043,0.8021165449206253,0.14821690555662104,0.5245037194514981,0,0,0,0,1
7048,I1,2025/2026,2026-01-18,Milan,Lecce,0.9246082231223921,0.5178568371993695,0.4067513859230226,0.4788146900746909,0,0,1,1,0
9214,D1,2025/2026,2026-01-18,Stuttgart,Union Berlin,0.8669018577685587,0.6289300714465094,0.2379717863220493,0.5452206473434913,1,1,1,1,1
9215,D1,2025/2026,2026-01-18,Augsburg,Freiburg,0.6905336845810076,0.7435767417542173,0.05304305717320967,0.5134647872522801,1,0,0,0,0
11860,E0,2025/2026,2026-01-18,Wolves,Newcastle,0.6372071495384211,0.8663335080472797,0.22912635850885865,0.5520339052124279,0,1,1,1,0
11861,E0,2025/2026,2026-01-18,Aston Villa,Everton,0.8573349483760817,0.6073421078081426,0.24999284056793913,0.5206956146443146,0,1,1,1,0
14212,F1,2025/2026,2026-01-18,Strasbourg,Metz,0.8826055944269673,0.5859820110861113,0.29662358334085603,0.517191001218167,1,0,1,1,1
14213,F1,2025/2026,2026-01-18,Nantes,Paris FC,0.6722108774468809,0.756355652678732,0.08414477523185104,0.5084304969490787,1,0,0,0,0
14214,F1,2025/2026,2026-01-18,Rennes,Le Havre,0.8555260019392746,0.6163019327579904,0.23922406918128425,0.5272623285198912,1,1,1,1,1
14215,F1,2025/2026,2026-01-18,Lyon,Brest,0.8701761556619061,0.6001812620670796,0.26999489359482653,0.5222634233258423,1,1,1,1,1
16834,SP1,2025/2026,2026-01-18,Getafe,Valencia,0.698377320964588,0.6448138576705301,0.05356346329405792,0.450323374440786,0,0,0,0,1
16835,SP1,2025/2026,2026-01-18,Ath Madrid,Alaves,0.9244547790965675,0.5313347151897647,0.39312006390680276,0.49119491675709154,0,0,1,1,0
16836,SP1,2025/2026,2026-01-18,Celta,Vallecano,0.7689401826473019,0.6046703031180198,0.16426987952928207,0.4649552933209696,0,0,0,0,1
16837,SP1,2025/2026,2026-01-18,Sociedad,Barcelona,0.6441801204552897,0.8929058278890194,0.24872570743372968,0.5751921837647787,1,1,1,1,1
7049,I1,2025/2026,2026-01-19,Cremonese,Verona,0.7069964388538589,0.6859537909038774,0.021042647949981452,0.4849668873873459,0,0,0,0,1
7050,I1,2025/2026,2026-01-19,Lazio,Como,0.7017227018438912,0.6991765329635671,0.0025461688803241067,0.4906280457770387,0,0,0,0,1
11862,E0,2025/2026,2026-01-19,Brighton,Bournemouth,0.8321112365685364,0.654314535962953,0.1777967006055834,0.5444624776249009,1,0,0,0,0
16838,SP1,2025/2026,2026-01-19,Elche,Sevilla,0.7743520054909341,0.7104966833644621,0.06385532212647194,0.5501745316579284,1,0,0,0,0
7051,I1,2025/2026,2026-01-23,Inter,Pisa,0.9453406307988805,0.4913186144522152,0.45402201634666534,0.4644634489094891,1,0,0,0,0
9216,D1,2025/2026,2026-01-23,St Pauli,Hamburg,0.6777357065890267,0.7073284840000886,0.02959277741106192,0.47938176989434517,0,0,0,0,1
14216,F1,2025/2026,2026-01-23,Auxerre,Paris SG,0.5985443021747882,0.9421331094551396,0.34358880728035146,0.5639084045545899,0,0,1,1,0
16839,SP1,2025/2026,2026-01-23,Levante,Elche,0.7624472135564698,0.6848837223533337,0.0775634912031361,0.5221876857184822,1,0,0,0,0
7052,I1,2025/2026,2026-01-24,Como,Torino,0.8621816874108517,0.6113993887746668,0.25078229863618484,0.5271373566957056,0,1,1,1,0
7053,I1,2025/2026,2026-01-24,Fiorentina,Cagliari,0.8597917676307674,0.5741924368247482,0.2855993308060192,0.49368593021776797,1,1,1,1,1
7054,I1,2025/2026,2026-01-24,Lecce,Lazio,0.6021484895182599,0.7603250900254608,0.15817660050720084,0.45782860450166624,0,0,0,0,1
9217,D1,2025/2026,2026-01-24,Bayern Munich,Augsburg,0.9680892825022307,0.5551472099293318,0.41294207257289894,0.537432064143602,1,0,1,1,1
9218,D1,2025/2026,2026-01-24,Ein Frankfurt,Hoffenheim,0.7445591269035681,0.8060256591161087,0.061466532212540614,0.6001337610133629,1,0,0,0,0
9219,D1,2025/2026,2026-01-24,Heidenheim,RB Leipzig,0.6275656589434447,0.9010560230545612,0.2734903641111165,0.5654718168531955,0,1,1,1,0
9220,D1,2025/2026,2026-01-24,Leverkusen,Werder Bremen,0.8689572547387587,0.6052733679279755,0.26368388681078325,0.5259566841611762,0,1,1,1,0
9221,D1,2025/2026,2026-01-24,Mainz,Wolfsburg,0.7617867789375709,0.7133353669953792,0.0484514119421916,0.5434094515256599,1,0,0,0,0
9222,D1,2025/2026,2026-01-24,Union Berlin,Dortmund,0.6557452406344535,0.8114911378027548,0.15574589716830134,0.5321314514311939,0,0,0,0,1
11863,E0,2025/2026,2026-01-24,West Ham,Sunderland,0.7269209602636455,0.6895470930642533,0.037373867199392174,0.5012462350372724,1,0,0,0,0
11864,E0,2025/2026,2026-01-24,Burnley,Tottenham,0.6398344887554849,0.7954073537673259,0.15557286501184098,0.50892905755007,1,0,0,0,0
11865,E0,2025/2026,2026-01-24,Fulham,Brighton,0.7278338890323157,0.7144514015126854,0.013382487519630337,0.5200019420875663,1,0,0,0,0
11866,E0,2025/2026,2026-01-24,Man City,Wolves,0.9412126050550292,0.5051147615390494,0.4360978435159798,0.4754203805599186,0,0,1,1,0
11867,E0,2025/2026,2026-01-24,Bournemouth,Liverpool,0.6648273257015093,0.8315234697388814,0.1666961440373721,0.5528195246445403,1,0,0,0,0
14217,F1,2025/2026,2026-01-24,Rennes,Lorient,0.8202728481705118,0.6412008936751877,0.1790719544953241,0.5259596833044238,0,0,0,0,1
14218,F1,2025/2026,2026-01-24,Le Havre,Monaco,0.6497197883156732,0.8010880433063179,0.15136825499064466,0.5204827539191977,0,0,0,0,1
14219,F1,2025/2026,2026-01-24,Marseille,Lens,0.8241571802635338,0.69595438761705,0.12820279264648382,0.5735758056905024,1,0,0,0,0
16840,SP1,2025/2026,2026-01-24,Vallecano,Osasuna,0.7710589219912162,0.6550774389326914,0.11598148305852474,0.5051033038842078,1,0,0,0,0
16841,SP1,2025/2026,2026-01-24,Valencia,Espanol,0.7387369532871628,0.681644165995451,0.057092787291711855,0.5035557344134485,1,0,0,0,0
16842,SP1,2025/2026,2026-01-24,Sevilla,Ath Bilbao,0.6927086895719876,0.7421248131476739,0.049416123575686255,0.5140763068143813,1,0,0,0,0
16843,SP1,2025/2026,2026-01-24,Villarreal,Real Madrid,0.7002130470239211,0.8367039667031376,0.13649091967921656,0.5858710339822054,0,0,0,0,1
7055,I1,2025/2026,2026-01-25,Sassuolo,Cremonese,0.7923193384430766,0.5901021974006033,0.20221714104247324,0.4675493826582518,0,1,1,1,0
7056,I1,2025/2026,2026-01-25,Atalanta,Parma,0.8966153667365935,0.5017416675811179,0.39487369915547554,0.44986928928527403,0,0,1,1,0
7057,I1,2025/2026,2026-01-25,Genoa,Bologna,0.6721425887602052,0.7305467044923581,0.058404115732152984,0.49103155316773023,1,0,0,0,0
7058,I1,2025/2026,2026-01-25,Juventus,Napoli,0.7869446802720939,0.6174921721175952,0.16945250815449864,0.48593217995760174,0,0,0,0,1
7059,I1,2025/2026,2026-01-25,Roma,Milan,0.7064839810979897,0.6857416511974661,0.020742329900523604,0.4844654917426949,1,0,0,0,0
9223,D1,2025/2026,2026-01-25,M'gladbach,Stuttgart,0.7273778047071232,0.8038461717609655,0.0764683670538423,0.5846998637377162,0,0,0,0,1
9224,D1,2025/2026,2026-01-25,Freiburg,FC Koln,0.8165017613756274,0.6749403257547597,0.14156143562086765,0.551089964802201,1,0,0,0,0
11868,E0,2025/2026,2026-01-25,Brentford,Nott'm Forest,0.8194665479967167,0.6507401676403489,0.16872638035636778,0.5332597988190415,0,0,0,0,1
11869,E0,2025/2026,2026-01-25,Crystal Palace,Chelsea,0.6583435434178728,0.8014965784995369,0.1431530350816641,0.5276600975266864,1,0,0,0,0
11870,E0,2025/2026,2026-01-25,Newcastle,Aston Villa,0.8104736458209018,0.673613819117814,0.13685982670308772,0.5459462478557562,0,0,0,0,1
11871,E0,2025/2026,2026-01-25,Arsenal,Man United,0.8787122343889494,0.5653003395113277,0.31341189487762167,0.4967363244328305,1,0,1,1,1
14220,F1,2025/2026,2026-01-25,Nantes,Nice,0.6916366517342991,0.7705465831608472,0.07890993142654812,0.5329382587826731,1,0,0,0,0
14221,F1,2025/2026,2026-01-25,Brest,Toulouse,0.7066385922000662,0.7405511361835659,0.03391254398349974,0.5233020123249146,0,0,0,0,1
14222,F1,2025/2026,2026-01-25,Metz,Lyon,0.6446509448584401,0.8696594936877448,0.22500854882930466,0.5606268143109173,1,1,1,1,1
14223,F1,2025/2026,2026-01-25,Paris FC,Angers,0.8266282647141474,0.6335303647114748,0.19309790000267257,0.5236941060251674,0,0,0,0,1
14224,F1,2025/2026,2026-01-25,Lille,Strasbourg,0.787580508123322,0.663313980103957,0.124266528019365,0.5224131614955776,1,0,0,0,0
16844,SP1,2025/2026,2026-01-25,Ath Madrid,Mallorca,0.9285523512873194,0.5443375594602895,0.3842147918270299,0.5054459207308528,0,0,1,1,0
16845,SP1,2025/2026,2026-01-25,Barcelona,Oviedo,0.960512901476729,0.5125058657156618,0.44800703576106715,0.49226849610239315,0,0,1,1,0
16846,SP1,2025/2026,2026-01-25,Sociedad,Celta,0.8103973614488956,0.6643769359581418,0.14602042549075378,0.53840931590798,1,0,0,0,0
16847,SP1,2025/2026,2026-01-25,Alaves,Betis,0.6994283592864312,0.728444817264407,0.029016457977975807,0.5094949633699484,1,0,0,0,0
7060,I1,2025/2026,2026-01-26,Verona,Udinese,0.6968947497375693,0.7088995702403872,0.012004820502817926,0.494028388591745,1,0,0,0,0
11872,E0,2025/2026,2026-01-26,Everton,Leeds,0.7175477136219393,0.6810906577463474,0.03645705587559189,0.4887150442351543,1,0,0,0,0
16848,SP1,2025/2026,2026-01-26,Girona,Getafe,0.7489533958716402,0.6252063481632322,0.12374704770840805,0.46825041757735975,1,0,0,0,0
9225,D1,2025/2026,2026-01-27,St Pauli,RB Leipzig,0.6058143691260555,0.8414840463819233,0.23566967725586785,0.5097831266885052,1,1,1,1,1
9226,D1,2025/2026,2026-01-27,Werder Bremen,Hoffenheim,0.6845423198311733,0.8325521753599058,0.14800985552873247,0.5699171975013597,0,0,0,0,1
7061,I1,2025/2026,2026-01-30,Lazio,Genoa,0.7578217827876295,0.604083170856344,0.15373861193128546,0.4577873854903588,1,0,0,0,0
9227,D1,2025/2026,2026-01-30,FC Koln,Wolfsburg,0.8136729679485507,0.6806268559949917,0.13304611195355898,0.5538076739829357,0,0,0,0,1
14225,F1,2025/2026,2026-01-30,Lens,Le Havre,0.9057507125336091,0.5398943529155877,0.3658563596180213,0.4890096948461654,0,0,1,1,0
16849,SP1,2025/2026,2026-01-30,Espanol,Alaves,0.7953802432956573,0.6073561799788045,0.18802406331685273,0.48307910619866257,1,0,0,0,0
7062,I1,2025/2026,2026-01-31,Pisa,Sassuolo,0.6861558927282206,0.7424659641636749,0.0563100714354543,0.5094473964610454,1,0,0,0,0
7063,I1,2025/2026,2026-01-31,Napoli,Fiorentina,0.8318540086538411,0.5928406094644161,0.239013399189425,0.4931568374757608,1,1,1,1,1
7064,I1,2025/2026,2026-01-31,Cagliari,Verona,0.7480257468810496,0.6400137582911128,0.10801198858993677,0.47874676955985723,0,0,0,0,1
9228,D1,2025/2026,2026-01-31,Augsburg,St Pauli,0.7829443591571086,0.617067769030199,0.16587659012690958,0.48312972897985584,1,0,0,0,0
9229,D1,2025/2026,2026-01-31,Ein Frankfurt,Leverkusen,0.7355883552076495,0.821004889368791,0.08541653416114148,0.6039216361882273,1,0,0,0,0
9230,D1,2025/2026,2026-01-31,Hoffenheim,Union Berlin,0.8304123624882577,0.6038053029245131,0.2266070595637446,0.5014073880844829,1,1,1,1,1
9231,D1,2025/2026,2026-01-31,RB Leipzig,Mainz,0.8917102670652935,0.6187108327954833,0.2729994342698102,0.5517108019482506,1,1,1,1,1
9232,D1,2025/2026,2026-01-31,Werder Bremen,M'gladbach,0.7485231770151037,0.7147036191275342,0.03381955788756952,0.5349722236135346,1,0,0,0,0
9233,D1,2025/2026,2026-01-31,Hamburg,Bayern Munich,0.6109239613774766,0.9503420402444178,0.3394180788669412,0.580586723889673,1,0,1,1,1
11873,E0,2025/2026,2026-01-31,Brighton,Everton,0.8303291827285496,0.6280708847743132,0.20225829795423644,0.5215055844502525,1,1,1,1,1
11874,E0,2025/2026,2026-01-31,Leeds,Arsenal,0.5791809623695281,0.8849988453881942,0.3058178830186661,0.5125744829678555,0,0,1,1,0
11875,E0,2025/2026,2026-01-31,Wolves,Bournemouth,0.7009530142774306,0.7643611210883208,0.06340810681089015,0.5357812318233346,0,0,0,0,1
11876,E0,2025/2026,2026-01-31,Chelsea,West Ham,0.9008860805243563,0.6031299314071391,0.29775614911721715,0.5433513599523014,1,0,1,1,1
11877,E0,2025/2026,2026-01-31,Liverpool,Newcastle,0.8536539951591138,0.6412855192247833,0.2123684759343305,0.5474359455239229,1,1,1,1,1
14226,F1,2025/2026,2026-01-31,Paris FC,Marseille,0.6434826273453391,0.8324027685439718,0.18892014119863265,0.5356367205122091,1,0,0,0,0
14227,F1,2025/2026,2026-01-31,Lorient,Nantes,0.8142868077069841,0.6235877715481744,0.1906990361588098,0.507779295819075,1,0,0,0,0
14228,F1,2025/2026,2026-01-31,Monaco,Rennes,0.8101879746023026,0.6664390402065673,0.14374893439573533,0.5399408961808613,0,0,0,0,1
16850,SP1,2025/2026,2026-01-31,Oviedo,Girona,0.7114632131392229,0.7024444427401821,0.009018770399040754,0.49976338028372086,0,0,0,0,1
16851,SP1,2025/2026,2026-01-31,Osasuna,Villarreal,0.7161181126479219,0.7628032738827734,0.04668516123485145,0.5462572408145875,1,0,0,0,0
16852,SP1,2025/2026,2026-01-31,Levante,Ath Madrid,0.6155236890381506,0.8818031082882275,0.2662794192500769,0.5427707022188776,0,1,1,1,0
16853,SP1,2025/2026,2026-01-31,Elche,Barcelona,0.6245114309891421,0.9366912106743233,0.3121797796851812,0.5849743683731736,1,0,1,1,1
7065,I1,2025/2026,2026-02-01,Torino,Lecce,0.7883587998565302,0.6219096828368035,0.16644911701972676,0.49028797118037776,0,0,0,0,1
7066,I1,2025/2026,2026-02-01,Como,Atalanta,0.7876282316045773,0.7283592791277514,0.05926895247682584,0.5736763309921755,0,0,0,0,1
7067,I1,2025/2026,2026-02-01,Cremonese,Inter,0.5594765723612947,0.9296971249042555,0.3702205525429608,0.5201437607755833,0,0,1,1,0
7068,I1,2025/2026,2026-02-01,Parma,Juventus,0.5611849825015844,0.9077329790062734,0.3465479965046889,0.5094061159397466,1,0,1,1,1
9234,D1,2025/2026,2026-02-01,Stuttgart,Freiburg,0.8652073631712379,0.6383916742360863,0.22681568893515158,0.5523411771362762,0,1,1,1,0
9235,D1,2025/2026,2026-02-01,Dortmund,Heidenheim,0.9391790858670965,0.5483433447121557,0.3908357411549408,0.5149926012280687,1,0,1,1,1
11878,E0,2025/2026,2026-02-01,Aston Villa,Brentford,0.7945000969529725,0.6766384474250748,0.11786164952789768,0.5375893120813308,0,0,0,0,1
11879,E0,2025/2026,2026-02-01,Man United,Fulham,0.8819384512676475,0.6078502410236152,0.2740882102440323,0.5360865001710334,1,1,1,1,1
11880,E0,2025/2026,2026-02-01,Nott'm Forest,Crystal Palace,0.7969335327063293,0.6279407448597074,0.16899278784662186,0.5004270361312904,1,0,0,0,0
11881,E0,2025/2026,2026-02-01,Tottenham,Man City,0.6276189343013426,0.8472019393143363,0.21958300501299366,0.5317199782904946,1,1,1,1,1
14229,F1,2025/2026,2026-02-01,Lyon,Lille,0.8212982611151726,0.6656390263636177,0.15565923475155485,0.5466881748828357,0,0,0,0,1
14230,F1,2025/2026,2026-02-01,Angers,Metz,0.7847043226798408,0.6920223477145913,0.09268197496524955,0.5430329276426916,0,0,0,0,1
14231,F1,2025/2026,2026-02-01,Nice,Brest,0.7914698671544033,0.6891894591639753,0.10228040799042792,0.5454726896887266,1,0,0,0,0
14232,F1,2025/2026,2026-02-01,Toulouse,Auxerre,0.8433637339719854,0.6373679333943892,0.20599580057759614,0.5375330002214997,0,1,1,1,0
14233,F1,2025/2026,2026-02-01,Strasbourg,Paris SG,0.634504806281673,0.8904305672754462,0.2559257609937732,0.5649824745963873,1,1,1,1,1
16854,SP1,2025/2026,2026-02-01,Real Madrid,Vallecano,0.9343264818872994,0.5337794633066771,0.40054701858062225,0.49872428805501845,1,0,1,1,1
16855,SP1,2025/2026,2026-02-01,Betis,Valencia,0.8317534404513437,0.62793665566867,0.20381678478267373,0.522288473737927,1,1,1,1,1
16856,SP1,2025/2026,2026-02-01,Getafe,Celta,0.6912480279865751,0.7179216169691987,0.02667358898262351,0.4962619019788919,0,0,0,0,1
16857,SP1,2025/2026,2026-02-01,Ath Bilbao,Sociedad,0.7739738442262105,0.6717796688551371,0.10219417537107345,0.5199398927768212,1,0,0,0,0
7069,I1,2025/2026,2026-02-02,Udinese,Roma,0.6213471812065948,0.8237502381128423,0.2024030569062475,0.5118348884696758,0,1,1,1,0
11882,E0,2025/2026,2026-02-02,Sunderland,Burnley,0.8213706183540759,0.5882580804238177,0.2331125379302582,0.48317790326949284,0,1,1,1,0
16858,SP1,2025/2026,2026-02-02,Mallorca,Sevilla,0.7387990685917335,0.6985931378452718,0.04020593074646173,0.5161199595646633,1,0,0,0,0
7070,I1,2025/2026,2026-02-03,Bologna,Milan,0.6970767478641792,0.7429915613158646,0.045914813451685466,0.5179221412525918,0,0,0,0,1
7071,I1,2025/2026,2026-02-06,Verona,Pisa,0.7183091893982609,0.67685143142897,0.041457757969290965,0.48618860305279604,0,0,0,0,1
9236,D1,2025/2026,2026-02-06,Union Berlin,Ein Frankfurt,0.7991241617832266,0.687828408121392,0.11129575366183464,0.5496603000906986,1,0,0,0,0
11883,E0,2025/2026,2026-02-06,Leeds,Nott'm Forest,0.7730179305159869,0.6741957962895513,0.0988221342264356,0.5211654392103268,1,0,0,0,0
14234,F1,2025/2026,2026-02-06,Metz,Lille,0.6011585660135013,0.8938414353722614,0.2926828693587601,0.5373404355318383,0,0,1,1,0
16859,SP1,2025/2026,2026-02-06,Celta,Osasuna,0.8063182344766424,0.6364644688857043,0.16985376559093812,0.513192906859035,1,0,0,0,0
7072,I1,2025/2026,2026-02-07,Genoa,Napoli,0.5960352972635242,0.8105323525144061,0.21449705525088192,0.4831058916726277,1,1,1,1,1
7073,I1,2025/2026,2026-02-07,Fiorentina,Torino,0.8413265486556684,0.6088867666400781,0.23243978201559023,0.5122726018994063,1,1,1,1,1
9237,D1,2025/2026,2026-02-07,Freiburg,Werder Bremen,0.8250896596947139,0.6251707783228637,0.1999188813718502,0.5158219447374911,0,1,0,0,1
9238,D1,2025/2026,2026-02-07,Heidenheim,Hamburg,0.7068675373485882,0.7481733942510969,0.04130585690250865,0.5288594847040072,0,0,0,0,1
9239,D1,2025/2026,2026-02-07,Mainz,Augsburg,0.7961145370911406,0.6741946716358558,0.12191986545528477,0.5367361789186929,0,0,0,0,1
9240,D1,2025/2026,2026-02-07,St Pauli,Stuttgart,0.6502503262729692,0.8492194465154647,0.19896912024249547,0.5522052221740312,1,1,0,0,0
9241,D1,2025/2026,2026-02-07,Wolfsburg,Dortmund,0.6575792589369888,0.8828487735875713,0.22526951465058254,0.5805430422891446,1,1,1,1,1
9242,D1,2025/2026,2026-02-07,M'gladbach,Leverkusen,0.6766614872890363,0.8273447462674831,0.1506832589784468,0.5598323265101255,1,0,0,0,0
11884,E0,2025/2026,2026-02-07,Man United,Tottenham,0.8839785436296215,0.6400527167099268,0.24392582691969467,0.5657928683634238,0,1,1,1,0
11885,E0,2025/2026,2026-02-07,Arsenal,Sunderland,0.9462469472628865,0.5292660357091606,0.41698091155372585,0.5008163705797232,0,0,1,1,0
11886,E0,2025/2026,2026-02-07,Bournemouth,Aston Villa,0.7372708591847825,0.7821755309577181,0.044904671772935556,0.5766752257425103,1,0,0,0,0
11887,E0,2025/2026,2026-02-07,Burnley,West Ham,0.6843151735161965,0.8124253300076607,0.12811015649146418,0.5559549806731455,0,0,0,0,1
11888,E0,2025/2026,2026-02-07,Fulham,Everton,0.7857399400947047,0.6500095097566873,0.13573043033801746,0.5107384332572078,1,0,0,0,0
11889,E0,2025/2026,2026-02-07,Wolves,Chelsea,0.6157084458072771,0.865785083377338,0.2500766375700608,0.5330711880893846,1,1,1,1,1
11890,E0,2025/2026,2026-02-07,Newcastle,Brentford,0.8091012230684375,0.6988037713410274,0.11029745172741001,0.565402986076862,1,0,0,0,0
14235,F1,2025/2026,2026-02-07,Lens,Rennes,0.8338045042767162,0.6249666479949438,0.20883785628177232,0.5211000061209051,1,1,1,1,1
14236,F1,2025/2026,2026-02-07,Brest,Lorient,0.7715708984167818,0.6712571894296303,0.10031370898715153,0.5179225127169438,0,0,0,0,1
14237,F1,2025/2026,2026-02-07,Nantes,Lyon,0.6360836323622906,0.8778087404826562,0.24172510812036563,0.5583597721655753,0,1,1,1,0
16860,SP1,2025/2026,2026-02-07,Barcelona,Mallorca,0.9576071181980712,0.5655867132838323,0.39202040491423895,0.5416098625988494,0,0,1,1,0
16861,SP1,2025/2026,2026-02-07,Sociedad,Elche,0.8600867128770607,0.6159196916517516,0.2441670212253091,0.5297443429890079,1,1,1,1,1
7074,I1,2025/2026,2026-02-08,Bologna,Parma,0.8723044435537889,0.5793804641719738,0.29292397938181514,0.5053961534054695,0,0,1,1,0
7075,I1,2025/2026,2026-02-08,Lecce,Udinese,0.6663431070162767,0.7042040974563721,0.03786099044009539,0.46924154627267195,1,0,0,0,0
7076,I1,2025/2026,2026-02-08,Sassuolo,Inter,0.5776045538592602,0.9038741985658554,0.32626964470659514,0.5220818532075273,0,0,1,1,0
7077,I1,2025/2026,2026-02-08,Juventus,Lazio,0.9033078362970912,0.552682816955364,0.3506250193417272,0.4992427195425312,1,0,1,1,1
9243,D1,2025/2026,2026-02-08,FC Koln,RB Leipzig,0.6936244855812126,0.8188656611009938,0.1252411755197812,0.5679852729412964,1,0,0,0,0
9244,D1,2025/2026,2026-02-08,Bayern Munich,Hoffenheim,0.9537662241978687,0.6598862639192039,0.2938799602786648,0.6293772303382574,1,0,1,1,1
11891,E0,2025/2026,2026-02-08,Brighton,Crystal Palace,0.799693333089236,0.6393975042511902,0.16029582883804572,0.5113219213435732,0,0,0,0,1
11892,E0,2025/2026,2026-02-08,Liverpool,Man City,0.7697946369009079,0.7249971987462193,0.04479743815468862,0.5580989553630212,1,0,0,0,0
14238,F1,2025/2026,2026-02-08,Nice,Monaco,0.7087803798284869,0.8228001455427226,0.11401976571423578,0.5831845996807052,0,0,0,0,1
14239,F1,2025/2026,2026-02-08,Angers,Toulouse,0.6636214336380932,0.8007212438104512,0.13709981017235795,0.5313757797619688,0,0,0,0,1
14240,F1,2025/2026,2026-02-08,Auxerre,Paris FC,0.72970745454991,0.6881296166376812,0.0415778379122288,0.5021333109570878,0,0,0,0,1
14241,F1,2025/2026,2026-02-08,Le Havre,Strasbourg,0.6200503612990786,0.8057901116484106,0.185739750349332,0.49963044985882193,1,0,0,0,0
14242,F1,2025/2026,2026-02-08,Paris SG,Marseille,0.9122232024833467,0.611131749899747,0.3010914525835997,0.5574885620327988,0,0,1,1,0
16862,SP1,2025/2026,2026-02-08,Alaves,Getafe,0.7201085175733164,0.6205544710005084,0.09955404657280797,0.44686656018566967,0,0,0,0,1
16863,SP1,2025/2026,2026-02-08,Ath Bilbao,Levante,0.875112075137931,0.5921688631961499,0.28294321194178107,0.5182141227036523,1,1,1,1,1
16864,SP1,2025/2026,2026-02-08,Sevilla,Girona,0.7916962795434046,0.6733102070094894,0.1183860725339152,0.5330571858680123,1,0,0,0,0
16865,SP1,2025/2026,2026-02-08,Ath Madrid,Betis,0.891662945566293,0.5651837822673195,0.32647916329897353,0.5039534360827764,0,0,1,1,0
16866,SP1,2025/2026,2026-02-08,Valencia,Real Madrid,0.6267170110838324,0.9080787603781173,0.2813617492942849,0.5691084065328853,0,1,1,1,0
7078,I1,2025/2026,2026-02-09,Atalanta,Cremonese,0.9087338740301596,0.5110337616968051,0.39770011233335445,0.46439369002694314,1,0,1,1,1
7079,I1,2025/2026,2026-02-09,Roma,Cagliari,0.8957188694384544,0.5405376114233084,0.355181258015146,0.4841697381930483,0,0,1,1,0
16867,SP1,2025/2026,2026-02-09,Villarreal,Espanol,0.8563006224527133,0.644725328719452,0.21157529373326134,0.5520787002934969,1,1,1,1,1
11893,E0,2025/2026,2026-02-10,Chelsea,Leeds,0.890785848785674,0.6210783616205658,0.2697074871651082,0.5532478155185915,1,1,1,1,1
11894,E0,2025/2026,2026-02-10,Everton,Bournemouth,0.7453503513836275,0.6958360185368767,0.049514332846750775,0.5186416209218454,1,0,0,0,0
11895,E0,2025/2026,2026-02-10,Tottenham,Newcastle,0.6984034367028261,0.8044031621356439,0.10599972543281777,0.5617979329301543,1,0,0,0,0
11896,E0,2025/2026,2026-02-10,West Ham,Man United,0.6660890557795772,0.8772440897117221,0.21115503393214485,0.5843226874042957,1,1,1,1,1
11897,E0,2025/2026,2026-02-11,Aston Villa,Brighton,0.8054095501461469,0.6103939957048067,0.19501555444134022,0.4916171534925175,0,1,0,0,1
11898,E0,2025/2026,2026-02-11,Crystal Palace,Burnley,0.8719061302400942,0.5399608212380069,0.3319453090020873,0.4707951501268939,1,0,1,1,1
11899,E0,2025/2026,2026-02-11,Man City,Fulham,0.9241921601290107,0.5815641880422241,0.34262797208678664,0.5374770632004173,0,0,1,1,0
11900,E0,2025/2026,2026-02-11,Nott'm Forest,Wolves,0.8419413510149859,0.5735979959700859,0.26834335504490003,0.48293587166654256,0,1,1,1,0
11901,E0,2025/2026,2026-02-11,Sunderland,Liverpool,0.6156142641237221,0.8680175714240037,0.2524033073002816,0.5343639984786485,0,1,1,1,0
11902,E0,2025/2026,2026-02-12,Brentford,Arsenal,0.6099208803740772,0.8683247150896887,0.25840383471561146,0.5296093746780727,1,1,1,1,1
7080,I1,2025/2026,2026-02-13,Pisa,Milan,0.5880236068201805,0.8993654323115139,0.3113418254913334,0.5288481053572073,1,0,1,1,1
9245,D1,2025/2026,2026-02-13,Dortmund,Mainz,0.8961169867629131,0.645134425856961,0.25098256090595206,0.5781159177559618,0,1,1,1,0
14243,F1,2025/2026,2026-02-13,Rennes,Paris SG,0.613882056581887,0.921188648805541,0.307306592223654,0.5655011822286351,1,0,1,1,1
14244,F1,2025/2026,2026-02-13,Monaco,Nantes,0.8996074792473694,0.5984649972950726,0.30114248195229676,0.5383835876344041,1,0,1,1,1
16868,SP1,2025/2026,2026-02-13,Elche,Osasuna,0.7290780510578311,0.7591391421280265,0.03006109107019539,0.5534716862244153,0,0,0,0,1
7081,I1,2025/2026,2026-02-14,Como,Fiorentina,0.8564078072787094,0.6306407120283418,0.22576709525036753,0.5400856293688762,1,1,1,1,1
7082,I1,2025/2026,2026-02-14,Lazio,Atalanta,0.6492263361199125,0.7916598539934416,0.1424335178735291,0.513966426461387,0,0,0,0,1
7083,I1,2025/2026,2026-02-14,Inter,Juventus,0.83323933959414,0.7071313596232949,0.1261079799708451,0.5892096670988205,1,0,0,0,0
9246,D1,2025/2026,2026-02-14,Ein Frankfurt,M'gladbach,0.8168252828981681,0.6556285694719289,0.1611967134262392,0.5355339917350296,0,0,0,0,1
9247,D1,2025/2026,2026-02-14,Hamburg,Union Berlin,0.7072318902913126,0.6694665688555584,0.03776532143575417,0.4734681069785558,1,0,0,0,0
9248,D1,2025/2026,2026-02-14,Hoffenheim,Freiburg,0.8464095517903685,0.6420291309893322,0.20438042080103624,0.5434195889970405,0,1,1,1,0
9249,D1,2025/2026,2026-02-14,Leverkusen,St Pauli,0.8902966128864914,0.5642110504316163,0.3260855624548751,0.5023151871523974,0,0,1,1,0
9250,D1,2025/2026,2026-02-14,Werder Bremen,Bayern Munich,0.6038127254623491,0.938480347252337,0.3346676217899879,0.5666663762672854,0,0,1,1,0
9251,D1,2025/2026,2026-02-14,Stuttgart,FC Koln,0.9039073743474291,0.6043720252850151,0.29953534906241397,0.5462963305044161,1,0,1,1,1
14245,F1,2025/2026,2026-02-14,Marseille,Strasbourg,0.8737021932956657,0.6830789137787919,0.19062327951687374,0.5968075451625514,1,0,0,0,0
14246,F1,2025/2026,2026-02-14,Lille,Brest,0.8469808468954404,0.6234717110286878,0.22350913586675258,0.5280685978224273,1,1,1,1,1
14247,F1,2025/2026,2026-02-14,Paris FC,Lens,0.6371840221560601,0.8296552625837013,0.1924712404276412,0.528643077216025,0,0,0,0,1
16869,SP1,2025/2026,2026-02-14,Espanol,Celta,0.7519294406824005,0.7191051156082416,0.03282432507415889,0.5407163073711581,1,0,0,0,0
16870,SP1,2025/2026,2026-02-14,Getafe,Villarreal,0.6554942977253576,0.758816085477988,0.10332178775263035,0.49739961705309865,1,0,0,0,0
16871,SP1,2025/2026,2026-02-14,Sevilla,Alaves,0.7783820718417742,0.6606579698708829,0.11772410197089134,0.5142443193668783,1,0,0,0,0
16872,SP1,2025/2026,2026-02-14,Real Madrid,Sociedad,0.9259709363623878,0.5866943207363223,0.3392766156260655,0.5432618895307074,1,0,1,1,1
7084,I1,2025/2026,2026-02-15,Udinese,Sassuolo,0.7343439162684332,0.6693196927837627,0.06502422348467052,0.49151084443441284,1,0,0,0,0
7085,I1,2025/2026,2026-02-15,Cremonese,Genoa,0.6666137741291023,0.7556596787437226,0.08904590461462036,0.5037331504045379,0,0,0,0,1
7086,I1,2025/2026,2026-02-15,Parma,Verona,0.7103129048484031,0.6328632517261957,0.07744965312220742,0.44953093470544025,1,0,0,0,0
7087,I1,2025/2026,2026-02-15,Torino,Bologna,0.6598079817336089,0.7918290702481954,0.1320210885145865,0.5224551407184618,1,0,0,0,0
7088,I1,2025/2026,2026-02-15,Napoli,Roma,0.7431540983787903,0.6644081724466886,0.07874592593210172,0.4937576563501187,1,0,0,0,0
9252,D1,2025/2026,2026-02-15,Augsburg,Heidenheim,0.8210440798453907,0.6474091034736488,0.17363497637174197,0.5315514116450513,0,0,0,0,1
9253,D1,2025/2026,2026-02-15,RB Leipzig,Wolfsburg,0.9034547117453854,0.6131001379311928,0.2903545738141926,0.5539082083856818,1,1,1,1,1
14248,F1,2025/2026,2026-02-15,Le Havre,Toulouse,0.6458665259405943,0.7684530608122568,0.12258653487166249,0.49631810873522864,1,0,0,0,0
14249,F1,2025/2026,2026-02-15,Lorient,Angers,0.794496814334266,0.6046375764992655,0.18985923783500047,0.48038262835545753,0,0,0,0,1
14250,F1,2025/2026,2026-02-15,Metz,Auxerre,0.6766949229077436,0.7005828521745047,0.023887929266761088,0.47408085914271353,1,0,0,0,0
14251,F1,2025/2026,2026-02-15,Lyon,Nice,0.8689979322870034,0.6034819411053486,0.2655159911816548,0.524424558993095,0,1,1,1,0
16873,SP1,2025/2026,2026-02-15,Oviedo,Ath Bilbao,0.6345275021638667,0.7905224737264508,0.15599497156258413,0.5016082506580457,1,0,0,0,0
16874,SP1,2025/2026,2026-02-15,Vallecano,Ath Madrid,0.6170819074185958,0.8273062180826992,0.2102243106641034,0.5105156990737368,0,1,1,1,0
16875,SP1,2025/2026,2026-02-15,Levante,Valencia,0.7110986975350255,0.7446471121376637,0.03354841460263813,0.5295175915643108,0,0,0,0,1
16876,SP1,2025/2026,2026-02-15,Mallorca,Betis,0.7026291685171042,0.7751032569938071,0.07247408847670289,0.544610156976458,1,0,0,0,0
7089,I1,2025/2026,2026-02-16,Cagliari,Lecce,0.7535109064377207,0.6406164261330238,0.11289448030469684,0.4827114639343879,0,0,0,0,1
16877,SP1,2025/2026,2026-02-16,Girona,Barcelona,0.5989324163734551,0.9193106932438585,0.32037827687040343,0.5506049749025003,1,0,1,1,1
7090,I1,2025/2026,2026-02-18,Milan,Como,0.7703517204365955,0.7253132908802633,0.045038429556332193,0.5587463414851397,1,0,0,0,0
11903,E0,2025/2026,2026-02-18,Wolves,Arsenal,0.5441580685256927,0.9280809880916585,0.3839229195659658,0.5050227579153733,1,0,1,1,1
16878,SP1,2025/2026,2026-02-18,Levante,Villarreal,0.6425306611281101,0.8537899002797836,0.21125923915167355,0.5485861890912725,0,1,1,1,0
7091,I1,2025/2026,2026-02-20,Sassuolo,Verona,0.8209215123043286,0.5762199494113736,0.24470156289295508,0.47303135229070853,0,1,1,1,0
9254,D1,2025/2026,2026-02-20,Mainz,Hamburg,0.7938948086258866,0.6633113626267504,0.13058344599913618,0.5265994472919401,1,0,0,0,0
14252,F1,2025/2026,2026-02-20,Brest,Marseille,0.6582424092131469,0.8283918662855694,0.17014945707242246,0.5452826578363883,0,0,0,0,1
16879,SP1,2025/2026,2026-02-20,Ath Bilbao,Elche,0.8649037693630899,0.6317092356537101,0.23319453370937981,0.5463676990583702,1,1,1,1,1
7092,I1,2025/2026,2026-02-21,Juventus,Como,0.8190572846439113,0.7109861163444294,0.10807116829948182,0.5823383578725884,0,0,0,0,1
7093,I1,2025/2026,2026-02-21,Lecce,Inter,0.5684760623395783,0.9126804607916421,0.34420439845206385,0.5188369945251046,0,0,1,1,0
7094,I1,2025/2026,2026-02-21,Cagliari,Lazio,0.6356720762168766,0.7491141119974908,0.11344203578061418,0.4761909228968068,0,0,0,0,1
9255,D1,2025/2026,2026-02-21,Bayern Munich,Ein Frankfurt,0.9621109191751286,0.5843347893928241,0.37777612978230446,0.5621948813287352,1,0,1,1,1
9256,D1,2025/2026,2026-02-21,FC Koln,Hoffenheim,0.7011393340370661,0.8258357517549552,0.12469641771788909,0.579025929009469,1,0,0,0,0
9257,D1,2025/2026,2026-02-21,Union Berlin,Leverkusen,0.7156310870910128,0.7846406859711571,0.06900959888014435,0.5615132670773771,0,0,0,0,1
9258,D1,2025/2026,2026-02-21,Wolfsburg,Augsburg,0.8033990888357644,0.6620605313397505,0.14133855749601387,0.5318988276324776,1,0,0,0,0
9259,D1,2025/2026,2026-02-21,RB Leipzig,Dortmund,0.8176636870321842,0.7559083046633295,0.061755382368854694,0.6180787714492656,1,0,0,0,0
11904,E0,2025/2026,2026-02-21,Aston Villa,Leeds,0.8235873796155332,0.5913988067286233,0.23218857288690986,0.48706859354138005,1,1,1,1,1
11905,E0,2025/2026,2026-02-21,Brentford,Brighton,0.7949555451590923,0.6686442153938883,0.12631132976520398,0.531542426765922,0,0,0,0,1
11906,E0,2025/2026,2026-02-21,Chelsea,Burnley,0.9462638825285657,0.5463600300756395,0.39990385245292626,0.5170007633177985,1,0,1,1,1
11907,E0,2025/2026,2026-02-21,West Ham,Bournemouth,0.767599858973417,0.7395766935526722,0.02802316542074479,0.5676989656710572,0,0,0,0,1
11908,E0,2025/2026,2026-02-21,Man City,Newcastle,0.9006878513060625,0.6005516970288409,0.3001361542772216,0.5409096175951162,1,0,1,1,1
14253,F1,2025/2026,2026-02-21,Lens,Monaco,0.8726036141059036,0.6402705612076038,0.23233305289829975,0.5587024057153702,1,1,1,1,1
14254,F1,2025/2026,2026-02-21,Toulouse,Paris FC,0.8040401740297259,0.5826728392115493,0.2213673348181766,0.46849237104204866,1,1,1,1,1
14255,F1,2025/2026,2026-02-21,Paris SG,Metz,0.9567166655719661,0.5500127056894842,0.40670395988248187,0.5262063218094585,0,0,1,1,0
16880,SP1,2025/2026,2026-02-21,Sociedad,Oviedo,0.893759473481992,0.5773483036189277,0.3164111698630643,0.5160105158581741,1,0,1,1,1
16881,SP1,2025/2026,2026-02-21,Betis,Vallecano,0.8154246291424988,0.6445952798157497,0.1708293493267491,0.525618866990763,1,0,0,0,0
16882,SP1,2025/2026,2026-02-21,Osasuna,Real Madrid,0.6398518231621662,0.8812229137507532,0.24137109058858708,0.5638520879756957,1,1,1,1,1
16883,SP1,2025/2026,2026-02-21,Ath Madrid,Espanol,0.8873549137918184,0.5553841521483531,0.3319707616434653,0.49282285645094404,1,0,1,1,1
7095,I1,2025/2026,2026-02-22,Genoa,Torino,0.7535591075907817,0.652795323495388,0.10076378409539366,0.4919198614126203,0,0,0,0,1
7096,I1,2025/2026,2026-02-22,Atalanta,Napoli,0.7363773319668057,0.6858790801124273,0.050498251854378395,0.5050658070650361,1,0,0,0,0
7097,I1,2025/2026,2026-02-22,Milan,Parma,0.9161239073316443,0.5083157662187969,0.40780814111284736,0.4656802259066429,0,0,1,1,0
7098,I1,2025/2026,2026-02-22,Roma,Cremonese,0.9086682001532407,0.5127807474203739,0.39588745273286674,0.4659475588317047,0,0,1,1,0
9260,D1,2025/2026,2026-02-22,Freiburg,M'gladbach,0.7783040348570311,0.5973393885722985,0.18096464628473263,0.4649116563048519,1,0,0,0,0
9261,D1,2025/2026,2026-02-22,St Pauli,Werder Bremen,0.6788458013826137,0.713396848883965,0.034551047501351295,0.48428645558446665,1,0,0,0,0
9262,D1,2025/2026,2026-02-22,Heidenheim,Stuttgart,0.6407799205596891,0.8673645802959343,0.2265846597362452,0.5557898068583169,1,1,1,1,1
11909,E0,2025/2026,2026-02-22,Crystal Palace,Wolves,0.8679762167376452,0.5947805714154161,0.2731956453222292,0.5162553901662077,0,1,1,1,0
11910,E0,2025/2026,2026-02-22,Nott'm Forest,Liverpool,0.6339740720078282,0.8423454973241662,0.208371425316338,0.5340252049760608,0,1,1,1,0
11911,E0,2025/2026,2026-02-22,Sunderland,Fulham,0.7198785091882469,0.7474997016247205,0.02762119243647354,0.5381089708242631,1,0,0,0,0
11912,E0,2025/2026,2026-02-22,Tottenham,Arsenal,0.6074832236463555,0.8958383369628099,0.28835511331645436,0.5442067608041579,1,1,1,1,1
14256,F1,2025/2026,2026-02-22,Auxerre,Rennes,0.6739180595195305,0.7330760877301619,0.05915802821063132,0.4940332145232798,0,0,0,0,1
14257,F1,2025/2026,2026-02-22,Angers,Lille,0.5816828753353214,0.8076807194770539,0.22599784414173252,0.46981404325831383,0,1,1,1,0
14258,F1,2025/2026,2026-02-22,Nantes,Le Havre,0.7507140100240214,0.6994544907207666,0.051259519303254786,0.5250902855582964,0,0,0,0,1
14259,F1,2025/2026,2026-02-22,Nice,Lorient,0.807277524565786,0.7043154276298285,0.10296209693595759,0.568578014930501,1,0,0,0,0
14260,F1,2025/2026,2026-02-22,Strasbourg,Lyon,0.7872718896455244,0.7489892218501278,0.038282667795396574,0.5896581600100811,1,0,0,0,0
16884,SP1,2025/2026,2026-02-22,Getafe,Sevilla,0.7083818015770021,0.6252047771001081,0.08317702447689401,0.44288368635672265,0,0,0,0,1
16885,SP1,2025/2026,2026-02-22,Barcelona,Levante,0.9625724915586855,0.5419639438505439,0.4206085477081416,0.5216795837671896,0,0,1,1,0
16886,SP1,2025/2026,2026-02-22,Celta,Mallorca,0.8349691696629332,0.6352296117955164,0.19973955786741682,0.5303971415062098,0,1,0,0,1
16887,SP1,2025/2026,2026-02-22,Villarreal,Valencia,0.8620226320844305,0.639223626764773,0.22279900531965757,0.5510252332343252,1,1,1,1,1
7099,I1,2025/2026,2026-02-23,Fiorentina,Pisa,0.8591928809426143,0.6093888928841747,0.2498039880584395,0.5235825984915843,0,1,1,1,0
7100,I1,2025/2026,2026-02-23,Bologna,Udinese,0.8314612282371021,0.6564777896400925,0.1749834385970096,0.5458358292845292,0,0,0,0,1
11913,E0,2025/2026,2026-02-23,Everton,Man United,0.6666272944049921,0.8215814168095595,0.1549541224045674,0.5476885970211768,0,0,0,0,1
16888,SP1,2025/2026,2026-02-23,Alaves,Girona,0.7358582411294299,0.6455897515394841,0.09026848958994582,0.4750625390590304,1,0,0,0,0
7101,I1,2025/2026,2026-02-27,Parma,Cagliari,0.7335538963984626,0.6640872561942087,0.06946664020425386,0.48714379432982585,1,0,0,0,0
9263,D1,2025/2026,2026-02-27,Augsburg,FC Koln,0.7618281750422338,0.7013380064410196,0.060490168601214145,0.5342990535347204,0,0,0,0,1
11914,E0,2025/2026,2026-02-27,Wolves,Aston Villa,0.6240366376360088,0.8223659622992948,0.198329324663286,0.5131864900195527,0,1,0,0,1
14261,F1,2025/2026,2026-02-27,Strasbourg,Lens,0.8039331179834732,0.7633970196334244,0.04053609835004879,0.6137201462531896,1,0,0,0,0
16889,SP1,2025/2026,2026-02-27,Levante,Alaves,0.7138394567061537,0.6982486516103724,0.015590805095781257,0.4984374381113526,0,0,0,0,1
7102,I1,2025/2026,2026-02-28,Como,Lecce,0.9158131671974804,0.533029817480624,0.38278334971685646,0.48815572535762514,1,0,1,1,1
7103,I1,2025/2026,2026-02-28,Verona,Napoli,0.5474092393341706,0.8902143503852648,0.3428051110510941,0.4873115603887606,1,0,1,1,1
7104,I1,2025/2026,2026-02-28,Inter,Genoa,0.9360435098040157,0.6074795999917821,0.3285639098122336,0.5686273369106473,0,0,1,1,0
9264,D1,2025/2026,2026-02-28,Hoffenheim,St Pauli,0.8961842383750438,0.5982266199767898,0.29795761839825396,0.5361212677995761,0,0,1,1,0
9265,D1,2025/2026,2026-02-28,Leverkusen,Mainz,0.8604592519983402,0.6174302685184794,0.2430289834798608,0.5312735870105451,1,1,1,1,1
9266,D1,2025/2026,2026-02-28,M'gladbach,Union Berlin,0.7381343484232307,0.6974243270442688,0.04071002137896185,0.5147928512173315,0,0,0,0,1
9267,D1,2025/2026,2026-02-28,Werder Bremen,Heidenheim,0.8352172890043819,0.6385673231532134,0.19664996585116845,0.5333424684908119,0,1,0,0,1
9268,D1,2025/2026,2026-02-28,Dortmund,Bayern Munich,0.668218018969808,0.9017623575454562,0.23354433857564816,0.6025738561405685,1,1,1,1,1
11915,E0,2025/2026,2026-02-28,Bournemouth,Sunderland,0.8367039919025236,0.6422307157735858,0.19447327612893783,0.5373570036101744,1,1,0,0,0
11916,E0,2025/2026,2026-02-28,Burnley,Brentford,0.6128624179993031,0.8555738114804915,0.24271139348118842,0.5243490348808139,1,1,1,1,1
11917,E0,2025/2026,2026-02-28,Liverpool,West Ham,0.915292921370099,0.5923502851018242,0.3229426362682748,0.5421740229252597,1,0,1,1,1
11918,E0,2025/2026,2026-02-28,Newcastle,Everton,0.8626484569571552,0.6350141856226034,0.22763427133455183,0.5477940073732434,1,1,1,1,1
11919,E0,2025/2026,2026-02-28,Leeds,Man City,0.6304052693731615,0.8865809109899133,0.25617564161675177,0.5589052780136993,0,1,1,1,0
14262,F1,2025/2026,2026-02-28,Rennes,Toulouse,0.8015757516026386,0.6691273624366099,0.13244838916602875,0.5363562684630168,0,0,0,0,1
14263,F1,2025/2026,2026-02-28,Monaco,Angers,0.8879798916667584,0.570456444716132,0.3175234469506264,0.506553851979635,0,0,1,1,0
14264,F1,2025/2026,2026-02-28,Le Havre,Paris SG,0.5671354488401833,0.9341694048056098,0.36703395596542654,0.5298005846871964,0,0,1,1,0
16890,SP1,2025/2026,2026-02-28,Vallecano,Ath Bilbao,0.7555367164235333,0.7063241432630003,0.04921257316053296,0.5336538239315926,1,0,0,0,0
16891,SP1,2025/2026,2026-02-28,Barcelona,Villarreal,0.9393748266640504,0.5980505160706938,0.34132431059335655,0.5617935998702539,1,0,1,1,1
16892,SP1,2025/2026,2026-02-28,Mallorca,Sociedad,0.7018498243143656,0.7735956347974079,0.0717458104830423,0.5429479603729208,0,0,0,0,1
16893,SP1,2025/2026,2026-02-28,Oviedo,Ath Madrid,0.5951257550835363,0.8742647773787423,0.27913902229520604,0.5202974857804638,0,1,1,1,0
7105,I1,2025/2026,2026-03-01,Cremonese,Milan,0.5604816760162025,0.8825832815658979,0.32210160554969547,0.4946717568759344,0,0,1,1,0
7106,I1,2025/2026,2026-03-01,Sassuolo,Atalanta,0.650568689609868,0.8327858585755276,0.18221716896565954,0.5417844047391098,1,0,0,0,0
7107,I1,2025/2026,2026-03-01,Torino,Lazio,0.6714683906443282,0.7084182160824145,0.03694982543808634,0.4756804394559848,0,0,0,0,1
7108,I1,2025/2026,2026-03-01,Roma,Juventus,0.7276013139339484,0.7311005365289457,0.003499222594997242,0.5319497109962755,1,0,0,0,0
9269,D1,2025/2026,2026-03-01,Stuttgart,Wolfsburg,0.8903038980963869,0.6436382138318185,0.24666568426456836,0.5730336107382639,0,1,1,1,0
9270,D1,2025/2026,2026-03-01,Ein Frankfurt,Freiburg,0.7880337242105196,0.7105687651353464,0.07746495907517326,0.5599521502972771,0,0,0,0,1
9271,D1,2025/2026,2026-03-01,Hamburg,RB Leipzig,0.676403584971742,0.7925398421714133,0.11613625719967124,0.5360767904776825,1,0,0,0,0
11920,E0,2025/2026,2026-03-01,Brighton,Nott'm Forest,0.7913671000682809,0.6485224051913396,0.1428446948769413,0.5132192951255771,1,0,0,0,0
11921,E0,2025/2026,2026-03-01,Fulham,Tottenham,0.7954223010882097,0.7009747612075038,0.09444753988070587,0.557570957564431,1,0,0,0,0
11922,E0,2025/2026,2026-03-01,Man United,Crystal Palace,0.8825717966829884,0.6040194137678472,0.2785523829151412,0.5330904992404942,1,1,1,1,1
11923,E0,2025/2026,2026-03-01,Arsenal,Chelsea,0.8863341470368278,0.6296243608351048,0.256709786201723,0.5580575708143904,1,1,1,1,1
14265,F1,2025/2026,2026-03-01,Paris FC,Nice,0.7393015654881889,0.6985152468684519,0.04078631861973703,0.5164134155272152,0,0,0,0,1
14266,F1,2025/2026,2026-03-01,Lille,Nantes,0.8914563972974612,0.5659610088395415,0.3254953884579197,0.5045295619509342,0,0,1,1,0
14267,F1,2025/2026,2026-03-01,Lorient,Auxerre,0.7781710353067763,0.6403220277667098,0.13784900754006657,0.4982800552769549,1,0,0,0,0
14268,F1,2025/2026,2026-03-01,Metz,Brest,0.659792343984843,0.7966805228972568,0.13688817891241378,0.5256437096094514,0,0,0,0,1
14269,F1,2025/2026,2026-03-01,Marseille,Lyon,0.8300542071520728,0.7053871457267412,0.12466706142533157,0.5855095679814738,1,0,0,0,0
16894,SP1,2025/2026,2026-03-01,Elche,Espanol,0.7510808316213887,0.7241870220096036,0.026893809611785113,0.54392299074039,1,0,0,0,0
16895,SP1,2025/2026,2026-03-01,Valencia,Osasuna,0.7567011050015311,0.6879950780805808,0.06870602692095029,0.5206066358191902,0,0,0,0,1
16896,SP1,2025/2026,2026-03-01,Betis,Sevilla,0.8294011818995142,0.6009626439464477,0.22843853795306646,0.4984391271666406,1,1,1,1,1
16897,SP1,2025/2026,2026-03-01,Girona,Celta,0.7349811901218565,0.7038638506467646,0.031117339475091876,0.5173266906321117,1,0,0,0,0
7109,I1,2025/2026,2026-03-02,Pisa,Bologna,0.6374378662078781,0.8212895267761897,0.1838516605683116,0.5235210434870924,0,0,0,0,1
7110,I1,2025/2026,2026-03-02,Udinese,Fiorentina,0.6818668875829835,0.7702969667588895,0.08843007917590595,0.5252399952384968,0,0,0,0,1
16898,SP1,2025/2026,2026-03-02,Real Madrid,Getafe,0.9272816472914549,0.5306470592083988,0.39663458808305607,0.49205927919313025,0,0,1,1,0
11924,E0,2025/2026,2026-03-03,Bournemouth,Brentford,0.7424215369332429,0.7238311328608166,0.018590404072426292,0.5373878221386578,0,0,0,0,1
11925,E0,2025/2026,2026-03-03,Everton,Burnley,0.8792160672807592,0.589275923151834,0.2899401441289252,0.5181008596967943,0,1,1,1,0
11926,E0,2025/2026,2026-03-03,Leeds,Sunderland,0.8219359352143079,0.6374110932861998,0.18452484192810803,0.5239110830761671,0,0,0,0,1
11927,E0,2025/2026,2026-03-03,Wolves,Liverpool,0.6122677470766311,0.9055243029888517,0.29325655591222055,0.5544233249141209,1,0,1,1,1
9272,D1,2025/2026,2026-03-04,Hamburg,Leverkusen,0.6771114601816647,0.8223145614194743,0.14520310123780966,0.5567986134113855,0,0,0,0,1
11928,E0,2025/2026,2026-03-04,Aston Villa,Chelsea,0.7224059536146541,0.7439810017287133,0.021575048114059192,0.5374563050250167,1,0,0,0,0
11929,E0,2025/2026,2026-03-04,Brighton,Arsenal,0.6055704330201255,0.8652374063894577,0.2596669733693322,0.5239621908524742,0,1,1,1,0
11930,E0,2025/2026,2026-03-04,Fulham,West Ham,0.8096348778876468,0.6886451301333285,0.12098974775431826,0.5575511158434201,0,0,0,0,1
11931,E0,2025/2026,2026-03-04,Man City,Nott'm Forest,0.9084178136446328,0.5600319858241519,0.3483858278204809,0.5087430321334381,1,0,1,1,1
11932,E0,2025/2026,2026-03-04,Newcastle,Man United,0.7713672942561528,0.7768029292082178,0.005435634952065005,0.5992003736735968,1,0,0,0,0
16899,SP1,2025/2026,2026-03-04,Vallecano,Oviedo,0.8557697012235114,0.6002641120510562,0.25550558917245514,0.5136878398251288,0,1,1,1,0
11933,E0,2025/2026,2026-03-05,Tottenham,Crystal Palace,0.7660986366793284,0.720076520682565,0.046022115996763424,0.5516496407997072,1,0,0,0,0
7111,I1,2025/2026,2026-03-06,Napoli,Torino,0.8756080041800669,0.5909721126498965,0.28463589153017044,0.5174599120834535,1,1,1,1,1
9273,D1,2025/2026,2026-03-06,Bayern Munich,M'gladbach,0.9511859140870523,0.5719348408060588,0.3792510732809935,0.5440163643503438,1,0,1,1,1
14270,F1,2025/2026,2026-03-06,Paris SG,Monaco,0.9318320036788547,0.612358445350926,0.3194735583279287,0.5706151971010218,1,0,1,1,1
16900,SP1,2025/2026,2026-03-06,Celta,Real Madrid,0.6851721067157279,0.7935397750277856,0.10836766831205769,0.5437113194185127,1,0,0,0,0
7112,I1,2025/2026,2026-03-07,Cagliari,Como,0.5779151890417582,0.8643737741280877,0.2864585850863295,0.4995347330779718,1,1,1,1,1
7113,I1,2025/2026,2026-03-07,Atalanta,Udinese,0.8557959176961942,0.6095607906512587,0.24623512704493555,0.5216596362270116,1,1,1,1,1
7114,I1,2025/2026,2026-03-07,Juventus,Pisa,0.9431143104822028,0.5737212395352742,0.36939307094692864,0.5410847112333048,0,0,1,1,0
9274,D1,2025/2026,2026-03-07,Freiburg,Leverkusen,0.684832426641917,0.7542376467201763,0.06940522007825933,0.5165263978680673,1,0,0,0,0
9275,D1,2025/2026,2026-03-07,Heidenheim,Hoffenheim,0.6329047081477862,0.8884735566165439,0.2555688484687577,0.5623190970474193,1,1,1,1,1
9276,D1,2025/2026,2026-03-07,Mainz,Stuttgart,0.696251374408551,0.8138727649830989,0.1176213905745479,0.5666600312131702,1,0,0,0,0
9277,D1,2025/2026,2026-03-07,RB Leipzig,Augsburg,0.9128998821548636,0.606956629907883,0.3059432522469806,0.5540906359160196,1,0,1,1,1
9278,D1,2025/2026,2026-03-07,Wolfsburg,Hamburg,0.7743355283897055,0.7404355527731575,0.033899975616548006,0.5733455549951266,1,0,0,0,0
9279,D1,2025/2026,2026-03-07,FC Koln,Dortmund,0.6540786520844122,0.8685139745163999,0.2144353224319877,0.5680764497681624,1,1,1,1,1
14271,F1,2025/2026,2026-03-07,Nantes,Angers,0.7642326197990347,0.6521551551783125,0.11207746462072221,0.4983982427573677,0,0,0,0,1
14272,F1,2025/2026,2026-03-07,Auxerre,Strasbourg,0.6378295530214363,0.796389705463627,0.15856015244219068,0.5079608898667385,0,0,0,0,1
14273,F1,2025/2026,2026-03-07,Toulouse,Marseille,0.6833965014819583,0.740208455148123,0.05681195366616465,0.5058558686155923,0,0,0,0,1
16901,SP1,2025/2026,2026-03-07,Osasuna,Mallorca,0.8382404795835898,0.6132848863967831,0.2249555931868067,0.5140802172946068,1,1,1,1,1
16902,SP1,2025/2026,2026-03-07,Levante,Girona,0.7069334353683645,0.753887874498904,0.04695443913053954,0.5329485450020647,1,0,0,0,0
16903,SP1,2025/2026,2026-03-07,Ath Madrid,Sociedad,0.8687830960987004,0.5853145097983526,0.28346858630034777,0.5085113520141059,1,1,1,1,1
16904,SP1,2025/2026,2026-03-07,Ath Bilbao,Barcelona,0.6471275809095509,0.9011542951687511,0.2540267142592002,0.5831617990588053,0,1,1,1,0
7115,I1,2025/2026,2026-03-08,Lecce,Cremonese,0.7514141834471084,0.6178028115668251,0.13361137188028327,0.4642257951848137,1,0,0,0,0
7116,I1,2025/2026,2026-03-08,Bologna,Verona,0.8598014387986194,0.5452470128790051,0.31455442591961424,0.46880416617401793,1,0,1,1,1
7117,I1,2025/2026,2026-03-08,Fiorentina,Parma,0.8475944622641293,0.5962481268535432,0.25134633541058604,0.5053766104564233,0,1,1,1,0
7118,I1,2025/2026,2026-03-08,Genoa,Roma,0.6300787348141825,0.8355370350421798,0.20545830022799727,0.5264541179297699,1,1,1,1,1
7119,I1,2025/2026,2026-03-08,Milan,Inter,0.6715611300783102,0.8027282601130942,0.13116713003478397,0.5390810975073452,0,0,0,0,1
9280,D1,2025/2026,2026-03-08,St Pauli,Ein Frankfurt,0.7124755097219272,0.7597536154344873,0.04727810571256008,0.5413058444197634,0,0,0,0,1
9281,D1,2025/2026,2026-03-08,Union Berlin,Werder Bremen,0.7647486099439256,0.6847223571678925,0.08002625277603304,0.523640470841674,1,0,0,0,0
14274,F1,2025/2026,2026-03-08,Lens,Metz,0.933028998110824,0.5543460346660798,0.37868296344474417,0.5172209253312006,0,0,1,1,0
14275,F1,2025/2026,2026-03-08,Brest,Le Havre,0.8060469275976502,0.6364519984330598,0.1695949291645904,0.5130101779003523,0,0,0,0,1
14276,F1,2025/2026,2026-03-08,Lille,Lorient,0.8676746976298114,0.5489782301128295,0.3186964675169819,0.4763345198184984,1,0,1,1,1
14277,F1,2025/2026,2026-03-08,Nice,Rennes,0.7262494760139382,0.7732555476381038,0.04700607162416559,0.5615764362970437,0,0,0,0,1
14278,F1,2025/2026,2026-03-08,Lyon,Paris FC,0.8503487431945724,0.5689671685455681,0.2813815746490044,0.4838205166916983,1,1,1,1,1
16905,SP1,2025/2026,2026-03-08,Villarreal,Elche,0.8925918896742145,0.6026283985091011,0.28996349116511344,0.5379012209965842,1,1,1,1,1
16906,SP1,2025/2026,2026-03-08,Getafe,Betis,0.6598408540013839,0.6766840468770646,0.0168431928756807,0.44650377938047486,0,0,0,0,1
16907,SP1,2025/2026,2026-03-08,Sevilla,Vallecano,0.7319296138653123,0.7153598362152925,0.016569777650019768,0.5235930486958121,1,0,0,0,0
16908,SP1,2025/2026,2026-03-08,Valencia,Alaves,0.7724945588339052,0.6177590957609621,0.15473546307294306,0.4772155401454966,1,0,0,0,0
7120,I1,2025/2026,2026-03-09,Lazio,Sassuolo,0.7781498680440702,0.6745164009491639,0.10363346709490628,0.524874848392153,1,0,0,0,0
16909,SP1,2025/2026,2026-03-09,Espanol,Oviedo,0.8254622730585434,0.6624330321813552,0.16302924087718818,0.5468134764934847,1,0,0,0,0
7121,I1,2025/2026,2026-03-13,Torino,Parma,0.7736532348027386,0.6199432438474384,0.15370999095530025,0.4796210959966737,1,0,0,0,0
9282,D1,2025/2026,2026-03-13,M'gladbach,St Pauli,0.8096803037899573,0.6089079978220585,0.20077230596789875,0.49302081265669895,0,1,1,1,0
14279,F1,2025/2026,2026-03-13,Marseille,Auxerre,0.9023796961280762,0.5677737786638627,0.33460591746421353,0.5123475298601861,0,0,1,1,0
16910,SP1,2025/2026,2026-03-13,Alaves,Villarreal,0.6834015754277212,0.7924515178943967,0.10904994246667554,0.5415626157791197,1,0,0,0,0
7122,I1,2025/2026,2026-03-14,Inter,Atalanta,0.8936987533362034,0.6075276965166954,0.28617105681950805,0.5429467449941859,1,1,1,1,1
7123,I1,2025/2026,2026-03-14,Napoli,Lecce,0.9192751798303778,0.5634268734322502,0.3558483063981276,0.5179443403956993,1,0,1,1,1
7124,I1,2025/2026,2026-03-14,Udinese,Juventus,0.5921400621068001,0.8945248164714623,0.30238475436466217,0.5296839803814857,0,0,1,1,0
9283,D1,2025/2026,2026-03-14,Dortmund,Augsburg,0.9171101176928621,0.6149990912551426,0.3021110264377195,0.5640218889620071,0,0,1,1,0
9284,D1,2025/2026,2026-03-14,Ein Frankfurt,Heidenheim,0.8825885932101926,0.6028596026052021,0.27972899060499046,0.532077008566581,0,1,1,1,0
9285,D1,2025/2026,2026-03-14,Hoffenheim,Wolfsburg,0.9056784596727006,0.6320840177405954,0.27359444193210514,0.5724648795710344,1,1,1,1,1
9286,D1,2025/2026,2026-03-14,Leverkusen,Bayern Munich,0.6583172121017824,0.9094743832027806,0.2511571711009982,0.5987226404280427,1,1,1,1,1
9287,D1,2025/2026,2026-03-14,Hamburg,FC Koln,0.7806258675588359,0.7008914371225102,0.07973443043632567,0.5471339861683189,1,0,0,0,0
11934,E0,2025/2026,2026-03-14,Burnley,Bournemouth,0.6397767126598627,0.8304734386986317,0.19069672603876897,0.5313175665619425,0,0,0,0,1
11935,E0,2025/2026,2026-03-14,Sunderland,Brighton,0.6595912890862093,0.7804765992743833,0.12088531018817394,0.5147955662170113,0,0,0,0,1
11936,E0,2025/2026,2026-03-14,Arsenal,Everton,0.916496600151201,0.5710389711949327,0.3454576289562683,0.5233552756539955,0,0,1,1,0
11937,E0,2025/2026,2026-03-14,Chelsea,Newcastle,0.8602980112338174,0.7045941828676449,0.15570382836617258,0.6061609742479516,0,0,0,0,1
11938,E0,2025/2026,2026-03-14,West Ham,Man City,0.6356051043273845,0.8624125380410359,0.22680743371365142,0.5481538112148171,1,1,1,1,1
14280,F1,2025/2026,2026-03-14,Lorient,Lens,0.6580858024411748,0.8646807925331267,0.20659499009195192,0.5690341532096336,1,1,1,1,1
14281,F1,2025/2026,2026-03-14,Angers,Nice,0.6441585610683896,0.7195353749754454,0.07537681390705575,0.46349487178198706,0,0,0,0,1
14282,F1,2025/2026,2026-03-14,Monaco,Brest,0.8674104379894618,0.6306508899863051,0.23675954800315668,0.5470331647014648,0,1,1,1,0
16911,SP1,2025/2026,2026-03-14,Girona,Ath Bilbao,0.7282039162776037,0.7470435807293686,0.01883966445176488,0.5440000611171705,0,0,0,0,1
16912,SP1,2025/2026,2026-03-14,Ath Madrid,Getafe,0.8812411484845056,0.5790435295772115,0.30219761890729413,0.5102769850271437,0,0,1,1,0
16913,SP1,2025/2026,2026-03-14,Oviedo,Valencia,0.7054054051151121,0.7547551675879258,0.04934976247281375,0.5324083747550851,0,0,0,0,1
16914,SP1,2025/2026,2026-03-14,Real Madrid,Elche,0.9275004575014392,0.5642853796906527,0.36321507781078644,0.5233749478244537,1,0,1,1,1
7125,I1,2025/2026,2026-03-15,Verona,Genoa,0.6642992668356692,0.7598633335177686,0.09556406668209938,0.5047766553511612,0,0,0,0,1
7126,I1,2025/2026,2026-03-15,Pisa,Cagliari,0.7013327261769117,0.6578266814031939,0.04350604477371778,0.4613553798204127,1,0,0,0,0
7127,I1,2025/2026,2026-03-15,Sassuolo,Bologna,0.7364329775349114,0.7310958938536909,0.005337083681220545,0.5384031259742211,0,0,0,0,1
7128,I1,2025/2026,2026-03-15,Como,Roma,0.7903654670871891,0.6834132594284694,0.10695220765871971,0.5401462400017606,1,0,0,0,0
7129,I1,2025/2026,2026-03-15,Lazio,Milan,0.6135594950572699,0.8075564742098882,0.19399697915261827,0.49548394254644823,0,1,0,0,1
9288,D1,2025/2026,2026-03-15,Werder Bremen,Mainz,0.769831464935363,0.6818530776493282,0.0879783872860348,0.5249119536374682,0,0,0,0,1
9289,D1,2025/2026,2026-03-15,Freiburg,Union Berlin,0.7701202014755117,0.6755171277317223,0.0946030737437894,0.520229386508913,0,0,0,0,1
9290,D1,2025/2026,2026-03-15,Stuttgart,RB Leipzig,0.7971778290400242,0.7584102439111057,0.038767585128918536,0.6045878317627704,0,0,0,0,1
11939,E0,2025/2026,2026-03-15,Crystal Palace,Leeds,0.732053641054776,0.7181347070596072,0.013918933995168747,0.5257131270707904,0,0,0,0,1
11940,E0,2025/2026,2026-03-15,Man United,Aston Villa,0.8441587897452492,0.60431382516708,0.23984496457816917,0.5101368272793644,1,1,1,1,1
11941,E0,2025/2026,2026-03-15,Nott'm Forest,Fulham,0.782959584355745,0.6922625617497828,0.09069702260596213,0.5420136076126533,0,0,0,0,1
11942,E0,2025/2026,2026-03-15,Liverpool,Tottenham,0.9300235928095152,0.5816959342088602,0.34832765860065495,0.5409909426556115,1,0,1,1,1
14283,F1,2025/2026,2026-03-15,Strasbourg,Paris FC,0.8357300740172466,0.5832590580914563,0.25247101592579035,0.4874471357900023,0,1,1,1,0
14284,F1,2025/2026,2026-03-15,Le Havre,Lyon,0.6299965500360516,0.8068827135030667,0.17688616346701513,0.5083333257906598,0,0,0,0,1
14285,F1,2025/2026,2026-03-15,Metz,Toulouse,0.6065481021259003,0.8078297788833895,0.2012816767574892,0.48998761922250555,1,1,1,1,1
14286,F1,2025/2026,2026-03-15,Rennes,Lille,0.7651726073672971,0.6734857620176596,0.09168684534963745,0.5153328565478036,1,0,0,0,0
16915,SP1,2025/2026,2026-03-15,Mallorca,Espanol,0.7438201664537453,0.6700320598327058,0.07378810662103952,0.498383358274109,1,0,0,0,0
16916,SP1,2025/2026,2026-03-15,Barcelona,Sevilla,0.9346424300310568,0.5312783708378047,0.40336405919325213,0.49655530754278676,1,0,1,1,1
16917,SP1,2025/2026,2026-03-15,Betis,Celta,0.7647547298158663,0.684497770670371,0.08025695914549535,0.5234729076685825,1,0,0,0,0
16918,SP1,2025/2026,2026-03-15,Sociedad,Osasuna,0.825073058191121,0.6576219527439103,0.16745110544721065,0.5425861556840349,1,0,0,0,0
7130,I1,2025/2026,2026-03-16,Cremonese,Fiorentina,0.6311828775297542,0.7997171762004184,0.16853429867066416,0.5047677884841495,1,0,0,0,0
11943,E0,2025/2026,2026-03-16,Brentford,Wolves,0.8820590174303977,0.5950457783380299,0.28701323909236787,0.5248654945669489,1,1,1,1,1
16919,SP1,2025/2026,2026-03-16,Vallecano,Levante,0.849549527260129,0.5948404571902298,0.2547090700698992,0.5053464292011588,1,1,1,1,1
7131,I1,2025/2026,2026-03-20,Cagliari,Napoli,0.5799312102305849,0.8438608646816766,0.26392965445109173,0.48938125252107256,0,1,1,1,0
7132,I1,2025/2026,2026-03-20,Genoa,Udinese,0.7635753394837638,0.6562809351012999,0.10729440438246385,0.5011199378166971,0,0,0,0,1
9291,D1,2025/2026,2026-03-20,RB Leipzig,Hoffenheim,0.8343443058052747,0.7043908720089536,0.12995343379632118,0.5877045131218825,0,0,0,0,1
11944,E0,2025/2026,2026-03-20,Bournemouth,Man United,0.6714755124834576,0.7828915686134718,0.11141605613001415,0.5256925172537089,1,0,0,0,0
14287,F1,2025/2026,2026-03-20,Lens,Angers,0.9459273274810234,0.5531296851631704,0.39279764231785297,0.5232204848368176,1,0,1,1,1
16920,SP1,2025/2026,2026-03-20,Villarreal,Sociedad,0.8135857730965991,0.6759831632985943,0.13760260979800476,0.5499702845125715,1,0,0,0,0
7133,I1,2025/2026,2026-03-21,Parma,Cremonese,0.7584550051107157,0.6183339480182101,0.14012105709250566,0.4689784777042805,0,0,0,0,1
7134,I1,2025/2026,2026-03-21,Milan,Torino,0.9119836221123724,0.5526501130683645,0.35933350904400785,0.5040078518768992,1,0,1,1,1
7135,I1,2025/2026,2026-03-21,Juventus,Sassuolo,0.9335764032880065,0.5905606513214396,0.34301575196656686,0.5513334887840922,1,0,1,1,1
9292,D1,2025/2026,2026-03-21,Bayern Munich,Union Berlin,0.9533688098027734,0.5723260412513196,0.3810427685514538,0.5456377967669035,0,0,1,1,0
9293,D1,2025/2026,2026-03-21,FC Koln,M'gladbach,0.7717034855550773,0.7125378139145992,0.059165671640478035,0.5498679145876912,1,0,0,0,0
9294,D1,2025/2026,2026-03-21,Heidenheim,Leverkusen,0.612929751102495,0.8785051948967155,0.2655754437942205,0.5384619704502928,1,1,1,1,1
9295,D1,2025/2026,2026-03-21,Wolfsburg,Werder Bremen,0.7738679421325133,0.7572523236540114,0.016615618478501903,0.5860132973811938,0,0,0,0,1
9296,D1,2025/2026,2026-03-21,Dortmund,Hamburg,0.9134261456148683,0.5888136763134654,0.324612469301403,0.5378378068403293,1,0,1,1,1
11945,E0,2025/2026,2026-03-21,Brighton,Liverpool,0.6892813392080016,0.7759686320919484,0.08668729288394683,0.5348606979117393,1,0,0,0,0
11946,E0,2025/2026,2026-03-21,Fulham,Burnley,0.8806438668374393,0.5662333826805694,0.3144104841568699,0.49864995565626025,1,0,1,1,1
11947,E0,2025/2026,2026-03-21,Everton,Chelsea,0.6683838682789034,0.8084543095288054,0.14007044124990198,0.5403578187296129,0,0,0,0,1
11948,E0,2025/2026,2026-03-21,Leeds,Brentford,0.7358195623639575,0.688856397682231,0.046963164681726566,0.5068740130741515,0,0,0,0,1
14288,F1,2025/2026,2026-03-21,Toulouse,Lorient,0.8062135728031758,0.6203386108958738,0.18587496190730202,0.5001254078381215,0,0,0,0,1
14289,F1,2025/2026,2026-03-21,Auxerre,Brest,0.7527140771901165,0.6789518373304039,0.07376223985971264,0.5110566056926891,0,0,0,0,1
14290,F1,2025/2026,2026-03-21,Nice,Paris SG,0.5928259496619945,0.9327671297829888,0.3399411801209943,0.5529685595270932,0,0,1,1,0
16921,SP1,2025/2026,2026-03-21,Elche,Mallorca,0.7868878787603781,0.6765532697478882,0.11033460901248993,0.5323715673003137,1,0,0,0,0
16922,SP1,2025/2026,2026-03-21,Espanol,Getafe,0.7513773265082617,0.6990356307954514,0.05234169571281033,0.5252395234011026,1,0,0,0,0
16923,SP1,2025/2026,2026-03-21,Levante,Oviedo,0.7605410995259081,0.6501630954745306,0.11037800405137754,0.4944757555033674,1,0,0,0,0
16924,SP1,2025/2026,2026-03-21,Osasuna,Girona,0.7792316503231396,0.6808666671668966,0.09836498315624298,0.5305528567064766,0,0,0,0,1
16925,SP1,2025/2026,2026-03-21,Sevilla,Valencia,0.7671150608635101,0.6953547827907139,0.07176027807279617,0.5334171265222314,0,0,0,0,1
7136,I1,2025/2026,2026-03-22,Como,Pisa,0.9322997339125066,0.5468763282425861,0.3854234056699205,0.5098526553036117,0,0,1,1,0
7137,I1,2025/2026,2026-03-22,Atalanta,Verona,0.9085380545335592,0.5630480087143588,0.3454900458192004,0.511550542446338,0,0,1,1,0
7138,I1,2025/2026,2026-03-22,Bologna,Lazio,0.7203232223724948,0.6422094476164325,0.07811377475606229,0.46259837874512855,0,0,0,0,1
7139,I1,2025/2026,2026-03-22,Roma,Lecce,0.9002583362177532,0.5938811818109867,0.3063771544067665,0.5346464846481919,0,0,1,1,0
7140,I1,2025/2026,2026-03-22,Fiorentina,Inter,0.5959592129109663,0.872629392923825,0.2766701800128587,0.5200515261698572,1,1,1,1,1
9297,D1,2025/2026,2026-03-22,Mainz,Ein Frankfurt,0.7939818196701306,0.7021652423095939,0.09181657736053672,0.5575064367980895,1,0,0,0,0
9298,D1,2025/2026,2026-03-22,St Pauli,Freiburg,0.6773857656621989,0.7068089773917188,0.029423211729519894,0.47878234032740524,1,0,0,0,0
9299,D1,2025/2026,2026-03-22,Augsburg,Stuttgart,0.6808651406276253,0.8279348164454421,0.14706967581781683,0.563711955229633,1,0,0,0,0
11949,E0,2025/2026,2026-03-22,Newcastle,Sunderland,0.8591633887470121,0.6126389089282575,0.2465244798187547,0.5263569210730739,1,1,1,1,1
11950,E0,2025/2026,2026-03-22,Aston Villa,West Ham,0.80328276215882,0.6355308085261965,0.16775195363262352,0.5105109433099513,0,0,0,0,1
11951,E0,2025/2026,2026-03-22,Tottenham,Nott'm Forest,0.7694361871930048,0.6923958951642211,0.07704029202878371,0.5327544576032457,0,0,0,0,1
14291,F1,2025/2026,2026-03-22,Lyon,Monaco,0.7429292758449655,0.7786691120360273,0.0357398361910618,0.578496079527768,1,0,0,0,0
14292,F1,2025/2026,2026-03-22,Marseille,Lille,0.8094444134871593,0.6391669891570024,0.1702774243301569,0.5173701486585434,1,0,0,0,0
14293,F1,2025/2026,2026-03-22,Paris FC,Le Havre,0.7707599044781074,0.6117528148687995,0.15900708960930787,0.4715145411524892,1,0,0,0,0
14294,F1,2025/2026,2026-03-22,Rennes,Metz,0.9180797217708676,0.5800745200487826,0.33800520172208504,0.5325546539727559,0,0,1,1,0
14295,F1,2025/2026,2026-03-22,Nantes,Strasbourg,0.6454480699814515,0.7765666845593674,0.13111861457791585,0.5012334677607384,1,0,0,0,0
16926,SP1,2025/2026,2026-03-22,Barcelona,Vallecano,0.9432740945290847,0.55633533293287,0.38693876159621476,0.5247767074267898,0,0,1,1,0
16927,SP1,2025/2026,2026-03-22,Celta,Alaves,0.8186399474497542,0.6015023567972037,0.21713759065255056,0.4924138577593661,1,1,1,1,1
16928,SP1,2025/2026,2026-03-22,Ath Bilbao,Betis,0.7598979377688011,0.6658751746177639,0.09402276315103719,0.5059971720034792,1,0,0,0,0
16929,SP1,2025/2026,2026-03-22,Real Madrid,Ath Madrid,0.8360392598869598,0.6927709258733438,0.14326833401361605,0.5791836921383542,1,0,0,0,0
14296,F1,2025/2026,2026-04-03,Paris SG,Toulouse,0.9419810590872187,0.5586012905347667,0.38337976855245204,0.5261918352654267,1,0,1,1,1
16930,SP1,2025/2026,2026-04-03,Vallecano,Elche,0.8496354491619915,0.61048958299972,0.23914586616227151,0.518693591060684,0,1,1,1,0
7141,I1,2025/2026,2026-04-04,Sassuolo,Cagliari,0.7881177050325574,0.6082557313014644,0.17986197373109303,0.47937711102621,1,0,0,0,0
7142,I1,2025/2026,2026-04-04,Verona,Fiorentina,0.6127420574889126,0.8138295265308242,0.20108746904191155,0.49866757853172483,0,1,1,1,0
7143,I1,2025/2026,2026-04-04,Lazio,Parma,0.8139299710998885,0.553671099151265,0.2602588719486235,0.45064950173103263,1,1,1,1,1
9300,D1,2025/2026,2026-04-04,Freiburg,Bayern Munich,0.6128731760265592,0.926223985237951,0.3133508092113918,0.5676578355447599,1,0,1,1,1
9301,D1,2025/2026,2026-04-04,Hamburg,Augsburg,0.7786584532439585,0.7154187305936192,0.06323972265033939,0.5570668421857837,1,0,0,0,0
9302,D1,2025/2026,2026-04-04,Hoffenheim,Mainz,0.8624916122684694,0.6362191462332151,0.2262724660352543,0.5487336771907547,1,1,1,1,1
9303,D1,2025/2026,2026-04-04,Leverkusen,Wolfsburg,0.9085264919568707,0.5971614414813134,0.3113650504755573,0.5425369895609259,1,0,1,1,1
9304,D1,2025/2026,2026-04-04,M'gladbach,Heidenheim,0.8788819651295645,0.6303537690346738,0.24852819609489074,0.5540065592560217,1,1,1,1,1
9305,D1,2025/2026,2026-04-04,Werder Bremen,RB Leipzig,0.6843480295667541,0.8383530151537912,0.15400498558703712,0.5737252340018442,1,0,0,0,0
9306,D1,2025/2026,2026-04-04,Stuttgart,Dortmund,0.7989237200739737,0.7796802678869902,0.019243452186983534,0.6229050600885466,0,0,0,0,1
14297,F1,2025/2026,2026-04-04,Strasbourg,Nice,0.8202077096456442,0.6204202802794856,0.19978742936615856,0.5088734971057455,1,1,0,0,0
14298,F1,2025/2026,2026-04-04,Brest,Rennes,0.6790045158819296,0.7871790306277431,0.10817451474581352,0.5344981166037973,1,0,0,0,0
14299,F1,2025/2026,2026-04-04,Lille,Lens,0.7178788451913608,0.7570972980164926,0.03921845282513181,0.5435041339975792,0,0,0,0,1
16931,SP1,2025/2026,2026-04-04,Sociedad,Levante,0.8884426341945024,0.6254863016522676,0.2629563325422348,0.5557086974925177,0,1,1,1,0
16932,SP1,2025/2026,2026-04-04,Mallorca,Real Madrid,0.6110358824079517,0.8943843703739448,0.2833484879659931,0.5465009429633236,1,1,1,1,1
16933,SP1,2025/2026,2026-04-04,Betis,Espanol,0.8543224965361158,0.6276950341854016,0.22662746235071418,0.5362539886685949,0,1,1,1,0
16934,SP1,2025/2026,2026-04-04,Ath Madrid,Barcelona,0.7316670098227906,0.8342689551282239,0.1026019453054332,0.6104070717866514,1,0,0,0,0
7144,I1,2025/2026,2026-04-05,Cremonese,Bologna,0.651234404015427,0.8049164493084306,0.15368204529300367,0.5241892841475895,1,0,0,0,0
7145,I1,2025/2026,2026-04-05,Pisa,Torino,0.6733530823370494,0.771817481986135,0.0984643996490856,0.5197056804969841,0,0,0,0,1
7146,I1,2025/2026,2026-04-05,Inter,Roma,0.8640258751332553,0.6012765603245009,0.2627493148087544,0.5195185062314905,1,1,1,1,1
9307,D1,2025/2026,2026-04-05,Union Berlin,St Pauli,0.7627388418052962,0.6368111030193417,0.12592773878595442,0.48572056316572587,1,0,0,0,0
9308,D1,2025/2026,2026-04-05,Ein Frankfurt,FC Koln,0.7894810569700906,0.6601166248243803,0.12936443214571036,0.5211495706898805,1,0,0,0,0
14300,F1,2025/2026,2026-04-05,Angers,Lyon,0.577819328839052,0.8370812931146986,0.25926196427564663,0.48368175097126087,0,1,1,1,0
14301,F1,2025/2026,2026-04-05,Le Havre,Auxerre,0.7207391692145214,0.6856704034005487,0.03506876581397267,0.4941895169018973,1,0,0,0,0
14302,F1,2025/2026,2026-04-05,Lorient,Paris FC,0.7644692260701105,0.6690484928131712,0.09542073325693923,0.5114669835042589,1,0,0,0,0
14303,F1,2025/2026,2026-04-05,Metz,Nantes,0.6945085333746546,0.7718548023939843,0.07734626901932973,0.5360597467888298,0,0,0,0,1
14304,F1,2025/2026,2026-04-05,Monaco,Marseille,0.7833543134866209,0.7174246664186068,0.06592964706801407,0.5619977070407157,1,0,0,0,0
16935,SP1,2025/2026,2026-04-05,Getafe,Ath Bilbao,0.6432927275372514,0.6965650307006419,0.05327230316339049,0.4480952185064852,0,0,0,0,1
16936,SP1,2025/2026,2026-04-05,Valencia,Celta,0.7528576998182832,0.7043064342921058,0.04855126552617739,0.5302425220883716,1,0,0,0,0
16937,SP1,2025/2026,2026-04-05,Oviedo,Sevilla,0.6759410400864693,0.7136923281403666,0.03775128805389738,0.48241393458493315,0,0,0,0,1
16938,SP1,2025/2026,2026-04-05,Alaves,Osasuna,0.7467382991945557,0.7233463214849908,0.023391977709564915,0.5401504018343404,1,0,0,0,0
7147,I1,2025/2026,2026-04-06,Udinese,Como,0.6245119050141361,0.8736730937482058,0.24916118873406967,0.5456192481362859,0,1,1,1,0
7148,I1,2025/2026,2026-04-06,Lecce,Atalanta,0.6016848436410147,0.8468166934471147,0.24513184980610003,0.5095167697893284,0,1,1,1,0
7149,I1,2025/2026,2026-04-06,Juventus,Genoa,0.9171219956123638,0.5658432957426711,0.35127869986969273,0.5189473325953955,0,0,1,1,0
7150,I1,2025/2026,2026-04-06,Napoli,Milan,0.711849857851053,0.7049074569671765,0.006942400883876543,0.5017882730402319,0,0,0,0,1
16939,SP1,2025/2026,2026-04-06,Girona,Villarreal,0.6951397118342583,0.784203875559653,0.08906416372539472,0.5451312560758457,0,0,0,0,1
7151,I1,2025/2026,2026-04-10,Roma,Pisa,0.9233137634644472,0.5671776949917181,0.35613606847272905,0.5236829721158935,0,0,1,1,0
9309,D1,2025/2026,2026-04-10,Augsburg,Hoffenheim,0.678809052136498,0.821286838097057,0.14247778596055904,0.5574969401008448,1,0,0,0,0
11952,E0,2025/2026,2026-04-10,West Ham,Wolves,0.8399923071215721,0.6237875456002521,0.21620476152132007,0.5239767395824586,0,1,1,1,0
14305,F1,2025/2026,2026-04-10,Paris FC,Monaco,0.6598509890762222,0.8294446442331309,0.16959365515690872,0.5473098688812067,1,0,0,0,0
14306,F1,2025/2026,2026-04-10,Marseille,Metz,0.9373339457074196,0.5266037455832143,0.41073020012420525,0.4936035666718204,1,0,1,1,1
16940,SP1,2025/2026,2026-04-10,Real Madrid,Girona,0.9342448498718173,0.5867422169536133,0.34750263291820405,0.5481608943912857,1,0,1,1,1
7152,I1,2025/2026,2026-04-11,Cagliari,Cremonese,0.777151474755081,0.667163919561899,0.10998755519318193,0.5184874239909101,0,0,0,0,1
7153,I1,2025/2026,2026-04-11,Torino,Verona,0.8168747148575143,0.643114196697618,0.17376051815989624,0.5253437260481861,1,0,0,0,0
7154,I1,2025/2026,2026-04-11,Milan,Udinese,0.9034405180077825,0.543457500403144,0.35998301760463847,0.49098152567943104,0,0,1,1,0
7155,I1,2025/2026,2026-04-11,Atalanta,Juventus,0.6972567251922164,0.7791519553348967,0.0818952301426803,0.5432689408039221,0,0,0,0,1
9310,D1,2025/2026,2026-04-11,Dortmund,Leverkusen,0.8244877963510352,0.7054314932461347,0.11905630310490045,0.5816196573431258,0,0,0,0,1
9311,D1,2025/2026,2026-04-11,Heidenheim,Union Berlin,0.7013509491955698,0.7837455916771169,0.08239464248154704,0.5496807146505894,1,0,0,0,0
9312,D1,2025/2026,2026-04-11,RB Leipzig,M'gladbach,0.8954582376754303,0.6055539997720314,0.2899042379033989,0.5422483174531711,0,1,1,1,0
9313,D1,2025/2026,2026-04-11,Wolfsburg,Ein Frankfurt,0.7532898066918732,0.7568889360720502,0.003599129380177035,0.5701567203409322,1,0,0,0,0
9314,D1,2025/2026,2026-04-11,St Pauli,Bayern Munich,0.5755915909016955,0.9199558666293963,0.3443642757277008,0.5295188608325623,0,0,1,1,0
11953,E0,2025/2026,2026-04-11,Arsenal,Bournemouth,0.8959896742349689,0.5281229061879695,0.36786676804699936,0.4731926706713839,1,0,1,1,1
11954,E0,2025/2026,2026-04-11,Brentford,Everton,0.7877519111648137,0.6873490740106344,0.1004028371541793,0.5414605466892423,1,0,0,0,0
11955,E0,2025/2026,2026-04-11,Burnley,Brighton,0.6427858193173521,0.8622151459867625,0.2194293266694104,0.5542196690409316,0,1,1,1,0
11956,E0,2025/2026,2026-04-11,Liverpool,Fulham,0.8811827645220079,0.6375947899920598,0.24358797452994818,0.5618375396900323,0,1,1,1,0
14307,F1,2025/2026,2026-04-11,Auxerre,Nantes,0.7897996161078971,0.6351279798527267,0.15467163625517033,0.5016238346670677,0,0,0,0,1
14308,F1,2025/2026,2026-04-11,Rennes,Angers,0.9094980952039706,0.5436311226051358,0.3658669725988348,0.4944314705029672,1,0,1,1,1
16941,SP1,2025/2026,2026-04-11,Sociedad,Alaves,0.8516263554422985,0.6311096181807866,0.22051673726151189,0.5374695840158839,1,1,1,1,1
16942,SP1,2025/2026,2026-04-11,Elche,Valencia,0.7493631789402458,0.7403956879671088,0.008967490973137093,0.5548252664086829,0,0,0,0,1
16943,SP1,2025/2026,2026-04-11,Barcelona,Espanol,0.9348076576689374,0.561705114597544,0.37310254307139334,0.5250862424775922,1,0,1,1,1
16944,SP1,2025/2026,2026-04-11,Sevilla,Ath Madrid,0.7181969947190991,0.7527553740376546,0.03455837931855543,0.5406266473924949,1,0,0,0,0
7156,I1,2025/2026,2026-04-12,Genoa,Sassuolo,0.7677850248315934,0.6631061473178843,0.10467887751370908,0.509122969784444,1,0,0,0,0
7157,I1,2025/2026,2026-04-12,Parma,Napoli,0.5756058145382004,0.8653669742230312,0.28976115968483085,0.49811026207210574,1,1,1,1,1
7158,I1,2025/2026,2026-04-12,Bologna,Lecce,0.8175262228111542,0.5993494299682106,0.21817679284294356,0.4899838756259296,0,1,1,1,0
7159,I1,2025/2026,2026-04-12,Como,Inter,0.6868728805236809,0.7926728846369854,0.10580000411330448,0.5444655075836216,1,0,0,0,0
9315,D1,2025/2026,2026-04-12,FC Koln,Werder Bremen,0.7917128556311669,0.7282796629844509,0.06343319264671599,0.5765883716795235,1,0,0,0,0
9316,D1,2025/2026,2026-04-12,Stuttgart,Hamburg,0.9128769793058902,0.5964869026565683,0.31639007664932184,0.5445191618926547,0,0,1,1,0
9317,D1,2025/2026,2026-04-12,Mainz,Freiburg,0.751548046930561,0.6888806079337739,0.06266743899678706,0.5177268754609653,0,0,0,0,1
11957,E0,2025/2026,2026-04-12,Crystal Palace,Newcastle,0.6943450419441366,0.7972874494012924,0.10294240745715577,0.553592587496074,1,0,0,0,0
11958,E0,2025/2026,2026-04-12,Nott'm Forest,Aston Villa,0.7223458717817607,0.7236837981007768,0.0013379263190160806,0.5227500040334413,1,0,0,0,0
11959,E0,2025/2026,2026-04-12,Sunderland,Tottenham,0.7049026218518794,0.7255599250345779,0.02065730318269854,0.511449093467527,0,0,0,0,1
11960,E0,2025/2026,2026-04-12,Chelsea,Man City,0.7112359011142199,0.8017938341065487,0.09055793299232884,0.5702645601085965,0,0,0,0,1
14309,F1,2025/2026,2026-04-12,Nice,Le Havre,0.7991696416847657,0.6264396146552235,0.1727300270295422,0.5006315223811576,1,0,0,0,0
14310,F1,2025/2026,2026-04-12,Toulouse,Lille,0.6866647386863117,0.767449479577676,0.08078474089136423,0.5269804963491508,0,0,0,0,1
14311,F1,2025/2026,2026-04-12,Lyon,Lorient,0.8508932492469609,0.5740188334420034,0.2768744158049574,0.48842875031641636,0,1,1,1,0
16945,SP1,2025/2026,2026-04-12,Osasuna,Betis,0.7622180638230959,0.6775938552667482,0.08462420855634767,0.5164742764198479,1,0,0,0,0
16946,SP1,2025/2026,2026-04-12,Mallorca,Vallecano,0.7369908446313106,0.6990395741748646,0.037951270456445974,0.5151857662018452,0,0,0,0,1
16947,SP1,2025/2026,2026-04-12,Celta,Oviedo,0.8634756961893119,0.6274867096911064,0.23598898649820543,0.5418195235000688,0,1,1,1,0
16948,SP1,2025/2026,2026-04-12,Ath Bilbao,Villarreal,0.7587849956296977,0.6970236937492919,0.06176130188040585,0.5288911204153521,1,0,0,0,0
7160,I1,2025/2026,2026-04-13,Fiorentina,Lazio,0.7435874620867218,0.6554871196197224,0.08810034246699938,0.4874120037085648,0,0,0,0,1
11961,E0,2025/2026,2026-04-13,Man United,Leeds,0.8649852962604386,0.58305932210187,0.2819259741585687,0.5043377404656965,1,1,1,1,1
16949,SP1,2025/2026,2026-04-13,Levante,Getafe,0.7077266326442161,0.7213382944157266,0.01361166177151052,0.5105103221041644,0,0,0,0,1
7161,I1,2025/2026,2026-04-17,Sassuolo,Como,0.6077101340890103,0.8935238658097203,0.28581373172071,0.543003508302956,1,1,1,1,1
7162,I1,2025/2026,2026-04-17,Inter,Cagliari,0.9430109635067692,0.5750307443583597,0.3679802191484095,0.5422602962833915,0,0,1,1,0
9318,D1,2025/2026,2026-04-17,St Pauli,FC Koln,0.6961154121948592,0.7439238185446229,0.04780840634976369,0.5178568355877637,1,0,0,0,0
14312,F1,2025/2026,2026-04-17,Lens,Toulouse,0.900984606492194,0.6037946432145469,0.29718996327764713,0.5440096790187532,1,0,1,1,1
7163,I1,2025/2026,2026-04-18,Udinese,Parma,0.7479139586589872,0.598986824975177,0.14892713368381028,0.44799060745176256,0,0,0,0,1
7164,I1,2025/2026,2026-04-18,Napoli,Lazio,0.8705162545667264,0.5484486579661015,0.3220675966006249,0.4774334715547983,0,0,1,1,0
7165,I1,2025/2026,2026-04-18,Roma,Atalanta,0.7554542917939651,0.7190643572752791,0.036389934518685996,0.5432202547796786,1,0,0,0,0
9319,D1,2025/2026,2026-04-18,Hoffenheim,Dortmund,0.7646484859275142,0.7956148084163661,0.030966322488851894,0.6083656586370837,1,0,0,0,0
9320,D1,2025/2026,2026-04-18,Leverkusen,Augsburg,0.9136651279578281,0.6232137478128809,0.2904513801449472,0.5694086686405334,1,1,1,1,1
9321,D1,2025/2026,2026-04-18,Union Berlin,Wolfsburg,0.7730778286741142,0.7130380215569923,0.06003980711712198,0.5512338854673658,1,0,0,0,0
9322,D1,2025/2026,2026-04-18,Werder Bremen,Hamburg,0.8047164390599699,0.6625717009353809,0.14214473812458905,0.5331823397986271,1,0,0,0,0
9323,D1,2025/2026,2026-04-18,Ein Frankfurt,RB Leipzig,0.6907797730495949,0.8290273699193117,0.13824759686971677,0.5726753384447647,1,0,0,0,0
11962,E0,2025/2026,2026-04-18,Brentford,Fulham,0.7958385829621907,0.6932639176968444,0.10257466526534631,0.5517261738786734,0,0,0,0,1
11963,E0,2025/2026,2026-04-18,Leeds,Wolves,0.8630802499030032,0.5508230906059339,0.3122571592970693,0.47540453069251404,0,0,1,1,0
11964,E0,2025/2026,2026-04-18,Newcastle,Bournemouth,0.8150198403350487,0.6522530254505384,0.16276681488451028,0.5315991566607503,1,0,0,0,0
11965,E0,2025/2026,2026-04-18,Tottenham,Brighton,0.7422358074587094,0.7663669008034715,0.024131093344762045,0.5688249554274933,1,0,0,0,0
11966,E0,2025/2026,2026-04-18,Chelsea,Man United,0.7903661831613097,0.7229273525710348,0.06743883059027489,0.5713773323544792,0,0,0,0,1
14313,F1,2025/2026,2026-04-18,Lorient,Marseille,0.6240126015586598,0.8501565654091914,0.2261439638505316,0.5305084101131644,0,1,1,1,0
14314,F1,2025/2026,2026-04-18,Angers,Le Havre,0.6698031841206167,0.7044682524128554,0.0346650682922387,0.47185507857801684,1,0,0,0,0
14315,F1,2025/2026,2026-04-18,Lille,Nice,0.8833716636378652,0.5711342013543673,0.3122374622834979,0.504523769610891,0,0,1,1,0
7166,I1,2025/2026,2026-04-19,Cremonese,Torino,0.7096034139288298,0.7643065259172531,0.05470311198842337,0.5423545200789665,0,0,0,0,1
7167,I1,2025/2026,2026-04-19,Verona,Milan,0.5596056307678194,0.872720198634144,0.3131145678663245,0.4883791372404768,0,0,1,1,0
7168,I1,2025/2026,2026-04-19,Pisa,Genoa,0.6611234964131597,0.7828771081382558,0.12175361172509613,0.517578450994187,1,0,0,0,0
7169,I1,2025/2026,2026-04-19,Juventus,Bologna,0.8941178410599109,0.568036250173267,0.3260815908866439,0.5078913456486889,0,0,1,1,0
9324,D1,2025/2026,2026-04-19,Freiburg,Heidenheim,0.8677511586012434,0.647481915724512,0.22026924287673144,0.5618531825432979,1,1,1,1,1
9325,D1,2025/2026,2026-04-19,Bayern Munich,Stuttgart,0.9300831925985136,0.6521117421803457,0.27797145041816784,0.6065181710980747,1,1,1,1,1
9326,D1,2025/2026,2026-04-19,M'gladbach,Mainz,0.7630339995243769,0.7404380541845887,0.022595945339788148,0.564979409884514,1,0,0,0,0
11967,E0,2025/2026,2026-04-19,Aston Villa,Sunderland,0.8647360109003998,0.5947468505245459,0.26998916037585385,0.5142990190181721,1,1,1,1,1
11968,E0,2025/2026,2026-04-19,Everton,Liverpool,0.6935629542457322,0.8055020980741351,0.11193914382840287,0.5586664147914326,1,0,0,0,0
11969,E0,2025/2026,2026-04-19,Nott'm Forest,Burnley,0.8880098991163234,0.575221299948175,0.3127885991681485,0.5108022085365392,1,0,1,1,1
11970,E0,2025/2026,2026-04-19,Man City,Arsenal,0.839534874218938,0.6533479927868004,0.18618688143213757,0.5485084249454621,1,0,0,0,0
14316,F1,2025/2026,2026-04-19,Monaco,Auxerre,0.8768593340952526,0.5946704964972372,0.2821888375980154,0.5214423755646607,1,1,1,1,1
14317,F1,2025/2026,2026-04-19,Metz,Paris FC,0.6669061338863224,0.7936980440052153,0.1267919101188929,0.5293220940006542,1,0,0,0,0
14318,F1,2025/2026,2026-04-19,Nantes,Brest,0.7448140449461862,0.681622901183861,0.06319114376232515,0.5076823101587061,1,0,0,0,0
14319,F1,2025/2026,2026-04-19,Strasbourg,Rennes,0.7384799602985875,0.7622162503044673,0.023736290005879734,0.5628814262637812,0,0,0,0,1
14320,F1,2025/2026,2026-04-19,Paris SG,Lyon,0.9298656689252023,0.5471311409835726,0.38273452794162965,0.5087584644004989,1,0,1,1,1
7170,I1,2025/2026,2026-04-20,Lecce,Fiorentina,0.6549788324718396,0.7786016480627126,0.12362281559087296,0.5099675984087657,1,0,0,0,0
11971,E0,2025/2026,2026-04-20,Crystal Palace,West Ham,0.7470467166557632,0.6912721363780223,0.05577458027774085,0.5164125797968165,0,0,0,0,1
11972,E0,2025/2026,2026-04-21,Brighton,Chelsea,0.7386234384680669,0.7400721708854567,0.001448732417389853,0.5466346515739429,0,0,0,0,1
16950,SP1,2025/2026,2026-04-21,Ath Bilbao,Osasuna,0.824205680652463,0.6005285952508107,0.22367708540165232,0.49495907959996194,0,1,1,1,0
16951,SP1,2025/2026,2026-04-21,Mallorca,Valencia,0.7340676423446592,0.7384012669658774,0.004333624621218224,0.5420364771459508,1,0,0,0,0
16952,SP1,2025/2026,2026-04-21,Girona,Betis,0.7289807020563497,0.6768191980595584,0.052161503996791314,0.49338813416667243,1,0,0,0,0
16953,SP1,2025/2026,2026-04-21,Real Madrid,Alaves,0.9460372209749436,0.569105413589499,0.37693180738544463,0.5383949039140055,1,0,1,1,1
11973,E0,2025/2026,2026-04-22,Bournemouth,Leeds,0.79069396555511,0.6434201225687866,0.1472738429863234,0.5087484082318687,1,0,0,0,0
11974,E0,2025/2026,2026-04-22,Burnley,Man City,0.5536353020449155,0.9503412164625742,0.3967059144176587,0.5261424464219897,0,0,1,1,0
14321,F1,2025/2026,2026-04-22,Paris SG,Nantes,0.9479702252563498,0.5288331470284104,0.41913707822793933,0.5013180775115466,0,0,1,1,0
16954,SP1,2025/2026,2026-04-22,Elche,Ath Madrid,0.7316728556328208,0.7775009515138199,0.04582809588099912,0.568876341451352,1,0,0,0,0
16955,SP1,2025/2026,2026-04-22,Sociedad,Getafe,0.7812211435421506,0.6984824269234294,0.08273871661872112,0.5456692403052181,0,0,0,0,1
16956,SP1,2025/2026,2026-04-22,Barcelona,Celta,0.9428972306581089,0.5816233305822373,0.3612739000758717,0.5484110276921373,0,0,1,1,0
16957,SP1,2025/2026,2026-04-23,Levante,Sevilla,0.7176285825564529,0.711473962443763,0.006154620112689857,0.5105740511943406,0,0,0,0,1
16958,SP1,2025/2026,2026-04-23,Vallecano,Espanol,0.7626374798031893,0.627671387290874,0.13496609251231528,0.47868572494808376,0,0,0,0,1
16959,SP1,2025/2026,2026-04-23,Oviedo,Villarreal,0.6388848686176508,0.8061327652441581,0.1672478966265073,0.5150260258113974,1,0,0,0,0
7171,I1,2025/2026,2026-04-24,Napoli,Cremonese,0.9112570945860345,0.5223283272909787,0.3889287672950559,0.47597539394716054,0,0,1,1,0
9327,D1,2025/2026,2026-04-24,RB Leipzig,Union Berlin,0.8992833889015807,0.5859810024568417,0.31330238644473896,0.526962981721334,1,0,1,1,1
11975,E0,2025/2026,2026-04-24,Sunderland,Nott'm Forest,0.7131877120643049,0.7311546881107064,0.017966976046401517,0.521450539178765,0,0,0,0,1
14322,F1,2025/2026,2026-04-24,Brest,Lens,0.6206635811438499,0.9028765042091803,0.2822129230653304,0.5603825644331101,1,1,1,1,1
16960,SP1,2025/2026,2026-04-24,Betis,Real Madrid,0.6732395943795068,0.8453647830272543,0.1721251886477475,0.5691330436279884,1,0,0,0,0
7172,I1,2025/2026,2026-04-25,Parma,Pisa,0.7735674353766744,0.6446154418441594,0.12895199353251496,0.4986535141515882,0,0,0,0,1
7173,I1,2025/2026,2026-04-25,Bologna,Roma,0.6714827923198997,0.7562307636201552,0.08474797130025546,0.5077959447938718,0,0,0,0,1
7174,I1,2025/2026,2026-04-25,Verona,Lecce,0.6897661692374294,0.6864498528897809,0.003316316347648507,0.4734898854013811,0,0,0,0,1
9328,D1,2025/2026,2026-04-25,Augsburg,Ein Frankfurt,0.7532663461842635,0.7672584044011513,0.01399205821688787,0.5779499348624233,1,0,0,0,0
9329,D1,2025/2026,2026-04-25,FC Koln,Leverkusen,0.6729404991311795,0.8576658501388177,0.1847253510076382,0.5771580852801833,1,0,0,0,0
9330,D1,2025/2026,2026-04-25,Heidenheim,St Pauli,0.7476931640098123,0.7089862583380878,0.03870690567172452,0.5301041787362831,0,0,0,0,1
9331,D1,2025/2026,2026-04-25,Mainz,Bayern Munich,0.656798802045143,0.8882642501364814,0.2314654480913384,0.5834108953891681,1,1,1,1,1
9332,D1,2025/2026,2026-04-25,Wolfsburg,M'gladbach,0.7829760340532173,0.7224746455712648,0.06050138848195241,0.5656803326933927,0,0,0,0,1
9333,D1,2025/2026,2026-04-25,Hamburg,Hoffenheim,0.6426383840882439,0.845584003136136,0.2029456190478921,0.543404737386275,1,1,1,1,1
11976,E0,2025/2026,2026-04-25,Fulham,Aston Villa,0.7157626943836005,0.7376872803180873,0.021924585934486762,0.5280090353729846,0,0,0,0,1
11977,E0,2025/2026,2026-04-25,Liverpool,Crystal Palace,0.9046421908792073,0.5754093838512142,0.32923280702799307,0.5205396056596172,1,0,1,1,1
11978,E0,2025/2026,2026-04-25,West Ham,Everton,0.7470121534857529,0.7087902694849992,0.03822188400075366,0.5294749455777364,1,0,0,0,0
11979,E0,2025/2026,2026-04-25,Wolves,Tottenham,0.6027343225889081,0.8599134757507625,0.25717915316185436,0.5182993662917094,0,1,1,1,0
11980,E0,2025/2026,2026-04-25,Arsenal,Newcastle,0.900603285277337,0.5981688963172581,0.3024343889600789,0.5387128731740415,0,0,1,1,0
14323,F1,2025/2026,2026-04-25,Lyon,Auxerre,0.8504957885802056,0.5705243072414524,0.27997148133875316,0.48522852059149457,1,1,1,1,1
14324,F1,2025/2026,2026-04-25,Angers,Paris SG,0.5689348403799744,0.9446045693614085,0.375669728981434,0.5374184498918274,0,0,1,1,0
14325,F1,2025/2026,2026-04-25,Toulouse,Monaco,0.6856826470512263,0.8317281386632925,0.14604549161206626,0.5703015517456358,1,0,0,0,0
16961,SP1,2025/2026,2026-04-25,Alaves,Mallorca,0.7973904966112488,0.6993412822169073,0.09804921439434156,0.5576480923276872,1,0,0,0,0
16962,SP1,2025/2026,2026-04-25,Getafe,Barcelona,0.6033279706401041,0.8737023808306819,0.27037441019057773,0.5271290843700027,0,1,1,1,0
16963,SP1,2025/2026,2026-04-25,Valencia,Girona,0.7964021651188451,0.6702730288237331,0.12612913629511202,0.5338068913759871,1,0,0,0,0
16964,SP1,2025/2026,2026-04-25,Ath Madrid,Ath Bilbao,0.7905023268683155,0.7068538683067024,0.08364845856161307,0.5587696276523181,1,0,0,0,0
7175,I1,2025/2026,2026-04-26,Fiorentina,Sassuolo,0.8024258280350186,0.6261227364180746,0.17630309161694402,0.5024170552218252,0,0,0,0,1
7176,I1,2025/2026,2026-04-26,Genoa,Como,0.6086381621342332,0.8628470473809083,0.2542088852466752,0.5251616411208656,0,1,1,1,0
7177,I1,2025/2026,2026-04-26,Torino,Inter,0.5806003450678686,0.9151728464017932,0.3345725013339246,0.5313496704176246,1,0,1,1,1
7178,I1,2025/2026,2026-04-26,Milan,Juventus,0.6813741602045391,0.7358742086733561,0.05450004846881695,0.5014056709509878,0,0,0,0,1
9334,D1,2025/2026,2026-04-26,Stuttgart,Werder Bremen,0.89779007276586,0.6449054955255559,0.2528845772403041,0.5789897517549918,1,1,1,1,1
9335,D1,2025/2026,2026-04-26,Dortmund,Freiburg,0.9177298431978046,0.5763912959970119,0.3413385472007927,0.5289714936959171,0,0,1,1,0
14326,F1,2025/2026,2026-04-26,Lorient,Strasbourg,0.777028965117658,0.6599282240826475,0.11710074103501045,0.5127833450108735,1,0,0,0,0
14327,F1,2025/2026,2026-04-26,Le Havre,Metz,0.8560558144218333,0.5840756339698391,0.27198018045199424,0.5000013425219992,1,1,1,1,1
14328,F1,2025/2026,2026-04-26,Paris FC,Lille,0.6552611344126565,0.8426235718125661,0.18736243739990954,0.5521384775487466,0,0,0,0,1
14329,F1,2025/2026,2026-04-26,Rennes,Nantes,0.9008021384172867,0.5558370045708128,0.344965133846474,0.5006991623288473,1,0,1,1,1
14330,F1,2025/2026,2026-04-26,Marseille,Nice,0.8950539643855704,0.5713904762493267,0.3236634881362437,0.5114253109791189,1,0,1,1,1
16965,SP1,2025/2026,2026-04-26,Vallecano,Sociedad,0.7042700219675304,0.7270769072558523,0.022806885288321865,0.5120584694451632,1,0,0,0,0
16966,SP1,2025/2026,2026-04-26,Oviedo,Elche,0.7471720331552097,0.7090974033090756,0.03807462984613419,0.5298177485355218,1,0,0,0,0
16967,SP1,2025/2026,2026-04-26,Osasuna,Sevilla,0.7833353119340596,0.661297163574571,0.12203814835948856,0.5180174199097954,1,0,0,0,0
16968,SP1,2025/2026,2026-04-26,Villarreal,Celta,0.7864363566845465,0.6642905441023647,0.12214581258218182,0.5224222352838587,1,0,0,0,0
7179,I1,2025/2026,2026-04-27,Cagliari,Atalanta,0.6031554974938345,0.842100939799554,0.23894544230571957,0.5079178112848256,1,0,1,1,1
7180,I1,2025/2026,2026-04-27,Lazio,Udinese,0.7861577985174258,0.6282827774915247,0.15787502102590112,0.4939294051991508,1,0,0,0,0
11981,E0,2025/2026,2026-04-27,Man United,Brentford,0.8249186017659993,0.6208343947570928,0.2040842070089065,0.5121378408512615,1,1,1,1,1
16969,SP1,2025/2026,2026-04-27,Espanol,Levante,0.8080615843733729,0.6503134381091528,0.15774814626422018,0.5254933071377774,0,0,0,0,1
7181,I1,2025/2026,2026-05-01,Pisa,Lecce,0.6194359435786871,0.74901662552867,0.12958068194998285,0.46396782019047583,1,0,0,0,0
11982,E0,2025/2026,2026-05-01,Leeds,Burnley,0.9136868577853324,0.5298708324337262,0.3838160253516062,0.4841360159184697,1,0,1,1,1
16970,SP1,2025/2026,2026-05-01,Girona,Mallorca,0.8040983991258471,0.6745595927064929,0.12953880641935422,0.5424122886102745,0,0,0,0,1
7182,I1,2025/2026,2026-05-02,Udinese,Torino,0.7574929497552081,0.6699085963568664,0.0875843533983417,0.5074510387207337,0,0,0,0,1
7183,I1,2025/2026,2026-05-02,Como,Napoli,0.7840822726190352,0.7042780974925161,0.07980417512651905,0.5522119712377425,0,0,0,0,1
7184,I1,2025/2026,2026-05-02,Atalanta,Genoa,0.8737993203941118,0.5863659350848609,0.2874333853092509,0.5123661555794093,0,1,1,1,0
9336,D1,2025/2026,2026-05-02,Bayern Munich,Heidenheim,0.9511078614380121,0.6318980171463227,0.3192098442916894,0.6010031717349592,1,0,1,1,1
9337,D1,2025/2026,2026-05-02,Ein Frankfurt,Hamburg,0.853458106140614,0.6531853881712143,0.20027271796939972,0.5574663643473263,1,1,1,1,1
9338,D1,2025/2026,2026-05-02,Hoffenheim,Stuttgart,0.7867558669370525,0.7865590421459154,0.0001968247911370291,0.6188299411006872,1,0,0,0,0
9339,D1,2025/2026,2026-05-02,Union Berlin,FC Koln,0.753052464590357,0.7280434459407041,0.02500901864965288,0.5482549112945037,1,0,0,0,0
9340,D1,2025/2026,2026-05-02,Werder Bremen,Augsburg,0.8134730749050677,0.6615027539098117,0.15197032099525598,0.5381146792811848,1,0,0,0,0
9341,D1,2025/2026,2026-05-02,Leverkusen,RB Leipzig,0.8295836269213483,0.781257114056658,0.04832651286469036,0.6481181102372279,1,0,0,0,0
11983,E0,2025/2026,2026-05-02,Brentford,West Ham,0.8220144999645648,0.6546888568698944,0.16732564309467035,0.5381637333122787,0,0,0,0,1
11984,E0,2025/2026,2026-05-02,Newcastle,Brighton,0.7617238874791104,0.7425541903747429,0.019169697104367445,0.5656212645561526,1,0,0,0,0
11985,E0,2025/2026,2026-05-02,Wolves,Sunderland,0.6646890040485518,0.7928294789174877,0.12814047486893587,0.5269850367219971,1,0,0,0,0
11986,E0,2025/2026,2026-05-02,Arsenal,Fulham,0.8942764498606635,0.5326639923112046,0.3616124575494588,0.47634886401267185,0,0,1,1,0
14331,F1,2025/2026,2026-05-02,Nantes,Marseille,0.602043437870427,0.8526932971859332,0.2506498593155062,0.5133584040868889,0,1,1,1,0
14332,F1,2025/2026,2026-05-02,Paris SG,Lorient,0.9333936454331945,0.5845736141447146,0.3488200312884798,0.5456372967305928,1,0,1,1,1
14333,F1,2025/2026,2026-05-02,Metz,Monaco,0.5933879483314316,0.9106087566157416,0.31722080828431,0.5403442618208508,1,0,1,1,1
14334,F1,2025/2026,2026-05-02,Nice,Lens,0.6375766279934936,0.8629796413151953,0.22540301332170176,0.5502156497367768,1,1,1,1,1
16971,SP1,2025/2026,2026-05-02,Villarreal,Levante,0.8577029477436139,0.6368645541109654,0.22083839363264846,0.5462406053743973,1,1,1,1,1
16972,SP1,2025/2026,2026-05-02,Valencia,Ath Madrid,0.8446262201542722,0.6722085057127147,0.1724177144415575,0.5677649293356818,0,0,0,0,1
16973,SP1,2025/2026,2026-05-02,Alaves,Ath Bilbao,0.7372744570176167,0.7856707010457165,0.04839624402809972,0.5792549395081309,1,0,0,0,0
16974,SP1,2025/2026,2026-05-02,Osasuna,Barcelona,0.6355680085152425,0.8582751547665368,0.22270714625129429,0.5454922308730794,1,1,1,1,1
7185,I1,2025/2026,2026-05-03,Bologna,Cagliari,0.8239630442450976,0.6111584012545581,0.21280464299053947,0.5035719368136726,0,1,1,1,0
7186,I1,2025/2026,2026-05-03,Sassuolo,Milan,0.6010369245240837,0.8489092592256396,0.2478723347015559,0.5102258103649966,0,1,1,1,0
7187,I1,2025/2026,2026-05-03,Juventus,Verona,0.9314776191264298,0.5010160169578844,0.43046160216854534,0.4666852066201372,1,0,1,1,1
7188,I1,2025/2026,2026-05-03,Inter,Parma,0.9454628190888561,0.5551126564396243,0.39035016264923184,0.5248383770693108,0,0,1,1,0
9342,D1,2025/2026,2026-05-03,St Pauli,Mainz,0.7090225031409684,0.7492888177653866,0.04026631462441821,0.5312626331475513,1,0,0,0,0
9343,D1,2025/2026,2026-05-03,M'gladbach,Dortmund,0.6756413791249082,0.846852807104924,0.17121142798001587,0.5721687985081707,0,0,0,0,1
9344,D1,2025/2026,2026-05-03,Freiburg,Wolfsburg,0.7369314113612038,0.7482012831238787,0.01126987176267491,0.5513730275547435,1,0,0,0,0
11987,E0,2025/2026,2026-05-03,Bournemouth,Crystal Palace,0.8730891463953732,0.5962077473067323,0.27688139908864084,0.5205425131703433,0,1,1,1,0
11988,E0,2025/2026,2026-05-03,Man United,Liverpool,0.7769490671149564,0.7452053727522636,0.031743694362692754,0.5789866191689246,1,0,0,0,0
11989,E0,2025/2026,2026-05-03,Aston Villa,Tottenham,0.7876392944429441,0.6867294219149782,0.1009098725279659,0.5408950773503243,1,0,0,0,0
14335,F1,2025/2026,2026-05-03,Lille,Le Havre,0.9015844858506972,0.5354408337991334,0.36614365205156374,0.4827451488442603,1,0,1,1,1
14336,F1,2025/2026,2026-05-03,Auxerre,Angers,0.8432871729397899,0.5762916297636562,0.2669955431761337,0.4859793392522578,1,1,1,1,1
14337,F1,2025/2026,2026-05-03,Paris FC,Brest,0.7970003205930899,0.6821752919958195,0.1148250285972704,0.5436939264213528,0,0,0,0,1
14338,F1,2025/2026,2026-05-03,Strasbourg,Toulouse,0.7230371407416916,0.7579046135921927,0.03486747285050118,0.5479931847666356,1,0,0,0,0
14339,F1,2025/2026,2026-05-03,Lyon,Rennes,0.78553914823639,0.7133448579532004,0.07219429028318969,0.5603603121153656,1,0,0,0,0
16975,SP1,2025/2026,2026-05-03,Celta,Elche,0.8606040641918573,0.6648252360145924,0.19577882817726489,0.572151300091469,1,1,0,0,0
16976,SP1,2025/2026,2026-05-03,Getafe,Vallecano,0.7852495833033047,0.5995554652392057,0.18569411806409908,0.47080067924630525,0,0,0,0,1
16977,SP1,2025/2026,2026-05-03,Betis,Oviedo,0.879608728038501,0.594167966598657,0.285440761439844,0.5226353293410673,0,1,1,1,0
16978,SP1,2025/2026,2026-05-03,Espanol,Real Madrid,0.6165545052083987,0.8380806433166562,0.2215261381082575,0.5167223963648374,0,1,1,1,0
7189,I1,2025/2026,2026-05-04,Cremonese,Lazio,0.685859683845138,0.7436651070757602,0.05780542323062221,0.5100499152256416,1,0,0,0,0
7190,I1,2025/2026,2026-05-04,Roma,Fiorentina,0.8615681426133873,0.5792222323400258,0.28234591027336153,0.4990394228775759,0,1,1,1,0
11990,E0,2025/2026,2026-05-04,Chelsea,Nott'm Forest,0.8680594892683041,0.6420958413366404,0.22596364793166368,0.5573773880919861,1,0,1,1,1
11991,E0,2025/2026,2026-05-04,Everton,Man City,0.6011820417412915,0.9024391059127836,0.3012570641714921,0.5425301842398329,1,0,1,1,1
16979,SP1,2025/2026,2026-05-04,Sevilla,Sociedad,0.7493687250222463,0.7108894592561439,0.03847926576610239,0.5327183277145306,0,0,0,0,1
7191,I1,2025/2026,2026-05-08,Torino,Sassuolo,0.7239097368021062,0.7033138515188754,0.020595885283230864,0.5091357451423048,1,0,0,0,0
9345,D1,2025/2026,2026-05-08,Dortmund,Ein Frankfurt,0.8727732522662587,0.6251978481042022,0.24757540416205648,0.545655959199771,1,1,1,1,1
14340,F1,2025/2026,2026-05-08,Lens,Nantes,0.9089579930041346,0.6201228600218169,0.28883513298231767,0.5636656302614146,0,1,1,1,0
16980,SP1,2025/2026,2026-05-08,Levante,Osasuna,0.7149223999074034,0.7058715370402089,0.009050862867194476,0.5046433732871137,1,0,0,0,0
7192,I1,2025/2026,2026-05-09,Cagliari,Udinese,0.7229896502828903,0.7068085625813335,0.016181087701556796,0.5110152754776307,0,0,0,0,1
7193,I1,2025/2026,2026-05-09,Lazio,Inter,0.6445100058884322,0.8689290203528209,0.22441901446438872,0.5600334480242263,0,1,1,1,0
7194,I1,2025/2026,2026-05-09,Lecce,Juventus,0.5541636587351134,0.8876025438770088,0.33343888514189535,0.4918770732174772,0,0,1,1,0
9346,D1,2025/2026,2026-05-09,Augsburg,M'gladbach,0.7870796944327972,0.6761113513977751,0.11096834303502212,0.5321535158607065,1,0,0,0,0
9347,D1,2025/2026,2026-05-09,Hoffenheim,Werder Bremen,0.9053022602256577,0.6373098306130606,0.26799242961259717,0.5769580301180348,0,1,1,1,0
9348,D1,2025/2026,2026-05-09,RB Leipzig,St Pauli,0.9203620182012167,0.5495140075059278,0.37084801069528883,0.5057518209779942,1,0,1,1,1
9349,D1,2025/2026,2026-05-09,Stuttgart,Leverkusen,0.8235255563153344,0.7808147858785152,0.042710770436819256,0.6430209309198429,1,0,0,0,0
9350,D1,2025/2026,2026-05-09,Wolfsburg,Bayern Munich,0.6776130877507452,0.8996031459335553,0.22199005818281003,0.6095828654663207,0,1,1,1,0
11992,E0,2025/2026,2026-05-09,Liverpool,Chelsea,0.8323607920024123,0.6695147382585894,0.16284605374382288,0.5572778177942073,1,0,0,0,0
11993,E0,2025/2026,2026-05-09,Brighton,Wolves,0.9321270587633024,0.5372089434273616,0.3949181153359408,0.5007469923782879,0,0,1,1,0
11994,E0,2025/2026,2026-05-09,Fulham,Bournemouth,0.7250933586666564,0.7581688520000269,0.033075493333370565,0.5497431993331426,0,0,0,0,1
11995,E0,2025/2026,2026-05-09,Sunderland,Man United,0.6478255735941605,0.8475948166531206,0.19976924305896016,0.5490935982737452,0,1,0,0,1
11996,E0,2025/2026,2026-05-09,Man City,Brentford,0.9205172902381805,0.5735012743933419,0.34701601584483865,0.5279178390527023,0,0,1,1,0
16981,SP1,2025/2026,2026-05-09,Elche,Alaves,0.7659640929247133,0.6988435455004033,0.06712054742431006,0.535289062425507,1,0,0,0,0
16982,SP1,2025/2026,2026-05-09,Sevilla,Espanol,0.773905753512677,0.6213132605514124,0.15259249296126454,0.48083790707445906,1,0,0,0,0
16983,SP1,2025/2026,2026-05-09,Ath Madrid,Celta,0.8039356091481262,0.7135228817171151,0.09041272743101114,0.5736264525543754,0,0,0,0,1
16984,SP1,2025/2026,2026-05-09,Sociedad,Betis,0.7525817848716783,0.7415077957357415,0.011073989135936713,0.5580452604110682,1,0,0,0,0
7195,I1,2025/2026,2026-05-10,Verona,Como,0.5379484504413395,0.9003805534799959,0.36243210303865636,0.4843583235520794,0,0,1,1,0
7196,I1,2025/2026,2026-05-10,Cremonese,Pisa,0.8436363245574559,0.6064058493829493,0.23723047517450657,0.5115860019635735,0,1,1,1,0
7197,I1,2025/2026,2026-05-10,Fiorentina,Genoa,0.7644607712235048,0.6272922059818702,0.13716856524163457,0.4795402835673941,0,0,0,0,1
7198,I1,2025/2026,2026-05-10,Parma,Roma,0.5672172452097657,0.8863374817161779,0.3191202365064122,0.5027459047052115,1,0,1,1,1
7199,I1,2025/2026,2026-05-10,Milan,Atalanta,0.7779590776508457,0.6469303843716344,0.1310286932792113,0.5032853651300638,1,0,0,0,0
9351,D1,2025/2026,2026-05-10,Hamburg,Freiburg,0.7153895414777588,0.7707779097296452,0.05538836825188642,0.5514064554226763,1,0,0,0,0
9352,D1,2025/2026,2026-05-10,FC Koln,Heidenheim,0.8377933865660175,0.7032807550385805,0.1345126315274371,0.5892039654704782,1,0,0,0,0
9353,D1,2025/2026,2026-05-10,Mainz,Union Berlin,0.8419229830989706,0.6469629249437813,0.19496005815518935,0.5446929557231037,1,1,0,0,0
11997,E0,2025/2026,2026-05-10,Burnley,Aston Villa,0.609847146606751,0.8881526365143547,0.27830548990760373,0.5416373511295421,1,1,1,1,1
11998,E0,2025/2026,2026-05-10,Crystal Palace,Everton,0.7032677932201299,0.7441576450790652,0.040889851858935344,0.5233421048626429,1,0,0,0,0
11999,E0,2025/2026,2026-05-10,Nott'm Forest,Newcastle,0.7507828979557001,0.7871313219815075,0.0363484240258074,0.5909647349889774,1,0,0,0,0
12000,E0,2025/2026,2026-05-10,West Ham,Arsenal,0.6017777658505448,0.8854640245105305,0.28368625865998576,0.5328525624109791,0,1,1,1,0
14341,F1,2025/2026,2026-05-10,Angers,Strasbourg,0.7066938391612144,0.7677152625761069,0.06102142341489247,0.5425396462925688,1,0,0,0,0
14342,F1,2025/2026,2026-05-10,Auxerre,Nice,0.7400253393559457,0.6912061741933452,0.04881916516260054,0.5115100836223552,1,0,0,0,0
14343,F1,2025/2026,2026-05-10,Le Havre,Marseille,0.6638561802742389,0.8238374450158287,0.1599812647415898,0.5469095794150963,0,0,0,0,1
14344,F1,2025/2026,2026-05-10,Metz,Lorient,0.7000332596910751,0.8102437753025066,0.11021051561143147,0.5671975911694167,0,0,0,0,1
14345,F1,2025/2026,2026-05-10,Monaco,Lille,0.7771025889765026,0.7533922177485852,0.023710371227917415,0.5854630429271745,0,0,0,0,1
14346,F1,2025/2026,2026-05-10,Paris SG,Brest,0.9511146223321637,0.5441164835215349,0.40699813881062885,0.5175171437292896,0,0,1,1,0
14347,F1,2025/2026,2026-05-10,Rennes,Paris FC,0.9046986347537067,0.6729952524671358,0.23170338228657095,0.6088578861027439,1,1,1,1,1
14348,F1,2025/2026,2026-05-10,Toulouse,Lyon,0.6480538168785299,0.8688632877470183,0.22080947086848834,0.5630701699700836,1,1,1,1,1
16985,SP1,2025/2026,2026-05-10,Mallorca,Villarreal,0.7627992933565038,0.7292967018546477,0.03350259150185608,0.556307008821954,1,0,0,0,0
16986,SP1,2025/2026,2026-05-10,Ath Bilbao,Valencia,0.8516752260687278,0.6344221159033785,0.21725311016534932,0.5403215989850105,0,1,1,1,0
16987,SP1,2025/2026,2026-05-10,Oviedo,Getafe,0.6591399690385553,0.7467757960597118,0.08763582702115646,0.49222977509354093,0,0,0,0,1
16988,SP1,2025/2026,2026-05-10,Barcelona,Real Madrid,0.8711757500767505,0.6455598470130602,0.22561590306369028,0.562396083941035,0,1,1,1,0
7200,I1,2025/2026,2026-05-11,Napoli,Bologna,0.8750331955888105,0.5510766811886918,0.32395651440011874,0.48221038935501714,1,0,1,1,1
12001,E0,2025/2026,2026-05-11,Tottenham,Leeds,0.8362460173438971,0.6497665818057998,0.18647943553809732,0.5433647162382577,1,0,0,0,0
16989,SP1,2025/2026,2026-05-11,Vallecano,Girona,0.7436951779651216,0.7151110129986208,0.028584164966500847,0.5318246120768277,1,0,0,0,0
16990,SP1,2025/2026,2026-05-12,Celta,Levante,0.8400800382456594,0.623697404790248,0.2163826334554113,0.52395573966991,1,1,1,1,1
16991,SP1,2025/2026,2026-05-12,Betis,Elche,0.8821111081924883,0.6125714682322606,0.2695396399602277,0.540356096689459,1,1,1,1,1
16992,SP1,2025/2026,2026-05-12,Osasuna,Ath Madrid,0.7525515250668777,0.7642719005552283,0.011720375488350587,0.5751539843285982,1,0,0,0,0
12002,E0,2025/2026,2026-05-13,Man City,Crystal Palace,0.9465294854922415,0.5310538427731943,0.41547564271904713,0.5026581205687893,0,0,1,1,0
14349,F1,2025/2026,2026-05-13,Brest,Strasbourg,0.7354325267635364,0.783826166871281,0.04839364010774461,0.5764512584455236,1,0,0,0,0
14350,F1,2025/2026,2026-05-13,Lens,Paris SG,0.6918740897290495,0.8432975849138865,0.151423495184837,0.5834557489330011,0,0,0,0,1
16993,SP1,2025/2026,2026-05-13,Espanol,Ath Bilbao,0.7257161147400601,0.7407449399902146,0.015028825250154476,0.5375705398630576,0,0,0,0,1
16994,SP1,2025/2026,2026-05-13,Villarreal,Sevilla,0.7883890533542639,0.6799623216274155,0.10842673172684836,0.5360748510644057,1,0,0,0,0
16995,SP1,2025/2026,2026-05-13,Alaves,Barcelona,0.729540185076666,0.8322679577931509,0.10272777271648492,0.6071729199617941,0,0,0,0,1
16996,SP1,2025/2026,2026-05-13,Getafe,Mallorca,0.7507323373639143,0.6263571483854374,0.12437518897847688,0.47022656603199553,1,0,0,0,0
16997,SP1,2025/2026,2026-05-14,Valencia,Vallecano,0.7600828488267309,0.6554228989035372,0.10465994992319372,0.49817570418487506,1,0,0,0,0
16998,SP1,2025/2026,2026-05-14,Girona,Sociedad,0.7977114646158366,0.6889147860430302,0.1087966785728064,0.5495552229698913,1,0,0,0,0
16999,SP1,2025/2026,2026-05-14,Real Madrid,Oviedo,0.9355244806301212,0.5273356855910215,0.40818879503909966,0.49333544338026925,0,0,1,1,0
12003,E0,2025/2026,2026-05-15,Aston Villa,Liverpool,0.7345605090234466,0.7809885515711532,0.046428042547706605,0.5736833479835906,1,0,0,0,0
9354,D1,2025/2026,2026-05-16,Bayern Munich,FC Koln,0.9593874983497042,0.6006782478396773,0.3587092505100269,0.5762832015079916,1,0,1,1,1
9355,D1,2025/2026,2026-05-16,Ein Frankfurt,Stuttgart,0.7072716688092766,0.8581788409984469,0.15090717218917027,0.6069655810097824,1,0,0,0,0
9356,D1,2025/2026,2026-05-16,Freiburg,RB Leipzig,0.7400616921541807,0.7939157341819232,0.053854042027742466,0.5875466216665028,1,0,0,0,0
9357,D1,2025/2026,2026-05-16,Heidenheim,Mainz,0.8367047793281711,0.7221418205033119,0.11456295882485923,0.6042195125678673,0,0,0,0,1
9358,D1,2025/2026,2026-05-16,Leverkusen,Hamburg,0.9372620368356401,0.5802229708100519,0.3570390660255882,0.5438209634402554,1,0,1,1,1
9359,D1,2025/2026,2026-05-16,M'gladbach,Hoffenheim,0.6402602616319293,0.8493016784689144,0.20904141683698507,0.5437741148609437,0,1,1,1,0
9360,D1,2025/2026,2026-05-16,St Pauli,Wolfsburg,0.7085803628443839,0.7735480605364959,0.06496769769211208,0.5481209654125198,1,0,0,0,0
9361,D1,2025/2026,2026-05-16,Union Berlin,Augsburg,0.7612886592829123,0.7871389103149798,0.025850251032067506,0.5992399257031036,0,0,0,0,1
9362,D1,2025/2026,2026-05-16,Werder Bremen,Dortmund,0.6959210066676583,0.8481482019006055,0.15222719523294714,0.5902441504700336,0,0,0,0,1
7201,I1,2025/2026,2026-05-17,Como,Parma,0.9355154484242797,0.5273550309617745,0.4081604174625052,0.49334877826900436,0,0,1,1,0
7202,I1,2025/2026,2026-05-17,Genoa,Milan,0.5678898383023786,0.83471349055951,0.26682365225713145,0.4740253091826542,1,1,1,1,1
7203,I1,2025/2026,2026-05-17,Juventus,Fiorentina,0.9088139304089041,0.4788603826786349,0.4299535477302692,0.4351949864992821,0,0,0,0,1
7204,I1,2025/2026,2026-05-17,Pisa,Napoli,0.5544664293490641,0.9130966030904907,0.3586301737414266,0.506281413166344,0,0,1,1,0
7205,I1,2025/2026,2026-05-17,Roma,Lazio,0.8873300759268773,0.5989714936319352,0.28835858229494205,0.5314854209224602,0,1,1,1,0
7206,I1,2025/2026,2026-05-17,Inter,Verona,0.9461218649361877,0.5512539183737837,0.394867946562404,0.5215533853051851,1,0,1,1,1
7207,I1,2025/2026,2026-05-17,Atalanta,Bologna,0.8639451078150967,0.6157008927068892,0.2482442151082075,0.5319317741315047,0,1,1,1,0
7208,I1,2025/2026,2026-05-17,Cagliari,Torino,0.7261767360618547,0.6666091582385301,0.05956757782332467,0.4840760627585962,1,0,0,0,0
7209,I1,2025/2026,2026-05-17,Sassuolo,Lecce,0.6936846024771998,0.7100041059102484,0.016319503433048665,0.4925189159655303,1,0,0,0,0
7210,I1,2025/2026,2026-05-17,Udinese,Cremonese,0.7456828724924847,0.7063653909233791,0.03931748156910553,0.5267245737330222,0,0,0,0,1
12004,E0,2025/2026,2026-05-17,Man United,Nott'm Forest,0.8803619490967489,0.6413055212476945,0.23905642784905445,0.5645809786521269,1,1,1,1,1
12005,E0,2025/2026,2026-05-17,Brentford,Crystal Palace,0.8460771786533556,0.6204508555598132,0.22562632309354247,0.5249493093651074,1,1,1,1,1
12006,E0,2025/2026,2026-05-17,Everton,Sunderland,0.8406783994007759,0.6434737714802293,0.1972046279205466,0.5409545002643799,1,1,0,0,0
12007,E0,2025/2026,2026-05-17,Leeds,Brighton,0.7022614048192971,0.817403141147842,0.11514173632854485,0.5740306782061897,0,0,0,0,1
12008,E0,2025/2026,2026-05-17,Wolves,Fulham,0.6305572396828147,0.819164157972266,0.1886069182894513,0.5165298902980893,1,0,0,0,0
12009,E0,2025/2026,2026-05-17,Newcastle,West Ham,0.8069464050820657,0.7015994520800259,0.10534695300203978,0.566153155663524,1,0,0,0,0
14351,F1,2025/2026,2026-05-17,Brest,Angers,0.8300026596940555,0.6355945787258318,0.1944080809682237,0.5275451908295632,1,1,0,0,0
14352,F1,2025/2026,2026-05-17,Lille,Auxerre,0.9092195345060157,0.5366758706457039,0.3725436638603118,0.48795618528909757,0,0,1,1,0
14353,F1,2025/2026,2026-05-17,Lorient,Le Havre,0.7330735612329401,0.7413062481094191,0.008232686876479045,0.5434320112658013,0,0,0,0,1
14354,F1,2025/2026,2026-05-17,Lyon,Lens,0.852760627593841,0.6657293289370003,0.18703129865684065,0.567707760351943,0,0,0,0,1
14355,F1,2025/2026,2026-05-17,Marseille,Rennes,0.8104513371101555,0.6961092132195469,0.1143421238906086,0.5641626426284801,1,0,0,0,0
14356,F1,2025/2026,2026-05-17,Nantes,Toulouse,0.7376815334291097,0.7399493090754601,0.0022677756463503895,0.5458469409785957,0,0,0,0,1
14357,F1,2025/2026,2026-05-17,Nice,Metz,0.9137814973271831,0.5501163138710347,0.3636651834561484,0.5026861089931847,0,0,1,1,0
14358,F1,2025/2026,2026-05-17,Paris FC,Paris SG,0.6460171265339582,0.9020173994343893,0.25600027290043115,0.5827186884662378,1,1,1,1,1
14359,F1,2025/2026,2026-05-17,Strasbourg,Monaco,0.7047913787121145,0.798253217921509,0.09346183920939455,0.5626019860202823,1,0,0,0,0
17000,SP1,2025/2026,2026-05-17,Ath Bilbao,Celta,0.7725842713725874,0.6935826832433942,0.07900158812919322,0.5358510719702418,1,0,0,0,0
17001,SP1,2025/2026,2026-05-17,Ath Madrid,Girona,0.8377117813336765,0.648340437514769,0.18937134381890752,0.5431224228211523,0,0,0,0,1
17002,SP1,2025/2026,2026-05-17,Elche,Getafe,0.7497569438794616,0.6570950036155107,0.09266194026395091,0.492661541749229,0,0,0,0,1
17003,SP1,2025/2026,2026-05-17,Levante,Mallorca,0.7676545914362253,0.6903135867039002,0.07734100473232508,0.5299223943640577,0,0,0,0,1
17004,SP1,2025/2026,2026-05-17,Osasuna,Espanol,0.7814138200833723,0.6546798950580204,0.12673392502535197,0.5115759177290691,1,0,0,0,0
17005,SP1,2025/2026,2026-05-17,Oviedo,Alaves,0.6342231644430167,0.8145986355167064,0.18037547107368967,0.5166373243683692,0,0,0,0,1
17006,SP1,2025/2026,2026-05-17,Sevilla,Real Madrid,0.6821543423291916,0.7903914478137869,0.10823710548459531,0.5391689582660314,0,0,0,0,1
17007,SP1,2025/2026,2026-05-17,Sociedad,Valencia,0.777914138683386,0.6686846391752718,0.10922949950811423,0.5201792351348423,1,0,0,0,0
17008,SP1,2025/2026,2026-05-17,Vallecano,Villarreal,0.7496598223073788,0.7420057227508082,0.007654099556570593,0.5562518782684291,0,0,0,0,1
17009,SP1,2025/2026,2026-05-17,Barcelona,Betis,0.9191513930762408,0.5634009605763376,0.35575043249990324,0.5178507777742329,1,0,1,1,1
12010,E0,2025/2026,2026-05-18,Arsenal,Burnley,0.9598706887651531,0.5075581366268491,0.452312552138304,0.48719017819237137,0,0,1,1,0
12011,E0,2025/2026,2026-05-19,Bournemouth,Man City,0.6435112968057676,0.8781779951106747,0.23466669830490716,0.5651174604599594,1,1,1,1,1
12012,E0,2025/2026,2026-05-19,Chelsea,Tottenham,0.8184436192379733,0.6433221899379938,0.17512142929997943,0.5265229414689505,1,0,0,0,0
7211,I1,2025/2026,2026-05-22,Fiorentina,Atalanta,0.6990213178474955,0.7284666508748695,0.029445333027373954,0.5092137183025027,1,0,0,0,0
7212,I1,2025/2026,2026-05-23,Bologna,Inter,0.6991910603809532,0.7874846155527463,0.08829355517179305,0.5506022033820119,1,0,0,0,0
7213,I1,2025/2026,2026-05-23,Lazio,Pisa,0.8775173858698994,0.6087837390367674,0.26873364683313195,0.5342183152396471,1,1,1,1,1
17010,SP1,2025/2026,2026-05-23,Alaves,Vallecano,0.733960591539022,0.7082734037692265,0.025687187769795505,0.5198447664018181,1,0,0,0,0
17011,SP1,2025/2026,2026-05-23,Betis,Levante,0.7765937412326281,0.6886834034502877,0.08791033778234048,0.5348272208102783,1,0,0,0,0
17012,SP1,2025/2026,2026-05-23,Celta,Sevilla,0.851436100126821,0.6398729818100424,0.21156311831677865,0.5448109562088628,0,1,1,1,0
17013,SP1,2025/2026,2026-05-23,Espanol,Sociedad,0.734389806322383,0.7143452057676211,0.020044600554761982,0.5246078373110061,1,0,0,0,0
17014,SP1,2025/2026,2026-05-23,Getafe,Osasuna,0.7149377615782072,0.668658652534489,0.046279109043718236,0.47804932030290775,0,0,0,0,1
17015,SP1,2025/2026,2026-05-23,Girona,Elche,0.8438686681781326,0.6195176654452541,0.22435100273287845,0.5227915472521125,1,1,1,1,1
17016,SP1,2025/2026,2026-05-23,Mallorca,Oviedo,0.890868784981884,0.5538034512213303,0.3370653337605537,0.4933662077083206,0,0,1,1,0
17017,SP1,2025/2026,2026-05-23,Real Madrid,Ath Bilbao,0.8904339343994985,0.5909361539574207,0.29949778044207775,0.5261896045472139,1,0,1,1,1
17018,SP1,2025/2026,2026-05-23,Valencia,Barcelona,0.6704471885338386,0.8509655325690665,0.18051834403522793,0.5705274488501313,1,0,0,0,0
7214,I1,2025/2026,2026-05-24,Parma,Sassuolo,0.71022676273098,0.7365654452787548,0.026338682547774828,0.5231284917398328,0,0,0,0,1
7215,I1,2025/2026,2026-05-24,Napoli,Udinese,0.8958714190948326,0.5834902252668567,0.3123811938279759,0.5227322161377824,0,0,1,1,0
7216,I1,2025/2026,2026-05-24,Cremonese,Como,0.5756294669476371,0.8704150882874367,0.2947856213397997,0.5010365732940777,1,0,1,1,1
7217,I1,2025/2026,2026-05-24,Lecce,Genoa,0.8226325016756226,0.5748745690530035,0.24775793262261914,0.4729105048897677,0,1,1,1,0
7218,I1,2025/2026,2026-05-24,Milan,Cagliari,0.9250539541379998,0.5144033110317079,0.41065064310629196,0.4758508168915608,1,0,1,1,1
7219,I1,2025/2026,2026-05-24,Torino,Juventus,0.5434729405025299,0.8943885147532408,0.35091557425071085,0.4860759560646341,1,0,1,1,1
7220,I1,2025/2026,2026-05-24,Verona,Roma,0.5484015877058503,0.9193489369571836,0.3709473492513332,0.5041724166830052,0,0,1,1,0
12013,E0,2025/2026,2026-05-24,Brighton,Man United,0.844414100743862,0.6750425076292126,0.16937159311464944,0.5700154120436032,0,0,0,0,1
12014,E0,2025/2026,2026-05-24,Burnley,Wolves,0.7468671466571524,0.7115869693624226,0.035280177294729764,0.5314609294061231,1,0,0,0,0
12015,E0,2025/2026,2026-05-24,Crystal Palace,Arsenal,0.6509024348350253,0.8623210400138702,0.21141860517884492,0.5612868645544994,1,1,1,1,1
12016,E0,2025/2026,2026-05-24,Fulham,Newcastle,0.7014902628399542,0.7700218457058764,0.0685315828659222,0.5401628269367219,0,0,0,0,1
12017,E0,2025/2026,2026-05-24,Liverpool,Brentford,0.8481495763477375,0.6906735776899134,0.15747599865782402,0.5857945023122763,1,0,0,0,0
12018,E0,2025/2026,2026-05-24,Man City,Aston Villa,0.9354006014596422,0.5956468961875411,0.33975370527210114,0.5571684649513949,1,0,1,1,1
12019,E0,2025/2026,2026-05-24,Nott'm Forest,Bournemouth,0.7158889990736643,0.8260768879164286,0.11018788884276431,0.5913793564483797,1,0,0,0,0
12020,E0,2025/2026,2026-05-24,Sunderland,Chelsea,0.6566095279505072,0.8216710414259015,0.16506151347539433,0.5395170346412629,1,0,0,0,0
12021,E0,2025/2026,2026-05-24,Tottenham,Everton,0.8137359338954125,0.664314744776722,0.1494211891186905,0.5405767792413786,0,0,0,0,1
12022,E0,2025/2026,2026-05-24,West Ham,Leeds,0.8360861019017171,0.6546176715967502,0.18146843030496684,0.5473167372813053,0,0,0,0,1
17019,SP1,2025/2026,2026-05-24,Villarreal,Ath Madrid,0.7755231432936198,0.7677129106377871,0.007810232655832694,0.5953791296049106,1,0,0,0,0
17049,SP1,2026/2027,2026-08-15,Alaves,Getafe,0.7316091663326937,0.6402170492185609,0.09139211711413275,0.4683886616507685,0,0,0,0,1
17050,SP1,2026/2027,2026-08-15,Sevilla,Vallecano,0.7544722333768896,0.6648857303839055,0.0895865029929841,0.5016378219431696,1,0,0,0,0
17052,SP1,2026/2027,2026-08-16,Espanol,Levante,0.7927837551615696,0.6632910803409565,0.1294926748206131,0.5258463934378779,0,0,0,0,1
17055,SP1,2026/2027,2026-08-20,Vallecano,Alaves,0.7560867938205256,0.654148504422425,0.10193828939810057,0.4945930453912432,1,0,0,0,0
17040,F1,2026/2027,2026-08-21,Marseille,Strasbourg,0.8584698952175824,0.6483529814206115,0.21011691379697095,0.5565915160241595,0,1,1,1,0
17056,SP1,2026/2027,2026-08-21,Betis,Sociedad,0.7961071804592875,0.6844601716917404,0.11164700876754707,0.5449036574221914,0,0,0,0,1
17020,I1,2026/2027,2026-08-22,Inter,Monza,0.9465947845976287,0.538395154064757,0.40819963053287167,0.5096420448903358,1,0,1,1,1
17021,I1,2026/2027,2026-08-22,Udinese,Como,0.6180607227064451,0.8354855815796214,0.2174248588731763,0.5163808223619154,1,1,1,1,1
17022,I1,2026/2027,2026-08-22,Genoa,Napoli,0.6020193096488352,0.8216731858193551,0.2196538761705199,0.49466312408392726,0,1,1,1,0
17023,I1,2026/2027,2026-08-22,Parma,Cagliari,0.718474794131116,0.6750961303993919,0.043378663731724165,0.48503955330741616,0,0,0,0,1
17032,E0,2026/2027,2026-08-22,Everton,Crystal Palace,0.7824268112364438,0.6962903593202607,0.08613645191618302,0.5447962455376293,0,0,0,0,1
17033,E0,2026/2027,2026-08-22,Ipswich,Sunderland,0.7170183035819834,0.7223025720548102,0.005284268472826814,0.5179041648876433,1,0,0,0,0
17034,E0,2026/2027,2026-08-22,Nott'm Forest,Leeds,0.7798342571231962,0.7035211986854536,0.07631305843774261,0.5486299313472912,0,0,0,0,1
17035,E0,2026/2027,2026-08-22,Brentford,Tottenham,0.7599118279453139,0.7360574390225212,0.02385438892279268,0.5593387539603505,0,0,0,0,1
17041,F1,2026/2027,2026-08-22,Lens,Auxerre,0.8900681791954032,0.6273601913605134,0.2627079878348898,0.5583933432239319,1,1,1,1,1
17043,F1,2026/2027,2026-08-22,Nice,Lorient,0.787915619618337,0.6814333175101116,0.1064823021082254,0.5369119545945585,0,0,0,0,1
17044,F1,2026/2027,2026-08-22,Toulouse,Lyon,0.7169083293285358,0.7751204848947959,0.05821215556626014,0.5556903318542527,0,0,0,0,1
17045,F1,2026/2027,2026-08-22,Troyes,Paris FC,0.7133127675384939,0.805416054713142,0.09210328717464811,0.5745135550073664,0,0,0,0,1
17057,SP1,2026/2027,2026-08-22,Ath Bilbao,Sevilla,0.8606959203158934,0.6248164811422264,0.23587943917366694,0.5377769962652467,1,1,1,1,1
17058,SP1,2026/2027,2026-08-22,Valencia,Celta,0.7587116879517704,0.7049454438855407,0.05376624406622965,0.5348503476443086,0,0,0,0,1
17059,SP1,2026/2027,2026-08-22,Espanol,Real Madrid,0.5769678007637707,0.9114018454151622,0.3344340446513915,0.5258495183612283,1,0,1,1,1
17024,I1,2026/2027,2026-08-23,Frosinone,Juventus,0.5295827660239931,0.8846066762970347,0.3550239102730416,0.46847245047667474,0,0,1,1,0
17025,I1,2026/2027,2026-08-23,Venezia,Lecce,0.7662055899544372,0.6699767141824764,0.09622887577196082,0.5133399035459197,0,0,0,0,1
17026,I1,2026/2027,2026-08-23,Atalanta,Sassuolo,0.8876752369288876,0.5960880924020985,0.29158714452678913,0.5291326386535214,1,1,1,1,1
17027,I1,2026/2027,2026-08-23,Torino,Milan,0.6069371072205123,0.8536166827197783,0.246679575499266,0.5180916400851121,1,1,1,1,1
17036,E0,2026/2027,2026-08-23,Brighton,Aston Villa,0.7896041572196122,0.7183011348896583,0.07130302232995389,0.5671735622444396,0,0,0,0,1
17037,E0,2026/2027,2026-08-23,Man City,Bournemouth,0.90666205099981,0.5971074521433116,0.3095545988564984,0.5413746672275258,1,0,1,1,1
17038,E0,2026/2027,2026-08-23,Newcastle,Liverpool,0.6672327422111378,0.8316523728394573,0.16441963062831944,0.5549056932960706,1,0,0,0,0
17046,F1,2026/2027,2026-08-23,Angers,Lille,0.5833566108497488,0.8408783026162638,0.25752169176651507,0.4905319167513131,0,1,1,1,0
17047,F1,2026/2027,2026-08-23,Le Havre,Monaco,0.663419613668645,0.8423272499291586,0.17890763626051365,0.5588164187305746,0,0,0,0,1
17048,F1,2026/2027,2026-08-23,Rennes,Paris SG,0.6206373079527745,0.9067404179227788,0.2861031099700043,0.5627569319915672,1,1,1,1,1
17060,SP1,2026/2027,2026-08-23,Ath Madrid,Villarreal,0.8191840342352142,0.6612816780331127,0.15790235620210158,0.5417113927769973,1,0,0,0,0
17061,SP1,2026/2027,2026-08-23,Getafe,Santander,0.7418136713197283,0.5996517756911977,0.14216189562853065,0.44482988523888156,0,0,0,0,1
17062,SP1,2026/2027,2026-08-23,Elche,Barcelona,0.565051021508002,0.9243371678508621,0.35928614634286005,0.5222976609119431,0,0,1,1,0
17028,I1,2026/2027,2026-08-24,Bologna,Lazio,0.7632185597781,0.6727364347227526,0.09048212505534747,0.513444932819353,0,0,0,0,1
17029,I1,2026/2027,2026-08-24,Roma,Fiorentina,0.8692333726318301,0.5606766996995992,0.3085566729322309,0.48735889863596643,0,0,1,1,0
17039,E0,2026/2027,2026-08-24,Fulham,Chelsea,0.6311289702035104,0.815673516761568,0.18454454655805752,0.5147951866560042,1,0,0,0,0
17063,SP1,2026/2027,2026-08-24,Osasuna,Levante,0.847997102994,0.6493158987302278,0.19868120426377223,0.5506180010511786,0,1,0,0,1
17064,SP1,2026/2027,2026-08-24,Malaga,La Coruna,0.7038304346899665,0.6416700218034583,0.0621604128865082,0.4516268903734484,1,0,0,0,0
17065,SP1,2026/2027,2026-08-25,Valencia,Betis,0.7055792450522964,0.7421018695035374,0.03652262445124099,0.5236116768362037,0,0,0,0,1
17066,SP1,2026/2027,2026-08-26,Real Madrid,Sociedad,0.9242781069833405,0.5624088101173779,0.3618692968659626,0.519822150366043,1,0,1,1,1
17067,SP1,2026/2027,2026-08-27,Celta,Osasuna,0.7867694975764528,0.6347607177015402,0.15200877987491257,0.49941037094730933,1,0,0,0,0
17068,SP1,2026/2027,2026-08-27,Barcelona,Ath Bilbao,0.9260590541458985,0.577822021325874,0.3482370328200245,0.5350973145337101,0,0,1,1,0
17069,I1,2026/2027,2026-08-28,Milan,Venezia,0.9217204546754043,0.5638051916676694,0.3579152630077349,0.5196707776122778,0,0,1,1,0
17070,E0,2026/2027,2026-08-28,Crystal Palace,Man City,0.6465547378824537,0.8895595761862345,0.24300483830378083,0.5751489586119174,1,1,1,1,1
17071,F1,2026/2027,2026-08-28,Lille,Paris SG,0.5874611107328735,0.8371206132734332,0.24965950254055969,0.49177580529099535,1,1,1,1,1
17072,SP1,2026/2027,2026-08-28,Santander,Elche,0.824468085099417,0.6253372527507893,0.19913083234862772,0.5155706073167734,1,1,0,0,0
