match_id,competition,season,match_week,date,home_team,away_team,raw_btts_probability,btts_probability,decision_threshold,selected_combination,rank_fraction,rank_by_competition,predicted_btts,target_btts,correct,probability_market_goal_form,threshold_market_goal_form,probability_market_chance_form,threshold_market_chance_form,probability_market_chance_context,threshold_market_chance_context,probability_market_goal_context,threshold_market_goal_context,probability_goal_chance_form,threshold_goal_chance_form,probability_compact_btts_form,threshold_compact_btts_form,probability_recent_form,threshold_recent_form,probability_all_stats,threshold_all_stats
11643,E0,2025/2026,1,2025-08-15,Liverpool,Bournemouth,0.5467299164939322,0.5353497623278795,0.5351874753947181,compact_btts_form,0.6500000000000002,False,1,1,1,0.4626915584922319,0.37,0.688562743180927,0.35,0.6068170683056243,0.4800000000000001,0.48326118479144453,0.42000000000000004,0.4913660757564011,0.4900000000000001,0.5467299164939322,0.37,0.6560861255052244,0.37,0.4100131644986535,0.39
14054,F1,2025/2026,1,2025-08-15,Rennes,Marseille,0.7518012582631198,0.5646602403558194,0.5351874753947181,compact_btts_form,0.6500000000000002,False,1,0,0,0.8272390850114614,0.37,0.8242913384604118,0.35,0.6895201727592,0.4800000000000001,0.8165097965116619,0.42000000000000004,0.9624202558662606,0.4900000000000001,0.7518012582631198,0.37,0.9530208055770735,0.37,0.9437968610430097,0.39
16640,SP1,2025/2026,1,2025-08-15,Girona,Vallecano,0.5042785174225182,0.5298939862392277,0.5351874753947181,compact_btts_form,0.6500000000000002,False,0,1,0,0.35399475352508153,0.37,0.4937594939094359,0.35,0.37497251619792615,0.4800000000000001,0.2577630779956466,0.42000000000000004,0.1795815124147884,0.4900000000000001,0.5042785174225182,0.37,0.4462984764617823,0.37,0.11781450508019826,0.39
16641,SP1,2025/2026,1,2025-08-15,Villarreal,Oviedo,0.39423814368011856,0.5155588738904237,0.5351874753947181,compact_btts_form,0.6500000000000002,False,0,0,1,0.8950792838900546,0.37,0.015231641063319697,0.35,0.005006142553178436,0.4800000000000001,0.9998562388945832,0.42000000000000004,0.4910679762296586,0.4900000000000001,0.39423814368011856,0.37,0.999580931548338,0.37,0.9451108060961025,0.39
11644,E0,2025/2026,1,2025-08-16,Aston Villa,Newcastle,0.7395157382450759,0.5626101425105838,0.5351874753947181,compact_btts_form,0.6500000000000002,False,1,0,0,0.6840494853771133,0.37,0.7948059660296536,0.35,0.6968297712876423,0.4800000000000001,0.705782752393464,0.42000000000000004,0.6831285820402306,0.4900000000000001,0.7395157382450759,0.37,0.9721851263448621,0.37,0.821249694212946,0.39
11645,E0,2025/2026,1,2025-08-16,Brighton,Fulham,0.6687476199191558,0.5517886369909742,0.5351874753947181,compact_btts_form,0.6500000000000002,False,1,1,1,0.5223340456174906,0.37,0.6074084130795488,0.35,0.5096863054743033,0.4800000000000001,0.549663198378371,0.42000000000000004,0.4598028338716075,0.4900000000000001,0.6687476199191558,0.37,0.6938102557600035,0.37,0.5505742819962619,0.39
11646,E0,2025/2026,1,2025-08-16,Sunderland,West Ham,0.6614057474173393,0.5507396291442431,0.5351874753947181,compact_btts_form,0.6500000000000002,False,1,0,0,0.9714083375544527,0.37,0.9992180879121093,0.35,0.9974931596256604,0.4800000000000001,0.9999417353875467,0.42000000000000004,0.9999691994928956,0.4900000000000001,0.6614057474173393,0.37,0.9999953807251438,0.37,0.998962795361942,0.39
11647,E0,2025/2026,1,2025-08-16,Tottenham,Burnley,0.616885690053675,0.5445816836036245,0.5351874753947181,compact_btts_form,0.6500000000000002,False,1,0,0,0.4175209962791086,0.37,0.6162549941768444,0.35,0.41886094855548844,0.4800000000000001,0.3335110976164126,0.42000000000000004,0.6399597826087031,0.4900000000000001,0.616885690053675,0.37,0.6633545979926471,0.37,0.39655960872147183,0.39
11648,E0,2025/2026,1,2025-08-16,Wolves,Man City,0.5930529275882622,0.5413970913664199,0.5351874753947181,compact_btts_form,0.6500000000000002,False,1,0,0,0.6376270068117234,0.37,0.3644277536385633,0.35,0.1967333596113044,0.4800000000000001,0.6186831410108238,0.42000000000000004,0.6607518898983484,0.4900000000000001,0.5930529275882622,0.37,0.7403103933542406,0.37,0.451642477453748,0.39
14055,F1,2025/2026,1,2025-08-16,Lens,Lyon,0.709284927485076,0.5578067920034392,0.5351874753947181,compact_btts_form,0.6500000000000002,False,1,0,0,0.7111107130052388,0.37,0.5379621145757312,0.35,0.4992342145761734,0.4800000000000001,0.7218966889650668,0.42000000000000004,0.4985947442937206,0.4900000000000001,0.709284927485076,0.37,0.6067042324361963,0.37,0.6079848548397725,0.39
14056,F1,2025/2026,1,2025-08-16,Monaco,Le Havre,0.6302131869718385,0.5463928570647683,0.5351874753947181,compact_btts_form,0.6500000000000002,False,1,1,1,0.6188684676974359,0.37,0.38058169539896347,0.35,0.43087761944328784,0.4800000000000001,0.634295093769868,0.42000000000000004,0.6266234494382033,0.4900000000000001,0.6302131869718385,0.37,0.644882793178517,0.37,0.4272994512890122,0.39
14057,F1,2025/2026,1,2025-08-16,Nice,Toulouse,0.615188315358556,0.5443527028040516,0.5351874753947181,compact_btts_form,0.6500000000000002,False,1,0,0,0.6098754423024825,0.37,0.35310627651951254,0.35,0.17206789155422791,0.4800000000000001,0.44004597809255264,0.42000000000000004,0.4844021419852981,0.4900000000000001,0.615188315358556,0.37,0.5656168235242961,0.37,0.2703724146282331,0.39
16642,SP1,2025/2026,1,2025-08-16,Mallorca,Barcelona,0.5226563379315519,0.5322512194763351,0.5351874753947181,compact_btts_form,0.6500000000000002,False,0,0,1,0.4445038846369907,0.37,0.4610123368038043,0.35,0.47373023383682844,0.4800000000000001,0.4839970349887879,0.42000000000000004,0.284674725398539,0.4900000000000001,0.5226563379315519,0.37,0.21999668046339665,0.37,0.14151784866543227,0.39
16643,SP1,2025/2026,1,2025-08-16,Alaves,Levante,0.5454729721291356,0.5351874753947181,0.5351874753947181,compact_btts_form,0.6500000000000002,False,1,1,1,0.39865074663433525,0.37,0.7052547018303231,0.35,0.6109414075884572,0.4800000000000001,0.36107654606667305,0.42000000000000004,0.5504544186054422,0.4900000000000001,0.5454729721291356,0.37,0.6262487946861165,0.37,0.39819542975210437,0.39
16644,SP1,2025/2026,1,2025-08-16,Valencia,Sociedad,0.42363590825900893,0.5194672973408356,0.5351874753947181,compact_btts_form,0.6500000000000002,False,0,1,0,0.32277524387011414,0.37,0.4911184399479505,0.35,0.3709157174334075,0.4800000000000001,0.3269528787235722,0.42000000000000004,0.28265188392020846,0.4900000000000001,0.42363590825900893,0.37,0.4704677048645325,0.37,0.3178441602454967,0.39
11649,E0,2025/2026,1,2025-08-17,Chelsea,Crystal Palace,0.6859556763678278,0.5542931030856068,0.5351874753947181,compact_btts_form,0.6500000000000002,False,1,0,0,0.6418242986144536,0.37,0.6869562679572717,0.35,0.5295590269556204,0.4800000000000001,0.5738488909903983,0.42000000000000004,0.6121647779558683,0.4900000000000001,0.6859556763678278,0.37,0.8076234215790016,0.37,0.7010797972373407,0.39
11650,E0,2025/2026,1,2025-08-17,Nott'm Forest,Brentford,0.6730186566343956,0.5524040488981264,0.5351874753947181,compact_btts_form,0.6500000000000002,False,1,1,1,0.6079273040748643,0.37,0.6175530662950479,0.35,0.6194770138576682,0.4800000000000001,0.6375046195199069,0.42000000000000004,0.6920170598659302,0.4900000000000001,0.6730186566343956,0.37,0.8262469330077703,0.37,0.7774003550436756,0.39
11651,E0,2025/2026,1,2025-08-17,Man United,Arsenal,0.5900665220239747,0.5410022433343058,0.5351874753947181,compact_btts_form,0.6500000000000002,False,1,0,0,0.5247709152305421,0.37,0.5876354066139856,0.35,0.43739831890952485,0.4800000000000001,0.5040190452898213,0.42000000000000004,0.25815429748661234,0.4900000000000001,0.5900665220239747,0.37,0.7073631248365704,0.37,0.436601781624709,0.39
14058,F1,2025/2026,1,2025-08-17,Brest,Lille,0.6585185589105855,0.5503300505676788,0.5351874753947181,compact_btts_form,0.6500000000000002,False,1,1,1,0.6871713025619929,0.37,0.5283250578431303,0.35,0.46744025488523144,0.4800000000000001,0.7000506674679452,0.42000000000000004,0.7813040620393402,0.4900000000000001,0.6585185589105855,0.37,0.7936426736140318,0.37,0.7935254336307592,0.39
14059,F1,2025/2026,1,2025-08-17,Angers,Paris FC,0.5323772487872687,0.5335002755319284,0.5351874753947181,compact_btts_form,0.6500000000000002,False,0,0,1,0.9584958697584199,0.37,0.014963744933873119,0.35,0.0031408145593655474,0.4800000000000001,0.9999254280794467,0.42000000000000004,0.4035468212285663,0.4900000000000001,0.5323772487872687,0.37,0.9993100047838555,0.37,0.9497284664713916,0.39
14060,F1,2025/2026,1,2025-08-17,Auxerre,Lorient,0.7246453666157519,0.5602079481298433,0.5351874753947181,compact_btts_form,0.6500000000000002,False,1,0,0,0.6847748498339756,0.37,0.6276988464841325,0.35,0.423979137389834,0.4800000000000001,0.5998418402648587,0.42000000000000004,0.6290446587898753,0.4900000000000001,0.7246453666157519,0.37,0.8507048679392201,0.37,0.6391304824296692,0.39
14061,F1,2025/2026,1,2025-08-17,Metz,Strasbourg,0.5351803039838612,0.5338609122645989,0.5351874753947181,compact_btts_form,0.6500000000000002,False,0,0,1,0.6153387541111444,0.37,0.3904559724982286,0.35,0.323592373790084,0.4800000000000001,0.5709887411937026,0.42000000000000004,0.397339962281029,0.4900000000000001,0.5351803039838612,0.37,0.6772336387944787,0.37,0.4988797196509968,0.39
14062,F1,2025/2026,1,2025-08-17,Nantes,Paris SG,0.6361502615049835,0.5472078318880339,0.5351874753947181,compact_btts_form,0.6500000000000002,False,1,0,0,0.658192672379242,0.37,0.45275801522854847,0.35,0.4134370481073622,0.4800000000000001,0.6668835710240544,0.42000000000000004,0.6373321267882038,0.4900000000000001,0.6361502615049835,0.37,0.5357735589697717,0.37,0.421972699723563,0.39
16645,SP1,2025/2026,1,2025-08-17,Celta,Getafe,0.4036113262577031,0.516814882905971,0.5351874753947181,compact_btts_form,0.6500000000000002,False,0,0,1,0.2771529388254105,0.37,0.42955240928890837,0.35,0.2661800417126812,0.4800000000000001,0.1932185338238717,0.42000000000000004,0.21916194415111234,0.4900000000000001,0.4036113262577031,0.37,0.41824092983454614,0.37,0.045212245163311904,0.39
16646,SP1,2025/2026,1,2025-08-17,Ath Bilbao,Sevilla,0.3264228938756848,0.506079274395105,0.5351874753947181,compact_btts_form,0.6500000000000002,False,0,1,0,0.3359387936279099,0.37,0.4064235702849564,0.35,0.1810029647325376,0.4800000000000001,0.20615085040670875,0.42000000000000004,0.11205696927127684,0.4900000000000001,0.3264228938756848,0.37,0.16479324393346878,0.37,0.1274001841038644,0.39
16647,SP1,2025/2026,1,2025-08-17,Espanol,Ath Madrid,0.47694679542721763,0.5263866737997939,0.5351874753947181,compact_btts_form,0.6500000000000002,False,0,1,0,0.5069674501580546,0.37,0.29010886712748757,0.35,0.29263255728215537,0.4800000000000001,0.4918940856846482,0.42000000000000004,0.5121602144993488,0.4900000000000001,0.47694679542721763,0.37,0.4551102732230264,0.37,0.31191505343771814,0.39
11652,E0,2025/2026,1,2025-08-18,Leeds,Everton,0.5541420030045072,0.5363082359607582,0.5351874753947181,compact_btts_form,0.6500000000000002,False,1,0,0,0.4313319758792742,0.37,0.35796729812940825,0.35,0.2756932140284624,0.4800000000000001,0.38664262090434537,0.42000000000000004,0.13172209024348,0.4900000000000001,0.5541420030045072,0.37,0.6799458309744995,0.37,0.4622578239434516,0.39
16648,SP1,2025/2026,1,2025-08-18,Elche,Betis,0.5351567572961679,0.5338578817724315,0.5351874753947181,compact_btts_form,0.6500000000000002,False,0,1,0,0.4156202634971918,0.37,0.5828997510172887,0.35,0.41024029874431267,0.4800000000000001,0.2864606241107673,0.42000000000000004,0.33472740244140964,0.4900000000000001,0.5351567572961679,0.37,0.28980805874197774,0.37,0.12787110289830342,0.39
16649,SP1,2025/2026,1,2025-08-19,Real Madrid,Osasuna,0.5872415288494676,0.5406294971005003,0.5351874753947181,compact_btts_form,0.6500000000000002,False,1,0,0,0.4091107198021041,0.37,0.6884660201902798,0.35,0.5325721274453412,0.4800000000000001,0.29243293606883847,0.42000000000000004,0.647945103009757,0.4900000000000001,0.5872415288494676,0.37,0.550042722337471,0.37,0.3415607629220689,0.39
9057,D1,2025/2026,1,2025-08-22,Bayern Munich,RB Leipzig,0.786803202963602,0.5708963896501097,0.5351874753947181,compact_btts_form,0.6500000000000002,False,1,0,0,0.7308605041014253,0.37,0.8225577382369375,0.35,0.8155534274401484,0.4800000000000001,0.8008558038757048,0.42000000000000004,0.8905635192713386,0.4900000000000001,0.786803202963602,0.37,0.8855622887133807,0.37,0.8260957872845982,0.39
6841,I1,2025/2026,1,2025-08-23,Genoa,Lecce,0.4021514961630372,0.5166199232682485,0.5351874753947181,compact_btts_form,0.6500000000000002,False,0,0,1,0.3140409492817292,0.37,0.41586092898986304,0.35,0.26880892562870695,0.4800000000000001,0.24801787345636772,0.42000000000000004,0.1636980892100406,0.4900000000000001,0.4021514961630372,0.37,0.17580803346096144,0.37,0.08792308644474725,0.39
6842,I1,2025/2026,1,2025-08-23,Sassuolo,Napoli,0.3867886796606073,0.5145530856343065,0.5351874753947181,compact_btts_form,0.6500000000000002,False,0,0,1,0.3494738708162151,0.37,0.5901108300717863,0.35,0.526885184203001,0.4800000000000001,0.26021864066027833,0.42000000000000004,0.46670580831378505,0.4900000000000001,0.3867886796606073,0.37,0.44467276129063643,0.37,0.43515302418404994,0.39
6843,I1,2025/2026,1,2025-08-23,Milan,Cremonese,0.5387338628088749,0.5343184707966978,0.5351874753947181,compact_btts_form,0.6500000000000002,False,0,1,0,0.4379913997033959,0.37,0.5521424882814491,0.35,0.4531070788606916,0.4800000000000001,0.4168234596353176,0.42000000000000004,0.49813436610685946,0.4900000000000001,0.5387338628088749,0.37,0.3976482294484127,0.37,0.1772277150003328,0.39
6844,I1,2025/2026,1,2025-08-23,Roma,Bologna,0.5059779817454578,0.530111866141261,0.5351874753947181,compact_btts_form,0.6500000000000002,False,0,0,1,0.4068970685626476,0.37,0.36717584393275243,0.35,0.26349701529613745,0.4800000000000001,0.3942099521281451,0.42000000000000004,0.17826579147599167,0.4900000000000001,0.5059779817454578,0.37,0.3683782100196707,0.37,0.11920670470285166,0.39
9058,D1,2025/2026,1,2025-08-23,Ein Frankfurt,Werder Bremen,0.7559897945978051,0.5653740773982255,0.5351874753947181,compact_btts_form,0.6500000000000002,False,1,1,1,0.7450347382105071,0.37,0.6724258759535504,0.35,0.6286609447178936,0.4800000000000001,0.8122006291446776,0.42000000000000004,0.856353789204844,0.4900000000000001,0.7559897945978051,0.37,0.7586454482277918,0.37,0.8289927479403635,0.39
9059,D1,2025/2026,1,2025-08-23,Freiburg,Augsburg,0.6541298158379041,0.5497105033625902,0.5351874753947181,compact_btts_form,0.6500000000000002,False,1,1,1,0.5785167584038681,0.37,0.6770659232918954,0.35,0.5561899450689137,0.4800000000000001,0.47418290326512,0.42000000000000004,0.7698098538895263,0.4900000000000001,0.6541298158379041,0.37,0.7167598116499885,0.37,0.6301013124462972,0.39
9060,D1,2025/2026,1,2025-08-23,Heidenheim,Wolfsburg,0.621714198421108,0.5452350868944297,0.5351874753947181,compact_btts_form,0.6500000000000002,False,1,1,1,0.618017169107476,0.37,0.5181509440851497,0.35,0.4720353983188203,0.4800000000000001,0.6712129454865772,0.42000000000000004,0.268184547661677,0.4900000000000001,0.621714198421108,0.37,0.35500151091828436,0.37,0.3888819371244656,0.39
9061,D1,2025/2026,1,2025-08-23,Leverkusen,Hoffenheim,0.7941233514973114,0.5722888488235086,0.5351874753947181,compact_btts_form,0.6500000000000002,False,1,1,1,0.6915708424129904,0.37,0.768929599585863,0.35,0.6957231149116374,0.4800000000000001,0.7217458600498271,0.42000000000000004,0.7364173756178848,0.4900000000000001,0.7941233514973114,0.37,0.8075948486784081,0.37,0.6530799531766619,0.39
9062,D1,2025/2026,1,2025-08-23,Union Berlin,Stuttgart,0.7874833625215752,0.571024327465393,0.5351874753947181,compact_btts_form,0.6500000000000002,False,1,1,1,0.7212992269421955,0.37,0.7840323871441414,0.35,0.7152757037730761,0.4800000000000001,0.7733068854017798,0.42000000000000004,0.8187163128735135,0.4900000000000001,0.7874833625215752,0.37,0.759215907472069,0.37,0.8383009376766888,0.39
9063,D1,2025/2026,1,2025-08-23,St Pauli,Dortmund,0.6828792410971032,0.5538403370467998,0.5351874753947181,compact_btts_form,0.6500000000000002,False,1,1,1,0.660235520992918,0.37,0.6894247556752762,0.35,0.5889104069160456,0.4800000000000001,0.6473181705327646,0.42000000000000004,0.7240973515402357,0.4900000000000001,0.6828792410971032,0.37,0.7767525744995408,0.37,0.7156565939519622,0.39
6845,I1,2025/2026,1,2025-08-24,Cagliari,Fiorentina,0.6264576888395677,0.5458800196730035,0.5351874753947181,compact_btts_form,0.6500000000000002,False,1,1,1,0.4919922723864441,0.37,0.6459850775838206,0.35,0.46017014282274893,0.4800000000000001,0.4500655452965237,0.42000000000000004,0.6205654936180364,0.4900000000000001,0.6264576888395677,0.37,0.6034396188432727,0.37,0.47395963450636786,0.39
6846,I1,2025/2026,1,2025-08-24,Como,Lazio,0.6645202056169395,0.5511832871813641,0.5351874753947181,compact_btts_form,0.6500000000000002,False,1,0,0,0.6052772981164678,0.37,0.8376292830877371,0.35,0.7678920835346098,0.4800000000000001,0.6420711120175064,0.42000000000000004,0.7592796721917604,0.4900000000000001,0.6645202056169395,0.37,0.760384489967054,0.37,0.5392290317916951,0.39
6847,I1,2025/2026,1,2025-08-24,Atalanta,Pisa,0.5584070638521871,0.5368610241133662,0.5351874753947181,compact_btts_form,0.6500000000000002,False,1,1,1,0.9636151867372111,0.37,0.031023211052434004,0.35,0.004452407587867675,0.4800000000000001,0.9999399127115124,0.42000000000000004,0.7747425858362,0.4900000000000001,0.5584070638521871,0.37,0.9995508736203335,0.37,0.9660615118259916,0.39
6848,I1,2025/2026,1,2025-08-24,Juventus,Parma,0.44979139871965723,0.5228818077622714,0.5351874753947181,compact_btts_form,0.6500000000000002,False,0,0,1,0.3525111076635104,0.37,0.3731178009948514,0.35,0.1676198313649202,0.4800000000000001,0.24511073938526723,0.42000000000000004,0.24013361075183423,0.4900000000000001,0.44979139871965723,0.37,0.23688895664729517,0.37,0.11961431703617734,0.39
9064,D1,2025/2026,1,2025-08-24,Mainz,FC Koln,0.7404563997031632,0.5627649166187555,0.5351874753947181,compact_btts_form,0.6500000000000002,False,1,0,0,0.6554208476892949,0.37,0.8811817922802397,0.35,0.8397958940100504,0.4800000000000001,0.6125813852936243,0.42000000000000004,0.9570230403892541,0.4900000000000001,0.7404563997031632,0.37,0.9030922336865739,0.37,0.915972201625288,0.39
9065,D1,2025/2026,1,2025-08-24,M'gladbach,Hamburg,0.7719665671137816,0.568173930459837,0.5351874753947181,compact_btts_form,0.6500000000000002,False,1,0,0,0.986832440289962,0.37,0.061321302028363604,0.35,0.010140741315655417,0.4800000000000001,0.9999790015424032,0.42000000000000004,0.928990471169141,0.4900000000000001,0.7719665671137816,0.37,0.9999590737899384,0.37,0.997691815885363,0.39
6849,I1,2025/2026,1,2025-08-25,Udinese,Verona,0.4487665495101047,0.5227488625263375,0.5351874753947181,compact_btts_form,0.6500000000000002,False,0,1,0,0.4239268483075526,0.37,0.4784472840062303,0.35,0.2989806438234297,0.4800000000000001,0.42216448234800125,0.42000000000000004,0.2079805370594451,0.4900000000000001,0.4487665495101047,0.37,0.34453837601490944,0.37,0.27378599773659895,0.39
6850,I1,2025/2026,1,2025-08-25,Inter,Torino,0.4873229199760655,0.5277194516193009,0.5351874753947181,compact_btts_form,0.6500000000000002,False,0,0,1,0.3921038118697248,0.37,0.2802538650226353,0.35,0.1719467533406651,0.4800000000000001,0.37606076039083663,0.42000000000000004,0.17242548288481907,0.4900000000000001,0.4873229199760655,0.37,0.18252756411409773,0.37,0.11546604275813886,0.39
11653,E0,2025/2026,2,2025-08-22,West Ham,Chelsea,0.528810099923707,0.5330416582273357,0.5330416582273357,compact_btts_form,0.6500000000000002,False,1,1,1,0.5008983049895586,0.6400000000000002,0.3590968508486827,0.6100000000000002,0.36631866937386537,0.6200000000000002,0.5882648812586236,0.42000000000000004,0.504862517447765,0.5900000000000002,0.528810099923707,0.6300000000000002,0.4453651091984383,0.5300000000000001,0.555431251802922,0.6200000000000002
14063,F1,2025/2026,2,2025-08-22,Paris SG,Angers,0.6783549447959583,0.5531785704793054,0.5330416582273357,compact_btts_form,0.6500000000000002,False,1,0,0,0.7505393996835698,0.6400000000000002,0.4420738581004968,0.6100000000000002,0.42702035313023606,0.6200000000000002,0.7774195703390464,0.42000000000000004,0.8394108391232692,0.5900000000000002,0.6783549447959583,0.6300000000000002,0.42611343895227133,0.5300000000000001,0.8579466778425643,0.6200000000000002
16650,SP1,2025/2026,2,2025-08-22,Betis,Alaves,0.3404841955602146,0.5081139049396584,0.5330416582273357,compact_btts_form,0.6500000000000002,False,0,0,1,0.2881304621169108,0.6400000000000002,0.5079465630803792,0.6100000000000002,0.4209480099695696,0.6200000000000002,0.2429290804723659,0.42000000000000004,0.3702895388613738,0.5900000000000002,0.3404841955602146,0.6300000000000002,0.3823883803546267,0.5300000000000001,0.16886939740034304,0.6200000000000002
11654,E0,2025/2026,2,2025-08-23,Man City,Tottenham,0.655454991728181,0.549897195103394,0.5330416582273357,compact_btts_form,0.6500000000000002,False,1,0,0,0.6334330053869641,0.6400000000000002,0.7320719956964934,0.6100000000000002,0.7630098534799918,0.6200000000000002,0.7056636457868583,0.42000000000000004,0.8266506762078888,0.5900000000000002,0.655454991728181,0.6300000000000002,0.7599475911525378,0.5300000000000001,0.8698897057599694,0.6200000000000002
11655,E0,2025/2026,2,2025-08-23,Bournemouth,Wolves,0.6020682940399975,0.5425943993862391,0.5330416582273357,compact_btts_form,0.6500000000000002,False,1,0,0,0.5703214489700201,0.6400000000000002,0.39994724856009845,0.6100000000000002,0.2875286807900674,0.6200000000000002,0.5266467232140738,0.42000000000000004,0.4552480775326494,0.5900000000000002,0.6020682940399975,0.6300000000000002,0.3984534096385333,0.5300000000000001,0.4315872429292039,0.6200000000000002
11656,E0,2025/2026,2,2025-08-23,Brentford,Aston Villa,0.6718698837814342,0.5522381372550379,0.5330416582273357,compact_btts_form,0.6500000000000002,False,1,0,0,0.6096465110860239,0.6400000000000002,0.4837543142450186,0.6100000000000002,0.5844848504774814,0.6200000000000002,0.7217239228409493,0.42000000000000004,0.5222512146578565,0.5900000000000002,0.6718698837814342,0.6300000000000002,0.6785892004733254,0.5300000000000001,0.8095985754521666,0.6200000000000002
11657,E0,2025/2026,2,2025-08-23,Burnley,Sunderland,0.17408655987582478,0.47931421137772545,0.5330416582273357,compact_btts_form,0.6500000000000002,False,0,0,1,0.02964511662039713,0.6400000000000002,0.6868750688120451,0.6100000000000002,0.14188030785627437,0.6200000000000002,0.11719284591791641,0.42000000000000004,0.0002281453778498523,0.5900000000000002,0.17408655987582478,0.6300000000000002,0.7199928363972884,0.5300000000000001,0.14270389374151465,0.6200000000000002
11658,E0,2025/2026,2,2025-08-23,Arsenal,Leeds,0.542029710913171,0.5347432469585582,0.5330416582273357,compact_btts_form,0.6500000000000002,False,1,0,0,0.45907165663608274,0.6400000000000002,0.6387383425157034,0.6100000000000002,0.7030209187642048,0.6200000000000002,0.37027913294304476,0.42000000000000004,0.7647939112188382,0.5900000000000002,0.542029710913171,0.6300000000000002,0.7474142564849877,0.5300000000000001,0.7532399089044346,0.6200000000000002
14064,F1,2025/2026,2,2025-08-23,Marseille,Paris FC,0.29924155860063173,0.5020107497899592,0.5330416582273357,compact_btts_form,0.6500000000000002,False,0,1,0,0.33393992639059916,0.6400000000000002,0.6109465376198021,0.6100000000000002,0.6157458936865258,0.6200000000000002,0.3326316531328823,0.42000000000000004,0.590130576201177,0.5900000000000002,0.29924155860063173,0.6300000000000002,0.7035344702221886,0.5300000000000001,0.7004806513576168,0.6200000000000002
14065,F1,2025/2026,2,2025-08-23,Nice,Auxerre,0.5601153594950158,0.5370827171358743,0.5330416582273357,compact_btts_form,0.6500000000000002,False,1,1,1,0.6329959899597103,0.6400000000000002,0.3602228774614232,0.6100000000000002,0.2684975271658058,0.6200000000000002,0.5365538106546425,0.42000000000000004,0.7750510813037801,0.5900000000000002,0.5601153594950158,0.6300000000000002,0.36291712034471263,0.5300000000000001,0.548910300577731,0.6200000000000002
14066,F1,2025/2026,2,2025-08-23,Lyon,Metz,0.6610372793287694,0.5506872676751967,0.5330416582273357,compact_btts_form,0.6500000000000002,False,1,0,0,0.6745785763792058,0.6400000000000002,0.38826702705960414,0.6100000000000002,0.48140300634432215,0.6200000000000002,0.7471261134590377,0.42000000000000004,0.7696104565881,0.5900000000000002,0.6610372793287694,0.6300000000000002,0.5928896235991876,0.5300000000000001,0.814723436504396,0.6200000000000002
16651,SP1,2025/2026,2,2025-08-23,Mallorca,Celta,0.4334993825389302,0.5207606688010653,0.5330416582273357,compact_btts_form,0.6500000000000002,False,0,1,0,0.37094466655450087,0.6400000000000002,0.3455294153973998,0.6100000000000002,0.3038022608187529,0.6200000000000002,0.31030863852857105,0.42000000000000004,0.21065856728140353,0.5900000000000002,0.4334993825389302,0.6300000000000002,0.19639993256404678,0.5300000000000001,0.09899427223336009,0.6200000000000002
16652,SP1,2025/2026,2,2025-08-23,Ath Madrid,Elche,0.2972657064194153,0.5017071165350129,0.5330416582273357,compact_btts_form,0.6500000000000002,False,0,1,0,0.38168815241692555,0.6400000000000002,0.35911061990174015,0.6100000000000002,0.33136739008565863,0.6200000000000002,0.39519896821769107,0.42000000000000004,0.5047111173485301,0.5900000000000002,0.2972657064194153,0.6300000000000002,0.3284252741447302,0.5300000000000001,0.23619983716577175,0.6200000000000002
16653,SP1,2025/2026,2,2025-08-23,Levante,Barcelona,0.4453655730655074,0.5223072478530042,0.5330416582273357,compact_btts_form,0.6500000000000002,False,0,1,0,0.501700873682099,0.6400000000000002,0.8165673473121728,0.6100000000000002,0.8498530749505733,0.6200000000000002,0.49825239497110313,0.42000000000000004,0.8314843482773301,0.5900000000000002,0.4453655730655074,0.6300000000000002,0.6911068862250239,0.5300000000000001,0.6564706986125344,0.6200000000000002
11659,E0,2025/2026,2,2025-08-24,Crystal Palace,Nott'm Forest,0.6632029285109091,0.5509954033566227,0.5330416582273357,compact_btts_form,0.6500000000000002,False,1,1,1,0.6128399845731742,0.6400000000000002,0.6046463397921058,0.6100000000000002,0.5751964803323414,0.6200000000000002,0.632451483537124,0.42000000000000004,0.7811202648621318,0.5900000000000002,0.6632029285109091,0.6300000000000002,0.4628236378495408,0.5300000000000001,0.7671782416628126,0.6200000000000002
11660,E0,2025/2026,2,2025-08-24,Everton,Brighton,0.6832083312343973,0.5538886610606525,0.5330416582273357,compact_btts_form,0.6500000000000002,False,1,0,0,0.5767293213294552,0.6400000000000002,0.693780273873596,0.6100000000000002,0.7604699958386965,0.6200000000000002,0.6099091150446099,0.42000000000000004,0.7046177330345598,0.5900000000000002,0.6832083312343973,0.6300000000000002,0.5098552886991156,0.5300000000000001,0.680479502576129,0.6200000000000002
11661,E0,2025/2026,2,2025-08-24,Fulham,Man United,0.6564470980655197,0.5500371774732253,0.5330416582273357,compact_btts_form,0.6500000000000002,False,1,1,1,0.624062618609113,0.6400000000000002,0.6593286932483323,0.6100000000000002,0.5424554817157029,0.6200000000000002,0.6187180958185635,0.42000000000000004,0.6146769764350606,0.5900000000000002,0.6564470980655197,0.6300000000000002,0.7302812181378325,0.5300000000000001,0.7445190724758761,0.6200000000000002
14067,F1,2025/2026,2,2025-08-24,Lorient,Rennes,0.624358642218183,0.5455942491485801,0.5330416582273357,compact_btts_form,0.6500000000000002,False,1,0,0,0.6046360374248907,0.6400000000000002,0.5729192604130224,0.6100000000000002,0.45756364139092076,0.6200000000000002,0.5940507778392158,0.42000000000000004,0.775110764284738,0.5900000000000002,0.624358642218183,0.6300000000000002,0.495450555088171,0.5300000000000001,0.8187131706746261,0.6200000000000002
14068,F1,2025/2026,2,2025-08-24,Le Havre,Lens,0.681791103554359,0.553680737077349,0.5330416582273357,compact_btts_form,0.6500000000000002,False,1,1,1,0.721793539059752,0.6400000000000002,0.47132245041646864,0.6100000000000002,0.4388107189475309,0.6200000000000002,0.7473116598902125,0.42000000000000004,0.9153183048100297,0.5900000000000002,0.681791103554359,0.6300000000000002,0.5503985311016524,0.5300000000000001,0.8718169284180961,0.6200000000000002
14069,F1,2025/2026,2,2025-08-24,Strasbourg,Nantes,0.6421030662734744,0.5480304451017345,0.5330416582273357,compact_btts_form,0.6500000000000002,False,1,0,0,0.6636672514788218,0.6400000000000002,0.5471056918137787,0.6100000000000002,0.5362078600528413,0.6200000000000002,0.6868237347619679,0.42000000000000004,0.9529590179534638,0.5900000000000002,0.6421030662734744,0.6300000000000002,0.8394822937365799,0.5300000000000001,0.9265785157218084,0.6200000000000002
14070,F1,2025/2026,2,2025-08-24,Toulouse,Brest,0.7543217825659915,0.5650888546739189,0.5330416582273357,compact_btts_form,0.6500000000000002,False,1,0,0,0.6676459088691036,0.6400000000000002,0.7722853594637163,0.6100000000000002,0.7331318774898835,0.6200000000000002,0.6654222917398198,0.42000000000000004,0.9659855274075799,0.5900000000000002,0.7543217825659915,0.6300000000000002,0.81539403064265,0.5300000000000001,0.9504738705785337,0.6200000000000002
14071,F1,2025/2026,2,2025-08-24,Lille,Monaco,0.7621549779024941,0.5664395642761679,0.5330416582273357,compact_btts_form,0.6500000000000002,False,1,0,0,0.7964033054783148,0.6400000000000002,0.5855015343355912,0.6100000000000002,0.6093262906534912,0.6200000000000002,0.8396414893260932,0.42000000000000004,0.9331237391294364,0.5900000000000002,0.7621549779024941,0.6300000000000002,0.7798324615571443,0.5300000000000001,0.9365340961419448,0.6200000000000002
16654,SP1,2025/2026,2,2025-08-24,Osasuna,Valencia,0.4312550211186918,0.5204670405959813,0.5330416582273357,compact_btts_form,0.6500000000000002,False,0,0,1,0.3865965734740811,0.6400000000000002,0.551924710699399,0.6100000000000002,0.5080222330778774,0.6200000000000002,0.29045063854177416,0.42000000000000004,0.4279702773042616,0.5900000000000002,0.4312550211186918,0.6300000000000002,0.6655981405262945,0.5300000000000001,0.36734529790878445,0.6200000000000002
16655,SP1,2025/2026,2,2025-08-24,Sociedad,Espanol,0.32039352298979307,0.5051931106233578,0.5330416582273357,compact_btts_form,0.6500000000000002,False,0,1,0,0.2732703045580868,0.6400000000000002,0.6649971989471415,0.6100000000000002,0.6929001393657772,0.6200000000000002,0.29748066963338293,0.42000000000000004,0.561551158992908,0.5900000000000002,0.32039352298979307,0.6300000000000002,0.519234889187943,0.5300000000000001,0.47334515924791765,0.6200000000000002
16656,SP1,2025/2026,2,2025-08-24,Villarreal,Girona,0.4404090218348587,0.5216623777886266,0.5330416582273357,compact_btts_form,0.6500000000000002,False,0,0,1,0.31840443720649575,0.6400000000000002,0.5636340109845704,0.6100000000000002,0.5907062296802432,0.6200000000000002,0.3309458831657445,0.42000000000000004,0.31576732546795655,0.5900000000000002,0.4404090218348587,0.6300000000000002,0.5091844187547452,0.5300000000000001,0.24184317487437612,0.6200000000000002
16657,SP1,2025/2026,2,2025-08-24,Oviedo,Real Madrid,0.6791340530893505,0.5532921906442771,0.5330416582273357,compact_btts_form,0.6500000000000002,False,1,0,0,0.970105928857219,0.6400000000000002,0.9967569780906901,0.6100000000000002,0.9989425154086962,0.6200000000000002,0.6438537457645004,0.42000000000000004,0.9923194466053461,0.5900000000000002,0.6791340530893505,0.6300000000000002,0.9999922540247707,0.5300000000000001,0.9701044098202457,0.6200000000000002
11662,E0,2025/2026,2,2025-08-25,Newcastle,Liverpool,0.8398817481125328,0.5819400323168942,0.5330416582273357,compact_btts_form,0.6500000000000002,False,1,1,1,0.81341934230362,0.6400000000000002,0.6548156474680981,0.6100000000000002,0.6288332422135023,0.6200000000000002,0.8472439895385998,0.42000000000000004,0.9211392666313268,0.5900000000000002,0.8398817481125328,0.6300000000000002,0.8604125014338855,0.5300000000000001,0.9204659101250983,0.6200000000000002
16658,SP1,2025/2026,2,2025-08-25,Ath Bilbao,Vallecano,0.3397090010159739,0.508002838977047,0.5330416582273357,compact_btts_form,0.6500000000000002,False,0,0,1,0.3572844968118263,0.6400000000000002,0.4270628055168046,0.6100000000000002,0.19715329665037248,0.6200000000000002,0.22462234419113572,0.42000000000000004,0.24534521384758146,0.5900000000000002,0.3397090010159739,0.6300000000000002,0.31375679048079713,0.5300000000000001,0.24089193691077557,0.6200000000000002
16659,SP1,2025/2026,2,2025-08-25,Sevilla,Getafe,0.3544692322305564,0.5100972894428601,0.5330416582273357,compact_btts_form,0.6500000000000002,False,0,1,0,0.3214296060121407,0.6400000000000002,0.23759319550840846,0.6100000000000002,0.08716703568378276,0.6200000000000002,0.12802645719039651,0.42000000000000004,0.07106775363886121,0.5900000000000002,0.3544692322305564,0.6300000000000002,0.16615650545136307,0.5300000000000001,0.013068251546720505,0.6200000000000002
6851,I1,2025/2026,2,2025-08-29,Cremonese,Sassuolo,0.6881379658135571,0.5546156787199592,0.5330416582273357,compact_btts_form,0.6500000000000002,False,1,1,1,0.6443041669397461,0.6400000000000002,0.8993531691094871,0.6100000000000002,0.9177737597825147,0.6200000000000002,0.671764678857747,0.42000000000000004,0.9753564822139874,0.5900000000000002,0.6881379658135571,0.6300000000000002,0.949037669499135,0.5300000000000001,0.9591197089340119,0.6200000000000002
6852,I1,2025/2026,2,2025-08-29,Lecce,Milan,0.4181266246357062,0.518741351970425,0.5330416582273357,compact_btts_form,0.6500000000000002,False,0,0,1,0.3504605306418479,0.6400000000000002,0.5316907681154378,0.6100000000000002,0.3197108206123835,0.6200000000000002,0.27618175487084273,0.42000000000000004,0.6231029860620437,0.5900000000000002,0.4181266246357062,0.6300000000000002,0.21998767254540122,0.5300000000000001,0.3161732786829768,0.6200000000000002
9066,D1,2025/2026,2,2025-08-29,Hamburg,St Pauli,0.9238868264536266,0.6079459672750896,0.5330416582273357,compact_btts_form,0.6500000000000002,False,1,0,0,0.9976569960138748,0.6400000000000002,0.9851911789981718,0.6100000000000002,0.9933119294593115,0.6200000000000002,0.9775935858449024,0.42000000000000004,0.9974324912525888,0.5900000000000002,0.9238868264536266,0.6300000000000002,0.9999984290145627,0.5300000000000001,0.9963452409878065,0.6200000000000002
6853,I1,2025/2026,2,2025-08-30,Bologna,Como,0.6436827316881736,0.5482497001032824,0.5330416582273357,compact_btts_form,0.6500000000000002,False,1,0,0,0.5641479489334281,0.6400000000000002,0.5996544219616521,0.6100000000000002,0.6970810727338789,0.6200000000000002,0.683730502146919,0.42000000000000004,0.8174968965228037,0.5900000000000002,0.6436827316881736,0.6300000000000002,0.5919110732910595,0.5300000000000001,0.7975819831858747,0.6200000000000002
6854,I1,2025/2026,2,2025-08-30,Parma,Atalanta,0.6694089176753677,0.5518836684768998,0.5330416582273357,compact_btts_form,0.6500000000000002,False,1,1,1,0.5328814665696767,0.6400000000000002,0.7668374214402777,0.6100000000000002,0.7001548656103784,0.6200000000000002,0.4960944531671075,0.42000000000000004,0.8523846163468826,0.5900000000000002,0.6694089176753677,0.6300000000000002,0.598288280313887,0.5300000000000001,0.7062388299085357,0.6200000000000002
6855,I1,2025/2026,2,2025-08-30,Napoli,Cagliari,0.41863331927115316,0.5188082308439537,0.5330416582273357,compact_btts_form,0.6500000000000002,False,0,0,1,0.4019443443120098,0.6400000000000002,0.21127228654444083,0.6100000000000002,0.1982227558487902,0.6200000000000002,0.4377136188299741,0.42000000000000004,0.5525384187404436,0.5900000000000002,0.41863331927115316,0.6300000000000002,0.09267223597200529,0.5300000000000001,0.19869961702399147,0.6200000000000002
6856,I1,2025/2026,2,2025-08-30,Pisa,Roma,0.8035619778731177,0.5741378131761801,0.5330416582273357,compact_btts_form,0.6500000000000002,False,1,0,0,0.9777259106334879,0.6400000000000002,0.9916945455501265,0.6100000000000002,0.994495603841734,0.6200000000000002,0.6417489007109991,0.42000000000000004,0.9972655334938803,0.5900000000000002,0.8035619778731177,0.6300000000000002,0.9999926315059698,0.5300000000000001,0.9766310856962649,0.6200000000000002
9067,D1,2025/2026,2,2025-08-30,Hoffenheim,Ein Frankfurt,0.7595039887573006,0.5659792025059125,0.5330416582273357,compact_btts_form,0.6500000000000002,False,1,1,1,0.8455898032874003,0.6400000000000002,0.7666288751613877,0.6100000000000002,0.8375697024261911,0.6200000000000002,0.8885540313492569,0.42000000000000004,0.7317901065462159,0.5900000000000002,0.7595039887573006,0.6300000000000002,0.8691104609779952,0.5300000000000001,0.8983820259750013,0.6200000000000002
9068,D1,2025/2026,2,2025-08-30,RB Leipzig,Heidenheim,0.6287890807386967,0.5461981482095298,0.5330416582273357,compact_btts_form,0.6500000000000002,False,1,0,0,0.6360337947888812,0.6400000000000002,0.7075367205288051,0.6100000000000002,0.7966946476999933,0.6200000000000002,0.7147613215656138,0.42000000000000004,0.7754042502013602,0.5900000000000002,0.6287890807386967,0.6300000000000002,0.8374998589563382,0.5300000000000001,0.82498077024309,0.6200000000000002
9069,D1,2025/2026,2,2025-08-30,Stuttgart,M'gladbach,0.6915987841691601,0.5551296904902606,0.5330416582273357,compact_btts_form,0.6500000000000002,False,1,0,0,0.6434683497040602,0.6400000000000002,0.7898240530155092,0.6100000000000002,0.8234393495257848,0.6200000000000002,0.703826236059338,0.42000000000000004,0.8604130266740675,0.5900000000000002,0.6915987841691601,0.6300000000000002,0.8164834263067483,0.5300000000000001,0.7617067637072376,0.6200000000000002
9070,D1,2025/2026,2,2025-08-30,Werder Bremen,Leverkusen,0.5631480611102377,0.5374767068952084,0.5330416582273357,compact_btts_form,0.6500000000000002,False,1,1,1,0.6699780235684991,0.6400000000000002,0.6418951147942566,0.6100000000000002,0.6431546842138756,0.6200000000000002,0.7399943842315874,0.42000000000000004,0.5162576556549865,0.5900000000000002,0.5631480611102377,0.6300000000000002,0.4759674524617494,0.5300000000000001,0.6941997583511109,0.6200000000000002
9071,D1,2025/2026,2,2025-08-30,Augsburg,Bayern Munich,0.5934900232973765,0.5414549532563868,0.5330416582273357,compact_btts_form,0.6500000000000002,False,1,1,1,0.672553356020354,0.6400000000000002,0.7578048911353047,0.6100000000000002,0.7723537680507527,0.6200000000000002,0.6799501417936961,0.42000000000000004,0.781227509329758,0.5900000000000002,0.5934900232973765,0.6300000000000002,0.7601099481339545,0.5300000000000001,0.5971866565059808,0.6200000000000002
6857,I1,2025/2026,2,2025-08-31,Genoa,Juventus,0.48405701750814456,0.5273002050200031,0.5330416582273357,compact_btts_form,0.6500000000000002,False,0,0,1,0.41826057225654467,0.6400000000000002,0.5432177532722919,0.6100000000000002,0.4225980228405004,0.6200000000000002,0.39640436591196965,0.42000000000000004,0.7745805253881604,0.5900000000000002,0.48405701750814456,0.6300000000000002,0.3557782609783108,0.5300000000000001,0.44813466213407654,0.6200000000000002
6858,I1,2025/2026,2,2025-08-31,Torino,Fiorentina,0.5559704964871652,0.5365451038695354,0.5330416582273357,compact_btts_form,0.6500000000000002,False,1,0,0,0.487040574818656,0.6400000000000002,0.43697060862091175,0.6100000000000002,0.4893479290121315,0.6200000000000002,0.4792219261812792,0.42000000000000004,0.6051121846945046,0.5900000000000002,0.5559704964871652,0.6300000000000002,0.41640719685903416,0.5300000000000001,0.4336044809625995,0.6200000000000002
6859,I1,2025/2026,2,2025-08-31,Inter,Udinese,0.5453751987653538,0.5351748545050375,0.5330416582273357,compact_btts_form,0.6500000000000002,False,1,1,1,0.391162855921457,0.6400000000000002,0.39641742257878343,0.6100000000000002,0.1920276342083622,0.6200000000000002,0.2961060478925767,0.42000000000000004,0.4491598082008307,0.5900000000000002,0.5453751987653538,0.6300000000000002,0.4264132233109616,0.5300000000000001,0.29225931045125336,0.6200000000000002
6860,I1,2025/2026,2,2025-08-31,Lazio,Verona,0.4511039475251341,0.5230519885947056,0.5330416582273357,compact_btts_form,0.6500000000000002,False,0,0,1,0.5080509624145977,0.6400000000000002,0.36262391568336444,0.6100000000000002,0.3090825640591658,0.6200000000000002,0.49674346661722374,0.42000000000000004,0.6066903475494846,0.5900000000000002,0.4511039475251341,0.6300000000000002,0.19863752732976514,0.5300000000000001,0.39043823265016875,0.6200000000000002
9072,D1,2025/2026,2,2025-08-31,Wolfsburg,Mainz,0.6841893165774271,0.5540328642326585,0.5330416582273357,compact_btts_form,0.6500000000000002,False,1,1,1,0.6571988637369945,0.6400000000000002,0.6045526680865491,0.6100000000000002,0.6647078530758094,0.6200000000000002,0.6884834595014209,0.42000000000000004,0.5588601364732573,0.5900000000000002,0.6841893165774271,0.6300000000000002,0.7232252739369845,0.5300000000000001,0.6144576502015933,0.6200000000000002
9073,D1,2025/2026,2,2025-08-31,Dortmund,Union Berlin,0.46044528222858544,0.5242605961130896,0.5330416582273357,compact_btts_form,0.6500000000000002,False,0,0,1,0.6719196549360357,0.6400000000000002,0.5295355018315147,0.6100000000000002,0.3961471045041495,0.6200000000000002,0.6340814637218349,0.42000000000000004,0.6317677410059456,0.5900000000000002,0.46044528222858544,0.6300000000000002,0.7359522810895734,0.5300000000000001,0.43016990015795986,0.6200000000000002
9074,D1,2025/2026,2,2025-08-31,FC Koln,Freiburg,0.4638617032088576,0.5247016094574697,0.5330416582273357,compact_btts_form,0.6500000000000002,False,0,1,0,0.4846716132159836,0.6400000000000002,0.361927557390727,0.6100000000000002,0.3887760452906275,0.6200000000000002,0.4497728596250856,0.42000000000000004,0.1165767560838024,0.5900000000000002,0.4638617032088576,0.6300000000000002,0.399411214556874,0.5300000000000001,0.2838800074625968,0.6200000000000002
14072,F1,2025/2026,3,2025-08-29,Lens,Brest,0.6968643643592,0.5559177046699788,0.5324534354578495,compact_btts_form,0.6500000000000002,False,1,1,1,0.6323509268839084,0.6300000000000002,0.7096271075340741,0.43000000000000005,0.7182847237435408,0.5400000000000001,0.6158818507663226,0.6300000000000002,0.8973514903677033,0.39,0.6968643643592,0.35,0.6155934540839039,0.5000000000000001,0.8597699928285517,0.5000000000000001
16661,SP1,2025/2026,3,2025-08-29,Elche,Levante,0.5131689447147587,0.531033911935892,0.5324534354578495,compact_btts_form,0.6500000000000002,False,0,0,1,0.4078298047885612,0.6300000000000002,0.46435589209126543,0.43000000000000005,0.37932775792112755,0.5400000000000001,0.319003560724563,0.6300000000000002,0.44146020679004266,0.39,0.5131689447147587,0.35,0.2088482864324184,0.5000000000000001,0.1312388653380852,0.5000000000000001
16662,SP1,2025/2026,3,2025-08-29,Valencia,Getafe,0.32806972967461456,0.5063198319348978,0.5324534354578495,compact_btts_form,0.6500000000000002,False,0,0,1,0.2615481104354289,0.6300000000000002,0.5254057553239613,0.43000000000000005,0.4080632163067691,0.5400000000000001,0.18047929881577665,0.6300000000000002,0.3048610505932485,0.39,0.32806972967461456,0.35,0.2632821499883204,0.5000000000000001,0.11210364005172344,0.5000000000000001
11663,E0,2025/2026,3,2025-08-30,Chelsea,Fulham,0.5596895300205725,0.537027439662324,0.5324534354578495,compact_btts_form,0.6500000000000002,False,1,0,0,0.4604893630112198,0.6300000000000002,0.7090125349352778,0.43000000000000005,0.7241959907115253,0.5400000000000001,0.4882776566534866,0.6300000000000002,0.822228882431746,0.39,0.5596895300205725,0.35,0.7441519571174091,0.5000000000000001,0.8792399388989888,0.5000000000000001
11664,E0,2025/2026,3,2025-08-30,Man United,Burnley,0.474824277430218,0.5261137192732142,0.5324534354578495,compact_btts_form,0.6500000000000002,False,0,1,0,0.4377583160668025,0.6300000000000002,0.4790477770871523,0.43000000000000005,0.45809179535758404,0.5400000000000001,0.45903017953693415,0.6300000000000002,0.7040375327066889,0.39,0.474824277430218,0.35,0.6025262546721373,0.5000000000000001,0.5603215006700929,0.5000000000000001
11665,E0,2025/2026,3,2025-08-30,Sunderland,Brentford,0.6156121685715433,0.5444098479298767,0.5324534354578495,compact_btts_form,0.6500000000000002,False,1,1,1,0.6415669927505663,0.6300000000000002,0.5921836589509933,0.43000000000000005,0.6871710514734637,0.5400000000000001,0.6761231643193466,0.6300000000000002,0.7794959889064096,0.39,0.6156121685715433,0.35,0.8900201802450842,0.5000000000000001,0.8291333873668065,0.5000000000000001
11666,E0,2025/2026,3,2025-08-30,Tottenham,Bournemouth,0.6031261088865534,0.5427354398388099,0.5324534354578495,compact_btts_form,0.6500000000000002,False,1,0,0,0.4576515421244682,0.6300000000000002,0.6411810871538904,0.43000000000000005,0.6183492765966826,0.5400000000000001,0.46104205929669434,0.6300000000000002,0.5299869993622655,0.39,0.6031261088865534,0.35,0.5069226910663002,0.5000000000000001,0.6774422891383826,0.5000000000000001
11667,E0,2025/2026,3,2025-08-30,Wolves,Everton,0.501040580449205,0.5294788657911202,0.5324534354578495,compact_btts_form,0.6500000000000002,False,0,1,0,0.5197243495179622,0.6300000000000002,0.3196650933554696,0.43000000000000005,0.2843788212973091,0.5400000000000001,0.5708577526209027,0.6300000000000002,0.28207725938969586,0.39,0.501040580449205,0.35,0.3737555944525567,0.5000000000000001,0.5760474917382342,0.5000000000000001
11668,E0,2025/2026,3,2025-08-30,Leeds,Newcastle,0.7131604820320321,0.5584055212312207,0.5324534354578495,compact_btts_form,0.6500000000000002,False,1,0,0,0.6082967880176454,0.6300000000000002,0.49964629225477153,0.43000000000000005,0.5477690974982307,0.5400000000000001,0.6043380976675253,0.6300000000000002,0.6270396219339605,0.39,0.7131604820320321,0.35,0.8163647604246912,0.5000000000000001,0.8486068296320625,0.5000000000000001
14073,F1,2025/2026,3,2025-08-30,Lorient,Lille,0.6179477910568002,0.5447251498009589,0.5324534354578495,compact_btts_form,0.6500000000000002,False,1,1,1,0.6791168625205471,0.6300000000000002,0.5239047410042176,0.43000000000000005,0.4749749634874056,0.5400000000000001,0.6864961017711666,0.6300000000000002,0.8665366370015096,0.39,0.6179477910568002,0.35,0.6809267952676787,0.5000000000000001,0.9286198860960909,0.5000000000000001
14074,F1,2025/2026,3,2025-08-30,Nantes,Auxerre,0.4902461790571917,0.5280945607837604,0.5324534354578495,compact_btts_form,0.6500000000000002,False,0,0,1,0.5335810666114086,0.6300000000000002,0.6721731402803675,0.43000000000000005,0.5698474387916949,0.5400000000000001,0.49394089440611405,0.6300000000000002,0.8727717821166104,0.39,0.4902461790571917,0.35,0.6619274474488266,0.5000000000000001,0.8148228918408585,0.5000000000000001
14075,F1,2025/2026,3,2025-08-30,Toulouse,Paris SG,0.6295927075933836,0.5463079867989267,0.5324534354578495,compact_btts_form,0.6500000000000002,False,1,1,1,0.664605311562261,0.6300000000000002,0.6606162292975413,0.43000000000000005,0.6407761995415567,0.5400000000000001,0.6345820759094721,0.6300000000000002,0.9620649241497967,0.39,0.6295927075933836,0.35,0.7606546934543938,0.5000000000000001,0.8995243497987985,0.5000000000000001
16663,SP1,2025/2026,3,2025-08-30,Alaves,Ath Madrid,0.37067100533306224,0.5123512101822495,0.5324534354578495,compact_btts_form,0.6500000000000002,False,0,1,0,0.39312669342043044,0.6300000000000002,0.40369562006457005,0.43000000000000005,0.4305169697129273,0.5400000000000001,0.39512792826493004,0.6300000000000002,0.35141631959846625,0.39,0.37067100533306224,0.35,0.21013808847052223,0.5000000000000001,0.24232859737999787,0.5000000000000001
16664,SP1,2025/2026,3,2025-08-30,Oviedo,Sociedad,0.5054690998581657,0.5300466244865834,0.5324534354578495,compact_btts_form,0.6500000000000002,False,0,0,1,0.3447404586929315,0.6300000000000002,0.5533623010576475,0.43000000000000005,0.6643799883144881,0.5400000000000001,0.31619109418913977,0.6300000000000002,0.27720003531908616,0.39,0.5054690998581657,0.35,0.7560252770860862,0.5000000000000001,0.49177356398583716,0.5000000000000001
16665,SP1,2025/2026,3,2025-08-30,Girona,Sevilla,0.5984269683654889,0.5421098046092372,0.5324534354578495,compact_btts_form,0.6500000000000002,False,1,0,0,0.49225537111588374,0.6300000000000002,0.5078116866424602,0.43000000000000005,0.6243020134608095,0.5400000000000001,0.519269148090201,0.6300000000000002,0.3602433399932886,0.39,0.5984269683654889,0.35,0.5964152340633723,0.5000000000000001,0.41868526371932246,0.5000000000000001
16666,SP1,2025/2026,3,2025-08-30,Real Madrid,Mallorca,0.40913918296310486,0.5175510477962546,0.5324534354578495,compact_btts_form,0.6500000000000002,False,0,1,0,0.33143773978585384,0.6300000000000002,0.41041031132965294,0.43000000000000005,0.4683774490445308,0.5400000000000001,0.3101704335555063,0.6300000000000002,0.38632282880240254,0.39,0.40913918296310486,0.35,0.2759318670716382,0.5000000000000001,0.4142283911567858,0.5000000000000001
11669,E0,2025/2026,3,2025-08-31,Brighton,Man City,0.7265162082693738,0.5605057508212908,0.5324534354578495,compact_btts_form,0.6500000000000002,False,1,1,1,0.7189651275054197,0.6300000000000002,0.5068485200942691,0.43000000000000005,0.5226315593058677,0.5400000000000001,0.7944135389388177,0.6300000000000002,0.7093306556281201,0.39,0.7265162082693738,0.35,0.5847812031533767,0.5000000000000001,0.8258610970846443,0.5000000000000001
11670,E0,2025/2026,3,2025-08-31,Nott'm Forest,West Ham,0.47588163216609913,0.5262497104157415,0.5324534354578495,compact_btts_form,0.6500000000000002,False,0,0,1,0.3786400220099813,0.6300000000000002,0.4098747355882192,0.43000000000000005,0.4959148539891771,0.5400000000000001,0.4237935457074036,0.6300000000000002,0.5799217255139837,0.39,0.47588163216609913,0.35,0.3896427395014658,0.5000000000000001,0.7333773415910946,0.5000000000000001
11671,E0,2025/2026,3,2025-08-31,Liverpool,Arsenal,0.7638528674045316,0.5667362091705587,0.5324534354578495,compact_btts_form,0.6500000000000002,False,1,0,0,0.6869623449422939,0.6300000000000002,0.8590951549651316,0.43000000000000005,0.8638966327000726,0.5400000000000001,0.7511172589493635,0.6300000000000002,0.924046542043971,0.39,0.7638528674045316,0.35,0.9043834724716704,0.5000000000000001,0.9475252327644438,0.5000000000000001
11672,E0,2025/2026,3,2025-08-31,Aston Villa,Crystal Palace,0.5933991740971436,0.5414429252954243,0.5324534354578495,compact_btts_form,0.6500000000000002,False,1,0,0,0.5823114430071682,0.6300000000000002,0.4930543747201779,0.43000000000000005,0.4249165641934028,0.5400000000000001,0.5936564092604893,0.6300000000000002,0.7307990705577507,0.39,0.5933991740971436,0.35,0.646347828092128,0.5000000000000001,0.7253265751460132,0.5000000000000001
14076,F1,2025/2026,3,2025-08-31,Angers,Rennes,0.5537064792445575,0.5362518428674916,0.5324534354578495,compact_btts_form,0.6500000000000002,False,1,1,1,0.5651221453176395,0.6300000000000002,0.4209851077640674,0.43000000000000005,0.4165853082561856,0.5400000000000001,0.5518795013779892,0.6300000000000002,0.746696290549771,0.39,0.5537064792445575,0.35,0.45197359895582884,0.5000000000000001,0.6935390489819107,0.5000000000000001
14077,F1,2025/2026,3,2025-08-31,Le Havre,Nice,0.7005366573032599,0.5564716881457052,0.5324534354578495,compact_btts_form,0.6500000000000002,False,1,1,1,0.6950085105995598,0.6300000000000002,0.6053676881122885,0.43000000000000005,0.5543847593553951,0.5400000000000001,0.6665445543154204,0.6300000000000002,0.9287491476748613,0.39,0.7005366573032599,0.35,0.5959165485700875,0.5000000000000001,0.8836753028781331,0.5000000000000001
14078,F1,2025/2026,3,2025-08-31,Monaco,Strasbourg,0.6429194224028079,0.5481437025075818,0.5324534354578495,compact_btts_form,0.6500000000000002,False,1,1,1,0.6985092798238051,0.6300000000000002,0.6691877379358893,0.43000000000000005,0.6641281081574621,0.5400000000000001,0.7196371944713056,0.6300000000000002,0.9461034795143947,0.39,0.6429194224028079,0.35,0.7204168556344644,0.5000000000000001,0.876405483664475,0.5000000000000001
14079,F1,2025/2026,3,2025-08-31,Paris FC,Metz,0.8614958877426486,0.5872644314059647,0.5324534354578495,compact_btts_form,0.6500000000000002,False,1,1,1,0.9958479269403658,0.6300000000000002,0.9783835986248163,0.43000000000000005,0.9953021572957378,0.5400000000000001,0.9526512569527907,0.6300000000000002,0.9981965318306,0.39,0.8614958877426486,0.35,0.9999968852407435,0.5000000000000001,0.9964391994110013,0.5000000000000001
14080,F1,2025/2026,3,2025-08-31,Lyon,Marseille,0.8914595402631387,0.5959046505909994,0.5324534354578495,compact_btts_form,0.6500000000000002,False,1,0,0,0.9199076906527875,0.6300000000000002,0.8403802168244369,0.43000000000000005,0.8571746442216368,0.5400000000000001,0.9501055878945444,0.6300000000000002,0.9910545256377133,0.39,0.8914595402631387,0.35,0.9733998348896997,0.5000000000000001,0.9941853934762988,0.5000000000000001
16667,SP1,2025/2026,3,2025-08-31,Celta,Villarreal,0.7172939653004835,0.5590492633894724,0.5324534354578495,compact_btts_form,0.6500000000000002,False,1,1,1,0.6947697610023031,0.6300000000000002,0.8054528669900444,0.43000000000000005,0.7646550292980121,0.5400000000000001,0.6734611426775655,0.6300000000000002,0.7425396310334376,0.39,0.7172939653004835,0.35,0.8653323293865623,0.5000000000000001,0.7392120842752146,0.5000000000000001
16668,SP1,2025/2026,3,2025-08-31,Betis,Ath Bilbao,0.49589205858199775,0.5288187235590024,0.5324534354578495,compact_btts_form,0.6500000000000002,False,0,1,0,0.4528640280521529,0.6300000000000002,0.331680769024287,0.43000000000000005,0.30596238574074036,0.5400000000000001,0.3059229279088457,0.6300000000000002,0.5710558508989683,0.39,0.49589205858199775,0.35,0.5657987616375992,0.5000000000000001,0.29917041578055353,0.5000000000000001
16669,SP1,2025/2026,3,2025-08-31,Espanol,Osasuna,0.5071307500523133,0.5302596601011411,0.5324534354578495,compact_btts_form,0.6500000000000002,False,0,0,1,0.44961163403793414,0.6300000000000002,0.38846995051936406,0.43000000000000005,0.31760162021246346,0.5400000000000001,0.3213864851536277,0.6300000000000002,0.42236583062496713,0.39,0.5071307500523133,0.35,0.47904957348275257,0.5000000000000001,0.32678606050539644,0.5000000000000001
16670,SP1,2025/2026,3,2025-08-31,Vallecano,Barcelona,0.5544450990582815,0.536347487665031,0.5324534354578495,compact_btts_form,0.6500000000000002,False,1,1,1,0.5365482305389417,0.6300000000000002,0.75885660132876,0.43000000000000005,0.6909024689180103,0.5400000000000001,0.35500432859328307,0.6300000000000002,0.7983381560751929,0.39,0.5544450990582815,0.35,0.7266539770450088,0.5000000000000001,0.6590086596813947,0.5000000000000001
9075,D1,2025/2026,3,2025-09-12,Leverkusen,Ein Frankfurt,0.8078284916420985,0.5749949115523193,0.5324534354578495,compact_btts_form,0.6500000000000002,False,1,1,1,0.8660789034953018,0.6300000000000002,0.6951699841513309,0.43000000000000005,0.6659385205993332,0.5400000000000001,0.9189738495419494,0.6300000000000002,0.6950257067732517,0.39,0.8078284916420985,0.35,0.8320973181179776,0.5000000000000001,0.8226636473539162,0.5000000000000001
6861,I1,2025/2026,3,2025-09-13,Cagliari,Parma,0.5960738054965702,0.5417973704190164,0.5324534354578495,compact_btts_form,0.6500000000000002,False,1,0,0,0.5425912027976987,0.6300000000000002,0.7256012101708899,0.43000000000000005,0.6454204639397773,0.5400000000000001,0.5825511450321966,0.6300000000000002,0.9301584452297673,0.39,0.5960738054965702,0.35,0.8058002614811073,0.5000000000000001,0.8806434467547583,0.5000000000000001
6862,I1,2025/2026,3,2025-09-13,Juventus,Inter,0.6445325191037045,0.548367820741404,0.5324534354578495,compact_btts_form,0.6500000000000002,False,1,1,1,0.50840571135008,0.6300000000000002,0.6823868076284626,0.43000000000000005,0.5478393889700126,0.5400000000000001,0.4315994807666057,0.6300000000000002,0.8509824759692406,0.39,0.6445325191037045,0.35,0.4109738462617612,0.5000000000000001,0.7917889753935116,0.5000000000000001
6863,I1,2025/2026,3,2025-09-13,Fiorentina,Napoli,0.47767726995480114,0.5264805834783697,0.5324534354578495,compact_btts_form,0.6500000000000002,False,0,1,0,0.4276226331031328,0.6300000000000002,0.7564315076538384,0.43000000000000005,0.7710053590576271,0.5400000000000001,0.4782926204122571,0.6300000000000002,0.8913782953726145,0.39,0.47767726995480114,0.35,0.44105756451682454,0.5000000000000001,0.8293915363924553,0.5000000000000001
9076,D1,2025/2026,3,2025-09-13,Freiburg,Stuttgart,0.7445254178128898,0.5634385221283124,0.5324534354578495,compact_btts_form,0.6500000000000002,False,1,1,1,0.642632385183065,0.6300000000000002,0.837412711261267,0.43000000000000005,0.9160457021506044,0.5400000000000001,0.7217593629608191,0.6300000000000002,0.7784185727740293,0.39,0.7445254178128898,0.35,0.6313805331756112,0.5000000000000001,0.8478238689490699,0.5000000000000001
9077,D1,2025/2026,3,2025-09-13,Heidenheim,Dortmund,0.6749927777077639,0.5526898365570886,0.5324534354578495,compact_btts_form,0.6500000000000002,False,1,0,0,0.6658066862525294,0.6300000000000002,0.8059772292272137,0.43000000000000005,0.7584986796008789,0.5400000000000001,0.5981678578225329,0.6300000000000002,0.8189188053087784,0.39,0.6749927777077639,0.35,0.8163030122771922,0.5000000000000001,0.8396767279996382,0.5000000000000001
9078,D1,2025/2026,3,2025-09-13,Mainz,RB Leipzig,0.7495150938538838,0.5642739110390227,0.5324534354578495,compact_btts_form,0.6500000000000002,False,1,0,0,0.7429127196728357,0.6300000000000002,0.8056588234259169,0.43000000000000005,0.8218265127976819,0.5400000000000001,0.756938351667509,0.6300000000000002,0.8081017970028386,0.39,0.7495150938538838,0.35,0.6736041261134346,0.5000000000000001,0.7567222567956204,0.5000000000000001
9079,D1,2025/2026,3,2025-09-13,Union Berlin,Hoffenheim,0.7474639686151237,0.5639292275715245,0.5324534354578495,compact_btts_form,0.6500000000000002,False,1,1,1,0.713168735564722,0.6300000000000002,0.8080918622581612,0.43000000000000005,0.7825711908045299,0.5400000000000001,0.7319919781208788,0.6300000000000002,0.8186634727978451,0.39,0.7474639686151237,0.35,0.8369473820190356,0.5000000000000001,0.851570198010675,0.5000000000000001
9080,D1,2025/2026,3,2025-09-13,Wolfsburg,FC Koln,0.6786704305142478,0.5532245620846492,0.5324534354578495,compact_btts_form,0.6500000000000002,False,1,1,1,0.6933338568160222,0.6300000000000002,0.8348256255000932,0.43000000000000005,0.8412589210347905,0.5400000000000001,0.7404425391072709,0.6300000000000002,0.920237558717899,0.39,0.6786704305142478,0.35,0.7682056099085565,0.5000000000000001,0.9085422603308133,0.5000000000000001
9081,D1,2025/2026,3,2025-09-13,Bayern Munich,Hamburg,0.3012487158746986,0.5023180183898306,0.5324534354578495,compact_btts_form,0.6500000000000002,False,0,0,1,0.4209698519283669,0.6300000000000002,0.7841784546574081,0.43000000000000005,0.8342821582231295,0.5400000000000001,0.41598860205182564,0.6300000000000002,0.3077982919357113,0.39,0.3012487158746986,0.35,0.6751498289820889,0.5000000000000001,0.507740595369145,0.5000000000000001
6864,I1,2025/2026,3,2025-09-14,Roma,Torino,0.4227359146308136,0.5193488887325921,0.5324534354578495,compact_btts_form,0.6500000000000002,False,0,0,1,0.3505074115271658,0.6300000000000002,0.33641145607240847,0.43000000000000005,0.24164947748422808,0.5400000000000001,0.307701363133844,0.6300000000000002,0.47110697322895834,0.39,0.4227359146308136,0.35,0.16585316349806442,0.5000000000000001,0.2197536382482393,0.5000000000000001
6865,I1,2025/2026,3,2025-09-14,Atalanta,Lecce,0.48107510644092405,0.5269172291701096,0.5324534354578495,compact_btts_form,0.6500000000000002,False,0,1,0,0.48093660483678646,0.6300000000000002,0.4796180176675686,0.43000000000000005,0.37846074534600876,0.5400000000000001,0.4845173424761911,0.6300000000000002,0.6854266758773131,0.39,0.48107510644092405,0.35,0.38270386675657897,0.5000000000000001,0.5650568609755239,0.5000000000000001
6866,I1,2025/2026,3,2025-09-14,Pisa,Udinese,0.5242312480094379,0.5324534354578495,0.5324534354578495,compact_btts_form,0.6500000000000002,False,1,0,0,0.4739145289758154,0.6300000000000002,0.44915780567229685,0.43000000000000005,0.47081814853431414,0.5400000000000001,0.5903042017407822,0.6300000000000002,0.37896775618445727,0.39,0.5242312480094379,0.35,0.5871047661785241,0.5000000000000001,0.5611616438055125,0.5000000000000001
6867,I1,2025/2026,3,2025-09-14,Sassuolo,Lazio,0.6418062647587698,0.5479892953999881,0.5324534354578495,compact_btts_form,0.6500000000000002,False,1,0,0,0.6189236453460959,0.6300000000000002,0.6733853053382101,0.43000000000000005,0.686721861080101,0.5400000000000001,0.6259727577322173,0.6300000000000002,0.8969886139060397,0.39,0.6418062647587698,0.35,0.7580752618816272,0.5000000000000001,0.8868941644277849,0.5000000000000001
6868,I1,2025/2026,3,2025-09-14,Milan,Bologna,0.6601330641021085,0.55055888596518,0.5324534354578495,compact_btts_form,0.6500000000000002,False,1,0,0,0.5742842956478831,0.6300000000000002,0.669278372715237,0.43000000000000005,0.7217103612030472,0.5400000000000001,0.5984196187793166,0.6300000000000002,0.9060174984472003,0.39,0.6601330641021085,0.35,0.8328280535444528,0.5000000000000001,0.8713385553967801,0.5000000000000001
9082,D1,2025/2026,3,2025-09-14,St Pauli,Augsburg,0.5861938202211433,0.5404914386648962,0.5324534354578495,compact_btts_form,0.6500000000000002,False,1,1,1,0.5697401335096322,0.6300000000000002,0.6858555404732413,0.43000000000000005,0.7158711991019019,0.5400000000000001,0.5572327039798882,0.6300000000000002,0.5802583011650585,0.39,0.5861938202211433,0.35,0.6683158954306732,0.5000000000000001,0.620869229811575,0.5000000000000001
9083,D1,2025/2026,3,2025-09-14,M'gladbach,Werder Bremen,0.7579356140002421,0.5657084228060285,0.5324534354578495,compact_btts_form,0.6500000000000002,False,1,0,0,0.7730826298606724,0.6300000000000002,0.7573293629984482,0.43000000000000005,0.8252942567630814,0.5400000000000001,0.8596556267901091,0.6300000000000002,0.8831543950131666,0.39,0.7579356140002421,0.35,0.8039745390844222,0.5000000000000001,0.9009985268808518,0.5000000000000001
6869,I1,2025/2026,3,2025-09-15,Verona,Cremonese,0.510604564809946,0.5307050634316063,0.5324534354578495,compact_btts_form,0.6500000000000002,False,0,0,1,0.44964019536653016,0.6300000000000002,0.3944725199211285,0.43000000000000005,0.4033047695664583,0.5400000000000001,0.4975254107581058,0.6300000000000002,0.4071597378300498,0.39,0.510604564809946,0.35,0.06194741439285667,0.5000000000000001,0.12456353611814065,0.5000000000000001
6870,I1,2025/2026,3,2025-09-15,Como,Genoa,0.4772078047084806,0.5264202307572082,0.5324534354578495,compact_btts_form,0.6500000000000002,False,0,1,0,0.5224477792807266,0.6300000000000002,0.5234115941180817,0.43000000000000005,0.5666299781716042,0.5400000000000001,0.6079553949598502,0.6300000000000002,0.8630141248091866,0.39,0.4772078047084806,0.35,0.5128633428227087,0.5000000000000001,0.7834762034103134,0.5000000000000001
14081,F1,2025/2026,4,2025-09-12,Marseille,Lorient,0.6970081200919432,0.5559393216773418,0.5358654901672991,compact_btts_form,0.6500000000000002,False,1,0,0,0.7111918562819961,0.5800000000000002,0.8262013055513586,0.36,0.8401474587890218,0.41000000000000003,0.7403075751476801,0.5700000000000002,0.9583198605113321,0.37,0.6970081200919432,0.5200000000000001,0.9543590669235307,0.38,0.9787824888852674,0.45000000000000007
16671,SP1,2025/2026,4,2025-09-12,Sevilla,Elche,0.3966626434453542,0.515884737035489,0.5358654901672991,compact_btts_form,0.6500000000000002,False,0,1,0,0.4759568589409999,0.5800000000000002,0.3800884717346218,0.36,0.23919728163524895,0.41000000000000003,0.4389360752809751,0.5700000000000002,0.4241506534201387,0.37,0.3966626434453542,0.5200000000000001,0.3416388726944967,0.38,0.23728373775449904,0.45000000000000007
11673,E0,2025/2026,4,2025-09-13,Arsenal,Nott'm Forest,0.3632633292413959,0.511326121080965,0.5358654901672991,compact_btts_form,0.6500000000000002,False,0,0,1,0.390294612000009,0.5800000000000002,0.2960165056666255,0.36,0.30405360506738877,0.41000000000000003,0.3355737525489991,0.5700000000000002,0.31737908660718334,0.37,0.3632633292413959,0.5200000000000001,0.1747656723854833,0.38,0.3729548776606818,0.45000000000000007
11674,E0,2025/2026,4,2025-09-13,Bournemouth,Brighton,0.8260736334022616,0.5788288478774744,0.5358654901672991,compact_btts_form,0.6500000000000002,False,1,1,1,0.7147128776349929,0.5800000000000002,0.8753385872742273,0.36,0.9154119731887487,0.41000000000000003,0.7917754828061487,0.5700000000000002,0.9118956045816722,0.37,0.8260736334022616,0.5200000000000001,0.9151117809761333,0.38,0.9443000746874856,0.45000000000000007
11675,E0,2025/2026,4,2025-09-13,Crystal Palace,Sunderland,0.3651794381043223,0.511592124374331,0.5358654901672991,compact_btts_form,0.6500000000000002,False,0,0,1,0.33464851502992793,0.5800000000000002,0.5174132550017676,0.36,0.5888304901587625,0.41000000000000003,0.35063751823855105,0.5700000000000002,0.44032437592211143,0.37,0.3651794381043223,0.5200000000000001,0.6518286415879563,0.38,0.3738810348678549,0.45000000000000007
11676,E0,2025/2026,4,2025-09-13,Everton,Aston Villa,0.5525589469363246,0.5361033029396535,0.5358654901672991,compact_btts_form,0.6500000000000002,False,1,0,0,0.49240612069491085,0.5800000000000002,0.6518588100432225,0.36,0.7474286381294198,0.41000000000000003,0.588113380773001,0.5700000000000002,0.705800736222814,0.37,0.5525589469363246,0.5200000000000001,0.8230820327362058,0.38,0.8559979468664216,0.45000000000000007
11677,E0,2025/2026,4,2025-09-13,Fulham,Leeds,0.5596095046328059,0.5370170526371221,0.5358654901672991,compact_btts_form,0.6500000000000002,False,1,0,0,0.43915640701688485,0.5800000000000002,0.6681314016427751,0.36,0.6927725698083622,0.41000000000000003,0.44408215394481554,0.5700000000000002,0.6673753643899131,0.37,0.5596095046328059,0.5200000000000001,0.5506540101759323,0.38,0.7068823999195971,0.45000000000000007
11678,E0,2025/2026,4,2025-09-13,Newcastle,Wolves,0.5259018373876075,0.5326679925873927,0.5358654901672991,compact_btts_form,0.6500000000000002,False,0,0,1,0.5034982203418737,0.5800000000000002,0.36339621207223943,0.36,0.29474349700048547,0.41000000000000003,0.49702020461640967,0.5700000000000002,0.7388216867585856,0.37,0.5259018373876075,0.5200000000000001,0.573048755725699,0.38,0.6514562096888794,0.45000000000000007
11679,E0,2025/2026,4,2025-09-13,West Ham,Tottenham,0.5580289934344196,0.5368119827154175,0.5358654901672991,compact_btts_form,0.6500000000000002,False,1,0,0,0.5478334032438292,0.5800000000000002,0.657789392912734,0.36,0.699970733745968,0.41000000000000003,0.5903878356573756,0.5700000000000002,0.7309520686428698,0.37,0.5580289934344196,0.5200000000000001,0.6416379341110084,0.38,0.7669111438294804,0.45000000000000007
11680,E0,2025/2026,4,2025-09-13,Brentford,Chelsea,0.5791637754902446,0.5395675076347245,0.5358654901672991,compact_btts_form,0.6500000000000002,False,1,1,1,0.47265335736831227,0.5800000000000002,0.5269164937634881,0.36,0.5679292552254845,0.41000000000000003,0.49646386280649946,0.5700000000000002,0.605155636301948,0.37,0.5791637754902446,0.5200000000000001,0.5364221630269931,0.38,0.7232051741782912,0.45000000000000007
14082,F1,2025/2026,4,2025-09-13,Nice,Nantes,0.38730425995382906,0.5146229251897235,0.5358654901672991,compact_btts_form,0.6500000000000002,False,0,0,1,0.5731136442216808,0.5800000000000002,0.32665875096749497,0.36,0.3038005368430933,0.41000000000000003,0.5976507778204422,0.5700000000000002,0.5500336085890886,0.37,0.38730425995382906,0.5200000000000001,0.2925601394833925,0.38,0.5853974771927424,0.45000000000000007
14083,F1,2025/2026,4,2025-09-13,Auxerre,Monaco,0.6682410171460044,0.5517158980851459,0.5358654901672991,compact_btts_form,0.6500000000000002,False,1,1,1,0.8056257440029292,0.5800000000000002,0.3431626867329146,0.36,0.32578445519685245,0.41000000000000003,0.8612467042211482,0.5700000000000002,0.8131986449627931,0.37,0.6682410171460044,0.5200000000000001,0.6543963675337454,0.38,0.7415840784914081,0.45000000000000007
16672,SP1,2025/2026,4,2025-09-13,Getafe,Oviedo,0.20154412116120354,0.48510482030642893,0.5358654901672991,compact_btts_form,0.6500000000000002,False,0,0,1,0.13007363558767013,0.5800000000000002,0.1482523297326134,0.36,0.1965535584829513,0.41000000000000003,0.114625132597472,0.5700000000000002,0.020556824547662715,0.37,0.20154412116120354,0.5200000000000001,0.07693429854953131,0.38,0.015930181069187723,0.45000000000000007
16673,SP1,2025/2026,4,2025-09-13,Sociedad,Real Madrid,0.43770861486630713,0.5213103692564465,0.5358654901672991,compact_btts_form,0.6500000000000002,False,0,1,0,0.3619763416339524,0.5800000000000002,0.8512539681643847,0.36,0.8683053153858882,0.41000000000000003,0.3591345626144606,0.5700000000000002,0.7584196425370823,0.37,0.43770861486630713,0.5200000000000001,0.6816444985157918,0.38,0.6982187479439601,0.45000000000000007
16674,SP1,2025/2026,4,2025-09-13,Ath Bilbao,Alaves,0.22255419068435103,0.48914920832108405,0.5358654901672991,compact_btts_form,0.6500000000000002,False,0,0,1,0.3046378392756996,0.5800000000000002,0.32467648161515267,0.36,0.12884078307251406,0.41000000000000003,0.19180209937284398,0.5700000000000002,0.2636304897168076,0.37,0.22255419068435103,0.5200000000000001,0.22040662542909212,0.38,0.23840653660848973,0.45000000000000007
16675,SP1,2025/2026,4,2025-09-13,Ath Madrid,Villarreal,0.7262832009419102,0.5604685938576726,0.5358654901672991,compact_btts_form,0.6500000000000002,False,1,0,0,0.6638676220904081,0.5800000000000002,0.6200826941639942,0.36,0.7059454189457657,0.41000000000000003,0.7156857565840745,0.5700000000000002,0.7302016401534364,0.37,0.7262832009419102,0.5200000000000001,0.6220758193772443,0.38,0.8021773705960226,0.45000000000000007
11681,E0,2025/2026,4,2025-09-14,Burnley,Liverpool,0.5821455662128501,0.5399588880464331,0.5358654901672991,compact_btts_form,0.6500000000000002,False,1,0,0,0.6021074011274079,0.5800000000000002,0.4571774080808365,0.36,0.3686783879775867,0.41000000000000003,0.5907295533382154,0.5700000000000002,0.6653611345913009,0.37,0.5821455662128501,0.5200000000000001,0.4077863289275409,0.38,0.7000262739084687,0.45000000000000007
11682,E0,2025/2026,4,2025-09-14,Man City,Man United,0.6933742162121848,0.5553945754057945,0.5358654901672991,compact_btts_form,0.6500000000000002,False,1,0,0,0.6922836837214088,0.5800000000000002,0.7757763654789943,0.36,0.7111408353802986,0.41000000000000003,0.7404803286495376,0.5700000000000002,0.7696147163983016,0.37,0.6933742162121848,0.5200000000000001,0.8203989906098559,0.38,0.8710504253678354,0.45000000000000007
14084,F1,2025/2026,4,2025-09-14,Lille,Toulouse,0.6669797740401855,0.5515350393371234,0.5358654901672991,compact_btts_form,0.6500000000000002,False,1,1,1,0.6933999808664859,0.5800000000000002,0.538134260043313,0.36,0.5603977117056634,0.41000000000000003,0.6191757380817677,0.5700000000000002,0.8810288970141951,0.37,0.6669797740401855,0.5200000000000001,0.7619530320602834,0.38,0.7879910162138636,0.45000000000000007
14085,F1,2025/2026,4,2025-09-14,Brest,Paris FC,0.753852772672297,0.5650088838489982,0.5358654901672991,compact_btts_form,0.6500000000000002,False,1,1,1,0.7812327919156942,0.5800000000000002,0.8145659500866208,0.36,0.8772531607308736,0.41000000000000003,0.8222199192699238,0.5700000000000002,0.9477109547816082,0.37,0.753852772672297,0.5200000000000001,0.948197870898669,0.38,0.9305851190811293,0.45000000000000007
14086,F1,2025/2026,4,2025-09-14,Metz,Angers,0.5107420410278519,0.5307226916846506,0.5358654901672991,compact_btts_form,0.6500000000000002,False,0,1,0,0.6504106305971613,0.5800000000000002,0.3081480990119988,0.36,0.3856313790708492,0.41000000000000003,0.7143722512303149,0.5700000000000002,0.5976895542005888,0.37,0.5107420410278519,0.5200000000000001,0.44038018803067386,0.38,0.7591767326877212,0.45000000000000007
14087,F1,2025/2026,4,2025-09-14,Paris SG,Lens,0.719079334728733,0.5593290113434677,0.5358654901672991,compact_btts_form,0.6500000000000002,False,1,0,0,0.8044554985109224,0.5800000000000002,0.37379837649204994,0.36,0.271565108817616,0.41000000000000003,0.7994301914774222,0.5700000000000002,0.6462637737937313,0.37,0.719079334728733,0.5200000000000001,0.40850171066388075,0.38,0.620119185351648,0.45000000000000007
14088,F1,2025/2026,4,2025-09-14,Strasbourg,Le Havre,0.6276223309453544,0.5460388435862644,0.5358654901672991,compact_btts_form,0.6500000000000002,False,1,0,0,0.5808636754482106,0.5800000000000002,0.518721578288479,0.36,0.4815097464244987,0.41000000000000003,0.5879111166879687,0.5700000000000002,0.8343882484897601,0.37,0.6276223309453544,0.5200000000000001,0.7715631133643531,0.38,0.6385107702214866,0.45000000000000007
14089,F1,2025/2026,4,2025-09-14,Rennes,Lyon,0.6843651449445727,0.554058735189496,0.5358654901672991,compact_btts_form,0.6500000000000002,False,1,1,1,0.7123999204567757,0.5800000000000002,0.7957866494564262,0.36,0.8173978056336204,0.41000000000000003,0.7566767015193856,0.5700000000000002,0.9089216485138671,0.37,0.6843651449445727,0.5200000000000001,0.9078375721839208,0.38,0.9574092773649566,0.45000000000000007
16676,SP1,2025/2026,4,2025-09-14,Celta,Girona,0.46397879523548097,0.5247167157638952,0.5358654901672991,compact_btts_form,0.6500000000000002,False,0,1,0,0.3827403202085539,0.5800000000000002,0.29359277684513024,0.36,0.26969397513248344,0.41000000000000003,0.3384433213823105,0.5700000000000002,0.20977937913594744,0.37,0.46397879523548097,0.5200000000000001,0.3109948321999637,0.38,0.13052168904667158,0.45000000000000007
16677,SP1,2025/2026,4,2025-09-14,Levante,Betis,0.5565968470697356,0.5366262840393757,0.5358654901672991,compact_btts_form,0.6500000000000002,False,1,1,1,0.48518064527410915,0.5800000000000002,0.7340354189588595,0.36,0.8100214267307566,0.41000000000000003,0.6129375110502042,0.5700000000000002,0.6435617663819365,0.37,0.5565968470697356,0.5200000000000001,0.7347779216086054,0.38,0.7914931434465449,0.45000000000000007
16678,SP1,2025/2026,4,2025-09-14,Osasuna,Vallecano,0.6465585179210689,0.5486499260164128,0.5358654901672991,compact_btts_form,0.6500000000000002,False,1,0,0,0.5568850439034737,0.5800000000000002,0.6971644089544436,0.36,0.6330880538829412,0.41000000000000003,0.5004680903983393,0.5700000000000002,0.8709038268850705,0.37,0.6465585179210689,0.5200000000000001,0.8834254446372426,0.38,0.811064803498393,0.45000000000000007
16679,SP1,2025/2026,4,2025-09-14,Barcelona,Valencia,0.4917795730949405,0.5282912755970846,0.5358654901672991,compact_btts_form,0.6500000000000002,False,0,0,1,0.5630845764484007,0.5800000000000002,0.5611009088251313,0.36,0.5683274103786032,0.41000000000000003,0.6169484926704412,0.5700000000000002,0.5409572727557205,0.37,0.4917795730949405,0.5200000000000001,0.659891624462783,0.38,0.5120915490954544,0.45000000000000007
16680,SP1,2025/2026,4,2025-09-15,Espanol,Mallorca,0.5030875620000874,0.5297413008021974,0.5358654901672991,compact_btts_form,0.6500000000000002,False,0,1,0,0.37552549476392283,0.5800000000000002,0.399902396582715,0.36,0.34359279352664607,0.41000000000000003,0.31447150268664725,0.5700000000000002,0.4050487597818781,0.37,0.5030875620000874,0.5200000000000001,0.3085812408754436,0.38,0.42993065576629447,0.45000000000000007
6871,I1,2025/2026,4,2025-09-19,Lecce,Cagliari,0.5248498090346876,0.5325328715123717,0.5358654901672991,compact_btts_form,0.6500000000000002,False,0,1,0,0.40949310504263386,0.5800000000000002,0.4913707534020709,0.36,0.40429997484286767,0.41000000000000003,0.3931276176872462,0.5700000000000002,0.47705558619356253,0.37,0.5248498090346876,0.5200000000000001,0.299350865023359,0.38,0.5049656306007524,0.45000000000000007
9084,D1,2025/2026,4,2025-09-19,Stuttgart,St Pauli,0.5620313640181223,0.5373315682199876,0.5358654901672991,compact_btts_form,0.6500000000000002,False,1,0,0,0.6431661799374653,0.5800000000000002,0.912733002752987,0.36,0.9358866951130543,0.41000000000000003,0.6366476204218805,0.5700000000000002,0.9359791818475424,0.37,0.5620313640181223,0.5200000000000001,0.8207369111701237,0.38,0.851571285625364,0.45000000000000007
6872,I1,2025/2026,4,2025-09-20,Bologna,Genoa,0.45730371950758714,0.5238546070908588,0.5358654901672991,compact_btts_form,0.6500000000000002,False,0,1,0,0.42421534461071364,0.5800000000000002,0.49910083753536283,0.36,0.5841368699572161,0.41000000000000003,0.48387839505080626,0.5700000000000002,0.7808224494040317,0.37,0.45730371950758714,0.5200000000000001,0.2902013454434098,0.38,0.7259558062939561,0.45000000000000007
6873,I1,2025/2026,4,2025-09-20,Verona,Juventus,0.3629510418063717,0.5112827103695096,0.5358654901672991,compact_btts_form,0.6500000000000002,False,0,1,0,0.28201146024468093,0.5800000000000002,0.3949552972330466,0.36,0.31434871450056634,0.41000000000000003,0.31316580284139595,0.5700000000000002,0.4085964806749201,0.37,0.3629510418063717,0.5200000000000001,0.13036292595999063,0.38,0.3325824738679115,0.45000000000000007
6874,I1,2025/2026,4,2025-09-20,Udinese,Milan,0.5104943878428808,0.5306909357907749,0.5358654901672991,compact_btts_form,0.6500000000000002,False,0,0,1,0.343144652838868,0.5800000000000002,0.7469736131356832,0.36,0.6195688948148481,0.41000000000000003,0.3820089283757228,0.5700000000000002,0.7157279083897671,0.37,0.5104943878428808,0.5200000000000001,0.4926556296285582,0.38,0.7246917883112671,0.45000000000000007
9085,D1,2025/2026,4,2025-09-20,Augsburg,Mainz,0.7288921349301333,0.5608857280268037,0.5358654901672991,compact_btts_form,0.6500000000000002,False,1,1,1,0.6807961574851212,0.5800000000000002,0.6183324853545616,0.36,0.5990342814068369,0.41000000000000003,0.6736185417281539,0.5700000000000002,0.6146024090890438,0.37,0.7288921349301333,0.5200000000000001,0.7128404665379352,0.38,0.599165781571811,0.45000000000000007
9086,D1,2025/2026,4,2025-09-20,Hamburg,Heidenheim,0.6250239587617956,0.5456847611766185,0.5358654901672991,compact_btts_form,0.6500000000000002,False,1,1,1,0.6794209701635181,0.5800000000000002,0.645570196076903,0.36,0.7115934627918736,0.41000000000000003,0.750437749700019,0.5700000000000002,0.649638812012808,0.37,0.6250239587617956,0.5200000000000001,0.6207124524282569,0.38,0.5948122276775033,0.45000000000000007
9087,D1,2025/2026,4,2025-09-20,Hoffenheim,Bayern Munich,0.7091756247759117,0.5577899723259542,0.5358654901672991,compact_btts_form,0.6500000000000002,False,1,1,1,0.7413282164557164,0.5800000000000002,0.8171023879206275,0.36,0.843013295329354,0.41000000000000003,0.8152344051073475,0.5700000000000002,0.8773475790956344,0.37,0.7091756247759117,0.5200000000000001,0.8862918312618571,0.38,0.9099396771124879,0.45000000000000007
9088,D1,2025/2026,4,2025-09-20,Werder Bremen,Freiburg,0.7089123556681657,0.5577494748060705,0.5358654901672991,compact_btts_form,0.6500000000000002,False,1,0,0,0.7390942031655008,0.5800000000000002,0.7588101907470646,0.36,0.7850437319055671,0.41000000000000003,0.7997725560948543,0.5700000000000002,0.7595615678348906,0.37,0.7089123556681657,0.5200000000000001,0.7994468959403186,0.38,0.8693853631756381,0.45000000000000007
9089,D1,2025/2026,4,2025-09-20,RB Leipzig,FC Koln,0.7169633546157299,0.5589975739252928,0.5358654901672991,compact_btts_form,0.6500000000000002,False,1,1,1,0.6856519273700468,0.5800000000000002,0.9265960717794799,0.36,0.9397887833852006,0.41000000000000003,0.7387852595359345,0.5700000000000002,0.9753803359136282,0.37,0.7169633546157299,0.5200000000000001,0.8563321953037508,0.38,0.9641887284145251,0.45000000000000007
6875,I1,2025/2026,4,2025-09-21,Lazio,Roma,0.5680303859421932,0.5381121925193642,0.5358654901672991,compact_btts_form,0.6500000000000002,False,1,0,0,0.5686541729553664,0.5800000000000002,0.7775833431374017,0.36,0.7009531251971465,0.41000000000000003,0.5958464872575306,0.5700000000000002,0.8875640899314281,0.37,0.5680303859421932,0.5200000000000001,0.7506241628485828,0.38,0.8862792664636615,0.45000000000000007
6876,I1,2025/2026,4,2025-09-21,Cremonese,Parma,0.6258274984629276,0.54579415927024,0.5358654901672991,compact_btts_form,0.6500000000000002,False,1,0,0,0.5341475824043048,0.5800000000000002,0.7228358610169988,0.36,0.707407300689062,0.41000000000000003,0.5597264511721642,0.5700000000000002,0.9155248944210684,0.37,0.6258274984629276,0.5200000000000001,0.5732825081661103,0.38,0.8267297151752266,0.45000000000000007
6877,I1,2025/2026,4,2025-09-21,Torino,Atalanta,0.6354267193418179,0.5471082265352128,0.5358654901672991,compact_btts_form,0.6500000000000002,False,1,0,0,0.532240418897249,0.5800000000000002,0.7023033418948398,0.36,0.61834042740549,0.41000000000000003,0.5044715091636097,0.5700000000000002,0.822174823690318,0.37,0.6354267193418179,0.5200000000000001,0.46999683766670375,0.38,0.7179217327287284,0.45000000000000007
6878,I1,2025/2026,4,2025-09-21,Fiorentina,Como,0.600080223734953,0.5423296503854428,0.5358654901672991,compact_btts_form,0.6500000000000002,False,1,1,1,0.5443464649944314,0.5800000000000002,0.6700088087343693,0.36,0.7956060783825037,0.41000000000000003,0.6934747946442186,0.5700000000000002,0.907180225175593,0.37,0.600080223734953,0.5200000000000001,0.5545054665854984,0.38,0.9130156982847968,0.45000000000000007
6879,I1,2025/2026,4,2025-09-21,Inter,Sassuolo,0.5507206867836869,0.5358654901672991,0.5358654901672991,compact_btts_form,0.6500000000000002,False,1,1,1,0.45849472735196967,0.5800000000000002,0.669920368169903,0.36,0.4725279818035185,0.41000000000000003,0.37488245412594184,0.5700000000000002,0.7717765873702029,0.37,0.5507206867836869,0.5200000000000001,0.514320300649103,0.38,0.5741224826345691,0.45000000000000007
9090,D1,2025/2026,4,2025-09-21,Ein Frankfurt,Union Berlin,0.6683931880915174,0.5517377414002207,0.5358654901672991,compact_btts_form,0.6500000000000002,False,1,1,1,0.7420261859191006,0.5800000000000002,0.7001112344137884,0.36,0.6622078987442307,0.41000000000000003,0.6953043447026188,0.5700000000000002,0.8980557052958064,0.37,0.6683931880915174,0.5200000000000001,0.8861210086106112,0.38,0.7948446334265172,0.45000000000000007
9091,D1,2025/2026,4,2025-09-21,Leverkusen,M'gladbach,0.7782946496064821,0.5693196184540916,0.5358654901672991,compact_btts_form,0.6500000000000002,False,1,1,1,0.7092323276223804,0.5800000000000002,0.819172016994357,0.36,0.825336009965583,0.41000000000000003,0.7351315032652158,0.5700000000000002,0.9041588026040952,0.37,0.7782946496064821,0.5200000000000001,0.906793333928041,0.38,0.8912570609704554,0.45000000000000007
9092,D1,2025/2026,4,2025-09-21,Dortmund,Wolfsburg,0.6024421783109202,0.5426442362655612,0.5358654901672991,compact_btts_form,0.6500000000000002,False,1,0,0,0.6296720395946733,0.5800000000000002,0.8090013682248437,0.36,0.7784107497767895,0.41000000000000003,0.6366757138572963,0.5700000000000002,0.771019919932379,0.37,0.6024421783109202,0.5200000000000001,0.7611652556239482,0.38,0.7557679721567406,0.45000000000000007
6880,I1,2025/2026,4,2025-09-22,Napoli,Pisa,0.13853675432838095,0.47063404904187184,0.5358654901672991,compact_btts_form,0.6500000000000002,False,0,1,0,0.153963093230634,0.5800000000000002,0.3062346874588332,0.36,0.2975646083865276,0.41000000000000003,0.14576413567152452,0.5700000000000002,0.04675403517407347,0.37,0.13853675432838095,0.5200000000000001,0.05065060577514307,0.38,0.06084328082037134,0.45000000000000007
14090,F1,2025/2026,5,2025-09-19,Lyon,Angers,0.4877729911808762,0.5277772128800728,0.536972945948624,compact_btts_form,0.6500000000000002,False,0,0,1,0.5010994388755341,0.4,0.42825660790206704,0.36,0.4267961479525924,0.4,0.509573570572783,0.5500000000000002,0.6079590844123403,0.41000000000000003,0.4877729911808762,0.42000000000000004,0.5081281983335227,0.39,0.6484495151315086,0.36
16681,SP1,2025/2026,5,2025-09-19,Betis,Sociedad,0.5735731413329361,0.5388355847539626,0.536972945948624,compact_btts_form,0.6500000000000002,False,1,1,1,0.48158683294922444,0.4,0.7471388294912339,0.36,0.8344052417325172,0.4,0.46117167977480666,0.5500000000000002,0.8228010179426326,0.41000000000000003,0.5735731413329361,0.42000000000000004,0.8566812529627581,0.39,0.732704564681241,0.36
11683,E0,2025/2026,5,2025-09-20,Liverpool,Everton,0.4831836048283934,0.5271880496148268,0.536972945948624,compact_btts_form,0.6500000000000002,False,0,1,0,0.5248717214966505,0.4,0.31974896987675544,0.36,0.2786209457125318,0.4,0.5971277121073866,0.5500000000000002,0.5011417197505379,0.41000000000000003,0.4831836048283934,0.42000000000000004,0.21450965786536771,0.39,0.5512512752869981,0.36
11684,E0,2025/2026,5,2025-09-20,Brighton,Tottenham,0.725481748640149,0.5603409337506776,0.536972945948624,compact_btts_form,0.6500000000000002,False,1,1,1,0.7320350765328241,0.4,0.5939521460769281,0.36,0.6804916732459755,0.4,0.7730194501307996,0.5500000000000002,0.6416079311604811,0.41000000000000003,0.725481748640149,0.42000000000000004,0.5399411443150938,0.39,0.7845519482138936,0.36
11685,E0,2025/2026,5,2025-09-20,Burnley,Nott'm Forest,0.49820112543839223,0.5291148096150572,0.536972945948624,compact_btts_form,0.6500000000000002,False,0,1,0,0.5792396604716706,0.4,0.36765359124212343,0.36,0.44170584182851774,0.4,0.5916862061009451,0.5500000000000002,0.45615631095484754,0.41000000000000003,0.49820112543839223,0.42000000000000004,0.4679411018187619,0.39,0.7022983423796031,0.36
11686,E0,2025/2026,5,2025-09-20,West Ham,Crystal Palace,0.5612079074143909,0.5372245907686004,0.536972945948624,compact_btts_form,0.6500000000000002,False,1,1,1,0.6474161824678253,0.4,0.6781531055191753,0.36,0.5467613316911326,0.4,0.6247184228211051,0.5500000000000002,0.7777436777295592,0.41000000000000003,0.5612079074143909,0.42000000000000004,0.7890826821670774,0.39,0.7644779399662835,0.36
11687,E0,2025/2026,5,2025-09-20,Wolves,Leeds,0.6241890176167909,0.5455711825624764,0.536972945948624,compact_btts_form,0.6500000000000002,False,1,1,1,0.5470741308605137,0.4,0.49736610366968775,0.36,0.5005558598374367,0.4,0.5259911894925083,0.5500000000000002,0.49652909009860513,0.41000000000000003,0.6241890176167909,0.42000000000000004,0.5314722859922861,0.39,0.5870482296750749,0.36
11688,E0,2025/2026,5,2025-09-20,Man United,Chelsea,0.6964483532836311,0.5558551791714278,0.536972945948624,compact_btts_form,0.6500000000000002,False,1,1,1,0.7202437259331259,0.4,0.6403541895397983,0.36,0.6268275255038519,0.4,0.7737719094539829,0.5500000000000002,0.5509742599114594,0.41000000000000003,0.6964483532836311,0.42000000000000004,0.6105863306713958,0.39,0.7950726002082507,0.36
11689,E0,2025/2026,5,2025-09-20,Fulham,Brentford,0.549985053116482,0.5357703684182898,0.536972945948624,compact_btts_form,0.6500000000000002,False,0,1,0,0.5821629882089043,0.4,0.5734506523446272,0.36,0.54660299695813,0.4,0.5380393357528992,0.5500000000000002,0.6717391525731923,0.41000000000000003,0.549985053116482,0.42000000000000004,0.7296409903975696,0.39,0.6771114403940354,0.36
14091,F1,2025/2026,5,2025-09-20,Nantes,Rennes,0.559269659095798,0.536972945948624,0.536972945948624,compact_btts_form,0.6500000000000002,False,1,1,1,0.6132031466392242,0.4,0.7116329572709185,0.36,0.6502614331115066,0.4,0.6234152023589705,0.5500000000000002,0.8627349546664743,0.41000000000000003,0.559269659095798,0.42000000000000004,0.8055313705521135,0.39,0.8071677308298041,0.36
14092,F1,2025/2026,5,2025-09-20,Brest,Nice,0.7510538532565669,0.5645336875572367,0.536972945948624,compact_btts_form,0.6500000000000002,False,1,1,1,0.7691570047278631,0.4,0.6514042530269556,0.36,0.6111834204654975,0.4,0.7666656914572314,0.5500000000000002,0.803328780333129,0.41000000000000003,0.7510538532565669,0.42000000000000004,0.8917217093430603,0.39,0.8870850393393219,0.36
14093,F1,2025/2026,5,2025-09-20,Lens,Lille,0.6737764045710986,0.5525136443267595,0.536972945948624,compact_btts_form,0.6500000000000002,False,1,0,0,0.6826692416579541,0.4,0.5056280664806359,0.36,0.5728025004698954,0.4,0.7148777018305688,0.5500000000000002,0.6326577665030922,0.41000000000000003,0.6737764045710986,0.42000000000000004,0.5217674057515214,0.39,0.7042921095230202,0.36
16682,SP1,2025/2026,5,2025-09-20,Girona,Levante,0.6717417582881343,0.5522196504561259,0.536972945948624,compact_btts_form,0.6500000000000002,False,1,0,0,0.5405799620601549,0.4,0.7589018788103684,0.36,0.7976331244942351,0.4,0.5259245602052552,0.5500000000000002,0.8306237501047019,0.41000000000000003,0.6717417582881343,0.42000000000000004,0.8338587135650908,0.39,0.6150314559534142,0.36
16683,SP1,2025/2026,5,2025-09-20,Real Madrid,Espanol,0.5941956682300152,0.5415484042319629,0.536972945948624,compact_btts_form,0.6500000000000002,False,1,0,0,0.49808755638960356,0.4,0.6800195587266605,0.36,0.6977479138265633,0.4,0.5457126254309028,0.5500000000000002,0.6331361793190156,0.41000000000000003,0.5941956682300152,0.42000000000000004,0.7087978380916345,0.39,0.6226179432406819,0.36
16684,SP1,2025/2026,5,2025-09-20,Alaves,Sevilla,0.47513204063469033,0.5261533054233032,0.536972945948624,compact_btts_form,0.6500000000000002,False,0,1,0,0.3280717152194112,0.4,0.5230602270848583,0.36,0.2388878983066067,0.4,0.10001107849399556,0.5500000000000002,0.25652073618516663,0.41000000000000003,0.47513204063469033,0.42000000000000004,0.13468667818686497,0.39,0.05770416886254569,0.36
16685,SP1,2025/2026,5,2025-09-20,Villarreal,Osasuna,0.5764151933515981,0.5392073658881417,0.536972945948624,compact_btts_form,0.6500000000000002,False,1,1,1,0.5020141558261728,0.4,0.46321206639259793,0.36,0.4045778295655575,0.4,0.4276978498414477,0.5500000000000002,0.7057714327412911,0.41000000000000003,0.5764151933515981,0.42000000000000004,0.7422890997280542,0.39,0.49840220544328007,0.36
16686,SP1,2025/2026,5,2025-09-20,Valencia,Ath Bilbao,0.4552235448920661,0.5235855259235761,0.536972945948624,compact_btts_form,0.6500000000000002,False,0,0,1,0.38604434342515004,0.4,0.25233322129059366,0.36,0.1837476162251218,0.4,0.24904002560843605,0.5500000000000002,0.4273157943351348,0.41000000000000003,0.4552235448920661,0.42000000000000004,0.24877024275012652,0.39,0.19967706202288538,0.36
11690,E0,2025/2026,5,2025-09-21,Bournemouth,Newcastle,0.6792668903726988,0.5533115767317025,0.536972945948624,compact_btts_form,0.6500000000000002,False,1,0,0,0.693722471759013,0.4,0.6929808620223467,0.36,0.7571998127531809,0.4,0.7372933970526405,0.5500000000000002,0.7731919927406471,0.41000000000000003,0.6792668903726988,0.42000000000000004,0.7333923551507382,0.39,0.9111288587503706,0.36
11691,E0,2025/2026,5,2025-09-21,Sunderland,Aston Villa,0.603433531934997,0.5427764519016962,0.536972945948624,compact_btts_form,0.6500000000000002,False,1,1,1,0.6779345490222601,0.4,0.4346354427237692,0.36,0.5409867963848822,0.4,0.7049383052894143,0.5500000000000002,0.7204189926626438,0.41000000000000003,0.603433531934997,0.42000000000000004,0.771392435139542,0.39,0.7877059424589616,0.36
11692,E0,2025/2026,5,2025-09-21,Arsenal,Man City,0.6086119857545101,0.5434688692580204,0.536972945948624,compact_btts_form,0.6500000000000002,False,1,1,1,0.6035558562518295,0.4,0.5735684314916247,0.36,0.6024675760851288,0.4,0.6005626630768542,0.5500000000000002,0.7600561322929497,0.41000000000000003,0.6086119857545101,0.42000000000000004,0.6704985227522818,0.39,0.7063363743472603,0.36
14094,F1,2025/2026,5,2025-09-21,Paris FC,Strasbourg,0.8605240021792004,0.5870111545370731,0.536972945948624,compact_btts_form,0.6500000000000002,False,1,1,1,0.7883486702923991,0.4,0.9565361563925907,0.36,0.9748780824693507,0.4,0.8216197172099304,0.5500000000000002,0.9612573888182425,0.41000000000000003,0.8605240021792004,0.42000000000000004,0.9906082186384526,0.39,0.9857463696052216,0.36
14095,F1,2025/2026,5,2025-09-21,Auxerre,Toulouse,0.6533920146020653,0.5496067015436822,0.536972945948624,compact_btts_form,0.6500000000000002,False,1,0,0,0.6556056620347164,0.4,0.4296715057024289,0.36,0.40191726206113454,0.4,0.5514775354804899,0.5500000000000002,0.6238112193155508,0.41000000000000003,0.6533920146020653,0.42000000000000004,0.6952090724120519,0.39,0.4729235327684759,0.36
14096,F1,2025/2026,5,2025-09-21,Le Havre,Lorient,0.7228101563584896,0.5599169919092266,0.536972945948624,compact_btts_form,0.6500000000000002,False,1,1,1,0.6799983081209523,0.4,0.526932160006315,0.36,0.43030131627139895,0.4,0.6718263289074748,0.5500000000000002,0.7155989669518922,0.41000000000000003,0.7228101563584896,0.42000000000000004,0.7436349067186336,0.39,0.6600563619065876,0.36
14097,F1,2025/2026,5,2025-09-21,Monaco,Metz,0.6395823859743528,0.5476814239245985,0.536972945948624,compact_btts_form,0.6500000000000002,False,1,1,1,0.6336469158430527,0.4,0.44074143838676594,0.36,0.45392082392954597,0.4,0.710388689664422,0.5500000000000002,0.623943909936237,0.41000000000000003,0.6395823859743528,0.42000000000000004,0.5589563448230268,0.39,0.5235669667682363,0.36
16687,SP1,2025/2026,5,2025-09-21,Vallecano,Celta,0.4690231438141196,0.525366991399567,0.536972945948624,compact_btts_form,0.6500000000000002,False,0,1,0,0.3923249412311672,0.4,0.4770697875342664,0.36,0.42887839305027414,0.4,0.29880680041025365,0.5500000000000002,0.3805406300586206,0.41000000000000003,0.4690231438141196,0.42000000000000004,0.3744509902592382,0.39,0.4115457528900837,0.36
16688,SP1,2025/2026,5,2025-09-21,Mallorca,Ath Madrid,0.42153048933451986,0.5191901863758958,0.536972945948624,compact_btts_form,0.6500000000000002,False,0,1,0,0.3549615728426339,0.4,0.22642997646486032,0.36,0.23219000945317742,0.4,0.31308338480929454,0.5500000000000002,0.27676278347966277,0.41000000000000003,0.42153048933451986,0.42000000000000004,0.20590018731110948,0.39,0.1150799102708005,0.36
16689,SP1,2025/2026,5,2025-09-21,Elche,Oviedo,0.28634363034495375,0.5000070643675633,0.536972945948624,compact_btts_form,0.6500000000000002,False,0,0,1,0.16953542865549326,0.4,0.15518401130647036,0.36,0.16381713747105678,0.4,0.1541285880788297,0.5500000000000002,0.035074230032239036,0.41000000000000003,0.28634363034495375,0.42000000000000004,0.09016214877045003,0.39,0.01811839649595197,0.36
16690,SP1,2025/2026,5,2025-09-21,Barcelona,Getafe,0.38032141023087257,0.5136740101751088,0.536972945948624,compact_btts_form,0.6500000000000002,False,0,0,1,0.2746044449604854,0.4,0.39698540383043696,0.36,0.258943782700812,0.4,0.1989380551242706,0.5500000000000002,0.12925024752726505,0.41000000000000003,0.38032141023087257,0.42000000000000004,0.21855050088679945,0.39,0.05444345637338506,0.36
14098,F1,2025/2026,5,2025-09-22,Marseille,Paris SG,0.6714518297165384,0.552177830712715,0.536972945948624,compact_btts_form,0.6500000000000002,False,1,0,0,0.6723102862864515,0.4,0.7964398307256664,0.36,0.6951203068755267,0.4,0.6550950325575268,0.5500000000000002,0.6797916292545032,0.41000000000000003,0.6714518297165384,0.42000000000000004,0.8103659687346235,0.39,0.7930509204213722,0.36
9093,D1,2025/2026,5,2025-09-26,Bayern Munich,Werder Bremen,0.6554724177918254,0.549899652268186,0.536972945948624,compact_btts_form,0.6500000000000002,False,1,0,0,0.647001337523418,0.4,0.7732889236009498,0.36,0.8041338419267989,0.4,0.7539987015661977,0.5500000000000002,0.7303988240387814,0.41000000000000003,0.6554724177918254,0.42000000000000004,0.7167013830648774,0.39,0.8036898660580564,0.36
6881,I1,2025/2026,5,2025-09-27,Como,Cremonese,0.5095540582729621,0.5305703635112247,0.536972945948624,compact_btts_form,0.6500000000000002,False,0,1,0,0.5662001212136303,0.4,0.4974875527213911,0.36,0.4645781639243644,0.4,0.6413661193491835,0.5500000000000002,0.775148150940794,0.41000000000000003,0.5095540582729621,0.42000000000000004,0.41611018559620355,0.39,0.5229233200175001,0.36
6882,I1,2025/2026,5,2025-09-27,Juventus,Atalanta,0.6411007340468776,0.5478915356721156,0.536972945948624,compact_btts_form,0.6500000000000002,False,1,1,1,0.48269980709294763,0.4,0.7714245339121788,0.36,0.7052683335525829,0.4,0.43625704864258386,0.5500000000000002,0.7964564601012795,0.41000000000000003,0.6411007340468776,0.42000000000000004,0.40008693569370885,0.39,0.6994262852356096,0.36
6883,I1,2025/2026,5,2025-09-27,Cagliari,Inter,0.6427460522344475,0.5481196407607797,0.536972945948624,compact_btts_form,0.6500000000000002,False,1,0,0,0.5672991990366288,0.4,0.7759945142359237,0.36,0.6371166507022491,0.4,0.48475038711720225,0.5500000000000002,0.949820911960823,0.41000000000000003,0.6427460522344475,0.42000000000000004,0.5983000090310987,0.39,0.8673867748003445,0.36
9094,D1,2025/2026,5,2025-09-27,Heidenheim,Augsburg,0.6825281740632002,0.5537888143968699,0.536972945948624,compact_btts_form,0.6500000000000002,False,1,1,1,0.6503809690797185,0.4,0.8356104792888934,0.36,0.8389827584369153,0.4,0.6449758587561109,0.5500000000000002,0.719078772874207,0.41000000000000003,0.6825281740632002,0.42000000000000004,0.8204973884637803,0.39,0.7733991053276896,0.36
9095,D1,2025/2026,5,2025-09-27,Mainz,Dortmund,0.7043113345883675,0.5570450381735021,0.536972945948624,compact_btts_form,0.6500000000000002,False,1,0,0,0.7614559585544299,0.4,0.9244536257883481,0.36,0.9104190281581074,0.4,0.706999221999387,0.5500000000000002,0.9534769370863768,0.41000000000000003,0.7043113345883675,0.42000000000000004,0.9278218683335864,0.39,0.9348343129549327,0.36
9096,D1,2025/2026,5,2025-09-27,St Pauli,Leverkusen,0.5528387468125179,0.5361395149003441,0.536972945948624,compact_btts_form,0.6500000000000002,False,0,1,0,0.6865574497823429,0.4,0.6347256709223793,0.36,0.650634864467666,0.4,0.6954919618666848,0.5500000000000002,0.5901190454228467,0.41000000000000003,0.5528387468125179,0.42000000000000004,0.5611200081996951,0.39,0.6042249945747368,0.36
9097,D1,2025/2026,5,2025-09-27,Wolfsburg,RB Leipzig,0.7987378304079874,0.5731849422805971,0.536972945948624,compact_btts_form,0.6500000000000002,False,1,0,0,0.7979202141812733,0.4,0.9124272644298065,0.36,0.9109657136951846,0.4,0.8375553257625356,0.5500000000000002,0.8999372916550507,0.41000000000000003,0.7987378304079874,0.42000000000000004,0.9340726284575939,0.39,0.9234050569953708,0.36
9098,D1,2025/2026,5,2025-09-27,M'gladbach,Ein Frankfurt,0.7275726851419761,0.5606744637543766,0.536972945948624,compact_btts_form,0.6500000000000002,False,1,1,1,0.8239121870019535,0.4,0.7908187268444972,0.36,0.7902901262225313,0.4,0.8564340269151816,0.5500000000000002,0.8609848103542564,0.41000000000000003,0.7275726851419761,0.42000000000000004,0.7940695142710104,0.39,0.8822652131665014,0.36
6884,I1,2025/2026,5,2025-09-28,Sassuolo,Udinese,0.6092998556591998,0.543561075108639,0.536972945948624,compact_btts_form,0.6500000000000002,False,1,1,1,0.5360628811664966,0.4,0.5885997790783578,0.36,0.29581125682846526,0.4,0.32688212519748194,0.5500000000000002,0.7013822286114187,0.41000000000000003,0.6092998556591998,0.42000000000000004,0.4855572906452797,0.39,0.5193257768104749,0.36
6885,I1,2025/2026,5,2025-09-28,Pisa,Fiorentina,0.4275018384643525,0.5199751503369614,0.536972945948624,compact_btts_form,0.6500000000000002,False,0,0,1,0.3918186711023496,0.4,0.3271669110961852,0.36,0.34823028900781766,0.4,0.3566691779353579,0.5500000000000002,0.21787820519291456,0.41000000000000003,0.4275018384643525,0.42000000000000004,0.198365785307987,0.39,0.25361208209950653,0.36
6886,I1,2025/2026,5,2025-09-28,Roma,Verona,0.33578151778965243,0.507438206724159,0.536972945948624,compact_btts_form,0.6500000000000002,False,0,0,1,0.297065564753155,0.4,0.3840417163201666,0.36,0.2292123889431777,0.4,0.2698535008251183,0.5500000000000002,0.28082651146570525,0.41000000000000003,0.33578151778965243,0.42000000000000004,0.15554150339539952,0.39,0.15552384943135458,0.36
6887,I1,2025/2026,5,2025-09-28,Lecce,Bologna,0.5193551662437634,0.5318275028008006,0.536972945948624,compact_btts_form,0.6500000000000002,False,0,1,0,0.4201349817846075,0.4,0.5812850037119169,0.36,0.6177249940043239,0.4,0.45264686374282137,0.5500000000000002,0.7692438226882935,0.41000000000000003,0.5193551662437634,0.42000000000000004,0.5711448338648969,0.39,0.7745430081969108,0.36
6888,I1,2025/2026,5,2025-09-28,Milan,Napoli,0.5921802837195649,0.5412816273352127,0.536972945948624,compact_btts_form,0.6500000000000002,False,1,1,1,0.4758488050715694,0.4,0.8736400813145403,0.36,0.9025551040884029,0.4,0.5459949934621589,0.5500000000000002,0.9225410967057043,0.41000000000000003,0.5921802837195649,0.42000000000000004,0.6563023514286004,0.39,0.9002774040308599,0.36
9099,D1,2025/2026,5,2025-09-28,Freiburg,Hoffenheim,0.7920881601789755,0.5718982148338247,0.536972945948624,compact_btts_form,0.6500000000000002,False,1,1,1,0.7303258233007837,0.4,0.860029774352942,0.36,0.9278360626234412,0.4,0.8139828930425038,0.5500000000000002,0.8963744141050454,0.41000000000000003,0.7920881601789755,0.42000000000000004,0.9089431445161009,0.39,0.9240182594328806,0.36
9100,D1,2025/2026,5,2025-09-28,FC Koln,Stuttgart,0.6593952132488833,0.5504542426765426,0.536972945948624,compact_btts_form,0.6500000000000002,False,1,1,1,0.6209933834901151,0.4,0.8111300646512598,0.36,0.8519156829236302,0.4,0.7090244032689388,0.5500000000000002,0.5379086480011679,0.41000000000000003,0.6593952132488833,0.42000000000000004,0.5398343579952106,0.39,0.6914752150401904,0.36
9101,D1,2025/2026,5,2025-09-28,Union Berlin,Hamburg,0.6587654214681794,0.550365007662933,0.536972945948624,compact_btts_form,0.6500000000000002,False,1,0,0,0.7045316986728611,0.4,0.8482304242388954,0.36,0.8258971314963897,0.4,0.6375680100236899,0.5500000000000002,0.8842400897769425,0.41000000000000003,0.6587654214681794,0.42000000000000004,0.9267793817528808,0.39,0.8608432920194485,0.36
6889,I1,2025/2026,5,2025-09-29,Parma,Torino,0.5067900815861076,0.5302159833355086,0.536972945948624,compact_btts_form,0.6500000000000002,False,0,1,0,0.5208841581177763,0.4,0.8263419901588339,0.36,0.7317438999443309,0.4,0.5171212977902127,0.5500000000000002,0.9272243819774701,0.41000000000000003,0.5067900815861076,0.42000000000000004,0.5525436042747421,0.39,0.8321211830458947,0.36
6890,I1,2025/2026,5,2025-09-29,Genoa,Lazio,0.510087237842983,0.5306387289427511,0.536972945948624,compact_btts_form,0.6500000000000002,False,0,0,1,0.48404163285427454,0.4,0.7470345773548871,0.36,0.7562320407209063,0.4,0.600075337247012,0.5500000000000002,0.8607406124116717,0.41000000000000003,0.510087237842983,0.42000000000000004,0.5670106299712075,0.39,0.8323012146848652,0.36
16660,SP1,2025/2026,6,2025-08-27,Celta,Betis,0.662807206442951,0.5509390292718989,0.5326246322960064,compact_btts_form,0.6500000000000002,False,1,1,1,0.47300921863235285,0.42000000000000004,0.6065409302404836,0.5000000000000001,0.6330016742827913,0.6000000000000002,0.44466417186573287,0.45000000000000007,0.46630233390809267,0.5000000000000001,0.662807206442951,0.43000000000000005,0.4229602829448139,0.5700000000000002,0.36082327546303633,0.6500000000000002
16691,SP1,2025/2026,6,2025-09-23,Ath Bilbao,Girona,0.2911926844384886,0.500766462547046,0.5326246322960064,compact_btts_form,0.6500000000000002,False,0,1,0,0.31131863411968164,0.42000000000000004,0.5911973360652089,0.5000000000000001,0.3572203744888204,0.6000000000000002,0.20568969211697155,0.45000000000000007,0.4698424327504877,0.5000000000000001,0.2911926844384886,0.43000000000000005,0.4168121866990783,0.5700000000000002,0.5104173746201986,0.6500000000000002
16692,SP1,2025/2026,6,2025-09-23,Espanol,Valencia,0.5365697157929322,0.5340397633089563,0.5326246322960064,compact_btts_form,0.6500000000000002,False,1,1,1,0.47313532222385285,0.42000000000000004,0.44916161280036143,0.5000000000000001,0.5950669277061893,0.6000000000000002,0.6062606532789696,0.45000000000000007,0.49218968011455627,0.5000000000000001,0.5365697157929322,0.43000000000000005,0.3073566943038911,0.5700000000000002,0.5213508150056737,0.6500000000000002
16693,SP1,2025/2026,6,2025-09-23,Levante,Real Madrid,0.5941064661172081,0.5415365882154964,0.5326246322960064,compact_btts_form,0.6500000000000002,False,1,1,1,0.5601369960850385,0.42000000000000004,0.876367010875531,0.5000000000000001,0.8563252436083937,0.6000000000000002,0.5822248299227937,0.45000000000000007,0.956569820376541,0.5000000000000001,0.5941064661172081,0.43000000000000005,0.9161556637705833,0.5700000000000002,0.9080911390309586,0.6500000000000002
16694,SP1,2025/2026,6,2025-09-23,Sevilla,Villarreal,0.6554979270395181,0.5499032493055269,0.5326246322960064,compact_btts_form,0.6500000000000002,False,1,1,1,0.6484521996639113,0.42000000000000004,0.6242071810184937,0.5000000000000001,0.6156297363912808,0.6000000000000002,0.6886666456830913,0.45000000000000007,0.6451052221150709,0.5000000000000001,0.6554979270395181,0.43000000000000005,0.5532306221588565,0.5700000000000002,0.6314183277743902,0.6500000000000002
16695,SP1,2025/2026,6,2025-09-24,Getafe,Alaves,0.31903011471642734,0.5049915083793678,0.5326246322960064,compact_btts_form,0.6500000000000002,False,0,1,0,0.27010420004310537,0.42000000000000004,0.2935970005102614,0.5000000000000001,0.23178835687392427,0.6000000000000002,0.262713265835517,0.45000000000000007,0.3329309172097199,0.5000000000000001,0.31903011471642734,0.43000000000000005,0.17618108625649886,0.5700000000000002,0.1558559522804667,0.6500000000000002
16696,SP1,2025/2026,6,2025-09-24,Ath Madrid,Vallecano,0.6529552074798254,0.5495452936956533,0.5326246322960064,compact_btts_form,0.6500000000000002,False,1,1,1,0.4911904376891173,0.42000000000000004,0.6409970721956136,0.5000000000000001,0.5911331746022975,0.6000000000000002,0.5019268303419588,0.45000000000000007,0.8397621691001542,0.5000000000000001,0.6529552074798254,0.43000000000000005,0.773515918225551,0.5700000000000002,0.7351877243949413,0.6500000000000002
16697,SP1,2025/2026,6,2025-09-24,Sociedad,Mallorca,0.4713454430762748,0.5256660519274767,0.5326246322960064,compact_btts_form,0.6500000000000002,False,0,0,1,0.33060352350797695,0.42000000000000004,0.5009163338122318,0.5000000000000001,0.45324193272618996,0.6000000000000002,0.24039263976985759,0.45000000000000007,0.48153495614115555,0.5000000000000001,0.4713454430762748,0.43000000000000005,0.1966339948275451,0.5700000000000002,0.3589772594698081,0.6500000000000002
16698,SP1,2025/2026,6,2025-09-25,Osasuna,Elche,0.4494525693389875,0.5228378607527101,0.5326246322960064,compact_btts_form,0.6500000000000002,False,0,1,0,0.4904485073149029,0.42000000000000004,0.5073741661274979,0.5000000000000001,0.444936602036979,0.6000000000000002,0.4838266431924748,0.45000000000000007,0.5938905007244859,0.5000000000000001,0.4494525693389875,0.43000000000000005,0.5493564396305504,0.5700000000000002,0.5253177638863022,0.6500000000000002
16699,SP1,2025/2026,6,2025-09-25,Oviedo,Barcelona,0.5119269790845036,0.5308746392487668,0.5326246322960064,compact_btts_form,0.6500000000000002,False,0,1,0,0.4747117539627222,0.42000000000000004,0.8159090027318053,0.5000000000000001,0.8798249136915453,0.6000000000000002,0.3856884759207972,0.45000000000000007,0.6801076556930498,0.5000000000000001,0.5119269790845036,0.43000000000000005,0.9131448548020147,0.5700000000000002,0.8222123050513317,0.6500000000000002
14099,F1,2025/2026,6,2025-09-26,Strasbourg,Marseille,0.7794774177880808,0.5695362494444015,0.5326246322960064,compact_btts_form,0.6500000000000002,False,1,1,1,0.8737047554467543,0.42000000000000004,0.7738875398586628,0.5000000000000001,0.7893284737477405,0.6000000000000002,0.9226593731687558,0.45000000000000007,0.989418908313765,0.5000000000000001,0.7794774177880808,0.43000000000000005,0.9894748115088258,0.5700000000000002,0.9919279710508275,0.6500000000000002
11693,E0,2025/2026,6,2025-09-27,Brentford,Man United,0.7295651931250599,0.5609937351291968,0.5326246322960064,compact_btts_form,0.6500000000000002,False,1,1,1,0.7016879841562674,0.42000000000000004,0.6210558540423629,0.5000000000000001,0.5325400153142974,0.6000000000000002,0.7131413894546322,0.45000000000000007,0.6720215817066838,0.5000000000000001,0.7295651931250599,0.43000000000000005,0.8862328616884587,0.5700000000000002,0.7824227542280402,0.6500000000000002
11694,E0,2025/2026,6,2025-09-27,Chelsea,Brighton,0.6951903390338449,0.555666385108332,0.5326246322960064,compact_btts_form,0.6500000000000002,False,1,1,1,0.6371731067373322,0.42000000000000004,0.8810709142448313,0.5000000000000001,0.8684724699811993,0.6000000000000002,0.6618000551209158,0.45000000000000007,0.8829526168716959,0.5000000000000001,0.6951903390338449,0.43000000000000005,0.922244156524116,0.5700000000000002,0.8281151485615744,0.6500000000000002
11695,E0,2025/2026,6,2025-09-27,Crystal Palace,Liverpool,0.6524447432602574,0.5494735748296458,0.5326246322960064,compact_btts_form,0.6500000000000002,False,1,1,1,0.6631892005274419,0.42000000000000004,0.6977824961861138,0.5000000000000001,0.6760545041756337,0.6000000000000002,0.6814058868210191,0.45000000000000007,0.7611714584217785,0.5000000000000001,0.6524447432602574,0.43000000000000005,0.6146188971246732,0.5700000000000002,0.7175435306833029,0.6500000000000002
11696,E0,2025/2026,6,2025-09-27,Leeds,Bournemouth,0.5445355183788148,0.5350664825889518,0.5326246322960064,compact_btts_form,0.6500000000000002,False,1,1,1,0.45954575321424573,0.42000000000000004,0.41743928247613843,0.5000000000000001,0.5294459054108328,0.6000000000000002,0.4615487286374399,0.45000000000000007,0.3319037487401421,0.5000000000000001,0.5445355183788148,0.43000000000000005,0.3784732850789998,0.5700000000000002,0.4494816992594822,0.6500000000000002
11697,E0,2025/2026,6,2025-09-27,Man City,Burnley,0.4381027094530095,0.5213617718231222,0.5326246322960064,compact_btts_form,0.6500000000000002,False,0,1,0,0.44138162236621553,0.42000000000000004,0.2776785922898448,0.5000000000000001,0.26132174379767004,0.6000000000000002,0.45974672234085984,0.45000000000000007,0.34583953376584137,0.5000000000000001,0.4381027094530095,0.43000000000000005,0.32540573131577005,0.5700000000000002,0.16527328766565091,0.6500000000000002
11698,E0,2025/2026,6,2025-09-27,Nott'm Forest,Sunderland,0.4930569123257495,0.5284551198486255,0.5326246322960064,compact_btts_form,0.6500000000000002,False,0,0,1,0.49177710025154475,0.42000000000000004,0.607791431877169,0.5000000000000001,0.8010474885624421,0.6000000000000002,0.5991357797442523,0.45000000000000007,0.593772723567583,0.5000000000000001,0.4930569123257495,0.43000000000000005,0.8718451092855968,0.5700000000000002,0.7644734379893483,0.6500000000000002
11699,E0,2025/2026,6,2025-09-27,Tottenham,Wolves,0.4174002656916363,0.5186454384975404,0.5326246322960064,compact_btts_form,0.6500000000000002,False,0,1,0,0.37772788447764366,0.42000000000000004,0.3846994694143793,0.5000000000000001,0.36978952704512963,0.6000000000000002,0.40682442294915055,0.45000000000000007,0.3497723254578308,0.5000000000000001,0.4174002656916363,0.43000000000000005,0.30599069259701994,0.5700000000000002,0.35586878176705705,0.6500000000000002
14100,F1,2025/2026,6,2025-09-27,Lorient,Monaco,0.6727073980980843,0.5523590670030151,0.5326246322960064,compact_btts_form,0.6500000000000002,False,1,1,1,0.8015951134023459,0.42000000000000004,0.48157181778792646,0.5000000000000001,0.4622075702931317,0.6000000000000002,0.7883514046025185,0.45000000000000007,0.8475844303570098,0.5000000000000001,0.6727073980980843,0.43000000000000005,0.8240067935277546,0.5700000000000002,0.8795889937503453,0.6500000000000002
14101,F1,2025/2026,6,2025-09-27,Toulouse,Nantes,0.3966548914934065,0.515883696257503,0.5326246322960064,compact_btts_form,0.6500000000000002,False,0,1,0,0.5513439886920507,0.42000000000000004,0.3182805366396546,0.5000000000000001,0.3088641652724486,0.6000000000000002,0.4917035259992453,0.45000000000000007,0.7654163655183834,0.5000000000000001,0.3966548914934065,0.43000000000000005,0.49168791941048995,0.5700000000000002,0.7056204877884297,0.6500000000000002
14102,F1,2025/2026,6,2025-09-27,Paris SG,Auxerre,0.5379890477768812,0.5342225322705528,0.5326246322960064,compact_btts_form,0.6500000000000002,False,1,0,0,0.6500700259504356,0.42000000000000004,0.36650136513671994,0.5000000000000001,0.2829550993855205,0.6000000000000002,0.6125079527992348,0.45000000000000007,0.44597719379527007,0.5000000000000001,0.5379890477768812,0.43000000000000005,0.46141851064946043,0.5700000000000002,0.4111612604140967,0.6500000000000002
11700,E0,2025/2026,6,2025-09-28,Aston Villa,Fulham,0.5982403995990961,0.5420850129199781,0.5326246322960064,compact_btts_form,0.6500000000000002,False,1,1,1,0.4922066302106052,0.42000000000000004,0.5330832766619067,0.5000000000000001,0.5423437234282028,0.6000000000000002,0.5443796952296498,0.45000000000000007,0.5783107790243552,0.5000000000000001,0.5982403995990961,0.43000000000000005,0.3807533351137003,0.5700000000000002,0.5238088758479428,0.6500000000000002
11701,E0,2025/2026,6,2025-09-28,Newcastle,Arsenal,0.609683446929256,0.5436125177622397,0.5326246322960064,compact_btts_form,0.6500000000000002,False,1,1,1,0.5512100336961101,0.42000000000000004,0.5547193531225036,0.5000000000000001,0.5523517587896055,0.6000000000000002,0.5576114473620808,0.45000000000000007,0.5790725755639617,0.5000000000000001,0.609683446929256,0.43000000000000005,0.4321694558391347,0.5700000000000002,0.6516785706092618,0.6500000000000002
14103,F1,2025/2026,6,2025-09-28,Nice,Paris FC,0.763945229355965,0.5667523868584121,0.5326246322960064,compact_btts_form,0.6500000000000002,False,1,1,1,0.8310107253085179,0.42000000000000004,0.7128706646630462,0.5000000000000001,0.771073012200335,0.6000000000000002,0.8780676346581978,0.45000000000000007,0.8654672316756955,0.5000000000000001,0.763945229355965,0.43000000000000005,0.8656061389398317,0.5700000000000002,0.837194215149215,0.6500000000000002
14104,F1,2025/2026,6,2025-09-28,Angers,Brest,0.6743154280364295,0.5525916817728379,0.5326246322960064,compact_btts_form,0.6500000000000002,False,1,0,0,0.6323793395587775,0.42000000000000004,0.6424481565020608,0.5000000000000001,0.7196062443102785,0.6000000000000002,0.6778658052409613,0.45000000000000007,0.857690896740332,0.5000000000000001,0.6743154280364295,0.43000000000000005,0.7398915347696289,0.5700000000000002,0.8885672845887793,0.6500000000000002
14105,F1,2025/2026,6,2025-09-28,Lille,Lyon,0.6446273022011085,0.5483810031111856,0.5326246322960064,compact_btts_form,0.6500000000000002,False,1,0,0,0.7564360966590569,0.42000000000000004,0.8191833757921688,0.5000000000000001,0.8917633606428476,0.6000000000000002,0.7988481671004951,0.45000000000000007,0.9410785951674115,0.5000000000000001,0.6446273022011085,0.43000000000000005,0.9291537740287739,0.5700000000000002,0.9580864588060208,0.6500000000000002
14106,F1,2025/2026,6,2025-09-28,Metz,Le Havre,0.6758866412508974,0.5528195226168627,0.5326246322960064,compact_btts_form,0.6500000000000002,False,1,0,0,0.7051141530766741,0.42000000000000004,0.5156922800969799,0.5000000000000001,0.5602912985028575,0.6000000000000002,0.6877459130693877,0.45000000000000007,0.7530562075932143,0.5000000000000001,0.6758866412508974,0.43000000000000005,0.6651781677472454,0.5700000000000002,0.7095865321936146,0.6500000000000002
14107,F1,2025/2026,6,2025-09-28,Rennes,Lens,0.7764957926406466,0.5689916748185558,0.5326246322960064,compact_btts_form,0.6500000000000002,False,1,0,0,0.8198296520085189,0.42000000000000004,0.7287130014911117,0.5000000000000001,0.6571011362827254,0.6000000000000002,0.8177096058671774,0.45000000000000007,0.9278469782295251,0.5000000000000001,0.7764957926406466,0.43000000000000005,0.9286375185790127,0.5700000000000002,0.9518868742068354,0.6500000000000002
11702,E0,2025/2026,6,2025-09-29,Everton,West Ham,0.4452208102415145,0.5222884352651885,0.5326246322960064,compact_btts_form,0.6500000000000002,False,0,1,0,0.33529390988157803,0.42000000000000004,0.3497226847077538,0.5000000000000001,0.43176771873632114,0.6000000000000002,0.32788206623950217,0.45000000000000007,0.30583070858288236,0.5000000000000001,0.4452208102415145,0.43000000000000005,0.47639481141288714,0.5700000000000002,0.3111722244652172,0.6500000000000002
6891,I1,2025/2026,6,2025-10-03,Verona,Sassuolo,0.49948167497784585,0.5292789975168486,0.5326246322960064,compact_btts_form,0.6500000000000002,False,0,0,1,0.48139186967695713,0.42000000000000004,0.45791066744875164,0.5000000000000001,0.3406642598349639,0.6000000000000002,0.5395839013484713,0.45000000000000007,0.23977537047655273,0.5000000000000001,0.49948167497784585,0.43000000000000005,0.2577954227167642,0.5700000000000002,0.2988958283568645,0.6500000000000002
9102,D1,2025/2026,6,2025-10-03,Hoffenheim,FC Koln,0.7259160537378567,0.5604100846153071,0.5326246322960064,compact_btts_form,0.6500000000000002,False,1,0,0,0.7865578729528458,0.42000000000000004,0.575055791598939,0.5000000000000001,0.5448803830590234,0.6000000000000002,0.8166037840367689,0.45000000000000007,0.7666197699794426,0.5000000000000001,0.7259160537378567,0.43000000000000005,0.5979577110970954,0.5700000000000002,0.7754882509311489,0.6500000000000002
6892,I1,2025/2026,6,2025-10-04,Lazio,Torino,0.43087622277210363,0.5204174451729757,0.5326246322960064,compact_btts_form,0.6500000000000002,False,0,1,0,0.4479111841927839,0.42000000000000004,0.6672285850112595,0.5000000000000001,0.6963475761295018,0.6000000000000002,0.5474198844614258,0.45000000000000007,0.7358550337071812,0.5000000000000001,0.43087622277210363,0.43000000000000005,0.3145942356089665,0.5700000000000002,0.6476197844908853,0.6500000000000002
6893,I1,2025/2026,6,2025-10-04,Parma,Lecce,0.4623168186819925,0.5245022474134731,0.5326246322960064,compact_btts_form,0.6500000000000002,False,0,0,1,0.39991288149503723,0.42000000000000004,0.7402587815926561,0.5000000000000001,0.6314721441587039,0.6000000000000002,0.43563012733926754,0.45000000000000007,0.7581372106889189,0.5000000000000001,0.4623168186819925,0.43000000000000005,0.3049312346889952,0.5700000000000002,0.43109377338586674,0.6500000000000002
6894,I1,2025/2026,6,2025-10-04,Inter,Cremonese,0.5104821346515798,0.5306893646082268,0.5326246322960064,compact_btts_form,0.6500000000000002,False,0,1,0,0.6154460959526046,0.42000000000000004,0.1943700483550925,0.5000000000000001,0.09168687382363498,0.6000000000000002,0.4916613663801434,0.45000000000000007,0.36275321514465336,0.5000000000000001,0.5104821346515798,0.43000000000000005,0.12841369462058588,0.5700000000000002,0.09692340749134576,0.6500000000000002
6895,I1,2025/2026,6,2025-10-04,Atalanta,Como,0.6802165447284331,0.5534502869848428,0.5326246322960064,compact_btts_form,0.6500000000000002,False,1,1,1,0.6915112216992534,0.42000000000000004,0.7968436584607337,0.5000000000000001,0.8100779762285271,0.6000000000000002,0.8115138347526615,0.45000000000000007,0.8997298152826804,0.5000000000000001,0.6802165447284331,0.43000000000000005,0.7553921133280294,0.5700000000000002,0.9170553184235355,0.6500000000000002
9103,D1,2025/2026,6,2025-10-04,Augsburg,Wolfsburg,0.7489714998414729,0.5641823862139941,0.5326246322960064,compact_btts_form,0.6500000000000002,False,1,1,1,0.7425095733549759,0.42000000000000004,0.7513046090625567,0.5000000000000001,0.7887040144026454,0.6000000000000002,0.808219984563043,0.45000000000000007,0.7486508908698226,0.5000000000000001,0.7489714998414729,0.43000000000000005,0.7635598967195742,0.5700000000000002,0.7950248095872425,0.6500000000000002
9104,D1,2025/2026,6,2025-10-04,Dortmund,RB Leipzig,0.8108012745365648,0.5756004460430644,0.5326246322960064,compact_btts_form,0.6500000000000002,False,1,1,1,0.7956582608962466,0.42000000000000004,0.9485188780988427,0.5000000000000001,0.9242955930924757,0.6000000000000002,0.8071653741951755,0.45000000000000007,0.9451691265280285,0.5000000000000001,0.8108012745365648,0.43000000000000005,0.939270355979037,0.5700000000000002,0.9407380781370507,0.6500000000000002
9105,D1,2025/2026,6,2025-10-04,Leverkusen,Union Berlin,0.6613657023753939,0.5507339372184897,0.5326246322960064,compact_btts_form,0.6500000000000002,False,1,0,0,0.6865360003928184,0.42000000000000004,0.4737096485259919,0.5000000000000001,0.4243774048227337,0.6000000000000002,0.640409727592092,0.45000000000000007,0.6507995807452239,0.5000000000000001,0.6613657023753939,0.43000000000000005,0.720934066715441,0.5700000000000002,0.638039656399806,0.6500000000000002
9106,D1,2025/2026,6,2025-10-04,Werder Bremen,St Pauli,0.6320603291523829,0.5466458463103867,0.5326246322960064,compact_btts_form,0.6500000000000002,False,1,0,0,0.7209413571433624,0.42000000000000004,0.7605590236869836,0.5000000000000001,0.6778026970025385,0.6000000000000002,0.7326496223635396,0.45000000000000007,0.7159986649782736,0.5000000000000001,0.6320603291523829,0.43000000000000005,0.6278351291345905,0.5700000000000002,0.7535780487079999,0.6500000000000002
9107,D1,2025/2026,6,2025-10-04,Ein Frankfurt,Bayern Munich,0.8244741923180207,0.5784809129072525,0.5326246322960064,compact_btts_form,0.6500000000000002,False,1,0,0,0.8077564966070546,0.42000000000000004,0.9635804982447628,0.5000000000000001,0.9745191153993972,0.6000000000000002,0.8673093824791596,0.45000000000000007,0.987339594163885,0.5000000000000001,0.8244741923180207,0.43000000000000005,0.9878588348438766,0.5700000000000002,0.9898026801783726,0.6500000000000002
6896,I1,2025/2026,6,2025-10-05,Udinese,Cagliari,0.4895300404544879,0.5280026785400688,0.5326246322960064,compact_btts_form,0.6500000000000002,False,0,1,0,0.3822959582642426,0.42000000000000004,0.4307981365834641,0.5000000000000001,0.40052467652153273,0.6000000000000002,0.527826147742326,0.45000000000000007,0.3803330838781228,0.5000000000000001,0.4895300404544879,0.43000000000000005,0.35256362865635876,0.5700000000000002,0.4412765413705776,0.6500000000000002
6897,I1,2025/2026,6,2025-10-05,Bologna,Pisa,0.3196956207388965,0.5050899714832906,0.5326246322960064,compact_btts_form,0.6500000000000002,False,0,0,1,0.29513767515117717,0.42000000000000004,0.43617363071605236,0.5000000000000001,0.4627324440146676,0.6000000000000002,0.3468991952697671,0.45000000000000007,0.40431946091899046,0.5000000000000001,0.3196956207388965,0.43000000000000005,0.2795141425048251,0.5700000000000002,0.37980772983469924,0.6500000000000002
6898,I1,2025/2026,6,2025-10-05,Fiorentina,Roma,0.5255642625161566,0.5326246322960064,0.5326246322960064,compact_btts_form,0.6500000000000002,False,1,1,1,0.5335197948374789,0.42000000000000004,0.7984664464880282,0.5000000000000001,0.7662381564674974,0.6000000000000002,0.5479438073531759,0.45000000000000007,0.8225169752048098,0.5000000000000001,0.5255642625161566,0.43000000000000005,0.6830178064326449,0.5700000000000002,0.7548159411114205,0.6500000000000002
6899,I1,2025/2026,6,2025-10-05,Napoli,Genoa,0.41839245048567814,0.5187764413732138,0.5326246322960064,compact_btts_form,0.6500000000000002,False,0,1,0,0.3604503479738006,0.42000000000000004,0.4401065068066416,0.5000000000000001,0.5044039690217517,0.6000000000000002,0.44389515888128905,0.45000000000000007,0.6495167650939221,0.5000000000000001,0.41839245048567814,0.43000000000000005,0.22852774604557974,0.5700000000000002,0.5326841728907091,0.6500000000000002
6900,I1,2025/2026,6,2025-10-05,Juventus,Milan,0.6176839167800228,0.5446894927978227,0.5326246322960064,compact_btts_form,0.6500000000000002,False,1,0,0,0.4875990865868376,0.42000000000000004,0.7460038261486425,0.5000000000000001,0.6688336633289117,0.6000000000000002,0.4939995054405806,0.45000000000000007,0.6407214047743508,0.5000000000000001,0.6176839167800228,0.43000000000000005,0.5885253735262259,0.5700000000000002,0.5560938762304136,0.6500000000000002
9108,D1,2025/2026,6,2025-10-05,Stuttgart,Heidenheim,0.6625600806805695,0.5509038398616912,0.5326246322960064,compact_btts_form,0.6500000000000002,False,1,0,0,0.653391414936345,0.42000000000000004,0.8031880229086104,0.5000000000000001,0.8352588891401357,0.6000000000000002,0.7188421511049036,0.45000000000000007,0.8747661596133797,0.5000000000000001,0.6625600806805695,0.43000000000000005,0.9127121792368632,0.5700000000000002,0.8946992170099461,0.6500000000000002
9109,D1,2025/2026,6,2025-10-05,Hamburg,Mainz,0.807152035033863,0.5748580907046172,0.5326246322960064,compact_btts_form,0.6500000000000002,False,1,0,0,0.8176639302809416,0.42000000000000004,0.8282392484274956,0.5000000000000001,0.8498464035358608,0.6000000000000002,0.8281616487669557,0.45000000000000007,0.8805809459983407,0.5000000000000001,0.807152035033863,0.43000000000000005,0.8965268324220151,0.5700000000000002,0.885004711346799,0.6500000000000002
9110,D1,2025/2026,6,2025-10-05,M'gladbach,Freiburg,0.7132632434088141,0.5584214597325292,0.5326246322960064,compact_btts_form,0.6500000000000002,False,1,0,0,0.6987331676836729,0.42000000000000004,0.6398392958425282,0.5000000000000001,0.7210432883243015,0.6000000000000002,0.7778156406374802,0.45000000000000007,0.6608799307862249,0.5000000000000001,0.7132632434088141,0.43000000000000005,0.6540157539048795,0.5700000000000002,0.8262824389209538,0.6500000000000002
16700,SP1,2025/2026,7,2025-09-26,Girona,Espanol,0.706422204929337,0.557367448760401,0.5385245975413173,compact_btts_form,0.6500000000000002,False,1,0,0,0.6001323385717282,0.6300000000000002,0.7497364642793874,0.42000000000000004,0.6308612072126922,0.6400000000000002,0.41094978443909846,0.5500000000000002,0.7535823328779794,0.6200000000000002,0.706422204929337,0.6000000000000002,0.8326776007782649,0.6400000000000002,0.5069254986796351,0.5000000000000001
16701,SP1,2025/2026,7,2025-09-27,Getafe,Levante,0.5042031812925244,0.5298843278333731,0.5385245975413173,compact_btts_form,0.6500000000000002,False,0,1,0,0.2876161334557948,0.6300000000000002,0.6346873575038995,0.42000000000000004,0.5740321883242785,0.6400000000000002,0.25982240625141345,0.5500000000000002,0.6417746709938695,0.6200000000000002,0.5042031812925244,0.6000000000000002,0.5807333313741943,0.6400000000000002,0.21939943779799775,0.5000000000000001
16702,SP1,2025/2026,7,2025-09-27,Ath Madrid,Real Madrid,0.7896546763543106,0.5714347001393616,0.5385245975413173,compact_btts_form,0.6500000000000002,False,1,1,1,0.6950618908090099,0.6300000000000002,0.878186727934816,0.42000000000000004,0.9358733837303661,0.6400000000000002,0.7922368496679206,0.5500000000000002,0.9451882258406149,0.6200000000000002,0.7896546763543106,0.6000000000000002,0.9515384846372928,0.6400000000000002,0.9273644724307828,0.5000000000000001
16703,SP1,2025/2026,7,2025-09-27,Mallorca,Alaves,0.3872223234711661,0.5146118285531037,0.5385245975413173,compact_btts_form,0.6500000000000002,False,0,0,1,0.32460990699138403,0.6300000000000002,0.48177953319565214,0.42000000000000004,0.5870557311620832,0.6400000000000002,0.32807877631292753,0.5500000000000002,0.5583206734432513,0.6200000000000002,0.3872223234711661,0.6000000000000002,0.39923641932062137,0.6400000000000002,0.2391521603619083,0.5000000000000001
16704,SP1,2025/2026,7,2025-09-27,Villarreal,Ath Bilbao,0.6586614795749273,0.5503502874956503,0.5385245975413173,compact_btts_form,0.6500000000000002,False,1,0,0,0.5542389318733211,0.6300000000000002,0.20370130659955696,0.42000000000000004,0.14817149439053182,0.6400000000000002,0.44119521010072743,0.5500000000000002,0.4205109413053764,0.6200000000000002,0.6586614795749273,0.6000000000000002,0.35691962360368035,0.6400000000000002,0.18278794299747136,0.5000000000000001
16705,SP1,2025/2026,7,2025-09-28,Vallecano,Sevilla,0.482597697496326,0.5271128040397067,0.5385245975413173,compact_btts_form,0.6500000000000002,False,0,0,1,0.441418966551427,0.6300000000000002,0.3418287212886408,0.42000000000000004,0.35044927805101717,0.6400000000000002,0.37084713392383767,0.5500000000000002,0.3559218134616681,0.6200000000000002,0.482597697496326,0.6000000000000002,0.28227259987950654,0.6400000000000002,0.34422960176617545,0.5000000000000001
16706,SP1,2025/2026,7,2025-09-28,Elche,Celta,0.4084459947559937,0.5174589092536032,0.5385245975413173,compact_btts_form,0.6500000000000002,False,0,1,0,0.31520901403202073,0.6300000000000002,0.43902672014361,0.42000000000000004,0.41874760698323155,0.6400000000000002,0.28218668034997374,0.5500000000000002,0.23047375694130323,0.6200000000000002,0.4084459947559937,0.6000000000000002,0.11765040891626463,0.6400000000000002,0.17638807315476177,0.5000000000000001
16707,SP1,2025/2026,7,2025-09-28,Barcelona,Sociedad,0.6776848782822672,0.5530809635541147,0.5385245975413173,compact_btts_form,0.6500000000000002,False,1,1,1,0.537048581356893,0.6300000000000002,0.8907978513194295,0.42000000000000004,0.9271512086534038,0.6400000000000002,0.6305274538016035,0.5500000000000002,0.8754037591526758,0.6200000000000002,0.6776848782822672,0.6000000000000002,0.9002527577252316,0.6400000000000002,0.911550588811062,0.5000000000000001
16708,SP1,2025/2026,7,2025-09-28,Betis,Osasuna,0.5533659347663433,0.5362077548090128,0.5385245975413173,compact_btts_form,0.6500000000000002,False,0,0,1,0.4831128726193945,0.6300000000000002,0.8047662476673884,0.42000000000000004,0.8250909184274479,0.6400000000000002,0.4950231235448271,0.5500000000000002,0.8998740509816997,0.6200000000000002,0.5533659347663433,0.6000000000000002,0.9294043390381975,0.6400000000000002,0.7955801207686519,0.5000000000000001
16709,SP1,2025/2026,7,2025-09-30,Valencia,Oviedo,0.5348503237715908,0.5338184449487426,0.5385245975413173,compact_btts_form,0.6500000000000002,False,0,1,0,0.37148972530556545,0.6300000000000002,0.504972319722436,0.42000000000000004,0.5809092289039203,0.6400000000000002,0.45857325866661325,0.5500000000000002,0.4771597083141353,0.6200000000000002,0.5348503237715908,0.6000000000000002,0.6043038083428238,0.6400000000000002,0.40501407482887425,0.5000000000000001
11703,E0,2025/2026,7,2025-10-03,Bournemouth,Fulham,0.5040008288611019,0.5298583854174197,0.5385245975413173,compact_btts_form,0.6500000000000002,False,0,1,0,0.3911984830267462,0.6300000000000002,0.6076001595786962,0.42000000000000004,0.5291202380541359,0.6400000000000002,0.3604887464481819,0.5500000000000002,0.37042488039425225,0.6200000000000002,0.5040008288611019,0.6000000000000002,0.4126869101814835,0.6400000000000002,0.38569124595144594,0.5000000000000001
14108,F1,2025/2026,7,2025-10-03,Paris FC,Lorient,0.724302754391117,0.5601535422814141,0.5385245975413173,compact_btts_form,0.6500000000000002,False,1,0,0,0.6916888192626912,0.6300000000000002,0.6747771012837658,0.42000000000000004,0.6239663239461697,0.6400000000000002,0.565959667206368,0.5500000000000002,0.6596503582268028,0.6200000000000002,0.724302754391117,0.6000000000000002,0.7745122111937149,0.6400000000000002,0.6955845523047418,0.5000000000000001
11704,E0,2025/2026,7,2025-10-04,Leeds,Tottenham,0.6243556170969164,0.5455938377395633,0.5385245975413173,compact_btts_form,0.6500000000000002,False,1,1,1,0.5910551526747518,0.6300000000000002,0.5623286600628767,0.42000000000000004,0.6420432125419637,0.6400000000000002,0.6133392674946125,0.5500000000000002,0.531811184886472,0.6200000000000002,0.6243556170969164,0.6000000000000002,0.615772204134232,0.6400000000000002,0.6502118561390672,0.5000000000000001
11705,E0,2025/2026,7,2025-10-04,Arsenal,West Ham,0.418239372667326,0.5187562356642855,0.5385245975413173,compact_btts_form,0.6500000000000002,False,0,0,1,0.3466869508199886,0.6300000000000002,0.3175185114468024,0.42000000000000004,0.3006320299270537,0.6400000000000002,0.29223002754984073,0.5500000000000002,0.3367162201982099,0.6200000000000002,0.418239372667326,0.6000000000000002,0.2583209729943101,0.6400000000000002,0.15044546105286172,0.5000000000000001
11706,E0,2025/2026,7,2025-10-04,Man United,Sunderland,0.5830122685526608,0.5400727860023876,0.5385245975413173,compact_btts_form,0.6500000000000002,False,1,0,0,0.6384610427506521,0.6300000000000002,0.49802839981023916,0.42000000000000004,0.5971444645746274,0.6400000000000002,0.7412852450080206,0.5500000000000002,0.3366992336789151,0.6200000000000002,0.5830122685526608,0.6000000000000002,0.7411724048765989,0.6400000000000002,0.4844199558475686,0.5000000000000001
11707,E0,2025/2026,7,2025-10-04,Chelsea,Liverpool,0.7785051992347595,0.56935812317085,0.5385245975413173,compact_btts_form,0.6500000000000002,False,1,1,1,0.7470260593338606,0.6300000000000002,0.8804117303805903,0.42000000000000004,0.9107003195059845,0.6400000000000002,0.8042057780165818,0.5500000000000002,0.8004861008573121,0.6200000000000002,0.7785051992347595,0.6000000000000002,0.8936256788879463,0.6400000000000002,0.9043274385756809,0.5000000000000001
14109,F1,2025/2026,7,2025-10-04,Metz,Marseille,0.6110642108718467,0.543797832676946,0.5385245975413173,compact_btts_form,0.6500000000000002,False,1,0,0,0.7600774745934771,0.6300000000000002,0.3591533997319719,0.42000000000000004,0.3959873995850839,0.6400000000000002,0.7665172156447247,0.5500000000000002,0.8407812483416405,0.6200000000000002,0.6110642108718467,0.6000000000000002,0.7263612056265991,0.6400000000000002,0.7578861180572528,0.5000000000000001
14110,F1,2025/2026,7,2025-10-04,Brest,Nantes,0.5651796664699179,0.5377409556923495,0.5385245975413173,compact_btts_form,0.6500000000000002,False,0,0,1,0.6862981908542467,0.6300000000000002,0.5049603802314212,0.42000000000000004,0.630747646716525,0.6400000000000002,0.7267657581685921,0.5500000000000002,0.8224222137932062,0.6200000000000002,0.5651796664699179,0.6000000000000002,0.6977579038795889,0.6400000000000002,0.8615883928639053,0.5000000000000001
14111,F1,2025/2026,7,2025-10-04,Auxerre,Lens,0.6243979218165281,0.5455995911910805,0.5385245975413173,compact_btts_form,0.6500000000000002,False,1,1,1,0.6846651239840731,0.6300000000000002,0.6114092198166182,0.42000000000000004,0.568827212329898,0.6400000000000002,0.6346486072350765,0.5500000000000002,0.8315061875550496,0.6200000000000002,0.6243979218165281,0.6000000000000002,0.8088943077174847,0.6400000000000002,0.8167366813904718,0.5000000000000001
11708,E0,2025/2026,7,2025-10-05,Aston Villa,Burnley,0.5589307107551732,0.5369289623057528,0.5385245975413173,compact_btts_form,0.6500000000000002,False,0,1,0,0.4494076736004397,0.6300000000000002,0.4671887199531339,0.42000000000000004,0.4019932115747007,0.6400000000000002,0.4542180067600866,0.5500000000000002,0.500414555283597,0.6200000000000002,0.5589307107551732,0.6000000000000002,0.3316824077422974,0.6400000000000002,0.20827461722701213,0.5000000000000001
11709,E0,2025/2026,7,2025-10-05,Everton,Crystal Palace,0.5723025202323413,0.538669562372819,0.5385245975413173,compact_btts_form,0.6500000000000002,False,1,1,1,0.5263771873740593,0.6300000000000002,0.5901308612893621,0.42000000000000004,0.5098321419641896,0.6400000000000002,0.4973209831510462,0.5500000000000002,0.43985602523466844,0.6200000000000002,0.5723025202323413,0.6000000000000002,0.834229847545937,0.6400000000000002,0.47909865992344863,0.5000000000000001
11710,E0,2025/2026,7,2025-10-05,Newcastle,Nott'm Forest,0.5347397158538145,0.5338042108616781,0.5385245975413173,compact_btts_form,0.6500000000000002,False,0,0,1,0.4593980251110605,0.6300000000000002,0.48860989346636563,0.42000000000000004,0.42736836629238006,0.6400000000000002,0.3416098757618911,0.5500000000000002,0.361616429126041,0.6200000000000002,0.5347397158538145,0.6000000000000002,0.40504047818619515,0.6400000000000002,0.29033056021933584,0.5000000000000001
11711,E0,2025/2026,7,2025-10-05,Wolves,Brighton,0.6282722302145468,0.5461275549271668,0.5385245975413173,compact_btts_form,0.6500000000000002,False,1,1,1,0.5759365413080306,0.6300000000000002,0.4696092887002447,0.42000000000000004,0.48198674037162664,0.6400000000000002,0.5759102185493664,0.5500000000000002,0.4916267071773635,0.6200000000000002,0.6282722302145468,0.6000000000000002,0.6725618024571951,0.6400000000000002,0.34936958576186083,0.5000000000000001
11712,E0,2025/2026,7,2025-10-05,Brentford,Man City,0.6629605677326355,0.5509608732276546,0.5385245975413173,compact_btts_form,0.6500000000000002,False,1,0,0,0.6527650159471501,0.6300000000000002,0.6097868796680592,0.42000000000000004,0.6241252659361332,0.6400000000000002,0.70349730270366,0.5500000000000002,0.7365872975919168,0.6200000000000002,0.6629605677326355,0.6000000000000002,0.8250353407640368,0.6400000000000002,0.6659396791418218,0.5000000000000001
14112,F1,2025/2026,7,2025-10-05,Lyon,Toulouse,0.7248162136363604,0.5602350932919482,0.5385245975413173,compact_btts_form,0.6500000000000002,False,1,1,1,0.6187975236567497,0.6300000000000002,0.6204813112513621,0.42000000000000004,0.4875241243170913,0.6400000000000002,0.4856332733941869,0.5500000000000002,0.8303439624140543,0.6200000000000002,0.7248162136363604,0.6000000000000002,0.6198151710963329,0.6400000000000002,0.6349072440978836,0.5000000000000001
14113,F1,2025/2026,7,2025-10-05,Le Havre,Rennes,0.7035395449264089,0.5569274784184682,0.5385245975413173,compact_btts_form,0.6500000000000002,False,1,1,1,0.7150864542768094,0.6300000000000002,0.6558174657926404,0.42000000000000004,0.6581640825640752,0.6400000000000002,0.6774257900865278,0.5500000000000002,0.9056062288186464,0.6200000000000002,0.7035395449264089,0.6000000000000002,0.7779819003474785,0.6400000000000002,0.8620526439479811,0.5000000000000001
14114,F1,2025/2026,7,2025-10-05,Monaco,Nice,0.708968568602089,0.5577581200431985,0.5385245975413173,compact_btts_form,0.6500000000000002,False,1,1,1,0.6522110104681054,0.6300000000000002,0.657993026916285,0.42000000000000004,0.6311846580608537,0.6400000000000002,0.5905911466480577,0.5500000000000002,0.7470570689248173,0.6200000000000002,0.708968568602089,0.6000000000000002,0.7812129751054331,0.6400000000000002,0.7749270319269413,0.5000000000000001
14115,F1,2025/2026,7,2025-10-05,Strasbourg,Angers,0.5512837843636467,0.5359383195891844,0.5385245975413173,compact_btts_form,0.6500000000000002,False,0,0,1,0.5382884120261084,0.6300000000000002,0.43577584548175413,0.42000000000000004,0.39745116541824044,0.6400000000000002,0.5181457583138968,0.5500000000000002,0.6981107489371572,0.6200000000000002,0.5512837843636467,0.6000000000000002,0.7526199691829562,0.6400000000000002,0.7471680291639343,0.5000000000000001
14116,F1,2025/2026,7,2025-10-05,Lille,Paris SG,0.5817978210335729,0.5399132066131215,0.5385245975413173,compact_btts_form,0.6500000000000002,False,1,1,1,0.6609478266061337,0.6300000000000002,0.7775011549061921,0.42000000000000004,0.774852462508302,0.6400000000000002,0.6228983282781175,0.5500000000000002,0.9134579843829989,0.6200000000000002,0.5817978210335729,0.6000000000000002,0.8562371726085044,0.6400000000000002,0.8700835027164701,0.5000000000000001
9111,D1,2025/2026,7,2025-10-17,Union Berlin,M'gladbach,0.6700257755917164,0.5519723971030275,0.5385245975413173,compact_btts_form,0.6500000000000002,False,1,1,1,0.5906140432964863,0.6300000000000002,0.8108116283599837,0.42000000000000004,0.8319490366724244,0.6400000000000002,0.5935127351442581,0.5500000000000002,0.9282498526967575,0.6200000000000002,0.6700257755917164,0.6000000000000002,0.7924024408627539,0.6400000000000002,0.8786358767958008,0.5000000000000001
6901,I1,2025/2026,7,2025-10-18,Lecce,Sassuolo,0.5664623028786614,0.537907922081987,0.5385245975413173,compact_btts_form,0.6500000000000002,False,0,0,1,0.493536515405525,0.6300000000000002,0.7153773316201031,0.42000000000000004,0.7059525266431141,0.6400000000000002,0.508929401064414,0.5500000000000002,0.6852310949771208,0.6200000000000002,0.5664623028786614,0.6000000000000002,0.6804252879020126,0.6400000000000002,0.6122916290750682,0.5000000000000001
6902,I1,2025/2026,7,2025-10-18,Pisa,Verona,0.4112003138773923,0.5178247242266996,0.5385245975413173,compact_btts_form,0.6500000000000002,False,0,0,1,0.4396948425890593,0.6300000000000002,0.7488746364481274,0.42000000000000004,0.727778379715312,0.6400000000000002,0.5043967235610418,0.5500000000000002,0.5145652937046301,0.6200000000000002,0.4112003138773923,0.6000000000000002,0.4600954101302009,0.6400000000000002,0.6748934729100606,0.5000000000000001
6903,I1,2025/2026,7,2025-10-18,Torino,Napoli,0.4708545875112014,0.5256028559187114,0.5385245975413173,compact_btts_form,0.6500000000000002,False,0,0,1,0.38460625646310603,0.6300000000000002,0.513026275092961,0.42000000000000004,0.5271437625496573,0.6400000000000002,0.44688367610762586,0.5500000000000002,0.5324864075480951,0.6200000000000002,0.4708545875112014,0.6000000000000002,0.1980244824086276,0.6400000000000002,0.3981423505827267,0.5000000000000001
6904,I1,2025/2026,7,2025-10-18,Roma,Inter,0.683683740408675,0.5539585165209489,0.5385245975413173,compact_btts_form,0.6500000000000002,False,1,0,0,0.5199404720550591,0.6300000000000002,0.5619458631014081,0.42000000000000004,0.4892871707845443,0.6400000000000002,0.59252585029454,0.5500000000000002,0.6485093517878228,0.6200000000000002,0.683683740408675,0.6000000000000002,0.37872193199160703,0.6400000000000002,0.5702344964685168,0.5000000000000001
9112,D1,2025/2026,7,2025-10-18,FC Koln,Augsburg,0.6767485446345478,0.5529447413147857,0.5385245975413173,compact_btts_form,0.6500000000000002,False,1,1,1,0.6498510741656548,0.6300000000000002,0.8633809200141559,0.42000000000000004,0.7984533604567009,0.6400000000000002,0.5853647568662378,0.5500000000000002,0.6773605728752504,0.6200000000000002,0.6767485446345478,0.6000000000000002,0.70177636378608,0.6400000000000002,0.7455380546914817,0.5000000000000001
9113,D1,2025/2026,7,2025-10-18,Heidenheim,Werder Bremen,0.70183958077587,0.5566691382656158,0.5385245975413173,compact_btts_form,0.6500000000000002,False,1,1,1,0.6507363637659169,0.6300000000000002,0.6997381633900134,0.42000000000000004,0.7947489363803526,0.6400000000000002,0.7221309160195779,0.5500000000000002,0.6704207971391033,0.6200000000000002,0.70183958077587,0.6000000000000002,0.7515438789261798,0.6400000000000002,0.8444139611372943,0.5000000000000001
9114,D1,2025/2026,7,2025-10-18,Mainz,Leverkusen,0.6832484783999222,0.5538945580932558,0.5385245975413173,compact_btts_form,0.6500000000000002,False,1,1,1,0.7498701444025779,0.6300000000000002,0.8543050638046975,0.42000000000000004,0.8091268643003686,0.6400000000000002,0.7095250728757763,0.5500000000000002,0.8825634854325544,0.6200000000000002,0.6832484783999222,0.6000000000000002,0.7736680889676071,0.6400000000000002,0.8872145514574296,0.5000000000000001
9115,D1,2025/2026,7,2025-10-18,RB Leipzig,Hamburg,0.7821542366408007,0.5700295233516887,0.5385245975413173,compact_btts_form,0.6500000000000002,False,1,1,1,0.7827514889255792,0.6300000000000002,0.9568263632295047,0.42000000000000004,0.9639983468658755,0.6400000000000002,0.7294660913819284,0.5500000000000002,0.9889807873327808,0.6200000000000002,0.7821542366408007,0.6000000000000002,0.9873782486077967,0.6400000000000002,0.9750358932906176,0.5000000000000001
9116,D1,2025/2026,7,2025-10-18,Wolfsburg,Stuttgart,0.7241728591394714,0.5601329258571317,0.5385245975413173,compact_btts_form,0.6500000000000002,False,1,0,0,0.7268511186738833,0.6300000000000002,0.9115492698987264,0.42000000000000004,0.9203212663307806,0.6400000000000002,0.7543777847922657,0.5500000000000002,0.9239341788766422,0.6200000000000002,0.7241728591394714,0.6000000000000002,0.8960694372348473,0.6400000000000002,0.9107066388791071,0.5000000000000001
9117,D1,2025/2026,7,2025-10-18,Bayern Munich,Dortmund,0.7337595285026451,0.5616705328632504,0.5385245975413173,compact_btts_form,0.6500000000000002,False,1,1,1,0.7784179673259721,0.6300000000000002,0.8462170629732902,0.42000000000000004,0.8232187074304116,0.6400000000000002,0.8299354020095184,0.5500000000000002,0.8687345777172617,0.6200000000000002,0.7337595285026451,0.6000000000000002,0.8888434796251974,0.6400000000000002,0.8992565090315571,0.5000000000000001
6905,I1,2025/2026,7,2025-10-19,Como,Juventus,0.5711923317421619,0.5385245975413173,0.5385245975413173,compact_btts_form,0.6500000000000002,False,1,0,0,0.5619216710390037,0.6300000000000002,0.7059999180459218,0.42000000000000004,0.6718408715590733,0.6400000000000002,0.6317637671032947,0.5500000000000002,0.7086625643370702,0.6200000000000002,0.5711923317421619,0.6000000000000002,0.4795957818736378,0.6400000000000002,0.640587986117937,0.5000000000000001
6906,I1,2025/2026,7,2025-10-19,Cagliari,Bologna,0.5886001942581217,0.5408086768930248,0.5385245975413173,compact_btts_form,0.6500000000000002,False,1,0,0,0.571851080871651,0.6300000000000002,0.7894249167669453,0.42000000000000004,0.8058986361561006,0.6400000000000002,0.647737371312967,0.5500000000000002,0.9321579911522547,0.6200000000000002,0.5886001942581217,0.6000000000000002,0.815096639891859,0.6400000000000002,0.9215489744745705,0.5000000000000001
6907,I1,2025/2026,7,2025-10-19,Genoa,Parma,0.4477504301700019,0.5226169908338789,0.5385245975413173,compact_btts_form,0.6500000000000002,False,0,0,1,0.35120165180043883,0.6300000000000002,0.6128115273752806,0.42000000000000004,0.506190842151514,0.6400000000000002,0.3228473159385296,0.5500000000000002,0.6388618379462695,0.6200000000000002,0.4477504301700019,0.6000000000000002,0.3096929910115749,0.6400000000000002,0.4185976212977792,0.5000000000000001
6908,I1,2025/2026,7,2025-10-19,Atalanta,Lazio,0.6362479645391842,0.5472212882278087,0.5385245975413173,compact_btts_form,0.6500000000000002,False,1,0,0,0.6552554766019456,0.6300000000000002,0.6102869663467655,0.42000000000000004,0.5959105621538756,0.6400000000000002,0.7180489833846289,0.5500000000000002,0.8646015312027413,0.6200000000000002,0.6362479645391842,0.6000000000000002,0.7919126201664453,0.6400000000000002,0.8695903744791968,0.5000000000000001
6909,I1,2025/2026,7,2025-10-19,Milan,Fiorentina,0.5458503552164092,0.5352361930080801,0.5385245975413173,compact_btts_form,0.6500000000000002,False,0,1,0,0.35889448001428215,0.6300000000000002,0.6284388075080067,0.42000000000000004,0.6775597783795312,0.6400000000000002,0.35995922982946804,0.5500000000000002,0.7489625361517541,0.6200000000000002,0.5458503552164092,0.6000000000000002,0.48848241509887413,0.6400000000000002,0.6435409339766223,0.5000000000000001
9118,D1,2025/2026,7,2025-10-19,Freiburg,Ein Frankfurt,0.7430261448286313,0.5631895418957266,0.5385245975413173,compact_btts_form,0.6500000000000002,False,1,1,1,0.7158146666710432,0.6300000000000002,0.8216311572640429,0.42000000000000004,0.9045539869939234,0.6400000000000002,0.7688474581316272,0.5500000000000002,0.8776899719670179,0.6200000000000002,0.7430261448286313,0.6000000000000002,0.6993303566135852,0.6400000000000002,0.914657381890079,0.5000000000000001
9119,D1,2025/2026,7,2025-10-19,St Pauli,Hoffenheim,0.6328067048829676,0.5467482151370953,0.5385245975413173,compact_btts_form,0.6500000000000002,False,1,0,0,0.6243783097439015,0.6300000000000002,0.5761893016256547,0.42000000000000004,0.632843590471113,0.6400000000000002,0.6331329440545471,0.5500000000000002,0.47332816451160936,0.6200000000000002,0.6328067048829676,0.6000000000000002,0.4786859555252577,0.6400000000000002,0.49078107261239606,0.5000000000000001
6910,I1,2025/2026,7,2025-10-20,Cremonese,Udinese,0.6145979313819214,0.5442731428211135,0.5385245975413173,compact_btts_form,0.6500000000000002,False,1,1,1,0.45672468121136,0.6300000000000002,0.7450586974169963,0.42000000000000004,0.6778278660421018,0.6400000000000002,0.46215274360048875,0.5500000000000002,0.7751509321260006,0.6200000000000002,0.6145979313819214,0.6000000000000002,0.6782593933144486,0.6400000000000002,0.7668026242362579,0.5000000000000001
16710,SP1,2025/2026,8,2025-10-03,Osasuna,Getafe,0.39779391360342103,0.5160365456390231,0.531480266349035,compact_btts_form,0.6500000000000002,False,0,1,0,0.3341777861658588,0.38,0.11275722856787662,0.5600000000000002,0.07811432800083554,0.6500000000000002,0.2626868395385074,0.45000000000000007,0.08333491460492407,0.6000000000000002,0.39779391360342103,0.39,0.09438390302080106,0.5900000000000002,0.027408995216867016,0.5700000000000002
16711,SP1,2025/2026,8,2025-10-04,Oviedo,Levante,0.5524243334537335,0.5360858825378609,0.531480266349035,compact_btts_form,0.6500000000000002,False,1,0,0,0.4311781672835393,0.38,0.5646857692484789,0.5600000000000002,0.6249449326406568,0.6500000000000002,0.2806678359635582,0.45000000000000007,0.5413035815579679,0.6000000000000002,0.5524243334537335,0.39,0.8141855449541207,0.5900000000000002,0.36343732486225827,0.5700000000000002
16712,SP1,2025/2026,8,2025-10-04,Girona,Valencia,0.48752658166531854,0.5277455895765514,0.531480266349035,compact_btts_form,0.6500000000000002,False,0,1,0,0.3975520448609072,0.38,0.6996987883749791,0.5600000000000002,0.7540820636113074,0.6500000000000002,0.45033370665401873,0.45000000000000007,0.44869382636500277,0.6000000000000002,0.48752658166531854,0.39,0.47587217509525626,0.5900000000000002,0.32170486707660256,0.5700000000000002
16713,SP1,2025/2026,8,2025-10-04,Ath Bilbao,Mallorca,0.2652526306117814,0.49660950521264674,0.531480266349035,compact_btts_form,0.6500000000000002,False,0,1,0,0.27841109913544904,0.38,0.37884886790935296,0.5600000000000002,0.15927178864567676,0.6500000000000002,0.1411318772555571,0.45000000000000007,0.3095504921560013,0.6000000000000002,0.2652526306117814,0.39,0.1459288701896928,0.5900000000000002,0.1718232037064559,0.5700000000000002
16714,SP1,2025/2026,8,2025-10-04,Real Madrid,Villarreal,0.7404449456176668,0.5627630298780715,0.531480266349035,compact_btts_form,0.6500000000000002,False,1,1,1,0.7382219535908827,0.38,0.7762163865515896,0.5600000000000002,0.8499345808338393,0.6500000000000002,0.8676632069971414,0.45000000000000007,0.8809835503027683,0.6000000000000002,0.7404449456176668,0.39,0.8450938555006142,0.5900000000000002,0.8258698197569185,0.5700000000000002
16715,SP1,2025/2026,8,2025-10-05,Alaves,Elche,0.337886827917327,0.5077412777212499,0.531480266349035,compact_btts_form,0.6500000000000002,False,0,1,0,0.302222281436022,0.38,0.45122368038482474,0.5600000000000002,0.34791601268936595,0.6500000000000002,0.2564707532219408,0.45000000000000007,0.18137773856233513,0.6000000000000002,0.337886827917327,0.39,0.18314489905523046,0.5900000000000002,0.09679088073690258,0.5700000000000002
16716,SP1,2025/2026,8,2025-10-05,Sevilla,Barcelona,0.7069736881831956,0.5574518960117444,0.531480266349035,compact_btts_form,0.6500000000000002,False,1,1,1,0.6236777724334525,0.38,0.649784811072434,0.5600000000000002,0.6160235865952738,0.6500000000000002,0.6391830566187103,0.45000000000000007,0.651502738163084,0.6000000000000002,0.7069736881831956,0.39,0.6412477744637174,0.5900000000000002,0.3897348445664551,0.5700000000000002
16717,SP1,2025/2026,8,2025-10-05,Espanol,Betis,0.6856766451057024,0.5542519426756529,0.531480266349035,compact_btts_form,0.6500000000000002,False,1,1,1,0.5693945205743437,0.38,0.6939507269082991,0.5600000000000002,0.7108217469987381,0.6500000000000002,0.5995540964091731,0.45000000000000007,0.5501760920923832,0.6000000000000002,0.6856766451057024,0.39,0.5958194937212886,0.5900000000000002,0.5392362909829398,0.5700000000000002
16718,SP1,2025/2026,8,2025-10-05,Sociedad,Vallecano,0.5787441629789248,0.5395124882147113,0.531480266349035,compact_btts_form,0.6500000000000002,False,1,0,0,0.42924788007723136,0.38,0.38284152230263196,0.5600000000000002,0.42149444822887466,0.6500000000000002,0.45032524677767566,0.45000000000000007,0.3030128192314851,0.6000000000000002,0.5787441629789248,0.39,0.44514723269292666,0.5900000000000002,0.3760536171525503,0.5700000000000002
16719,SP1,2025/2026,8,2025-10-05,Celta,Ath Madrid,0.5616202073426838,0.5372781486729372,0.531480266349035,compact_btts_form,0.6500000000000002,False,1,1,1,0.5045418189222641,0.38,0.5630261711854173,0.5600000000000002,0.5088870624506524,0.6500000000000002,0.42372777129267863,0.45000000000000007,0.4752852019015292,0.6000000000000002,0.5616202073426838,0.39,0.5161487803432995,0.5900000000000002,0.22589866109193374,0.5700000000000002
14117,F1,2025/2026,8,2025-10-17,Paris SG,Strasbourg,0.6691235530408357,0.5518426489754057,0.531480266349035,compact_btts_form,0.6500000000000002,False,1,1,1,0.7292608526431996,0.38,0.47858024167007907,0.5600000000000002,0.38159296612904425,0.6500000000000002,0.6664195204616693,0.45000000000000007,0.7111463625099931,0.6000000000000002,0.6691235530408357,0.39,0.6447241117906867,0.5900000000000002,0.5719044555003855,0.5700000000000002
11713,E0,2025/2026,8,2025-10-18,Nott'm Forest,Chelsea,0.5028179046130217,0.5297067295157458,0.531480266349035,compact_btts_form,0.6500000000000002,False,0,0,1,0.49538410247196013,0.38,0.6125554622210256,0.5600000000000002,0.6773908231339136,0.6500000000000002,0.5359524758263362,0.45000000000000007,0.36663964938508464,0.6000000000000002,0.5028179046130217,0.39,0.6938936242390296,0.5900000000000002,0.4796996866714396,0.5700000000000002
11714,E0,2025/2026,8,2025-10-18,Brighton,Newcastle,0.6236534447522951,0.545498377975507,0.531480266349035,compact_btts_form,0.6500000000000002,False,1,1,1,0.7167664180044504,0.38,0.42807450319784035,0.5600000000000002,0.5366597396562486,0.6500000000000002,0.7457799469847874,0.45000000000000007,0.37785344295455475,0.6000000000000002,0.6236534447522951,0.39,0.7666188037281848,0.5900000000000002,0.5060708924701289,0.5700000000000002
11715,E0,2025/2026,8,2025-10-18,Burnley,Leeds,0.5452148988580385,0.5351541633741207,0.531480266349035,compact_btts_form,0.6500000000000002,False,1,0,0,0.45143267123507896,0.38,0.5046072022688936,0.5600000000000002,0.4467701482458802,0.6500000000000002,0.4347222142089068,0.45000000000000007,0.3352516511032559,0.6000000000000002,0.5452148988580385,0.39,0.5960599395071882,0.5900000000000002,0.3872264370766043,0.5700000000000002
11716,E0,2025/2026,8,2025-10-18,Crystal Palace,Bournemouth,0.45941982357815014,0.5241281242346582,0.531480266349035,compact_btts_form,0.6500000000000002,False,0,1,0,0.45622467102531794,0.38,0.6041217370106539,0.5600000000000002,0.5437282909099203,0.6500000000000002,0.46699617968079216,0.45000000000000007,0.28250715712121677,0.6000000000000002,0.45941982357815014,0.39,0.4494865361409975,0.5900000000000002,0.3305515069441031,0.5700000000000002
11717,E0,2025/2026,8,2025-10-18,Man City,Everton,0.4624915986749213,0.5245248071773561,0.531480266349035,compact_btts_form,0.6500000000000002,False,0,0,1,0.42752939411027063,0.38,0.5299611737067828,0.5600000000000002,0.5660526907720297,0.6500000000000002,0.5198560245648363,0.45000000000000007,0.49338291331944667,0.6000000000000002,0.4624915986749213,0.39,0.5668336411052538,0.5900000000000002,0.4822242689423935,0.5700000000000002
11718,E0,2025/2026,8,2025-10-18,Sunderland,Wolves,0.5143245419676771,0.531182121543758,0.531480266349035,compact_btts_form,0.6500000000000002,False,0,0,1,0.4738146834145735,0.38,0.5486559246155269,0.5600000000000002,0.6053218027409943,0.6500000000000002,0.4046168003317243,0.45000000000000007,0.33321552449909964,0.6000000000000002,0.5143245419676771,0.39,0.5091049628006323,0.5900000000000002,0.3432913076389914,0.5700000000000002
11719,E0,2025/2026,8,2025-10-18,Fulham,Arsenal,0.49341757744925374,0.5285013790435562,0.531480266349035,compact_btts_form,0.6500000000000002,False,0,0,1,0.4102628423006192,0.38,0.47489421338245197,0.5600000000000002,0.4480150955848439,0.6500000000000002,0.36065009031758727,0.45000000000000007,0.48012913319813944,0.6000000000000002,0.49341757744925374,0.39,0.449892733373954,0.5900000000000002,0.33542429496363974,0.5700000000000002
14118,F1,2025/2026,8,2025-10-18,Nice,Lyon,0.6285527806883404,0.5461658687538016,0.531480266349035,compact_btts_form,0.6500000000000002,False,1,1,1,0.6770609513759532,0.38,0.5660792537910994,0.5600000000000002,0.6033268433144681,0.6500000000000002,0.6975078507350376,0.45000000000000007,0.5238572522862236,0.6000000000000002,0.6285527806883404,0.39,0.7067609995271877,0.5900000000000002,0.7066215802665811,0.5700000000000002
14119,F1,2025/2026,8,2025-10-18,Angers,Monaco,0.5277764195697862,0.5329088234439876,0.531480266349035,compact_btts_form,0.6500000000000002,False,1,1,1,0.6335803973424291,0.38,0.47401301276684527,0.5600000000000002,0.47582029177377194,0.6500000000000002,0.5591392740921677,0.45000000000000007,0.7317190334920218,0.6000000000000002,0.5277764195697862,0.39,0.5629358480395618,0.5900000000000002,0.7048645493955049,0.5700000000000002
14120,F1,2025/2026,8,2025-10-18,Marseille,Le Havre,0.4382676356638736,0.5213832803261129,0.531480266349035,compact_btts_form,0.6500000000000002,False,0,1,0,0.5442660939959302,0.38,0.500875035963068,0.5600000000000002,0.5298208683833523,0.6500000000000002,0.5420759836443865,0.45000000000000007,0.5869957601406723,0.6000000000000002,0.4382676356638736,0.39,0.8224228210115304,0.5900000000000002,0.6574213801568011,0.5700000000000002
11720,E0,2025/2026,8,2025-10-19,Tottenham,Aston Villa,0.5943673966975513,0.5415711541591499,0.531480266349035,compact_btts_form,0.6500000000000002,False,1,1,1,0.6081215438855312,0.38,0.5680844078917525,0.5600000000000002,0.636917218109815,0.6500000000000002,0.6906970465713923,0.45000000000000007,0.5261701332162103,0.6000000000000002,0.5943673966975513,0.39,0.5689024707701517,0.5900000000000002,0.5816404588156737,0.5700000000000002
11721,E0,2025/2026,8,2025-10-19,Liverpool,Man United,0.6221846991396212,0.5452989201013418,0.531480266349035,compact_btts_form,0.6500000000000002,False,1,1,1,0.5747931383322061,0.38,0.6939222298018451,0.5600000000000002,0.5770223677691875,0.6500000000000002,0.5598423285609238,0.45000000000000007,0.38367344187494606,0.6000000000000002,0.6221846991396212,0.39,0.6464712455908979,0.5900000000000002,0.38225946320540954,0.5700000000000002
14121,F1,2025/2026,8,2025-10-19,Lens,Paris FC,0.7641810553615599,0.5667937122469832,0.531480266349035,compact_btts_form,0.6500000000000002,False,1,1,1,0.7938720304795436,0.38,0.8851677266172062,0.5600000000000002,0.9053734593882184,0.6500000000000002,0.8029854084650982,0.45000000000000007,0.9731348165350379,0.6000000000000002,0.7641810553615599,0.39,0.9837779597674339,0.5900000000000002,0.976980156334698,0.5700000000000002
14122,F1,2025/2026,8,2025-10-19,Lorient,Brest,0.6955535119955129,0.5557208441552011,0.531480266349035,compact_btts_form,0.6500000000000002,False,1,1,1,0.7088570668461573,0.38,0.8697235846503119,0.5600000000000002,0.8528304798837086,0.6500000000000002,0.6832768865418366,0.45000000000000007,0.9233985535403195,0.6000000000000002,0.6955535119955129,0.39,0.9535598430971363,0.5900000000000002,0.9699887071676486,0.5700000000000002
14123,F1,2025/2026,8,2025-10-19,Rennes,Auxerre,0.5093084917738357,0.5305388770071799,0.531480266349035,compact_btts_form,0.6500000000000002,False,0,1,0,0.49864930750177444,0.38,0.458731619043602,0.5600000000000002,0.4013607153733801,0.6500000000000002,0.4539394659966881,0.45000000000000007,0.5548632531104808,0.6000000000000002,0.5093084917738357,0.39,0.4489257001504456,0.5900000000000002,0.4875684678322327,0.5700000000000002
14124,F1,2025/2026,8,2025-10-19,Toulouse,Metz,0.5166488445938033,0.531480266349035,0.531480266349035,compact_btts_form,0.6500000000000002,False,1,0,0,0.4907923496654835,0.38,0.4466473834695439,0.5600000000000002,0.33576108118998405,0.6500000000000002,0.38099168350438917,0.45000000000000007,0.5540723031946885,0.6000000000000002,0.5166488445938033,0.39,0.6280867923845371,0.5900000000000002,0.4060855277702473,0.5700000000000002
14125,F1,2025/2026,8,2025-10-19,Nantes,Lille,0.628073724712673,0.5461004525078097,0.531480266349035,compact_btts_form,0.6500000000000002,False,1,0,0,0.6222551668965122,0.38,0.6242130877151848,0.5600000000000002,0.6517402147835221,0.6500000000000002,0.6032287231954389,0.45000000000000007,0.8897064327200217,0.6000000000000002,0.628073724712673,0.39,0.6062310672906852,0.5900000000000002,0.7885374650229677,0.5700000000000002
11722,E0,2025/2026,8,2025-10-20,West Ham,Brentford,0.4855759328748191,0.5274952138328278,0.531480266349035,compact_btts_form,0.6500000000000002,False,0,0,1,0.5535702502643718,0.38,0.7136923529706215,0.5600000000000002,0.7636598831055869,0.6500000000000002,0.6067111368291042,0.45000000000000007,0.6400476358490986,0.6000000000000002,0.4855759328748191,0.39,0.8421745807072721,0.5900000000000002,0.7483158513718424,0.5700000000000002
6911,I1,2025/2026,8,2025-10-24,Milan,Pisa,0.387532348544379,0.5146538105470273,0.531480266349035,compact_btts_form,0.6500000000000002,False,0,1,0,0.3468284433737805,0.38,0.5112635666625833,0.5600000000000002,0.44761649817702814,0.6500000000000002,0.3997805904408286,0.45000000000000007,0.447627637257183,0.6000000000000002,0.387532348544379,0.39,0.3117570181553991,0.5900000000000002,0.38859238955044323,0.5700000000000002
9120,D1,2025/2026,8,2025-10-24,Werder Bremen,Union Berlin,0.6803865825815493,0.5534751455090929,0.531480266349035,compact_btts_form,0.6500000000000002,False,1,0,0,0.7021749015711249,0.38,0.6144384669416204,0.5600000000000002,0.533163303765962,0.6500000000000002,0.7273662386175211,0.45000000000000007,0.6186883842078734,0.6000000000000002,0.6803865825815493,0.39,0.5997707642358333,0.5900000000000002,0.7116179854693808,0.5700000000000002
6912,I1,2025/2026,8,2025-10-25,Parma,Como,0.5276203968383077,0.5328887757687055,0.531480266349035,compact_btts_form,0.6500000000000002,False,1,0,0,0.5669025764958978,0.38,0.6958751063257441,0.5600000000000002,0.7551413622218079,0.6500000000000002,0.6459275002181186,0.45000000000000007,0.7608536444733697,0.6000000000000002,0.5276203968383077,0.39,0.5942015461548781,0.5900000000000002,0.7930322725698554,0.5700000000000002
6913,I1,2025/2026,8,2025-10-25,Udinese,Lecce,0.311150667956676,0.5038172165627586,0.531480266349035,compact_btts_form,0.6500000000000002,False,0,1,0,0.24620011697002564,0.38,0.3388345836721655,0.5600000000000002,0.2929752057576554,0.6500000000000002,0.24873063757403943,0.45000000000000007,0.15478488594355463,0.6000000000000002,0.311150667956676,0.39,0.1418656330223442,0.5900000000000002,0.12453940041755482,0.5700000000000002
6914,I1,2025/2026,8,2025-10-25,Napoli,Inter,0.7128194555270533,0.5583526508965233,0.531480266349035,compact_btts_form,0.6500000000000002,False,1,1,1,0.6357492441908398,0.38,0.6959596327021977,0.5600000000000002,0.6681679664971407,0.6500000000000002,0.7358782434594366,0.45000000000000007,0.8580427909630148,0.6000000000000002,0.7128194555270533,0.39,0.507671563178627,0.5900000000000002,0.835996788488356,0.5700000000000002
6915,I1,2025/2026,8,2025-10-25,Cremonese,Atalanta,0.6021914274447404,0.5426108107831151,0.531480266349035,compact_btts_form,0.6500000000000002,False,1,1,1,0.5430410405593441,0.38,0.6421161254054588,0.5600000000000002,0.6847103169581775,0.6500000000000002,0.5665972174149876,0.45000000000000007,0.8020587298484021,0.6000000000000002,0.6021914274447404,0.39,0.3907328942853039,0.5900000000000002,0.7837177736529647,0.5700000000000002
9121,D1,2025/2026,8,2025-10-25,Augsburg,RB Leipzig,0.8248185276852724,0.5785556129168266,0.531480266349035,compact_btts_form,0.6500000000000002,False,1,0,0,0.8459709410927512,0.38,0.8332051670020522,0.5600000000000002,0.7875531434941062,0.6500000000000002,0.8600265402928851,0.45000000000000007,0.9028124101428051,0.6000000000000002,0.8248185276852724,0.39,0.9042263020696373,0.5900000000000002,0.9286329978423138,0.5700000000000002
9122,D1,2025/2026,8,2025-10-25,Ein Frankfurt,St Pauli,0.6688793110274828,0.5518075542530156,0.531480266349035,compact_btts_form,0.6500000000000002,False,1,0,0,0.7248779184219218,0.38,0.7749331798961485,0.5600000000000002,0.7535559433882696,0.6500000000000002,0.7596081224050096,0.45000000000000007,0.8832310253547717,0.6000000000000002,0.6688793110274828,0.39,0.9047239566651326,0.5900000000000002,0.9317995531156855,0.5700000000000002
9123,D1,2025/2026,8,2025-10-25,Hamburg,Wolfsburg,0.7732865387918891,0.568411091484237,0.531480266349035,compact_btts_form,0.6500000000000002,False,1,0,0,0.7807045377394911,0.38,0.856637167821589,0.5600000000000002,0.9283750595083409,0.6500000000000002,0.8424890609413237,0.45000000000000007,0.8748358998712512,0.6000000000000002,0.7732865387918891,0.39,0.8166116582592109,0.5900000000000002,0.8930354263762066,0.5700000000000002
9124,D1,2025/2026,8,2025-10-25,Hoffenheim,Heidenheim,0.7095990791772845,0.5578551542263174,0.531480266349035,compact_btts_form,0.6500000000000002,False,1,1,1,0.7184237832027974,0.38,0.6130138106028813,0.5600000000000002,0.6435670139676491,0.6500000000000002,0.767653134629376,0.45000000000000007,0.8600572881991065,0.6000000000000002,0.7095990791772845,0.39,0.9200249632306606,0.5900000000000002,0.9237348655452128,0.5700000000000002
9125,D1,2025/2026,8,2025-10-25,M'gladbach,Bayern Munich,0.7189442583138724,0.5593078099182058,0.531480266349035,compact_btts_form,0.6500000000000002,False,1,0,0,0.6825548570524529,0.38,0.9170026273430228,0.5600000000000002,0.9296482500506865,0.6500000000000002,0.7630126974401863,0.45000000000000007,0.9171904807694056,0.6000000000000002,0.7189442583138724,0.39,0.881960907456697,0.5900000000000002,0.9353410970604717,0.5700000000000002
9126,D1,2025/2026,8,2025-10-25,Dortmund,FC Koln,0.6438664677181135,0.5482752292273455,0.531480266349035,compact_btts_form,0.6500000000000002,False,1,0,0,0.7127322215554152,0.38,0.8407728963239487,0.5600000000000002,0.7750696248997498,0.6500000000000002,0.7109531653763725,0.45000000000000007,0.8419747843625087,0.6000000000000002,0.6438664677181135,0.39,0.7108496928536837,0.5900000000000002,0.8043275389559605,0.5700000000000002
6916,I1,2025/2026,8,2025-10-26,Torino,Genoa,0.32202043830865335,0.5054330822353479,0.531480266349035,compact_btts_form,0.6500000000000002,False,0,1,0,0.2539234425228248,0.38,0.5376916238529091,0.5600000000000002,0.45822841868268216,0.6500000000000002,0.2026206205533523,0.45000000000000007,0.33374865156546313,0.6000000000000002,0.32202043830865335,0.39,0.22551315098618838,0.5900000000000002,0.34557350758216904,0.5700000000000002
6917,I1,2025/2026,8,2025-10-26,Sassuolo,Roma,0.42891896290555304,0.5201610079195347,0.531480266349035,compact_btts_form,0.6500000000000002,False,0,0,1,0.42425025418154577,0.38,0.5761242953326006,0.5600000000000002,0.5453995750836977,0.6500000000000002,0.4160904240862077,0.45000000000000007,0.6145143352562197,0.6000000000000002,0.42891896290555304,0.39,0.32343790842499504,0.5900000000000002,0.4998218253606257,0.5700000000000002
6918,I1,2025/2026,8,2025-10-26,Verona,Cagliari,0.387223540997954,0.514611993448871,0.531480266349035,compact_btts_form,0.6500000000000002,False,0,1,0,0.36541092583823,0.38,0.20381076771987128,0.5600000000000002,0.14064462500885605,0.6500000000000002,0.39643244478541523,0.45000000000000007,0.09084582109872356,0.6000000000000002,0.387223540997954,0.39,0.07157878762370996,0.5900000000000002,0.19426994666133654,0.5700000000000002
6919,I1,2025/2026,8,2025-10-26,Fiorentina,Bologna,0.580936816330644,0.5398001439764564,0.531480266349035,compact_btts_form,0.6500000000000002,False,1,1,1,0.5377973016487996,0.38,0.7901606883951531,0.5600000000000002,0.8016697545626044,0.6500000000000002,0.5809192182935939,0.45000000000000007,0.9000637986511415,0.6000000000000002,0.580936816330644,0.39,0.8787116682779204,0.5900000000000002,0.9239375662995619,0.5700000000000002
6920,I1,2025/2026,8,2025-10-26,Lazio,Juventus,0.559018339408173,0.5369403328111527,0.531480266349035,compact_btts_form,0.6500000000000002,False,1,0,0,0.5626490362880376,0.38,0.7394520971375687,0.5600000000000002,0.7185099368113634,0.6500000000000002,0.6152600594909728,0.45000000000000007,0.8781519890961713,0.6000000000000002,0.559018339408173,0.39,0.704364051667125,0.5900000000000002,0.8237853682293811,0.5700000000000002
9127,D1,2025/2026,8,2025-10-26,Leverkusen,Freiburg,0.683831346973175,0.5539802165051023,0.531480266349035,compact_btts_form,0.6500000000000002,False,1,0,0,0.7350615633389251,0.38,0.519512325737127,0.5600000000000002,0.5707840006968634,0.6500000000000002,0.7738325747094695,0.45000000000000007,0.7122553348019716,0.6000000000000002,0.683831346973175,0.39,0.8872445751302495,0.5900000000000002,0.8506790045164204,0.5700000000000002
9128,D1,2025/2026,8,2025-10-26,Stuttgart,Mainz,0.6744522674430846,0.5526115029872914,0.531480266349035,compact_btts_form,0.6500000000000002,False,1,1,1,0.6913455509875437,0.38,0.848078322879125,0.5600000000000002,0.8334369600747935,0.6500000000000002,0.6926336837011928,0.45000000000000007,0.9185387823607404,0.6000000000000002,0.6744522674430846,0.39,0.8413327506010195,0.5900000000000002,0.8797949934074057,0.5700000000000002
16720,SP1,2025/2026,9,2025-10-17,Oviedo,Espanol,0.5056083824351977,0.530064481285226,0.5264190255040375,compact_btts_form,0.6500000000000002,False,1,0,0,0.38518094500725925,0.35,0.4507404527676276,0.41000000000000003,0.5972558686671274,0.6300000000000002,0.34497563544712306,0.38,0.3717053211755205,0.35,0.5056083824351977,0.35,0.7279937529191747,0.5200000000000001,0.470630182117194,0.4
16721,SP1,2025/2026,9,2025-10-18,Sevilla,Mallorca,0.4160808455975692,0.5184710881829682,0.5264190255040375,compact_btts_form,0.6500000000000002,False,0,1,0,0.294933436493105,0.35,0.31921432164359154,0.41000000000000003,0.46297928189909837,0.6300000000000002,0.37337543235135373,0.38,0.19200945845952094,0.35,0.4160808455975692,0.35,0.2543352308127877,0.5200000000000001,0.16657184689858048,0.4
16722,SP1,2025/2026,9,2025-10-18,Barcelona,Girona,0.6628107231874982,0.5509395301255475,0.5264190255040375,compact_btts_form,0.6500000000000002,False,1,1,1,0.5592662395147634,0.35,0.7956692888470396,0.41000000000000003,0.7913957606132367,0.6300000000000002,0.6594766657773231,0.38,0.7371009055825504,0.35,0.6628107231874982,0.35,0.9194418254141539,0.5200000000000001,0.8026301126510673,0.4
16723,SP1,2025/2026,9,2025-10-18,Villarreal,Betis,0.7321020091988168,0.561402301283818,0.5264190255040375,compact_btts_form,0.6500000000000002,False,1,1,1,0.6163499318709206,0.35,0.7163827974588163,0.41000000000000003,0.7613840213719355,0.6300000000000002,0.6831098098480258,0.38,0.6030598745924302,0.35,0.7321020091988168,0.35,0.8337176842085395,0.5200000000000001,0.6617648945896176,0.4
16724,SP1,2025/2026,9,2025-10-18,Ath Madrid,Osasuna,0.3699241277440326,0.5122482507738306,0.5264190255040375,compact_btts_form,0.6500000000000002,False,0,0,1,0.2928342913281804,0.35,0.39937374349336313,0.41000000000000003,0.2504044600629393,0.6300000000000002,0.19193045050751192,0.38,0.44877069102584727,0.35,0.3699241277440326,0.35,0.5341335550680968,0.5200000000000001,0.14855346548540746,0.4
16725,SP1,2025/2026,9,2025-10-19,Elche,Ath Bilbao,0.42582644427669053,0.5197552115936753,0.5264190255040375,compact_btts_form,0.6500000000000002,False,0,0,1,0.33915944525651315,0.35,0.0790798033659067,0.41000000000000003,0.05742555017240903,0.6300000000000002,0.19294903090301732,0.38,0.12204484842584003,0.35,0.42582644427669053,0.35,0.11725649974130035,0.5200000000000001,0.030862658797370414,0.4
16726,SP1,2025/2026,9,2025-10-19,Celta,Sociedad,0.5193528133608374,0.5318272008655508,0.5264190255040375,compact_btts_form,0.6500000000000002,False,1,1,1,0.4552087019182966,0.35,0.7624049602037406,0.41000000000000003,0.6610663848535298,0.6300000000000002,0.3790675297447084,0.38,0.566663169815438,0.35,0.5193528133608374,0.35,0.6264967168335355,0.5200000000000001,0.49009735697168255,0.4
16727,SP1,2025/2026,9,2025-10-19,Levante,Vallecano,0.6976689532117966,0.5560387652373645,0.5264190255040375,compact_btts_form,0.6500000000000002,False,1,0,0,0.5773298036505196,0.35,0.7656731312886473,0.41000000000000003,0.871225901170973,0.6300000000000002,0.6684384775781628,0.38,0.8776354984256867,0.35,0.6976689532117966,0.35,0.9276141187601193,0.5200000000000001,0.9128587410529566,0.4
16728,SP1,2025/2026,9,2025-10-19,Getafe,Real Madrid,0.39919798257300054,0.5162247543361798,0.5264190255040375,compact_btts_form,0.6500000000000002,False,0,0,1,0.3289865170400084,0.35,0.46112888170478117,0.41000000000000003,0.5607359460043949,0.6300000000000002,0.316304151986654,0.38,0.6725232543080573,0.35,0.39919798257300054,0.35,0.42385268824787964,0.5200000000000001,0.2638380543042839,0.4
16729,SP1,2025/2026,9,2025-10-20,Alaves,Valencia,0.2817053679355894,0.49927343956514697,0.5264190255040375,compact_btts_form,0.6500000000000002,False,0,0,1,0.24012657263967757,0.35,0.4895742397204858,0.41000000000000003,0.40789397792889714,0.6300000000000002,0.21470036544079726,0.38,0.1697614685229875,0.35,0.2817053679355894,0.35,0.15632529703450343,0.5200000000000001,0.10344563233312966,0.4
11723,E0,2025/2026,9,2025-10-24,Leeds,West Ham,0.47304018098913925,0.5258841833653112,0.5264190255040375,compact_btts_form,0.6500000000000002,False,0,1,0,0.41000887297558036,0.35,0.45327456073348804,0.41000000000000003,0.3260348025350563,0.6300000000000002,0.25796151923788946,0.38,0.5667359216155187,0.35,0.47304018098913925,0.35,0.56541843950253,0.5200000000000001,0.3826801681218098,0.4
14126,F1,2025/2026,9,2025-10-24,Paris FC,Nantes,0.5630683100495805,0.5374663390080243,0.5264190255040375,compact_btts_form,0.6500000000000002,False,1,1,1,0.6506500957466507,0.35,0.5542640383150246,0.41000000000000003,0.6641203826037593,0.6300000000000002,0.6039216771004348,0.38,0.7631038225392093,0.35,0.5630683100495805,0.35,0.6922956673306971,0.5200000000000001,0.7921226011436362,0.4
11724,E0,2025/2026,9,2025-10-25,Chelsea,Sunderland,0.4802961557709712,0.5268171535269687,0.5264190255040375,compact_btts_form,0.6500000000000002,False,1,1,1,0.5941108923997329,0.35,0.3910885502723589,0.41000000000000003,0.5116924875061533,0.6300000000000002,0.6619753575957034,0.38,0.5177158332217364,0.35,0.4802961557709712,0.35,0.8560954761208879,0.5200000000000001,0.6139840506942865,0.4
11725,E0,2025/2026,9,2025-10-25,Newcastle,Fulham,0.43060045306814165,0.5203813322024676,0.5264190255040375,compact_btts_form,0.6500000000000002,False,0,1,0,0.32855003177504283,0.35,0.583240168740937,0.41000000000000003,0.613969716427362,0.6300000000000002,0.31274770990523987,0.38,0.380636777132197,0.35,0.43060045306814165,0.35,0.38738731845008983,0.5200000000000001,0.31674420243562657,0.4
11726,E0,2025/2026,9,2025-10-25,Man United,Brighton,0.6607312640189174,0.5506438013363374,0.5264190255040375,compact_btts_form,0.6500000000000002,False,1,1,1,0.707721298687146,0.35,0.6299361663024333,0.41000000000000003,0.6101732554773992,0.6300000000000002,0.7378575633303204,0.38,0.38378916967005405,0.35,0.6607312640189174,0.35,0.6990465075155096,0.5200000000000001,0.4165425689423913,0.4
11727,E0,2025/2026,9,2025-10-25,Brentford,Liverpool,0.6043365771599136,0.5428969833288733,0.5264190255040375,compact_btts_form,0.6500000000000002,False,1,1,1,0.5534277363363317,0.35,0.6906637638548832,0.41000000000000003,0.7070739232518349,0.6300000000000002,0.6020248464242302,0.38,0.565787414574092,0.35,0.6043365771599136,0.35,0.7413426951139721,0.5200000000000001,0.6620366878403903,0.4
14127,F1,2025/2026,9,2025-10-25,Brest,Paris SG,0.6097718975648555,0.543624382145543,0.5264190255040375,compact_btts_form,0.6500000000000002,False,1,0,0,0.6765043947376744,0.35,0.63054818966171,0.41000000000000003,0.6079118877605942,0.6300000000000002,0.7219440489528206,0.38,0.9100353813690675,0.35,0.6097718975648555,0.35,0.6420991366610903,0.5200000000000001,0.8064094720137883,0.4
14128,F1,2025/2026,9,2025-10-25,Monaco,Toulouse,0.8068884434281401,0.5748048721969483,0.5264190255040375,compact_btts_form,0.6500000000000002,False,1,0,0,0.7872796741675278,0.35,0.6853926128327354,0.41000000000000003,0.6066959016784998,0.6300000000000002,0.7788184044946965,0.38,0.9077452546241884,0.35,0.8068884434281401,0.35,0.9301300100878199,0.5200000000000001,0.9194466674173217,0.4
14129,F1,2025/2026,9,2025-10-25,Lens,Marseille,0.7343609000491518,0.5617681048867312,0.5264190255040375,compact_btts_form,0.6500000000000002,False,1,1,1,0.83641664369878,0.35,0.8760818402350649,0.41000000000000003,0.8414280541682012,0.6300000000000002,0.8204632904105587,0.38,0.966870013312808,0.35,0.7343609000491518,0.35,0.982498367343888,0.5200000000000001,0.9852394204026662,0.4
11728,E0,2025/2026,9,2025-10-26,Arsenal,Crystal Palace,0.4900683188392139,0.52807174157678,0.5264190255040375,compact_btts_form,0.6500000000000002,False,1,0,0,0.5050108941319227,0.35,0.4272769325794473,0.41000000000000003,0.31435425744809997,0.6300000000000002,0.3750533536902362,0.38,0.4734554976407177,0.35,0.4900683188392139,0.35,0.6102164837963159,0.5200000000000001,0.25496961686503,0.4
11729,E0,2025/2026,9,2025-10-26,Aston Villa,Man City,0.5981597077046615,0.5420742915015566,0.5264190255040375,compact_btts_form,0.6500000000000002,False,1,0,0,0.6284657290319319,0.35,0.7175049177056548,0.41000000000000003,0.7665361621067207,0.6300000000000002,0.6557197186604058,0.38,0.7574856998632552,0.35,0.5981597077046615,0.35,0.7405242993241589,0.5200000000000001,0.6116708456480348,0.4
11730,E0,2025/2026,9,2025-10-26,Bournemouth,Nott'm Forest,0.3671714104362292,0.5118680247909563,0.5264190255040375,compact_btts_form,0.6500000000000002,False,0,0,1,0.37360486451752023,0.35,0.39659534185400713,0.41000000000000003,0.437094049900702,0.6300000000000002,0.41042087832961566,0.38,0.1615751123502604,0.35,0.3671714104362292,0.35,0.30395162555123306,0.5200000000000001,0.23753039533016312,0.4
11731,E0,2025/2026,9,2025-10-26,Wolves,Burnley,0.2787153278716815,0.4987966196942575,0.5264190255040375,compact_btts_form,0.6500000000000002,False,0,1,0,0.27193047414825317,0.35,0.24028419371358373,0.41000000000000003,0.17091237806722295,0.6300000000000002,0.21053879796075795,0.38,0.08130932383872516,0.35,0.2787153278716815,0.35,0.16593994379383875,0.5200000000000001,0.0646131052403208,0.4
11732,E0,2025/2026,9,2025-10-26,Everton,Tottenham,0.5420757648101386,0.5347491854018996,0.5264190255040375,compact_btts_form,0.6500000000000002,False,1,0,0,0.53700218639559,0.35,0.4871274691638992,0.41000000000000003,0.528576767361965,0.6300000000000002,0.5724002094891234,0.38,0.3081674833866302,0.35,0.5420757648101386,0.35,0.692552565062482,0.5200000000000001,0.5313476542940277,0.4
14130,F1,2025/2026,9,2025-10-26,Lille,Metz,0.419321282033644,0.5188989980767877,0.5264190255040375,compact_btts_form,0.6500000000000002,False,0,1,0,0.5873890249163173,0.35,0.584624046775437,0.41000000000000003,0.6423182669251597,0.6300000000000002,0.5852840889408122,0.38,0.7472832786005555,0.35,0.419321282033644,0.35,0.5910340607279667,0.5200000000000001,0.5787066617732076,0.4
14131,F1,2025/2026,9,2025-10-26,Angers,Lorient,0.47719842988349814,0.5264190255040375,0.5264190255040375,compact_btts_form,0.6500000000000002,False,1,0,0,0.6546359285699401,0.35,0.33759693804770086,0.41000000000000003,0.32396135618698874,0.6300000000000002,0.6227518390197785,0.38,0.5767794555635514,0.35,0.47719842988349814,0.35,0.5306805598762433,0.5200000000000001,0.5637692465543953,0.4
14132,F1,2025/2026,9,2025-10-26,Auxerre,Le Havre,0.5906232568548168,0.5410757885149713,0.5264190255040375,compact_btts_form,0.6500000000000002,False,1,0,0,0.6024587537910497,0.35,0.589380322698616,0.41000000000000003,0.5923225202610743,0.6300000000000002,0.5586339464841859,0.38,0.7474827379254901,0.35,0.5906232568548168,0.35,0.7326489855268036,0.5200000000000001,0.5417342104287233,0.4
14133,F1,2025/2026,9,2025-10-26,Rennes,Nice,0.6455854766775375,0.548514350390545,0.5264190255040375,compact_btts_form,0.6500000000000002,False,1,1,1,0.6756443884002218,0.35,0.7156445985054528,0.41000000000000003,0.7500580827741958,0.6300000000000002,0.7255237009652545,0.38,0.8320943824405517,0.35,0.6455854766775375,0.35,0.5970274433036687,0.5200000000000001,0.7987199525819024,0.4
14134,F1,2025/2026,9,2025-10-26,Lyon,Strasbourg,0.7812253660112372,0.5698578787467988,0.5264190255040375,compact_btts_form,0.6500000000000002,False,1,1,1,0.8149288551614732,0.35,0.8144170128822332,0.41000000000000003,0.7914011444114021,0.6300000000000002,0.8029432050335856,0.38,0.9176915432752094,0.35,0.7812253660112372,0.35,0.8943617194765391,0.5200000000000001,0.9016543025615603,0.4
6921,I1,2025/2026,9,2025-10-28,Lecce,Napoli,0.46178477243882843,0.5244335654364358,0.5264190255040375,compact_btts_form,0.6500000000000002,False,0,0,1,0.32146586341464967,0.35,0.5145847285891929,0.41000000000000003,0.5343046086503397,0.6300000000000002,0.28288041146052867,0.38,0.7391728952395078,0.35,0.46178477243882843,0.35,0.42663832262368645,0.5200000000000001,0.5874292573557007,0.4
6922,I1,2025/2026,9,2025-10-28,Atalanta,Milan,0.5924217131960695,0.5413135648347737,0.5264190255040375,compact_btts_form,0.6500000000000002,False,1,1,1,0.5188753427063113,0.35,0.754376023188121,0.41000000000000003,0.6941400084000262,0.6300000000000002,0.5747111132758298,0.38,0.5845106009516288,0.35,0.5924217131960695,0.35,0.6527096423990864,0.5200000000000001,0.7066699270222722,0.4
6923,I1,2025/2026,9,2025-10-29,Como,Verona,0.46394643120010776,0.5247125404625355,0.5264190255040375,compact_btts_form,0.6500000000000002,False,0,1,0,0.4035859606271285,0.35,0.6081660721512702,0.41000000000000003,0.6345600033840795,0.6300000000000002,0.43134585808659553,0.38,0.4687795677455158,0.35,0.46394643120010776,0.35,0.4352784441710068,0.5200000000000001,0.4975628104650157,0.4
6924,I1,2025/2026,9,2025-10-29,Juventus,Udinese,0.38009234854870294,0.5136427690148305,0.5264190255040375,compact_btts_form,0.6500000000000002,False,0,1,0,0.28979334764922904,0.35,0.3748343552294268,0.41000000000000003,0.2496183922198102,0.6300000000000002,0.2554961783795666,0.38,0.230580347099374,0.35,0.38009234854870294,0.35,0.25458592227624266,0.5200000000000001,0.17379891638749387,0.4
6925,I1,2025/2026,9,2025-10-29,Roma,Parma,0.30710773326515534,0.5032083688998765,0.5264190255040375,compact_btts_form,0.6500000000000002,False,0,1,0,0.2393730015039454,0.35,0.3317041375464571,0.41000000000000003,0.2625984447329249,0.6300000000000002,0.2124190850059614,0.38,0.222107083071262,0.35,0.30710773326515534,0.35,0.19032874215857631,0.5200000000000001,0.14451715065224416,0.4
6926,I1,2025/2026,9,2025-10-29,Bologna,Torino,0.4290842548775358,0.520182675785299,0.5264190255040375,compact_btts_form,0.6500000000000002,False,0,0,1,0.3166435311487852,0.35,0.7679133258894177,0.41000000000000003,0.7987131744136293,0.6300000000000002,0.32982521362814077,0.38,0.737820952768363,0.35,0.4290842548775358,0.35,0.5185506134159295,0.5200000000000001,0.7731880612863876,0.4
6927,I1,2025/2026,9,2025-10-29,Genoa,Cremonese,0.30821522829710524,0.5033755923980705,0.5264190255040375,compact_btts_form,0.6500000000000002,False,0,0,1,0.28681763681033867,0.35,0.5393716975849836,0.41000000000000003,0.5355636980981359,0.6300000000000002,0.2847165510291426,0.38,0.2751635114284626,0.35,0.30821522829710524,0.35,0.13237581021950823,0.5200000000000001,0.22862316879564137,0.4
6928,I1,2025/2026,9,2025-10-29,Inter,Fiorentina,0.4870963174426091,0.527690368618373,0.5264190255040375,compact_btts_form,0.6500000000000002,False,1,0,0,0.3057415520260266,0.35,0.40843983831866154,0.41000000000000003,0.36950644133064453,0.6300000000000002,0.27053858043466866,0.38,0.3667379937309479,0.35,0.4870963174426091,0.35,0.30499973580799355,0.5200000000000001,0.28841682690547743,0.4
6929,I1,2025/2026,9,2025-10-30,Cagliari,Sassuolo,0.4913680892373376,0.5282384904505398,0.5264190255040375,compact_btts_form,0.6500000000000002,False,1,1,1,0.5421726537425814,0.35,0.5712947548245217,0.41000000000000003,0.49233471702105464,0.6300000000000002,0.5751259443532948,0.38,0.4686278263357764,0.35,0.4913680892373376,0.35,0.5898852503134657,0.5200000000000001,0.5731732322739173,0.4
6930,I1,2025/2026,9,2025-10-30,Pisa,Lazio,0.41734563382383666,0.5186382225627181,0.5264190255040375,compact_btts_form,0.6500000000000002,False,0,0,1,0.44146178583598794,0.35,0.6190487654730483,0.41000000000000003,0.5961596775984872,0.6300000000000002,0.4477667769699186,0.38,0.546500366050118,0.35,0.41734563382383666,0.35,0.46545418192006693,0.5200000000000001,0.6153327801996311,0.4
9129,D1,2025/2026,9,2025-10-31,Augsburg,Dortmund,0.6737904027168491,0.5525156701072067,0.5264190255040375,compact_btts_form,0.6500000000000002,False,1,0,0,0.6970538793572524,0.35,0.7389027364684075,0.41000000000000003,0.6391186568246469,0.6300000000000002,0.6635001183420635,0.38,0.7548574099134518,0.35,0.6737904027168491,0.35,0.6877630543281269,0.5200000000000001,0.7900019341458236,0.4
9130,D1,2025/2026,9,2025-11-01,Heidenheim,Ein Frankfurt,0.6949734751304387,0.5556338823521978,0.5264190255040375,compact_btts_form,0.6500000000000002,False,1,1,1,0.6890029572448809,0.35,0.8371907409143691,0.41000000000000003,0.8526353601532619,0.6300000000000002,0.7331783384115064,0.38,0.7603613731023129,0.35,0.6949734751304387,0.35,0.5908934379202313,0.5200000000000001,0.8579763660287906,0.4
9131,D1,2025/2026,9,2025-11-01,Mainz,Werder Bremen,0.6938925307069851,0.5554720601925821,0.5264190255040375,compact_btts_form,0.6500000000000002,False,1,1,1,0.6995292449080034,0.35,0.7235241063940965,0.41000000000000003,0.790817638238071,0.6300000000000002,0.7550005145695118,0.38,0.8016220922229833,0.35,0.6938925307069851,0.35,0.41722985057455997,0.5200000000000001,0.8450778519702029,0.4
9132,D1,2025/2026,9,2025-11-01,RB Leipzig,Stuttgart,0.8518570462283944,0.5848134386834174,0.5264190255040375,compact_btts_form,0.6500000000000002,False,1,1,1,0.8709464937985316,0.35,0.9619692799009489,0.41000000000000003,0.9743079438088077,0.6300000000000002,0.9088417178275446,0.38,0.9925690761853443,0.35,0.8518570462283944,0.35,0.9828214015114569,0.5200000000000001,0.9926739817096439,0.4
9133,D1,2025/2026,9,2025-11-01,St Pauli,M'gladbach,0.5558537426602587,0.5365299739594623,0.5264190255040375,compact_btts_form,0.6500000000000002,False,1,0,0,0.6066763970522426,0.35,0.5530538601039983,0.41000000000000003,0.5615729616280334,0.6300000000000002,0.59335539547805,0.38,0.5772303946914947,0.35,0.5558537426602587,0.35,0.45063227639028736,0.5200000000000001,0.5898128837319981,0.4
9134,D1,2025/2026,9,2025-11-01,Union Berlin,Freiburg,0.6616266933303537,0.5507710396459191,0.5264190255040375,compact_btts_form,0.6500000000000002,False,1,0,0,0.67395733033592,0.35,0.41213943209032444,0.41000000000000003,0.5092285716133594,0.6300000000000002,0.7208298619659874,0.38,0.6486016295208139,0.35,0.6616266933303537,0.35,0.5186177634156687,0.5200000000000001,0.6531115497250148,0.4
9135,D1,2025/2026,9,2025-11-01,Bayern Munich,Leverkusen,0.7944254502305906,0.5723470690727634,0.5264190255040375,compact_btts_form,0.6500000000000002,False,1,0,0,0.8070631591426983,0.35,0.8852453434873634,0.41000000000000003,0.9038811488391829,0.6300000000000002,0.8668561376403585,0.38,0.9276675402220854,0.35,0.7944254502305906,0.35,0.9058130658980109,0.5200000000000001,0.9720822147510384,0.4
9136,D1,2025/2026,9,2025-11-02,FC Koln,Hamburg,0.7917521924979117,0.5718339925458358,0.5264190255040375,compact_btts_form,0.6500000000000002,False,1,1,1,0.8383724569947463,0.35,0.8777844739205268,0.41000000000000003,0.8978098883233419,0.6300000000000002,0.8790998451960998,0.38,0.9414424854307295,0.35,0.7917521924979117,0.35,0.9588836943630648,0.5200000000000001,0.9711573999108353,0.4
9137,D1,2025/2026,9,2025-11-02,Wolfsburg,Hoffenheim,0.74723533056967,0.5638909172059431,0.5264190255040375,compact_btts_form,0.6500000000000002,False,1,1,1,0.7850094622524748,0.35,0.8778948856937167,0.41000000000000003,0.8972945551148673,0.6300000000000002,0.8103140009917187,0.38,0.9448229493199889,0.35,0.74723533056967,0.35,0.9271857176710318,0.5200000000000001,0.9266494416374801,0.4
16730,SP1,2025/2026,10,2025-10-24,Sociedad,Sevilla,0.5447334208902646,0.5350920218707759,0.5278859373887856,compact_btts_form,0.6500000000000002,False,1,1,1,0.4795019577532307,0.37,0.2853288523841879,0.6500000000000002,0.3464924799993971,0.5400000000000001,0.47655087033985083,0.6100000000000002,0.16768494950297913,0.6300000000000002,0.5447334208902646,0.6200000000000002,0.3424134249650306,0.6200000000000002,0.1566129646708697,0.6400000000000002
16731,SP1,2025/2026,10,2025-10-25,Girona,Oviedo,0.5556315372250767,0.5365011807935832,0.5278859373887856,compact_btts_form,0.6500000000000002,False,1,1,1,0.43084427550983745,0.37,0.7038977253324393,0.6500000000000002,0.7805831218488971,0.5400000000000001,0.49685952555899304,0.6100000000000002,0.7861174404673201,0.6300000000000002,0.5556315372250767,0.6200000000000002,0.7790323887850302,0.6200000000000002,0.4917947615029515,0.6400000000000002
16732,SP1,2025/2026,10,2025-10-25,Espanol,Elche,0.39828481070798044,0.5161023740230457,0.5278859373887856,compact_btts_form,0.6500000000000002,False,0,0,1,0.4629227048185724,0.37,0.35889284923851117,0.6500000000000002,0.39505431932576773,0.5400000000000001,0.5746909744117286,0.6100000000000002,0.2923403280939388,0.6300000000000002,0.39828481070798044,0.6200000000000002,0.15965790955376236,0.6200000000000002,0.23010637744185944,0.6400000000000002
16733,SP1,2025/2026,10,2025-10-25,Ath Bilbao,Getafe,0.17663786891205488,0.4798807271905403,0.5278859373887856,compact_btts_form,0.6500000000000002,False,0,0,1,0.2755765213682381,0.37,0.11846839013793184,0.6500000000000002,0.03671392958664677,0.5400000000000001,0.16506600952684047,0.6100000000000002,0.057137422376800716,0.6300000000000002,0.17663786891205488,0.6200000000000002,0.048535226694975966,0.6200000000000002,0.029025907904954372,0.6400000000000002
16734,SP1,2025/2026,10,2025-10-25,Valencia,Villarreal,0.6480679546947136,0.5488605598966055,0.5278859373887856,compact_btts_form,0.6500000000000002,False,1,0,0,0.6136708780014187,0.37,0.8699826287133336,0.6500000000000002,0.9186671352406863,0.5400000000000001,0.6854666913152079,0.6100000000000002,0.9265795505356769,0.6300000000000002,0.6480679546947136,0.6200000000000002,0.8843030726891364,0.6200000000000002,0.9023402227205659,0.6400000000000002
16735,SP1,2025/2026,10,2025-10-26,Mallorca,Levante,0.4931470120858765,0.5284666762461532,0.5278859373887856,compact_btts_form,0.6500000000000002,False,1,1,1,0.42695853087208624,0.37,0.7119446618254814,0.6500000000000002,0.6995660630080058,0.5400000000000001,0.4057476395990933,0.6100000000000002,0.7612579850741162,0.6300000000000002,0.4931470120858765,0.6200000000000002,0.5847651754185437,0.6200000000000002,0.2679917785471623,0.6400000000000002
16736,SP1,2025/2026,10,2025-10-26,Real Madrid,Barcelona,0.8935015020411031,0.5965637415122607,0.5278859373887856,compact_btts_form,0.6500000000000002,False,1,1,1,0.8604623779795015,0.37,0.9342754364372869,0.6500000000000002,0.9384803032813536,0.5400000000000001,0.9255999237408509,0.6100000000000002,0.9421657383183866,0.6300000000000002,0.8935015020411031,0.6200000000000002,0.9595363967203925,0.6200000000000002,0.9239831560783138,0.6400000000000002
16737,SP1,2025/2026,10,2025-10-26,Osasuna,Celta,0.4523909012994068,0.5232187600165396,0.5278859373887856,compact_btts_form,0.6500000000000002,False,0,1,0,0.5078631164834866,0.37,0.336830257717406,0.6500000000000002,0.1657859263636216,0.5400000000000001,0.34109374303694245,0.6100000000000002,0.20542579786491358,0.6300000000000002,0.4523909012994068,0.6200000000000002,0.2964609340171584,0.6200000000000002,0.13077087355622846,0.6400000000000002
16738,SP1,2025/2026,10,2025-10-26,Vallecano,Alaves,0.27819319613503657,0.49871303526625893,0.5278859373887856,compact_btts_form,0.6500000000000002,False,0,0,1,0.28294574531493366,0.37,0.4672142698948233,0.6500000000000002,0.37417864498498143,0.5400000000000001,0.23391212263314484,0.6100000000000002,0.39772730950857726,0.6300000000000002,0.27819319613503657,0.6200000000000002,0.3358282467259276,0.6200000000000002,0.3524326545439298,0.6400000000000002
16739,SP1,2025/2026,10,2025-10-27,Betis,Ath Madrid,0.5761687001791432,0.5391750969408716,0.5278859373887856,compact_btts_form,0.6500000000000002,False,1,0,0,0.5806435966321123,0.37,0.8583838662432502,0.6500000000000002,0.8814911407288671,0.5400000000000001,0.5614570243361253,0.6100000000000002,0.9027191809786977,0.6300000000000002,0.5761687001791432,0.6200000000000002,0.9411362753219129,0.6200000000000002,0.8673247476167301,0.6400000000000002
14135,F1,2025/2026,10,2025-10-29,Le Havre,Brest,0.7325897108881637,0.5614811186214435,0.5278859373887856,compact_btts_form,0.6500000000000002,False,1,0,0,0.7069546434371731,0.37,0.7741100098213677,0.6500000000000002,0.7933567029142431,0.5400000000000001,0.7228258375072395,0.6100000000000002,0.8287462454962341,0.6300000000000002,0.7325897108881637,0.6200000000000002,0.7298600347218551,0.6200000000000002,0.8721414212487195,0.6400000000000002
14136,F1,2025/2026,10,2025-10-29,Lorient,Paris SG,0.536970632414158,0.534091382855586,0.5278859373887856,compact_btts_form,0.6500000000000002,False,1,1,1,0.6585935352260509,0.37,0.6312755969999769,0.6500000000000002,0.6623867263608925,0.5400000000000001,0.6594352030575024,0.6100000000000002,0.9080593161615995,0.6300000000000002,0.536970632414158,0.6200000000000002,0.7172568042958661,0.6200000000000002,0.880371577097712,0.6400000000000002
14137,F1,2025/2026,10,2025-10-29,Metz,Lens,0.5493702402862963,0.5356908892133492,0.5278859373887856,compact_btts_form,0.6500000000000002,False,1,0,0,0.661444472621083,0.37,0.5730842190040214,0.6500000000000002,0.5276988275208137,0.5400000000000001,0.6606950914062327,0.6100000000000002,0.7436274187855489,0.6300000000000002,0.5493702402862963,0.6200000000000002,0.6315552342532788,0.6200000000000002,0.6862419017065281,0.6400000000000002
14138,F1,2025/2026,10,2025-10-29,Nice,Lille,0.7737560598855022,0.5684956785124496,0.5278859373887856,compact_btts_form,0.6500000000000002,False,1,0,0,0.8009436084855355,0.37,0.7097078361108343,0.6500000000000002,0.8194649871044517,0.5400000000000001,0.8575960694037604,0.6100000000000002,0.8854607262982438,0.6300000000000002,0.7737560598855022,0.6200000000000002,0.9268739753040274,0.6200000000000002,0.9366081221902305,0.6400000000000002
14139,F1,2025/2026,10,2025-10-29,Marseille,Angers,0.4527301352973508,0.5232627053642135,0.5278859373887856,compact_btts_form,0.6500000000000002,False,0,1,0,0.5274956556036023,0.37,0.4241636350998703,0.6500000000000002,0.5279018714469992,0.5400000000000001,0.5854934993998028,0.6100000000000002,0.5510984373513821,0.6300000000000002,0.4527301352973508,0.6200000000000002,0.47788371244095734,0.6200000000000002,0.7030361278479161,0.6400000000000002
14140,F1,2025/2026,10,2025-10-29,Nantes,Monaco,0.6595985618641897,0.5504830714107005,0.5278859373887856,compact_btts_form,0.6500000000000002,False,1,1,1,0.7478854542982468,0.37,0.8429456772252498,0.6500000000000002,0.8330669729215749,0.5400000000000001,0.7040563606880192,0.6100000000000002,0.9681745525471761,0.6300000000000002,0.6595985618641897,0.6200000000000002,0.9149200720543221,0.6200000000000002,0.9394715953290269,0.6400000000000002
14141,F1,2025/2026,10,2025-10-29,Paris FC,Lyon,0.7029976910845805,0.5568450447066192,0.5278859373887856,compact_btts_form,0.6500000000000002,False,1,1,1,0.7176277198227397,0.37,0.6447325104260434,0.6500000000000002,0.7477419907746414,0.5400000000000001,0.7199238732371608,0.6100000000000002,0.5778599219012033,0.6300000000000002,0.7029976910845805,0.6200000000000002,0.6620495905834132,0.6200000000000002,0.769809444706496,0.6400000000000002
14142,F1,2025/2026,10,2025-10-29,Strasbourg,Auxerre,0.6418447148038902,0.5479946254486125,0.5278859373887856,compact_btts_form,0.6500000000000002,False,1,0,0,0.6527694487788293,0.37,0.5854172572110937,0.6500000000000002,0.5090865466540508,0.5400000000000001,0.6288214812529714,0.6100000000000002,0.8263127760289773,0.6300000000000002,0.6418447148038902,0.6200000000000002,0.7779399308271682,0.6200000000000002,0.7551557747312033,0.6400000000000002
14143,F1,2025/2026,10,2025-10-29,Toulouse,Rennes,0.6846559388208434,0.5541015382963219,0.5278859373887856,compact_btts_form,0.6500000000000002,False,1,1,1,0.7135402925915908,0.37,0.6203235606450677,0.6500000000000002,0.5501746683491057,0.5400000000000001,0.6980826931659737,0.6100000000000002,0.8066975832513351,0.6300000000000002,0.6846559388208434,0.6200000000000002,0.7924813584114601,0.6200000000000002,0.8496275720219875,0.6400000000000002
6931,I1,2025/2026,10,2025-11-01,Udinese,Atalanta,0.5453058005643228,0.5351658966163396,0.5278859373887856,compact_btts_form,0.6500000000000002,False,1,0,0,0.49723583517733116,0.37,0.4397944054457029,0.6500000000000002,0.3925536437563507,0.5400000000000001,0.46816359483973663,0.6100000000000002,0.3539285409472067,0.6300000000000002,0.5453058005643228,0.6200000000000002,0.3330165385424706,0.6200000000000002,0.4036518549423562,0.6400000000000002
6932,I1,2025/2026,10,2025-11-01,Napoli,Como,0.5376518569171863,0.5341791055883423,0.5278859373887856,compact_btts_form,0.6500000000000002,False,1,0,0,0.5712109957845343,0.37,0.5568453023616615,0.6500000000000002,0.6103019982166934,0.5400000000000001,0.6409626834455096,0.6100000000000002,0.7444307170464317,0.6300000000000002,0.5376518569171863,0.6200000000000002,0.6202177307994845,0.6200000000000002,0.7148104309834243,0.6400000000000002
6933,I1,2025/2026,10,2025-11-01,Cremonese,Juventus,0.5617757086869575,0.5372983509950151,0.5278859373887856,compact_btts_form,0.6500000000000002,False,1,1,1,0.4716612609381922,0.37,0.8619813721937856,0.6500000000000002,0.8205797525869843,0.5400000000000001,0.4459443535000874,0.6100000000000002,0.9763434891577991,0.6300000000000002,0.5617757086869575,0.6200000000000002,0.8711871982454436,0.6200000000000002,0.9449101236935656,0.6400000000000002
11733,E0,2025/2026,10,2025-11-01,Brighton,Leeds,0.4886202329420802,0.5278859373887856,0.5278859373887856,compact_btts_form,0.6500000000000002,False,1,0,0,0.5124711017496734,0.37,0.5455956408014152,0.6500000000000002,0.6185270375842006,0.5400000000000001,0.5451606651327923,0.6100000000000002,0.3595331186401692,0.6300000000000002,0.4886202329420802,0.6200000000000002,0.7139893247720617,0.6200000000000002,0.46481944716234475,0.6400000000000002
11734,E0,2025/2026,10,2025-11-01,Burnley,Arsenal,0.3985057309136699,0.516131989869995,0.5278859373887856,compact_btts_form,0.6500000000000002,False,0,0,1,0.3888358700062535,0.37,0.3144053211913488,0.6500000000000002,0.2745401751558393,0.5400000000000001,0.32515626944099907,0.6100000000000002,0.4329171913929268,0.6300000000000002,0.3985057309136699,0.6200000000000002,0.20974637071590466,0.6200000000000002,0.2049128332800085,0.6400000000000002
11735,E0,2025/2026,10,2025-11-01,Crystal Palace,Brentford,0.6060896299775294,0.5431312249183954,0.5278859373887856,compact_btts_form,0.6500000000000002,False,1,0,0,0.6127356959034166,0.37,0.7972883513088537,0.6500000000000002,0.8507197108835086,0.5400000000000001,0.6458137459982308,0.6100000000000002,0.8230658116168845,0.6300000000000002,0.6060896299775294,0.6200000000000002,0.8952459314923187,0.6200000000000002,0.8250061751231572,0.6400000000000002
11736,E0,2025/2026,10,2025-11-01,Fulham,Wolves,0.43836796257755034,0.5213963633390724,0.5278859373887856,compact_btts_form,0.6500000000000002,False,0,0,1,0.3762540341816401,0.37,0.4767487620455415,0.6500000000000002,0.4976146173938038,0.5400000000000001,0.35518426037231615,0.6100000000000002,0.3483863026904646,0.6300000000000002,0.43836796257755034,0.6200000000000002,0.6033879533254524,0.6200000000000002,0.32350801125056966,0.6400000000000002
11737,E0,2025/2026,10,2025-11-01,Nott'm Forest,Man United,0.49997444364568366,0.5293421766783806,0.5278859373887856,compact_btts_form,0.6500000000000002,False,1,1,1,0.6150783226363749,0.37,0.6171133204668712,0.6500000000000002,0.5084267593176449,0.5400000000000001,0.5701264275220393,0.6100000000000002,0.44973088772715564,0.6300000000000002,0.49997444364568366,0.6200000000000002,0.7483488320230055,0.6200000000000002,0.4426416293635973,0.6400000000000002
11738,E0,2025/2026,10,2025-11-01,Tottenham,Chelsea,0.4756800873529345,0.5262237913142994,0.5278859373887856,compact_btts_form,0.6500000000000002,False,0,0,1,0.5389420112538953,0.37,0.67016159352391,0.6500000000000002,0.6708686020000646,0.5400000000000001,0.580833778019926,0.6100000000000002,0.445619455189795,0.6300000000000002,0.4756800873529345,0.6200000000000002,0.7421083722859231,0.6200000000000002,0.571894464316276,0.6400000000000002
11739,E0,2025/2026,10,2025-11-01,Liverpool,Aston Villa,0.6426591886362274,0.548107586977767,0.5278859373887856,compact_btts_form,0.6500000000000002,False,1,0,0,0.6737617029223993,0.37,0.6953177551905029,0.6500000000000002,0.787747404727886,0.5400000000000001,0.7357800767728694,0.6100000000000002,0.6457529648181999,0.6300000000000002,0.6426591886362274,0.6200000000000002,0.7247618695893168,0.6200000000000002,0.6575857774197632,0.6400000000000002
6934,I1,2025/2026,10,2025-11-02,Verona,Inter,0.4401996427584297,0.5216351018895631,0.5278859373887856,compact_btts_form,0.6500000000000002,False,0,1,0,0.41900065390491603,0.37,0.28586722158009337,0.6500000000000002,0.2237252813082767,0.5400000000000001,0.45437707233937125,0.6100000000000002,0.1859848122332647,0.6300000000000002,0.4401996427584297,0.6200000000000002,0.05142033431987242,0.6200000000000002,0.1972385745161901,0.6400000000000002
6935,I1,2025/2026,10,2025-11-02,Fiorentina,Lecce,0.3537687387168114,0.5099988219948994,0.5278859373887856,compact_btts_form,0.6500000000000002,False,0,0,1,0.30755569345138806,0.37,0.5016763425617102,0.6500000000000002,0.45503616940361996,0.5400000000000001,0.3508959886022547,0.6100000000000002,0.4491373169573514,0.6300000000000002,0.3537687387168114,0.6200000000000002,0.2587866617994394,0.6200000000000002,0.32500255303754344,0.6400000000000002
6936,I1,2025/2026,10,2025-11-02,Torino,Pisa,0.4088140183831227,0.5175078330866856,0.5278859373887856,compact_btts_form,0.6500000000000002,False,0,1,0,0.3796046250808101,0.37,0.520212740564994,0.6500000000000002,0.5011691412225048,0.5400000000000001,0.44903534962205344,0.6100000000000002,0.3205025579305346,0.6300000000000002,0.4088140183831227,0.6200000000000002,0.48778424584151997,0.6200000000000002,0.4512940851198032,0.6400000000000002
6937,I1,2025/2026,10,2025-11-02,Parma,Bologna,0.42195441448572135,0.5192460133544485,0.5278859373887856,compact_btts_form,0.6500000000000002,False,0,1,0,0.40798557538120234,0.37,0.78514812101512,0.6500000000000002,0.8056944299687865,0.5400000000000001,0.4946299899946841,0.6100000000000002,0.7912501773185375,0.6300000000000002,0.42195441448572135,0.6200000000000002,0.7604422431845383,0.6200000000000002,0.8941960070820307,0.6400000000000002
6938,I1,2025/2026,10,2025-11-02,Milan,Roma,0.564837398795621,0.5376964190746204,0.5278859373887856,compact_btts_form,0.6500000000000002,False,1,0,0,0.5617295936450628,0.37,0.3957051992529224,0.6500000000000002,0.33810581266941503,0.5400000000000001,0.6379425714425497,0.6100000000000002,0.49869394354555685,0.6300000000000002,0.564837398795621,0.6200000000000002,0.45917679903797853,0.6200000000000002,0.5580217908454865,0.6400000000000002
11740,E0,2025/2026,10,2025-11-02,West Ham,Newcastle,0.41266583919219446,0.5180190576712541,0.5278859373887856,compact_btts_form,0.6500000000000002,False,0,1,0,0.5407360132303008,0.37,0.6726391479564267,0.6500000000000002,0.6852020762937352,0.5400000000000001,0.4587433878623251,0.6100000000000002,0.7594049611124873,0.6300000000000002,0.41266583919219446,0.6200000000000002,0.7575090234350598,0.6200000000000002,0.509197606500432,0.6400000000000002
11741,E0,2025/2026,10,2025-11-02,Man City,Bournemouth,0.40572403318650285,0.5170966225299849,0.5278859373887856,compact_btts_form,0.6500000000000002,False,0,1,0,0.4794530650947511,0.37,0.6516734741760717,0.6500000000000002,0.6680518081745781,0.5400000000000001,0.5321359482755795,0.6100000000000002,0.4827422798220068,0.6300000000000002,0.40572403318650285,0.6200000000000002,0.6459039495391575,0.6200000000000002,0.42485707209489776,0.6400000000000002
6939,I1,2025/2026,10,2025-11-03,Sassuolo,Genoa,0.3602907980429672,0.5109122495179513,0.5278859373887856,compact_btts_form,0.6500000000000002,False,0,1,0,0.2931685972968354,0.37,0.5564207686698853,0.6500000000000002,0.5827665610171123,0.5400000000000001,0.2649659177435158,0.6100000000000002,0.23592695712386622,0.6300000000000002,0.3602907980429672,0.6200000000000002,0.293588610051594,0.6200000000000002,0.4015704100771303,0.6400000000000002
6940,I1,2025/2026,10,2025-11-03,Lazio,Cagliari,0.45097233884372884,0.5230349288985545,0.5278859373887856,compact_btts_form,0.6500000000000002,False,0,0,1,0.4245726320260402,0.37,0.3808841107436024,0.6500000000000002,0.3035462732221083,0.5400000000000001,0.42957829709604267,0.6100000000000002,0.4158910494943058,0.6300000000000002,0.45097233884372884,0.6200000000000002,0.24534623651307755,0.6200000000000002,0.24876278318552375,0.6400000000000002
11742,E0,2025/2026,10,2025-11-03,Sunderland,Everton,0.4338992279265409,0.5208129409845422,0.5278859373887856,compact_btts_form,0.6500000000000002,False,0,1,0,0.43314315448857915,0.37,0.6349031887388896,0.6500000000000002,0.6265656079070903,0.5400000000000001,0.3873318700200982,0.6100000000000002,0.38044180552065404,0.6300000000000002,0.4338992279265409,0.6200000000000002,0.5108095268172894,0.6200000000000002,0.472743064122176,0.6400000000000002
9138,D1,2025/2026,10,2025-11-07,Werder Bremen,Wolfsburg,0.7422734693619486,0.5630648935437012,0.5278859373887856,compact_btts_form,0.6500000000000002,False,1,1,1,0.7635189237135341,0.37,0.7795820796873579,0.6500000000000002,0.8302135951327708,0.5400000000000001,0.8433614704432598,0.6100000000000002,0.8243726999378993,0.6300000000000002,0.7422734693619486,0.6200000000000002,0.6987692547148304,0.6200000000000002,0.8850772317838942,0.6400000000000002
9139,D1,2025/2026,10,2025-11-08,Hamburg,Dortmund,0.5892321837568268,0.5408920801550932,0.5278859373887856,compact_btts_form,0.6500000000000002,False,1,1,1,0.7011657532481774,0.37,0.7970202969847409,0.6500000000000002,0.7663939737592681,0.5400000000000001,0.7330094793517867,0.6100000000000002,0.7537393451503426,0.6300000000000002,0.5892321837568268,0.6200000000000002,0.40538040388940544,0.6200000000000002,0.7817403655687027,0.6400000000000002
9140,D1,2025/2026,10,2025-11-08,Hoffenheim,RB Leipzig,0.8451523890331251,0.5831829582414128,0.5278859373887856,compact_btts_form,0.6500000000000002,False,1,1,1,0.9054490734635232,0.37,0.8087873858565547,0.6500000000000002,0.8457388080126619,0.5400000000000001,0.9435654218023243,0.6100000000000002,0.9386363643556773,0.6300000000000002,0.8451523890331251,0.6200000000000002,0.8452621448756941,0.6200000000000002,0.9597544076566247,0.6400000000000002
9141,D1,2025/2026,10,2025-11-08,Leverkusen,Heidenheim,0.6961391090200307,0.5558087306528242,0.5278859373887856,compact_btts_form,0.6500000000000002,False,1,0,0,0.732764143755563,0.37,0.6545910001427253,0.6500000000000002,0.6217220467442062,0.5400000000000001,0.7524516123232651,0.6100000000000002,0.8563611029969427,0.6300000000000002,0.6961391090200307,0.6200000000000002,0.8148665780066848,0.6200000000000002,0.8733789298342722,0.6400000000000002
9142,D1,2025/2026,10,2025-11-08,Union Berlin,Bayern Munich,0.5771710224113323,0.5393063421499128,0.5278859373887856,compact_btts_form,0.6500000000000002,False,1,1,1,0.6143663520612193,0.37,0.6085067222956543,0.6500000000000002,0.6013895690607424,0.5400000000000001,0.681664266013822,0.6100000000000002,0.8158552174729681,0.6300000000000002,0.5771710224113323,0.6200000000000002,0.49511788715983207,0.6200000000000002,0.7898534724511408,0.6400000000000002
9143,D1,2025/2026,10,2025-11-08,M'gladbach,FC Koln,0.7165283996711271,0.5589296243944863,0.5278859373887856,compact_btts_form,0.6500000000000002,False,1,1,1,0.7805791578212617,0.37,0.6619760097885414,0.6500000000000002,0.6279224023801964,0.5400000000000001,0.8662207315929666,0.6100000000000002,0.8347709050580258,0.6300000000000002,0.7165283996711271,0.6200000000000002,0.6563748268222055,0.6200000000000002,0.8630383788912639,0.6400000000000002
9144,D1,2025/2026,10,2025-11-09,Freiburg,St Pauli,0.5316181341589624,0.5334026491823214,0.5278859373887856,compact_btts_form,0.6500000000000002,False,1,1,1,0.5994356105047864,0.37,0.6774622677787135,0.6500000000000002,0.6594123146830093,0.5400000000000001,0.5397333226183485,0.6100000000000002,0.906630067557167,0.6300000000000002,0.5316181341589624,0.6200000000000002,0.5107760310555193,0.6200000000000002,0.8581755470363931,0.6400000000000002
9145,D1,2025/2026,10,2025-11-09,Stuttgart,Augsburg,0.6248620632588003,0.5456627307142357,0.5278859373887856,compact_btts_form,0.6500000000000002,False,1,1,1,0.6616546270795719,0.37,0.8347211016882147,0.6500000000000002,0.8013319805635427,0.5400000000000001,0.6629821199682654,0.6100000000000002,0.8796090335467422,0.6300000000000002,0.6248620632588003,0.6200000000000002,0.7418888498358275,0.6200000000000002,0.9113275681473296,0.6400000000000002
9146,D1,2025/2026,10,2025-11-09,Ein Frankfurt,Mainz,0.7000886726556599,0.556403908455079,0.5278859373887856,compact_btts_form,0.6500000000000002,False,1,0,0,0.647956820685935,0.37,0.8608349650339543,0.6500000000000002,0.8387247411988193,0.5400000000000001,0.6522931359590509,0.6100000000000002,0.9202000163116373,0.6300000000000002,0.7000886726556599,0.6200000000000002,0.8676316618019384,0.6200000000000002,0.935407713482504,0.6400000000000002
16740,SP1,2025/2026,11,2025-10-31,Getafe,Girona,0.4541357052001493,0.5234447229525987,0.52450818126131,compact_btts_form,0.6500000000000002,False,0,1,0,0.2947863119953247,0.5100000000000001,0.6480667207765692,0.5500000000000002,0.46394839866531584,0.6500000000000002,0.11742827879744965,0.5700000000000002,0.5455060420364364,0.5300000000000001,0.4541357052001493,0.45000000000000007,0.42420981642024147,0.6100000000000002,0.2664584609970615,0.5400000000000001
14144,F1,2025/2026,11,2025-11-01,Paris SG,Nice,0.6357242406090979,0.5471491745839032,0.52450818126131,compact_btts_form,0.6500000000000002,False,1,0,0,0.7155513754142585,0.5100000000000001,0.4920669479223132,0.5500000000000002,0.5652296864042007,0.6500000000000002,0.6889739571046282,0.5700000000000002,0.5844868603940636,0.5300000000000001,0.6357242406090979,0.45000000000000007,0.552682048945107,0.6100000000000002,0.5569290009692984,0.5400000000000001
14145,F1,2025/2026,11,2025-11-01,Monaco,Paris FC,0.7892193354327711,0.5713521819370382,0.52450818126131,compact_btts_form,0.6500000000000002,False,1,0,0,0.8681468742347764,0.5100000000000001,0.6056335111038492,0.5500000000000002,0.567357061398645,0.6500000000000002,0.885372430407877,0.5700000000000002,0.8427410694488687,0.5300000000000001,0.7892193354327711,0.45000000000000007,0.9406470055952507,0.6100000000000002,0.8785889219915951,0.5400000000000001
14146,F1,2025/2026,11,2025-11-01,Auxerre,Marseille,0.6273940468910854,0.5460076970461359,0.52450818126131,compact_btts_form,0.6500000000000002,False,1,0,0,0.7924337876326703,0.5100000000000001,0.6650748741338716,0.5500000000000002,0.6608201149076471,0.6500000000000002,0.8142406162530281,0.5700000000000002,0.9292903014979651,0.5300000000000001,0.6273940468910854,0.45000000000000007,0.7870881917631726,0.6100000000000002,0.8826121704929157,0.5400000000000001
16741,SP1,2025/2026,11,2025-11-01,Villarreal,Vallecano,0.5868473943067009,0.5405775498730144,0.52450818126131,compact_btts_form,0.6500000000000002,False,1,0,0,0.48535956291717475,0.5100000000000001,0.5701615542742045,0.5500000000000002,0.5945932911677938,0.6500000000000002,0.5574312429946926,0.5700000000000002,0.3845352828549609,0.5300000000000001,0.5868473943067009,0.45000000000000007,0.6277756486786976,0.6100000000000002,0.4301742375141801,0.5400000000000001
16742,SP1,2025/2026,11,2025-11-01,Ath Madrid,Sevilla,0.4259550296453184,0.5197720998708533,0.52450818126131,compact_btts_form,0.6500000000000002,False,0,0,1,0.3014156152670757,0.5100000000000001,0.32693427406930997,0.5500000000000002,0.3869017114690994,0.6500000000000002,0.32449024391429326,0.5700000000000002,0.1787465916483176,0.5300000000000001,0.4259550296453184,0.45000000000000007,0.3675023673325826,0.6100000000000002,0.15602121018611936,0.5400000000000001
16743,SP1,2025/2026,11,2025-11-01,Sociedad,Ath Bilbao,0.42192120784236536,0.5192416409151605,0.52450818126131,compact_btts_form,0.6500000000000002,False,0,1,0,0.38708055019533805,0.5100000000000001,0.19373918842359053,0.5500000000000002,0.1415983040270342,0.6500000000000002,0.22544197544687725,0.5700000000000002,0.14500781056731896,0.5300000000000001,0.42192120784236536,0.45000000000000007,0.24072678467057196,0.6100000000000002,0.06357781005678599,0.5400000000000001
16744,SP1,2025/2026,11,2025-11-01,Real Madrid,Valencia,0.5165239961451893,0.531464250025293,0.52450818126131,compact_btts_form,0.6500000000000002,False,1,0,0,0.5354358883626322,0.5100000000000001,0.5497914477169444,0.5500000000000002,0.564039407999285,0.6500000000000002,0.5304835699824519,0.5700000000000002,0.5776849029913811,0.5300000000000001,0.5165239961451893,0.45000000000000007,0.4524755931522452,0.6100000000000002,0.24722563918490592,0.5400000000000001
14147,F1,2025/2026,11,2025-11-02,Rennes,Strasbourg,0.6501582118498097,0.5491528987031977,0.52450818126131,compact_btts_form,0.6500000000000002,False,1,1,1,0.7526429257258864,0.5100000000000001,0.7509682621610231,0.5500000000000002,0.6750816255808493,0.6500000000000002,0.7439995647598436,0.5700000000000002,0.7672766369796176,0.5300000000000001,0.6501582118498097,0.45000000000000007,0.720154843384453,0.6100000000000002,0.7252065560350998,0.5400000000000001
14148,F1,2025/2026,11,2025-11-02,Lens,Lorient,0.5551008635017584,0.5364324272621133,0.52450818126131,compact_btts_form,0.6500000000000002,False,1,0,0,0.680629343361355,0.5100000000000001,0.46696738223579876,0.5500000000000002,0.40594146352533617,0.6500000000000002,0.6393199585943402,0.5700000000000002,0.7331081626824313,0.5300000000000001,0.5551008635017584,0.45000000000000007,0.8628482646668172,0.6100000000000002,0.7509558566717061,0.5400000000000001
14149,F1,2025/2026,11,2025-11-02,Lille,Angers,0.3062816361110298,0.5030834152444305,0.52450818126131,compact_btts_form,0.6500000000000002,False,0,0,1,0.5061475465015419,0.5100000000000001,0.5059530318402676,0.5500000000000002,0.6431739871075463,0.6500000000000002,0.5176217589744866,0.5700000000000002,0.8052869597422498,0.5300000000000001,0.3062816361110298,0.45000000000000007,0.6682846377988565,0.6100000000000002,0.7404892890380668,0.5400000000000001
14150,F1,2025/2026,11,2025-11-02,Nantes,Metz,0.5180131463687376,0.5316553009124049,0.52450818126131,compact_btts_form,0.6500000000000002,False,1,0,0,0.524021734416555,0.5100000000000001,0.6734132581360527,0.5500000000000002,0.7009451724997608,0.6500000000000002,0.5784218130497032,0.5700000000000002,0.6450920423166023,0.5300000000000001,0.5180131463687376,0.45000000000000007,0.6531847532949717,0.6100000000000002,0.6152295511612769,0.5400000000000001
14151,F1,2025/2026,11,2025-11-02,Toulouse,Le Havre,0.46236278972949907,0.52450818126131,0.52450818126131,compact_btts_form,0.6500000000000002,False,1,0,0,0.5475075522435489,0.5100000000000001,0.38463021413130977,0.5500000000000002,0.31416903577259303,0.6500000000000002,0.49994042178349624,0.5700000000000002,0.35830182619631495,0.5300000000000001,0.46236278972949907,0.45000000000000007,0.4745827621906189,0.6100000000000002,0.3831051053663924,0.5400000000000001
14152,F1,2025/2026,11,2025-11-02,Brest,Lyon,0.5829273147507291,0.5400616189887711,0.52450818126131,compact_btts_form,0.6500000000000002,False,1,0,0,0.6620139874201428,0.5100000000000001,0.6988461991053662,0.5500000000000002,0.759719228123058,0.6500000000000002,0.7231181923601557,0.5700000000000002,0.759843743734966,0.5300000000000001,0.5829273147507291,0.45000000000000007,0.6866425526697709,0.6100000000000002,0.792297737720561,0.5400000000000001
16745,SP1,2025/2026,11,2025-11-02,Levante,Celta,0.6141648667843028,0.5442148106234307,0.52450818126131,compact_btts_form,0.6500000000000002,False,1,1,1,0.6404551807962536,0.5100000000000001,0.6762290639933978,0.5500000000000002,0.6638121185611112,0.6500000000000002,0.5042485046826661,0.5700000000000002,0.7426399076987705,0.5300000000000001,0.6141648667843028,0.45000000000000007,0.6614438126054435,0.6100000000000002,0.6152624854379701,0.5400000000000001
16746,SP1,2025/2026,11,2025-11-02,Alaves,Espanol,0.47823994922455526,0.5265529117609592,0.52450818126131,compact_btts_form,0.6500000000000002,False,1,1,1,0.34008944074266245,0.5100000000000001,0.47528974011679903,0.5500000000000002,0.5733864789541917,0.6500000000000002,0.3631733391395373,0.5700000000000002,0.30214346869463415,0.5300000000000001,0.47823994922455526,0.45000000000000007,0.3382479982454683,0.6100000000000002,0.2539859054345435,0.5400000000000001
16747,SP1,2025/2026,11,2025-11-02,Barcelona,Elche,0.5896298444940299,0.5409445779273945,0.52450818126131,compact_btts_form,0.6500000000000002,False,1,1,1,0.6493389090497836,0.5100000000000001,0.8255939467957989,0.5500000000000002,0.8211704922762825,0.6500000000000002,0.7116478678831007,0.5700000000000002,0.9102524997683659,0.5300000000000001,0.5896298444940299,0.45000000000000007,0.9283841724742897,0.6100000000000002,0.8451392045241569,0.5400000000000001
16748,SP1,2025/2026,11,2025-11-02,Betis,Mallorca,0.4105188639978553,0.5177342889476072,0.52450818126131,compact_btts_form,0.6500000000000002,False,0,0,1,0.38632141534925996,0.5100000000000001,0.5083045013263102,0.5500000000000002,0.5614271633618133,0.6500000000000002,0.35108464457137517,0.5700000000000002,0.4885808775402137,0.5300000000000001,0.4105188639978553,0.45000000000000007,0.6249111089688926,0.6100000000000002,0.3540596163993714,0.5400000000000001
16749,SP1,2025/2026,11,2025-11-03,Oviedo,Osasuna,0.4054476861417064,0.5170597976325746,0.52450818126131,compact_btts_form,0.6500000000000002,False,0,0,1,0.34964466947085715,0.5100000000000001,0.5511300540283155,0.5500000000000002,0.645220331043891,0.6500000000000002,0.307449507183737,0.5700000000000002,0.37347618215203343,0.5300000000000001,0.4054476861417064,0.45000000000000007,0.6796355181150648,0.6100000000000002,0.4567035297004849,0.5400000000000001
6941,I1,2025/2026,11,2025-11-07,Pisa,Cremonese,0.31504305722835313,0.5043992963292676,0.52450818126131,compact_btts_form,0.6500000000000002,False,0,0,1,0.33506474188953683,0.5100000000000001,0.4811167857814437,0.5500000000000002,0.42668156285301073,0.6500000000000002,0.3564445748122359,0.5700000000000002,0.16215263062938642,0.5300000000000001,0.31504305722835313,0.45000000000000007,0.09816497656366298,0.6100000000000002,0.23621460107108244,0.5400000000000001
6942,I1,2025/2026,11,2025-11-08,Como,Cagliari,0.4565049389020703,0.5237513056832985,0.52450818126131,compact_btts_form,0.6500000000000002,False,0,0,1,0.43082982352692256,0.5100000000000001,0.4453650279872731,0.5500000000000002,0.5141797330007748,0.6500000000000002,0.4698883918754547,0.5700000000000002,0.4611467946295497,0.5300000000000001,0.4565049389020703,0.45000000000000007,0.31615242185864906,0.6100000000000002,0.37709833447203195,0.5400000000000001
6943,I1,2025/2026,11,2025-11-08,Lecce,Verona,0.42129432265203665,0.5191590786225077,0.52450818126131,compact_btts_form,0.6500000000000002,False,0,0,1,0.3163883981925388,0.5100000000000001,0.5476051789499097,0.5500000000000002,0.4688559132590331,0.6500000000000002,0.33520308332448734,0.5700000000000002,0.23403096951542848,0.5300000000000001,0.42129432265203665,0.45000000000000007,0.33633636313747284,0.6100000000000002,0.3620889580274074,0.5400000000000001
6944,I1,2025/2026,11,2025-11-08,Juventus,Torino,0.40915149071108586,0.5175526832958408,0.52450818126131,compact_btts_form,0.6500000000000002,False,0,0,1,0.29163025996522474,0.5100000000000001,0.5933848060133837,0.5500000000000002,0.529239922782203,0.6500000000000002,0.25723348229749726,0.5700000000000002,0.33947998053151157,0.5300000000000001,0.40915149071108586,0.45000000000000007,0.28042244931679033,0.6100000000000002,0.30504462354692663,0.5400000000000001
6945,I1,2025/2026,11,2025-11-08,Parma,Milan,0.47290665802080406,0.5258670008135213,0.52450818126131,compact_btts_form,0.6500000000000002,False,1,1,1,0.39275183342925224,0.5100000000000001,0.6277279026742696,0.5500000000000002,0.5403994003597552,0.6500000000000002,0.4047867471438474,0.5700000000000002,0.5835433657922068,0.5300000000000001,0.47290665802080406,0.45000000000000007,0.36815946378738557,0.6100000000000002,0.48643521959906866,0.5400000000000001
11743,E0,2025/2026,11,2025-11-08,Tottenham,Man United,0.6480688000992085,0.5488606779786457,0.52450818126131,compact_btts_form,0.6500000000000002,False,1,1,1,0.7236967862787768,0.5100000000000001,0.7365954055997281,0.5500000000000002,0.6938262956833736,0.6500000000000002,0.7083947769216692,0.5700000000000002,0.6538058526711362,0.5300000000000001,0.6480688000992085,0.45000000000000007,0.8725641385656535,0.6100000000000002,0.7767031926814338,0.5400000000000001
11744,E0,2025/2026,11,2025-11-08,Everton,Fulham,0.4146871871902545,0.5182867502902924,0.52450818126131,compact_btts_form,0.6500000000000002,False,0,0,1,0.41269277925739023,0.5100000000000001,0.6959502736961612,0.5500000000000002,0.7253393429946999,0.6500000000000002,0.4172297394525242,0.5700000000000002,0.6184428006661205,0.5300000000000001,0.4146871871902545,0.45000000000000007,0.771145916261896,0.6100000000000002,0.7650224426257449,0.5400000000000001
11745,E0,2025/2026,11,2025-11-08,West Ham,Burnley,0.3866383623337704,0.5145327173543697,0.52450818126131,compact_btts_form,0.6500000000000002,False,0,1,0,0.42890971232026576,0.5100000000000001,0.64009893519773,0.5500000000000002,0.6087083992417652,0.6500000000000002,0.41147090453745355,0.5700000000000002,0.5487765859701836,0.5300000000000001,0.3866383623337704,0.45000000000000007,0.45959260954244946,0.6100000000000002,0.39296671619702606,0.5400000000000001
11746,E0,2025/2026,11,2025-11-08,Sunderland,Arsenal,0.26368352819361285,0.49635007439490947,0.52450818126131,compact_btts_form,0.6500000000000002,False,0,1,0,0.29336036664221093,0.5100000000000001,0.48718024922063824,0.5500000000000002,0.5189691788992279,0.6500000000000002,0.25223859311079583,0.5700000000000002,0.6306618427280549,0.5300000000000001,0.26368352819361285,0.45000000000000007,0.18113428201913984,0.6100000000000002,0.36777673130340127,0.5400000000000001
11747,E0,2025/2026,11,2025-11-08,Chelsea,Wolves,0.4108933360539339,0.5177839909317239,0.52450818126131,compact_btts_form,0.6500000000000002,False,0,0,1,0.4489858208956665,0.5100000000000001,0.3574749636135092,0.5500000000000002,0.3282131383736473,0.6500000000000002,0.4335545387024165,0.5700000000000002,0.29408883655532103,0.5300000000000001,0.4108933360539339,0.45000000000000007,0.4094424404112894,0.6100000000000002,0.26137684605807426,0.5400000000000001
6946,I1,2025/2026,11,2025-11-09,Atalanta,Sassuolo,0.40600126410172405,0.5171335570264839,0.52450818126131,compact_btts_form,0.6500000000000002,False,0,0,1,0.3764119511229977,0.5100000000000001,0.5376731822205582,0.5500000000000002,0.49231131393064514,0.6500000000000002,0.36439868876517173,0.5700000000000002,0.39588623816518637,0.5300000000000001,0.40600126410172405,0.45000000000000007,0.4107253433749785,0.6100000000000002,0.38189772483004053,0.5400000000000001
6947,I1,2025/2026,11,2025-11-09,Bologna,Napoli,0.508183913058158,0.5303946876977238,0.52450818126131,compact_btts_form,0.6500000000000002,False,1,0,0,0.46516445342238066,0.5100000000000001,0.7589845074055609,0.5500000000000002,0.7955576734760617,0.6500000000000002,0.5061111016957004,0.5700000000000002,0.8097134575821132,0.5300000000000001,0.508183913058158,0.45000000000000007,0.7432725321051387,0.6100000000000002,0.8572307384076382,0.5400000000000001
6948,I1,2025/2026,11,2025-11-09,Genoa,Fiorentina,0.43835774143227535,0.5213950304940924,0.52450818126131,compact_btts_form,0.6500000000000002,False,0,1,0,0.2769645862994987,0.5100000000000001,0.6335293052768856,0.5500000000000002,0.5515290395772793,0.6500000000000002,0.2710012068048413,0.5700000000000002,0.2875255875868707,0.5300000000000001,0.43835774143227535,0.45000000000000007,0.3664320085789213,0.6100000000000002,0.3492859934251562,0.5400000000000001
6949,I1,2025/2026,11,2025-11-09,Roma,Udinese,0.3490238189124597,0.5093294608190486,0.52450818126131,compact_btts_form,0.6500000000000002,False,0,0,1,0.27507681220116825,0.5100000000000001,0.47303373419571726,0.5500000000000002,0.32296052222382277,0.6500000000000002,0.22287697221412878,0.5700000000000002,0.22454528037227392,0.5300000000000001,0.3490238189124597,0.45000000000000007,0.32096907420304704,0.6100000000000002,0.2210087193672138,0.5400000000000001
6950,I1,2025/2026,11,2025-11-09,Inter,Lazio,0.5908100888867304,0.5411004756655144,0.52450818126131,compact_btts_form,0.6500000000000002,False,1,0,0,0.5839622788272709,0.5100000000000001,0.6791701570913845,0.5500000000000002,0.6432187033579329,0.6500000000000002,0.6488339347707611,0.5700000000000002,0.8753535935208506,0.5300000000000001,0.5908100888867304,0.45000000000000007,0.730066985129552,0.6100000000000002,0.812453765131871,0.5400000000000001
11748,E0,2025/2026,11,2025-11-09,Aston Villa,Bournemouth,0.4753322391947031,0.5261790545506266,0.52450818126131,compact_btts_form,0.6500000000000002,False,1,0,0,0.49753204916434446,0.5100000000000001,0.8417241804486225,0.5500000000000002,0.8536310132501989,0.6500000000000002,0.5727070463414952,0.5700000000000002,0.8018354458029106,0.5300000000000001,0.4753322391947031,0.45000000000000007,0.7866028903199662,0.6100000000000002,0.8208531783208411,0.5400000000000001
11749,E0,2025/2026,11,2025-11-09,Brentford,Newcastle,0.6012445042908086,0.5424846453037059,0.52450818126131,compact_btts_form,0.6500000000000002,False,1,1,1,0.6147233693581914,0.5100000000000001,0.6891354374864296,0.5500000000000002,0.7425174030082295,0.6500000000000002,0.670500869297571,0.5700000000000002,0.7061460277497638,0.5300000000000001,0.6012445042908086,0.45000000000000007,0.7148608458360538,0.6100000000000002,0.7585790202891229,0.5400000000000001
11750,E0,2025/2026,11,2025-11-09,Crystal Palace,Brighton,0.6523811199935279,0.5494646392391652,0.52450818126131,compact_btts_form,0.6500000000000002,False,1,0,0,0.717627497430724,0.5100000000000001,0.8158030659934431,0.5500000000000002,0.8724182044165979,0.6500000000000002,0.7625614566207616,0.5700000000000002,0.8297432527563062,0.5300000000000001,0.6523811199935279,0.45000000000000007,0.8765363417311832,0.6100000000000002,0.8143073464382367,0.5400000000000001
11751,E0,2025/2026,11,2025-11-09,Nott'm Forest,Leeds,0.4773489302903025,0.526438373962261,0.52450818126131,compact_btts_form,0.6500000000000002,False,1,1,1,0.46715071476870185,0.5100000000000001,0.4521055567362624,0.5500000000000002,0.45590345703349794,0.6500000000000002,0.5256754479197635,0.5700000000000002,0.3837394141992971,0.5300000000000001,0.4773489302903025,0.45000000000000007,0.5088669552613299,0.6100000000000002,0.43087473840611495,0.5400000000000001
11752,E0,2025/2026,11,2025-11-09,Man City,Liverpool,0.6480333698422777,0.5488557293568834,0.52450818126131,compact_btts_form,0.6500000000000002,False,1,0,0,0.6733900695860306,0.5100000000000001,0.7781625725616191,0.5500000000000002,0.7997266155135668,0.6500000000000002,0.708480059606253,0.5700000000000002,0.7606957136010587,0.5300000000000001,0.6480333698422777,0.45000000000000007,0.8235237149199918,0.6100000000000002,0.8104662769580139,0.5400000000000001
9147,D1,2025/2026,11,2025-11-21,Mainz,Hoffenheim,0.7510546729672327,0.5645338262183218,0.52450818126131,compact_btts_form,0.6500000000000002,False,1,1,1,0.803078244458409,0.5100000000000001,0.7392916745996141,0.5500000000000002,0.7252771745632043,0.6500000000000002,0.8201674778557538,0.5700000000000002,0.8006454774490197,0.5300000000000001,0.7510546729672327,0.45000000000000007,0.6036169925760407,0.6100000000000002,0.8018592516742782,0.5400000000000001
9148,D1,2025/2026,11,2025-11-22,Augsburg,Hamburg,0.8499706029585766,0.5843488353356759,0.52450818126131,compact_btts_form,0.6500000000000002,False,1,0,0,0.8808057657986266,0.5100000000000001,0.9199459204639425,0.5500000000000002,0.8934427904121144,0.6500000000000002,0.8754722953428578,0.5700000000000002,0.9870705749204487,0.5300000000000001,0.8499706029585766,0.45000000000000007,0.9879958841655614,0.6100000000000002,0.9851064295441261,0.5400000000000001
9149,D1,2025/2026,11,2025-11-22,Bayern Munich,Freiburg,0.6917358069791917,0.555150104463783,0.52450818126131,compact_btts_form,0.6500000000000002,False,1,1,1,0.7215790334725363,0.5100000000000001,0.4659585220088619,0.5500000000000002,0.5558617426950725,0.6500000000000002,0.8135784349293307,0.5700000000000002,0.7062314111902447,0.5300000000000001,0.6917358069791917,0.45000000000000007,0.5702597937106642,0.6100000000000002,0.7983898465763607,0.5400000000000001
9150,D1,2025/2026,11,2025-11-22,Dortmund,Stuttgart,0.8397314425170733,0.5819050620617781,0.52450818126131,compact_btts_form,0.6500000000000002,False,1,1,1,0.7862162666894258,0.5100000000000001,0.9700037965907781,0.5500000000000002,0.9686682453713139,0.6500000000000002,0.8340846808245913,0.5700000000000002,0.9862631947257212,0.5300000000000001,0.8397314425170733,0.45000000000000007,0.9346045308406192,0.6100000000000002,0.9767142962740194,0.5400000000000001
9151,D1,2025/2026,11,2025-11-22,Heidenheim,M'gladbach,0.7483664656257221,0.5640806663894014,0.52450818126131,compact_btts_form,0.6500000000000002,False,1,0,0,0.7915732047287697,0.5100000000000001,0.6930613317051896,0.5500000000000002,0.7386130292670517,0.6500000000000002,0.8551514483153457,0.5700000000000002,0.8799254825527502,0.5300000000000001,0.7483664656257221,0.45000000000000007,0.7648938186540922,0.6100000000000002,0.8909815024597271,0.5400000000000001
9152,D1,2025/2026,11,2025-11-22,Wolfsburg,Leverkusen,0.7170185723721383,0.5590062045132773,0.52450818126131,compact_btts_form,0.6500000000000002,False,1,1,1,0.6699733104973526,0.5100000000000001,0.8884702716383851,0.5500000000000002,0.8912068836322509,0.6500000000000002,0.6626069446481967,0.5700000000000002,0.8303418936081851,0.5300000000000001,0.7170185723721383,0.45000000000000007,0.8043815493522474,0.6100000000000002,0.8854275198414779,0.5400000000000001
9153,D1,2025/2026,11,2025-11-22,FC Koln,Ein Frankfurt,0.7135737063719917,0.5584696332099544,0.52450818126131,compact_btts_form,0.6500000000000002,False,1,1,1,0.7563042573702505,0.5100000000000001,0.8752423449236745,0.5500000000000002,0.8858578633431345,0.6500000000000002,0.7803307467709705,0.5700000000000002,0.8446179081939293,0.5300000000000001,0.7135737063719917,0.45000000000000007,0.7678814412283627,0.6100000000000002,0.9212714558015985,0.5400000000000001
9154,D1,2025/2026,11,2025-11-23,RB Leipzig,Werder Bremen,0.8001667920547599,0.5734654439575427,0.52450818126131,compact_btts_form,0.6500000000000002,False,1,0,0,0.8094303755474582,0.5100000000000001,0.8486594678165701,0.5500000000000002,0.9154137539337622,0.6500000000000002,0.8527665875423664,0.5700000000000002,0.9320846493028606,0.5300000000000001,0.8001667920547599,0.45000000000000007,0.9062062282372657,0.6100000000000002,0.9511612441332147,0.5400000000000001
9155,D1,2025/2026,11,2025-11-23,St Pauli,Union Berlin,0.6102923691524741,0.5436942145786298,0.52450818126131,compact_btts_form,0.6500000000000002,False,1,0,0,0.6390991755988323,0.5100000000000001,0.5017101535503656,0.5500000000000002,0.3728982003800719,0.6500000000000002,0.6410790491688972,0.5700000000000002,0.4803285023038233,0.5300000000000001,0.6102923691524741,0.45000000000000007,0.41904822328731856,0.6100000000000002,0.6259151044723223,0.5400000000000001
14153,F1,2025/2026,12,2025-11-07,Paris FC,Rennes,0.5909623559795779,0.541120597972697,0.5320555972453699,compact_btts_form,0.6500000000000002,False,1,0,0,0.629606415630089,0.4700000000000001,0.6421915547440491,0.43000000000000005,0.6694559018990223,0.42000000000000004,0.5499312763224482,0.4900000000000001,0.6209947180192729,0.4,0.5909623559795779,0.5200000000000001,0.5749059818805233,0.5000000000000001,0.6738826166012469,0.4
16750,SP1,2025/2026,12,2025-11-07,Elche,Sociedad,0.5094250292621085,0.530553819386098,0.5320555972453699,compact_btts_form,0.6500000000000002,False,0,1,0,0.5112094443215413,0.4700000000000001,0.7786281732021507,0.43000000000000005,0.8553995984850068,0.42000000000000004,0.6463291205483549,0.4900000000000001,0.6517474907132059,0.4,0.5094250292621085,0.5200000000000001,0.7464466932682359,0.5000000000000001,0.7363382391331187,0.4
14154,F1,2025/2026,12,2025-11-08,Marseille,Brest,0.5487199941766142,0.5356068486402279,0.5320555972453699,compact_btts_form,0.6500000000000002,False,1,0,0,0.5555482171458102,0.4700000000000001,0.5297658717765595,0.43000000000000005,0.5605287125971466,0.42000000000000004,0.5957282013784871,0.4900000000000001,0.5757233754743513,0.4,0.5487199941766142,0.5200000000000001,0.6925507912239729,0.5000000000000001,0.7262225384966836,0.4
14155,F1,2025/2026,12,2025-11-08,Le Havre,Nantes,0.5752686528444213,0.5390573090411203,0.5320555972453699,compact_btts_form,0.6500000000000002,False,1,1,1,0.5482837215615667,0.4700000000000001,0.6079112703512716,0.43000000000000005,0.723698607515185,0.42000000000000004,0.5057065933509419,0.4900000000000001,0.8420676820841703,0.4,0.5752686528444213,0.5200000000000001,0.7793747507362319,0.5000000000000001,0.8576374848738244,0.4
14156,F1,2025/2026,12,2025-11-08,Monaco,Lens,0.7074062364971972,0.5575181938572947,0.5320555972453699,compact_btts_form,0.6500000000000002,False,1,1,1,0.759408746542772,0.4700000000000001,0.6417447922653916,0.43000000000000005,0.49931766245464626,0.42000000000000004,0.7407421127754762,0.4900000000000001,0.7864996659084105,0.4,0.7074062364971972,0.5200000000000001,0.7880166812114653,0.5000000000000001,0.8592443539172271,0.4
16751,SP1,2025/2026,12,2025-11-08,Girona,Alaves,0.512000766284661,0.5308841015273957,0.5320555972453699,compact_btts_form,0.6500000000000002,False,0,0,1,0.47790613828408735,0.4700000000000001,0.7210880272245797,0.43000000000000005,0.7463148617309402,0.42000000000000004,0.4956576764513524,0.4900000000000001,0.6725953323031502,0.4,0.512000766284661,0.5200000000000001,0.7825639563557198,0.5000000000000001,0.5791604664077767,0.4
16752,SP1,2025/2026,12,2025-11-08,Sevilla,Osasuna,0.5109164262144951,0.5307450528780168,0.5320555972453699,compact_btts_form,0.6500000000000002,False,0,0,1,0.5235249568959183,0.4700000000000001,0.48131638476298616,0.43000000000000005,0.6039943816434689,0.42000000000000004,0.5836733761942282,0.4900000000000001,0.5717693502955599,0.4,0.5109164262144951,0.5200000000000001,0.6063995103360602,0.5000000000000001,0.5372690875990496,0.4
16753,SP1,2025/2026,12,2025-11-08,Ath Madrid,Levante,0.552251579403848,0.5360635276726793,0.5320555972453699,compact_btts_form,0.6500000000000002,False,1,1,1,0.4274616997861312,0.4700000000000001,0.4938021189062336,0.43000000000000005,0.5573210287029969,0.42000000000000004,0.4644490864559859,0.4900000000000001,0.4131645905066138,0.4,0.552251579403848,0.5200000000000001,0.40133784697887814,0.5000000000000001,0.22443315950843648,0.4
16754,SP1,2025/2026,12,2025-11-08,Espanol,Villarreal,0.6079178045522796,0.5433758730073845,0.5320555972453699,compact_btts_form,0.6500000000000002,False,1,0,0,0.6669557085952776,0.4700000000000001,0.7157648696592765,0.43000000000000005,0.7788274039408819,0.42000000000000004,0.7084304738736336,0.4900000000000001,0.6232304356426017,0.4,0.6079178045522796,0.5200000000000001,0.5668135393078071,0.5000000000000001,0.6533204246460785,0.4
14157,F1,2025/2026,12,2025-11-09,Lorient,Toulouse,0.6811351321810631,0.5535846593696632,0.5320555972453699,compact_btts_form,0.6500000000000002,False,1,1,1,0.7350067813206967,0.4700000000000001,0.7098972021519301,0.43000000000000005,0.6909167306617227,0.42000000000000004,0.6478079356441474,0.4900000000000001,0.9172383017987045,0.4,0.6811351321810631,0.5200000000000001,0.9441471017588084,0.5000000000000001,0.9477886146573378,0.4
14158,F1,2025/2026,12,2025-11-09,Angers,Auxerre,0.4461360205402341,0.5224073497575017,0.5320555972453699,compact_btts_form,0.6500000000000002,False,0,0,1,0.521708090910146,0.4700000000000001,0.5070160834191387,0.43000000000000005,0.5386471712586735,0.42000000000000004,0.5239288520515403,0.4900000000000001,0.5008147999003493,0.4,0.4461360205402341,0.5200000000000001,0.47256938691826306,0.5000000000000001,0.5868478430602824,0.4
14159,F1,2025/2026,12,2025-11-09,Metz,Nice,0.5686401429633875,0.5381916683974797,0.5320555972453699,compact_btts_form,0.6500000000000002,False,1,1,1,0.6369298407137005,0.4700000000000001,0.6227487504730271,0.43000000000000005,0.6452854194523224,0.42000000000000004,0.6357571423047893,0.4900000000000001,0.6090064487302669,0.4,0.5686401429633875,0.5200000000000001,0.6096307571672951,0.5000000000000001,0.6737985581121284,0.4
14160,F1,2025/2026,12,2025-11-09,Strasbourg,Lille,0.7982415570817045,0.5730878628428269,0.5320555972453699,compact_btts_form,0.6500000000000002,False,1,0,0,0.7532107537732218,0.4700000000000001,0.8217624318657949,0.43000000000000005,0.8704329915418028,0.42000000000000004,0.817250269411327,0.4900000000000001,0.9201212616957951,0.4,0.7982415570817045,0.5200000000000001,0.8853495643239716,0.5000000000000001,0.9491751912285356,0.4
14161,F1,2025/2026,12,2025-11-09,Lyon,Paris SG,0.7740494369922775,0.5685485931838393,0.5320555972453699,compact_btts_form,0.6500000000000002,False,1,1,1,0.7526880627962749,0.4700000000000001,0.8121916716727086,0.43000000000000005,0.859644847627232,0.42000000000000004,0.7885263892683927,0.4900000000000001,0.9575071062056251,0.4,0.7740494369922775,0.5200000000000001,0.9292085949713882,0.5000000000000001,0.9445620940607392,0.4
16755,SP1,2025/2026,12,2025-11-09,Ath Bilbao,Oviedo,0.36934641538875335,0.5121685517445316,0.5320555972453699,compact_btts_form,0.6500000000000002,False,0,0,1,0.5185423749210579,0.4700000000000001,0.49139916366165437,0.43000000000000005,0.2755247102988666,0.42000000000000004,0.4391807472393033,0.4900000000000001,0.6635713254800882,0.4,0.36934641538875335,0.5200000000000001,0.4704880381958737,0.5000000000000001,0.3902828493406253,0.4
16756,SP1,2025/2026,12,2025-11-09,Vallecano,Real Madrid,0.589902895830022,0.5409806336307599,0.5320555972453699,compact_btts_form,0.6500000000000002,False,1,0,0,0.5426133210081588,0.4700000000000001,0.6784573486042162,0.43000000000000005,0.7672780308566418,0.42000000000000004,0.585937255324976,0.4900000000000001,0.6322659068784184,0.4,0.589902895830022,0.5200000000000001,0.6009154827112474,0.5000000000000001,0.6353337931905904,0.4
16757,SP1,2025/2026,12,2025-11-09,Mallorca,Getafe,0.3654301928975172,0.5116268908021591,0.5320555972453699,compact_btts_form,0.6500000000000002,False,0,0,1,0.40342471559481663,0.4700000000000001,0.5621356598924475,0.43000000000000005,0.5696227761882171,0.42000000000000004,0.4026752594648697,0.4900000000000001,0.5347251534815244,0.4,0.3654301928975172,0.5200000000000001,0.5117222801802036,0.5000000000000001,0.4191602733312345,0.4
16758,SP1,2025/2026,12,2025-11-09,Valencia,Betis,0.6241742166943838,0.5455691700302523,0.5320555972453699,compact_btts_form,0.6500000000000002,False,1,1,1,0.6205822752170908,0.4700000000000001,0.7807106660595008,0.43000000000000005,0.814365963734872,0.42000000000000004,0.6662987285167717,0.4900000000000001,0.7564940112600216,0.4,0.6241742166943838,0.5200000000000001,0.8363636902065505,0.5000000000000001,0.740723794945137,0.4
16759,SP1,2025/2026,12,2025-11-09,Celta,Barcelona,0.7923694332642744,0.5719520389331826,0.5320555972453699,compact_btts_form,0.6500000000000002,False,1,1,1,0.7897559971300766,0.4700000000000001,0.866526242652838,0.43000000000000005,0.8383733008688424,0.42000000000000004,0.8159894293396356,0.4900000000000001,0.9232148432997903,0.4,0.7923694332642744,0.5200000000000001,0.9280868338874823,0.5000000000000001,0.8592992556896536,0.4
6951,I1,2025/2026,12,2025-11-22,Cagliari,Genoa,0.41821347257089075,0.5187528167352599,0.5320555972453699,compact_btts_form,0.6500000000000002,False,0,1,0,0.3753118062372746,0.4700000000000001,0.6017368957837822,0.43000000000000005,0.5291405692252273,0.42000000000000004,0.3112450971575862,0.4900000000000001,0.3624898910739727,0.4,0.41821347257089075,0.5200000000000001,0.3464182038500402,0.5000000000000001,0.5628765454977313,0.4
6952,I1,2025/2026,12,2025-11-22,Udinese,Bologna,0.46022891451367814,0.5242326489934779,0.5320555972453699,compact_btts_form,0.6500000000000002,False,0,0,1,0.3870022063134331,0.4700000000000001,0.7354076384738717,0.43000000000000005,0.7654800250038493,0.42000000000000004,0.424656058945494,0.4900000000000001,0.6788518444683745,0.4,0.46022891451367814,0.5200000000000001,0.7420471729011249,0.5000000000000001,0.8381144016403608,0.4
6953,I1,2025/2026,12,2025-11-22,Fiorentina,Juventus,0.5746023507692402,0.5389701503496455,0.5320555972453699,compact_btts_form,0.6500000000000002,False,1,1,1,0.5257908807188197,0.4700000000000001,0.7670940082925046,0.43000000000000005,0.6421096590700812,0.42000000000000004,0.526191575631691,0.4900000000000001,0.8334957386556375,0.4,0.5746023507692402,0.5200000000000001,0.7493476678469058,0.5000000000000001,0.8766845892307995,0.4
6954,I1,2025/2026,12,2025-11-22,Napoli,Atalanta,0.4875089079568271,0.5277433213586222,0.5320555972453699,compact_btts_form,0.6500000000000002,False,0,1,0,0.4700229203901127,0.4700000000000001,0.5619745101190504,0.43000000000000005,0.41744899866317414,0.42000000000000004,0.49384462696406023,0.4900000000000001,0.33483184802937715,0.4,0.4875089079568271,0.5200000000000001,0.2098741854484443,0.5000000000000001,0.3832278303251387,0.4
11753,E0,2025/2026,12,2025-11-22,Burnley,Chelsea,0.4526550714521296,0.5232529819003758,0.5320555972453699,compact_btts_form,0.6500000000000002,False,0,0,1,0.5173931080939779,0.4700000000000001,0.491090063976747,0.43000000000000005,0.47749666187276496,0.42000000000000004,0.4543885771012912,0.4900000000000001,0.6669780465962061,0.4,0.4526550714521296,0.5200000000000001,0.3808137973420979,0.5000000000000001,0.5045971766660129,0.4
11754,E0,2025/2026,12,2025-11-22,Bournemouth,West Ham,0.6024806479264908,0.5426493649254132,0.5320555972453699,compact_btts_form,0.6500000000000002,False,1,1,1,0.6698409809235958,0.4700000000000001,0.4317514602147688,0.43000000000000005,0.3582788429157434,0.42000000000000004,0.6411497993611295,0.4900000000000001,0.560592651480731,0.4,0.6024806479264908,0.5200000000000001,0.5259111414644485,0.5000000000000001,0.5351405753597452,0.4
11755,E0,2025/2026,12,2025-11-22,Brighton,Brentford,0.7101698548577137,0.5579430989060435,0.5320555972453699,compact_btts_form,0.6500000000000002,False,1,1,1,0.7118232418683325,0.4700000000000001,0.8422411226029685,0.43000000000000005,0.915425128557417,0.42000000000000004,0.7747434800629714,0.4900000000000001,0.908562282306254,0.4,0.7101698548577137,0.5200000000000001,0.93708506332322,0.5000000000000001,0.9521540963665305,0.4
11756,E0,2025/2026,12,2025-11-22,Fulham,Sunderland,0.6270878896235136,0.5459659372637221,0.5320555972453699,compact_btts_form,0.6500000000000002,False,1,0,0,0.7277782943791025,0.4700000000000001,0.627149085374571,0.43000000000000005,0.7039028896271826,0.42000000000000004,0.769099640773159,0.4900000000000001,0.8156476217996511,0.4,0.6270878896235136,0.5200000000000001,0.8763818065602285,0.5000000000000001,0.7997213408495252,0.4
11757,E0,2025/2026,12,2025-11-22,Liverpool,Nott'm Forest,0.5211324310954919,0.5320555972453699,0.5320555972453699,compact_btts_form,0.6500000000000002,False,1,0,0,0.5606747745986411,0.4700000000000001,0.542104469960696,0.43000000000000005,0.643686630812192,0.42000000000000004,0.5747428258392471,0.4900000000000001,0.5154786960465036,0.4,0.5211324310954919,0.5200000000000001,0.3979729017640345,0.5000000000000001,0.6277827162429396,0.4
11758,E0,2025/2026,12,2025-11-22,Wolves,Crystal Palace,0.48792141218885954,0.5277962602173544,0.5320555972453699,compact_btts_form,0.6500000000000002,False,0,0,1,0.5626884344148296,0.4700000000000001,0.3051871898050655,0.43000000000000005,0.1917666590553891,0.42000000000000004,0.47805925450150555,0.4900000000000001,0.27924173259819646,0.4,0.48792141218885954,0.5200000000000001,0.2848575199656297,0.5000000000000001,0.31348110449804734,0.4
11759,E0,2025/2026,12,2025-11-22,Newcastle,Man City,0.6832262512730961,0.5538912932051087,0.5320555972453699,compact_btts_form,0.6500000000000002,False,1,1,1,0.74092800360722,0.4700000000000001,0.732510418141213,0.43000000000000005,0.6947446920476784,0.42000000000000004,0.7659589851188668,0.4900000000000001,0.7861323408926267,0.4,0.6832262512730961,0.5200000000000001,0.7494973520897895,0.5000000000000001,0.7652236575038298,0.4
6955,I1,2025/2026,12,2025-11-23,Verona,Parma,0.4106901061303625,0.5177570188900558,0.5320555972453699,compact_btts_form,0.6500000000000002,False,0,1,0,0.4155179296977914,0.4700000000000001,0.16053978665163318,0.43000000000000005,0.10735684768589891,0.42000000000000004,0.41148606541678123,0.4900000000000001,0.053315600500031535,0.4,0.4106901061303625,0.5200000000000001,0.09620757127771618,0.5000000000000001,0.15362866691491647,0.4
6956,I1,2025/2026,12,2025-11-23,Cremonese,Roma,0.4308051056963032,0.5204081327112186,0.5320555972453699,compact_btts_form,0.6500000000000002,False,0,1,0,0.3821913845011791,0.4700000000000001,0.5953031346769383,0.43000000000000005,0.4936746781262578,0.42000000000000004,0.33011991171087157,0.4900000000000001,0.7960259861309935,0.4,0.4308051056963032,0.5200000000000001,0.5004680428043152,0.5000000000000001,0.7506694767285433,0.4
6957,I1,2025/2026,12,2025-11-23,Lazio,Lecce,0.35846164767168737,0.5106568257911369,0.5320555972453699,compact_btts_form,0.6500000000000002,False,0,0,1,0.3396293875669995,0.4700000000000001,0.7216803343274155,0.43000000000000005,0.7014883390144108,0.42000000000000004,0.3321783840720581,0.4900000000000001,0.6043141831727747,0.4,0.35846164767168737,0.5200000000000001,0.5708804691264712,0.5000000000000001,0.43062698177466613,0.4
6958,I1,2025/2026,12,2025-11-23,Inter,Milan,0.635694608857816,0.5471450957352554,0.5320555972453699,compact_btts_form,0.6500000000000002,False,1,0,0,0.4753856226803263,0.4700000000000001,0.7595009626859032,0.43000000000000005,0.7111139792183521,0.42000000000000004,0.515953409182812,0.4900000000000001,0.6297843239468828,0.4,0.635694608857816,0.5200000000000001,0.38983020299615917,0.5000000000000001,0.5268485087549807,0.4
11760,E0,2025/2026,12,2025-11-23,Leeds,Aston Villa,0.56867958394932,0.5381968100096299,0.5320555972453699,compact_btts_form,0.6500000000000002,False,1,1,1,0.6564902650295239,0.4700000000000001,0.7104634542889035,0.43000000000000005,0.7110948584332458,0.42000000000000004,0.6094280981423894,0.4900000000000001,0.7008436399174466,0.4,0.56867958394932,0.5200000000000001,0.69884567424136,0.5000000000000001,0.776052975060863,0.4
11761,E0,2025/2026,12,2025-11-23,Arsenal,Tottenham,0.3337700506380817,0.5071477609676589,0.5320555972453699,compact_btts_form,0.6500000000000002,False,0,1,0,0.4387124309574864,0.4700000000000001,0.32120433897779566,0.43000000000000005,0.2419232265090901,0.42000000000000004,0.39069922294137494,0.4900000000000001,0.39101280862136795,0.4,0.3337700506380817,0.5200000000000001,0.1758590270571737,0.5000000000000001,0.23964098542471515,0.4
6959,I1,2025/2026,12,2025-11-24,Torino,Como,0.41595128464535985,0.5184539590176482,0.5320555972453699,compact_btts_form,0.6500000000000002,False,0,1,0,0.40650721552021896,0.4700000000000001,0.7102119899185761,0.43000000000000005,0.7063097560791546,0.42000000000000004,0.4474645308281651,0.4900000000000001,0.5928642722180837,0.4,0.41595128464535985,0.5200000000000001,0.6828192025378033,0.5000000000000001,0.8466459355069361,0.4
6960,I1,2025/2026,12,2025-11-24,Sassuolo,Pisa,0.5627297075248519,0.5374223239746301,0.5320555972453699,compact_btts_form,0.6500000000000002,False,1,1,1,0.557508315004723,0.4700000000000001,0.7104317009456319,0.43000000000000005,0.7296368696665911,0.42000000000000004,0.6000582255922113,0.4900000000000001,0.683614784892716,0.4,0.5627297075248519,0.5200000000000001,0.7024899663816181,0.5000000000000001,0.8193906254768799,0.4
11762,E0,2025/2026,12,2025-11-24,Man United,Everton,0.45874173959433423,0.5240405010935247,0.5320555972453699,compact_btts_form,0.6500000000000002,False,0,0,1,0.5513702653121453,0.4700000000000001,0.48448877621175707,0.43000000000000005,0.3960527609019949,0.42000000000000004,0.5828433462082718,0.4900000000000001,0.41404706833182586,0.4,0.45874173959433423,0.5200000000000001,0.3956491963627653,0.5000000000000001,0.47967263082163386,0.4
9156,D1,2025/2026,12,2025-11-28,M'gladbach,RB Leipzig,0.7960024082162913,0.5726519812653198,0.5320555972453699,compact_btts_form,0.6500000000000002,False,1,0,0,0.8278413776395395,0.4700000000000001,0.8994111283015693,0.43000000000000005,0.8918602328023859,0.42000000000000004,0.9020822357539543,0.4900000000000001,0.9420005215805168,0.4,0.7960024082162913,0.5200000000000001,0.840642598125752,0.5000000000000001,0.9653296295268127,0.4
9157,D1,2025/2026,12,2025-11-29,Bayern Munich,St Pauli,0.5889665680424352,0.5408570225750536,0.5320555972453699,compact_btts_form,0.6500000000000002,False,1,1,1,0.6572523459090167,0.4700000000000001,0.5790648011944949,0.43000000000000005,0.6903413421361522,0.42000000000000004,0.7555774248572288,0.4900000000000001,0.5323963907039475,0.4,0.5889665680424352,0.5200000000000001,0.5507157803571097,0.5000000000000001,0.7565644407212104,0.4
9158,D1,2025/2026,12,2025-11-29,Hoffenheim,Augsburg,0.5987578203798266,0.5421537778003531,0.5320555972453699,compact_btts_form,0.6500000000000002,False,1,0,0,0.6372503538622455,0.4700000000000001,0.5976605315358079,0.43000000000000005,0.5300447784303652,0.42000000000000004,0.6407688753211837,0.4900000000000001,0.6305776447502254,0.4,0.5987578203798266,0.5200000000000001,0.5692600728398596,0.5000000000000001,0.6482956376599578,0.4
9159,D1,2025/2026,12,2025-11-29,Union Berlin,Heidenheim,0.5895886629074635,0.5409391406046297,0.5320555972453699,compact_btts_form,0.6500000000000002,False,1,1,1,0.4924721083569841,0.4700000000000001,0.46575091493950505,0.43000000000000005,0.4112180724232614,0.42000000000000004,0.48233798564377817,0.4900000000000001,0.544822405123955,0.4,0.5895886629074635,0.5200000000000001,0.2391285843750275,0.5000000000000001,0.4493386788799514,0.4
9160,D1,2025/2026,12,2025-11-29,Werder Bremen,FC Koln,0.8658060558404118,0.588405435531381,0.5320555972453699,compact_btts_form,0.6500000000000002,False,1,1,1,0.908976155820794,0.4700000000000001,0.8388125402476102,0.43000000000000005,0.7964449597535456,0.42000000000000004,0.9246960509033275,0.4900000000000001,0.9715085274012506,0.4,0.8658060558404118,0.5200000000000001,0.9577213657778345,0.5000000000000001,0.9664340805944474,0.4
9161,D1,2025/2026,12,2025-11-29,Leverkusen,Dortmund,0.7241382958774291,0.5601274411002408,0.5320555972453699,compact_btts_form,0.6500000000000002,False,1,1,1,0.8173316592830098,0.4700000000000001,0.7792616545931924,0.43000000000000005,0.7052261413816602,0.42000000000000004,0.8726948117162617,0.4900000000000001,0.8281471766150926,0.4,0.7241382958774291,0.5200000000000001,0.7589801787544704,0.5000000000000001,0.8070715109651809,0.4
9162,D1,2025/2026,12,2025-11-30,Hamburg,Stuttgart,0.8074704526180871,0.5749224500116605,0.5320555972453699,compact_btts_form,0.6500000000000002,False,1,1,1,0.8086066932204229,0.4700000000000001,0.9513138398100014,0.43000000000000005,0.9558541977174794,0.42000000000000004,0.8374269443451122,0.4900000000000001,0.9788977006393469,0.4,0.8074704526180871,0.5200000000000001,0.9078625717790306,0.5000000000000001,0.9785781617514063,0.4
9163,D1,2025/2026,12,2025-11-30,Ein Frankfurt,Wolfsburg,0.7255474829515015,0.560351395868483,0.5320555972453699,compact_btts_form,0.6500000000000002,False,1,1,1,0.7353867372017858,0.4700000000000001,0.6885297922819559,0.43000000000000005,0.7249443023188447,0.42000000000000004,0.7984181025997521,0.4900000000000001,0.704651374234168,0.4,0.7255474829515015,0.5200000000000001,0.7974626672452486,0.5000000000000001,0.8379278139568785,0.4
9164,D1,2025/2026,12,2025-11-30,Freiburg,Mainz,0.745138644526733,0.5635406261474296,0.5320555972453699,compact_btts_form,0.6500000000000002,False,1,0,0,0.7099195309406148,0.4700000000000001,0.8832971484278606,0.43000000000000005,0.9193552371909653,0.42000000000000004,0.7385056347257657,0.4900000000000001,0.9880566795608986,0.4,0.745138644526733,0.5200000000000001,0.9060162753577553,0.5000000000000001,0.9714112443726133,0.4
14162,F1,2025/2026,13,2025-11-21,Nice,Marseille,0.5632379970755522,0.5374883993222488,0.5292418965223133,compact_btts_form,0.6500000000000002,False,1,1,1,0.6675531165939934,0.37,0.7360545048490651,0.45000000000000007,0.6377178563404554,0.38,0.6744935125625577,0.6200000000000002,0.8429968794320579,0.35,0.5632379970755522,0.45000000000000007,0.8431573276484374,0.35,0.7892524284408258,0.44000000000000006
16760,SP1,2025/2026,13,2025-11-21,Valencia,Levante,0.6552542469367134,0.5498688931262126,0.5292418965223133,compact_btts_form,0.6500000000000002,False,1,0,0,0.5821473165082361,0.37,0.8057503812668374,0.45000000000000007,0.7885382627528522,0.38,0.6047564452974069,0.6200000000000002,0.8521913029709064,0.35,0.6552542469367134,0.45000000000000007,0.9218003727097154,0.35,0.7024286272399496,0.44000000000000006
14163,F1,2025/2026,13,2025-11-22,Lens,Strasbourg,0.6699292720309487,0.5519585107374402,0.5292418965223133,compact_btts_form,0.6500000000000002,False,1,0,0,0.7245186154052446,0.37,0.8753509369886056,0.45000000000000007,0.8519421316571324,0.38,0.6545179270121614,0.6200000000000002,0.8542052451168549,0.35,0.6699292720309487,0.45000000000000007,0.8768479678974305,0.35,0.8468283345723645,0.44000000000000006
14164,F1,2025/2026,13,2025-11-22,Rennes,Monaco,0.7583980356397713,0.565788139263921,0.5292418965223133,compact_btts_form,0.6500000000000002,False,1,1,1,0.7389883801113694,0.37,0.8852454116261846,0.45000000000000007,0.8644448515496159,0.38,0.7100947903867842,0.6200000000000002,0.9341487278882379,0.35,0.7583980356397713,0.45000000000000007,0.945538224435998,0.35,0.9541771575476452,0.44000000000000006
14165,F1,2025/2026,13,2025-11-22,Paris SG,Le Havre,0.4991923079472408,0.5292418965223133,0.5292418965223133,compact_btts_form,0.6500000000000002,False,1,0,0,0.5938084587614451,0.37,0.20763224566986613,0.45000000000000007,0.2019872708920255,0.38,0.5296352424342853,0.6200000000000002,0.21347763457686628,0.35,0.4991923079472408,0.45000000000000007,0.35277220037781326,0.35,0.18986609398481497,0.44000000000000006
16761,SP1,2025/2026,13,2025-11-22,Alaves,Celta,0.41669770343215545,0.5185526209617807,0.5292418965223133,compact_btts_form,0.6500000000000002,False,0,0,1,0.43464007353791734,0.37,0.4762016450714204,0.45000000000000007,0.4447611692653039,0.38,0.31530825413855484,0.6200000000000002,0.2920360016515377,0.35,0.41669770343215545,0.45000000000000007,0.2836611754527694,0.35,0.23503248232291543,0.44000000000000006
16762,SP1,2025/2026,13,2025-11-22,Barcelona,Ath Bilbao,0.6815596346956695,0.5536468231106091,0.5292418965223133,compact_btts_form,0.6500000000000002,False,1,0,0,0.6610591179750489,0.37,0.4270828214130075,0.45000000000000007,0.3304106431696978,0.38,0.556572068718088,0.6200000000000002,0.7052701895577383,0.35,0.6815596346956695,0.45000000000000007,0.7315997923042087,0.35,0.5655125270768461,0.44000000000000006
16763,SP1,2025/2026,13,2025-11-22,Osasuna,Sociedad,0.5746787109549777,0.538980137309458,0.5292418965223133,compact_btts_form,0.6500000000000002,False,1,1,1,0.5818475351852564,0.37,0.7730473685508248,0.45000000000000007,0.744431325449093,0.38,0.5630845294713418,0.6200000000000002,0.7351157349938031,0.35,0.5746787109549777,0.45000000000000007,0.8288803152257652,0.35,0.7336276432441283,0.44000000000000006
16764,SP1,2025/2026,13,2025-11-22,Villarreal,Mallorca,0.5737822173089323,0.5388629143948398,0.5292418965223133,compact_btts_form,0.6500000000000002,False,1,1,1,0.4107554947558282,0.37,0.5784943047321057,0.45000000000000007,0.5646442747341973,0.38,0.4845454167479917,0.6200000000000002,0.3789274895589968,0.35,0.5737822173089323,0.45000000000000007,0.5441566454353336,0.35,0.44004794161151,0.44000000000000006
14166,F1,2025/2026,13,2025-11-23,Auxerre,Lyon,0.4919687450984323,0.5283155418845111,0.5292418965223133,compact_btts_form,0.6500000000000002,False,0,0,1,0.6022451115164054,0.37,0.3292463121374433,0.45000000000000007,0.44623796923323467,0.38,0.5787011284918607,0.6200000000000002,0.4573579062149175,0.35,0.4919687450984323,0.45000000000000007,0.29838919652497436,0.35,0.4058390076109167,0.44000000000000006
14167,F1,2025/2026,13,2025-11-23,Brest,Metz,0.5549988927371191,0.5364192177476387,0.5292418965223133,compact_btts_form,0.6500000000000002,False,1,1,1,0.5783868042442495,0.37,0.7152391252049982,0.45000000000000007,0.7471988842058076,0.38,0.6292012428273739,0.6200000000000002,0.682834306229487,0.35,0.5549988927371191,0.45000000000000007,0.5213484985081568,0.35,0.6224848640011899,0.44000000000000006
14168,F1,2025/2026,13,2025-11-23,Nantes,Lorient,0.6920276045943144,0.5551935932951149,0.5292418965223133,compact_btts_form,0.6500000000000002,False,1,1,1,0.7498435305212048,0.37,0.7114904801790631,0.45000000000000007,0.6977599504997278,0.38,0.7069282644424016,0.6200000000000002,0.8969395331769067,0.35,0.6920276045943144,0.45000000000000007,0.9719607466370243,0.35,0.8951041916041892,0.44000000000000006
14169,F1,2025/2026,13,2025-11-23,Toulouse,Angers,0.40939098636660987,0.5175845052907655,0.5292418965223133,compact_btts_form,0.6500000000000002,False,0,0,1,0.4937968841080298,0.37,0.4880165007338004,0.45000000000000007,0.5070793512281702,0.38,0.42584393882122074,0.6200000000000002,0.6136835012669509,0.35,0.40939098636660987,0.45000000000000007,0.6503797246651166,0.35,0.722039814183311,0.44000000000000006
14170,F1,2025/2026,13,2025-11-23,Lille,Paris FC,0.5408282178711774,0.5345883487652082,0.5292418965223133,compact_btts_form,0.6500000000000002,False,1,1,1,0.7505146207103374,0.37,0.6460894341717395,0.45000000000000007,0.7237398134229711,0.38,0.8046452862372694,0.6200000000000002,0.8345184165107642,0.35,0.5408282178711774,0.45000000000000007,0.8348627466193501,0.35,0.8807835440355674,0.44000000000000006
16765,SP1,2025/2026,13,2025-11-23,Oviedo,Vallecano,0.36215852774042,0.5111724708846518,0.5292418965223133,compact_btts_form,0.6500000000000002,False,0,0,1,0.331285838655999,0.37,0.4841109994420279,0.45000000000000007,0.39832709465657157,0.38,0.15199512951581193,0.6200000000000002,0.21472221289284016,0.35,0.36215852774042,0.45000000000000007,0.4088964826208671,0.35,0.13897265263034828,0.44000000000000006
16766,SP1,2025/2026,13,2025-11-23,Betis,Girona,0.6358178354259478,0.5471620589198049,0.5292418965223133,compact_btts_form,0.6500000000000002,False,1,1,1,0.5967763330992933,0.37,0.8504715334435514,0.45000000000000007,0.8721977970676382,0.38,0.6139841192837096,0.6200000000000002,0.8834739475359439,0.35,0.6358178354259478,0.45000000000000007,0.924570297167795,0.35,0.8711697659571642,0.44000000000000006
16767,SP1,2025/2026,13,2025-11-23,Getafe,Ath Madrid,0.32166889665011655,0.5053812838583417,0.5292418965223133,compact_btts_form,0.6500000000000002,False,0,0,1,0.3842349995088083,0.37,0.12952877697101678,0.45000000000000007,0.14495545862524867,0.38,0.3189253352998129,0.6200000000000002,0.13025915110916927,0.35,0.32166889665011655,0.45000000000000007,0.12072838213742186,0.35,0.08272741946737773,0.44000000000000006
16768,SP1,2025/2026,13,2025-11-23,Elche,Real Madrid,0.7177008514074531,0.5591129267088878,0.5292418965223133,compact_btts_form,0.6500000000000002,False,1,1,1,0.6468507765027117,0.37,0.7502227377292473,0.45000000000000007,0.7218926018224324,0.38,0.6334577636202431,0.6200000000000002,0.8056309070542829,0.35,0.7177008514074531,0.45000000000000007,0.8026534730485466,0.35,0.6140496615116592,0.44000000000000006
16769,SP1,2025/2026,13,2025-11-24,Espanol,Sevilla,0.5371009752029141,0.5341081661528594,0.5292418965223133,compact_btts_form,0.6500000000000002,False,1,1,1,0.5138675385209899,0.37,0.4195594775700478,0.45000000000000007,0.5214540596978915,0.38,0.5763008334069518,0.6200000000000002,0.4767519194263514,0.35,0.5371009752029141,0.45000000000000007,0.503747841673368,0.35,0.4682243745942938,0.44000000000000006
6961,I1,2025/2026,13,2025-11-28,Como,Sassuolo,0.4422316717555239,0.5218996941353181,0.5292418965223133,compact_btts_form,0.6500000000000002,False,0,0,1,0.4384026739838227,0.37,0.6141923038387329,0.45000000000000007,0.6857223022868768,0.38,0.5361982841828422,0.6200000000000002,0.5550910573888226,0.35,0.4422316717555239,0.45000000000000007,0.46392427325713903,0.35,0.4898848201728942,0.44000000000000006
6962,I1,2025/2026,13,2025-11-29,Genoa,Verona,0.318252155098956,0.5048762685017903,0.5292418965223133,compact_btts_form,0.6500000000000002,False,0,1,0,0.2639333235945755,0.37,0.340817714579588,0.45000000000000007,0.20660935251603152,0.38,0.26197923147981556,0.6200000000000002,0.1502114326491176,0.35,0.318252155098956,0.45000000000000007,0.1041567928442485,0.35,0.23094722862305883,0.44000000000000006
6963,I1,2025/2026,13,2025-11-29,Parma,Udinese,0.47951580633993196,0.5267168836757098,0.5292418965223133,compact_btts_form,0.6500000000000002,False,0,0,1,0.4518363663893719,0.37,0.811203923529773,0.45000000000000007,0.759761727370452,0.38,0.4912903714041694,0.6200000000000002,0.7226569201147576,0.35,0.47951580633993196,0.45000000000000007,0.6100307427326559,0.35,0.7812385740517334,0.44000000000000006
6964,I1,2025/2026,13,2025-11-29,Juventus,Cagliari,0.3341575171652846,0.5072037771058459,0.5292418965223133,compact_btts_form,0.6500000000000002,False,0,1,0,0.300805770201252,0.37,0.3891678039707601,0.45000000000000007,0.32620396148871683,0.38,0.275924055795457,0.6200000000000002,0.31815026632807636,0.35,0.3341575171652846,0.45000000000000007,0.2096864841474873,0.35,0.19657561281723854,0.44000000000000006
6965,I1,2025/2026,13,2025-11-29,Milan,Lazio,0.519159592837279,0.5318024060099044,0.5292418965223133,compact_btts_form,0.6500000000000002,False,1,0,0,0.4795755628459349,0.37,0.4469542135339684,0.45000000000000007,0.3645247153284194,0.38,0.5143828176753878,0.6200000000000002,0.5231307715255632,0.35,0.519159592837279,0.45000000000000007,0.27491843334916183,0.35,0.40823604811950925,0.44000000000000006
11763,E0,2025/2026,13,2025-11-29,Brentford,Burnley,0.3975380125407298,0.5160022186377358,0.5292418965223133,compact_btts_form,0.6500000000000002,False,0,1,0,0.3652137937642731,0.37,0.382507889187524,0.45000000000000007,0.36445104379261467,0.38,0.42143960535878444,0.6200000000000002,0.24183448886489106,0.35,0.3975380125407298,0.45000000000000007,0.16464710006041716,0.35,0.25108326885439636,0.44000000000000006
11764,E0,2025/2026,13,2025-11-29,Man City,Leeds,0.4343966407973773,0.5208779519343206,0.5292418965223133,compact_btts_form,0.6500000000000002,False,0,1,0,0.4999219917603622,0.37,0.5637603837038112,0.45000000000000007,0.5609092018435236,0.38,0.5639225801114699,0.6200000000000002,0.6146976993147597,0.35,0.4343966407973773,0.45000000000000007,0.7013101795694301,0.35,0.569227633186796,0.44000000000000006
11765,E0,2025/2026,13,2025-11-29,Sunderland,Bournemouth,0.47521707550208714,0.5261642425752964,0.5292418965223133,compact_btts_form,0.6500000000000002,False,0,1,0,0.5376360227879814,0.37,0.6343186949017412,0.45000000000000007,0.7062192974543178,0.38,0.5502964736118833,0.6200000000000002,0.49160666066749636,0.35,0.47521707550208714,0.45000000000000007,0.4306435476065586,0.35,0.6021545516283795,0.44000000000000006
11766,E0,2025/2026,13,2025-11-29,Everton,Newcastle,0.505773779206187,0.5300856861135317,0.5292418965223133,compact_btts_form,0.6500000000000002,False,1,1,1,0.537648310412549,0.37,0.7853864415668717,0.45000000000000007,0.8156729443240618,0.38,0.5639300917717874,0.6200000000000002,0.6082205939850674,0.35,0.505773779206187,0.45000000000000007,0.7777768307879505,0.35,0.779901929826407,0.44000000000000006
11767,E0,2025/2026,13,2025-11-29,Tottenham,Fulham,0.5376185297254538,0.5341748136054206,0.5292418965223133,compact_btts_form,0.6500000000000002,False,1,1,1,0.5704788979087335,0.37,0.7053356038689415,0.45000000000000007,0.740591700991383,0.38,0.6636560833496692,0.6200000000000002,0.744297688047596,0.35,0.5376185297254538,0.45000000000000007,0.7861669242604644,0.35,0.8657616494744039,0.44000000000000006
6966,I1,2025/2026,13,2025-11-30,Lecce,Torino,0.39383010018922826,0.5155039614373397,0.5292418965223133,compact_btts_form,0.6500000000000002,False,0,1,0,0.3028099546467233,0.37,0.5551348006951984,0.45000000000000007,0.5372248095669486,0.38,0.32579965316133974,0.6200000000000002,0.38670149260116793,0.35,0.39383010018922826,0.45000000000000007,0.3624512050558659,0.35,0.5038151896682724,0.44000000000000006
6967,I1,2025/2026,13,2025-11-30,Pisa,Inter,0.3559124766381342,0.5102998860909425,0.5292418965223133,compact_btts_form,0.6500000000000002,False,0,0,1,0.4103187297026372,0.37,0.5422301038817262,0.45000000000000007,0.48958249489690525,0.38,0.3309914275755211,0.6200000000000002,0.4972537412501372,0.35,0.3559124766381342,0.45000000000000007,0.18665836437147665,0.35,0.42725060863316594,0.44000000000000006
6968,I1,2025/2026,13,2025-11-30,Atalanta,Fiorentina,0.5985741665991895,0.5421293671775778,0.5292418965223133,compact_btts_form,0.6500000000000002,False,1,0,0,0.42107543003968184,0.37,0.6035710813243879,0.45000000000000007,0.5127988831650707,0.38,0.392932061186498,0.6200000000000002,0.5448414396521596,0.35,0.5985741665991895,0.45000000000000007,0.4838820294002061,0.35,0.5211969156468704,0.44000000000000006
6969,I1,2025/2026,13,2025-11-30,Roma,Napoli,0.5323453414275671,0.5334961717352743,0.5292418965223133,compact_btts_form,0.6500000000000002,False,1,0,0,0.5084916832417242,0.37,0.7251696919865029,0.45000000000000007,0.6393319304936835,0.38,0.40122412902301385,0.6200000000000002,0.6277846091010386,0.35,0.5323453414275671,0.45000000000000007,0.6910601131592821,0.35,0.6747995230014595,0.44000000000000006
11768,E0,2025/2026,13,2025-11-30,Crystal Palace,Man United,0.6043936726777952,0.542904607007929,0.5292418965223133,compact_btts_form,0.6500000000000002,False,1,1,1,0.7317947431897013,0.37,0.6463649635546151,0.45000000000000007,0.53231429314421,0.38,0.7157766546329487,0.6200000000000002,0.6220293395982466,0.35,0.6043936726777952,0.45000000000000007,0.6280040871116405,0.35,0.554744273018124,0.44000000000000006
11769,E0,2025/2026,13,2025-11-30,Aston Villa,Wolves,0.4217306861744756,0.5192165523804441,0.5292418965223133,compact_btts_form,0.6500000000000002,False,0,0,1,0.4620696550909705,0.37,0.6730721083388733,0.45000000000000007,0.5269156004778207,0.38,0.37461232829028673,0.6200000000000002,0.7686123948701147,0.35,0.4217306861744756,0.45000000000000007,0.7143655900977526,0.35,0.5089581223560005,0.44000000000000006
11770,E0,2025/2026,13,2025-11-30,Nott'm Forest,Brighton,0.5465120784191672,0.5353216318438553,0.5292418965223133,compact_btts_form,0.6500000000000002,False,1,0,0,0.6166692670155742,0.37,0.7866584987157013,0.45000000000000007,0.8303735354282188,0.38,0.6891840326439057,0.6200000000000002,0.6400301863839133,0.35,0.5465120784191672,0.45000000000000007,0.8398185619554902,0.35,0.7721785654856788,0.44000000000000006
11771,E0,2025/2026,13,2025-11-30,West Ham,Liverpool,0.6473924352504112,0.5487662461717557,0.5292418965223133,compact_btts_form,0.6500000000000002,False,1,0,0,0.673828555705657,0.37,0.8140537562465978,0.45000000000000007,0.8757227755828703,0.38,0.7417157119830192,0.6200000000000002,0.8849868081754942,0.35,0.6473924352504112,0.45000000000000007,0.8400035738197108,0.35,0.9199706235961539,0.44000000000000006
11772,E0,2025/2026,13,2025-11-30,Chelsea,Arsenal,0.4930281222433124,0.5284514271494222,0.5292418965223133,compact_btts_form,0.6500000000000002,False,0,1,0,0.5719078212172586,0.37,0.5263692832284568,0.45000000000000007,0.5175376964597593,0.38,0.6218065850056608,0.6200000000000002,0.43432924780442705,0.35,0.4930281222433124,0.45000000000000007,0.42133082409550565,0.35,0.44582700627859173,0.44000000000000006
6970,I1,2025/2026,13,2025-12-01,Bologna,Cremonese,0.377496916300755,0.5132882639265518,0.5292418965223133,compact_btts_form,0.6500000000000002,False,0,1,0,0.42020034980430954,0.37,0.5356155938052212,0.45000000000000007,0.5471512475409227,0.38,0.48144079961631897,0.6200000000000002,0.5922702416557335,0.35,0.377496916300755,0.45000000000000007,0.5067846577599954,0.35,0.5964431945788375,0.44000000000000006
9165,D1,2025/2026,13,2025-12-05,Mainz,M'gladbach,0.7288444180852571,0.5608780769826557,0.5292418965223133,compact_btts_form,0.6500000000000002,False,1,0,0,0.7836686586433687,0.37,0.8032166650659543,0.45000000000000007,0.7950124970917933,0.38,0.7872220501104131,0.6200000000000002,0.9228010862785877,0.35,0.7288444180852571,0.45000000000000007,0.8411505042352966,0.35,0.9382082704833262,0.44000000000000006
9166,D1,2025/2026,13,2025-12-06,Augsburg,Leverkusen,0.7030935404241018,0.5568596204260341,0.5292418965223133,compact_btts_form,0.6500000000000002,False,1,0,0,0.6913546507967164,0.37,0.8286262119548984,0.45000000000000007,0.7793505632084261,0.38,0.6601955841363137,0.6200000000000002,0.7585806305471542,0.35,0.7030935404241018,0.45000000000000007,0.806174644315816,0.35,0.8565077662874431,0.44000000000000006
9167,D1,2025/2026,13,2025-12-06,FC Koln,St Pauli,0.6530870109033976,0.5495638194132164,0.5292418965223133,compact_btts_form,0.6500000000000002,False,1,1,1,0.6000109437786761,0.37,0.7260982944333031,0.45000000000000007,0.7188269382382829,0.38,0.6052251894462585,0.6200000000000002,0.7153726951905304,0.35,0.6530870109033976,0.45000000000000007,0.7273420006925455,0.35,0.7676592917150706,0.44000000000000006
9168,D1,2025/2026,13,2025-12-06,Heidenheim,Freiburg,0.6323922266619943,0.5466913573037793,0.5292418965223133,compact_btts_form,0.6500000000000002,False,1,1,1,0.5978434495856043,0.37,0.513906718910569,0.45000000000000007,0.5279925421999776,0.38,0.6882922159995369,0.6200000000000002,0.6466081054735713,0.35,0.6323922266619943,0.45000000000000007,0.47245788382615483,0.35,0.5146194619970607,0.44000000000000006
9169,D1,2025/2026,13,2025-12-06,Stuttgart,Bayern Munich,0.8235683391188026,0.5782849295166248,0.5292418965223133,compact_btts_form,0.6500000000000002,False,1,0,0,0.8118524960151218,0.37,0.919585354018908,0.45000000000000007,0.9433450570470138,0.38,0.8770603468598805,0.6200000000000002,0.9648175678631622,0.35,0.8235683391188026,0.45000000000000007,0.9237461474183923,0.35,0.9729473105304514,0.44000000000000006
9170,D1,2025/2026,13,2025-12-06,Wolfsburg,Union Berlin,0.6558594118050518,0.5499542350013089,0.5292418965223133,compact_btts_form,0.6500000000000002,False,1,1,1,0.5554460662160954,0.37,0.8473389311173208,0.45000000000000007,0.8581242000001609,0.38,0.5821652890565453,0.6200000000000002,0.7891253165725255,0.35,0.6558594118050518,0.45000000000000007,0.7395047314543635,0.35,0.8158497932100467,0.44000000000000006
9171,D1,2025/2026,13,2025-12-06,RB Leipzig,Ein Frankfurt,0.7677824233122202,0.5674282774458302,0.5292418965223133,compact_btts_form,0.6500000000000002,False,1,0,0,0.7271685158673517,0.37,0.9170521284835713,0.45000000000000007,0.9224183361341864,0.38,0.7026040080426249,0.6200000000000002,0.920322944884853,0.35,0.7677824233122202,0.45000000000000007,0.9202325217327463,0.35,0.9461685660092016,0.44000000000000006
9172,D1,2025/2026,13,2025-12-07,Hamburg,Werder Bremen,0.7135004737278746,0.5584582672352951,0.5292418965223133,compact_btts_form,0.6500000000000002,False,1,1,1,0.7107076237319863,0.37,0.8617939641112837,0.45000000000000007,0.9041770179861472,0.38,0.7556708173394914,0.6200000000000002,0.8119213584449435,0.35,0.7135004737278746,0.45000000000000007,0.7774927321710363,0.35,0.907001662018651,0.44000000000000006
9173,D1,2025/2026,13,2025-12-07,Dortmund,Hoffenheim,0.8096455952420271,0.5753642109489311,0.5292418965223133,compact_btts_form,0.6500000000000002,False,1,0,0,0.750285997061837,0.37,0.9218733001883243,0.45000000000000007,0.9071769906713671,0.38,0.7606144698636582,0.6200000000000002,0.9652838587425512,0.35,0.8096455952420271,0.45000000000000007,0.9125264106901922,0.35,0.9416450130151836,0.44000000000000006
14171,F1,2025/2026,14,2025-11-28,Metz,Rennes,0.6478683419441191,0.5488326824183387,0.5342415888351957,compact_btts_form,0.6500000000000002,False,1,0,0,0.7382561860855289,0.4700000000000001,0.8358892891886743,0.4800000000000001,0.7552692602729004,0.6100000000000002,0.696590198357899,0.5800000000000002,0.9054258369594824,0.5100000000000001,0.6478683419441191,0.45000000000000007,0.8788031158335232,0.5900000000000002,0.8641323311986984,0.6500000000000002
16770,SP1,2025/2026,14,2025-11-28,Getafe,Elche,0.32029548123973567,0.5051786287800861,0.5342415888351957,compact_btts_form,0.6500000000000002,False,0,0,1,0.3256981354719035,0.4700000000000001,0.2675370974179654,0.4800000000000001,0.3587889018196124,0.6100000000000002,0.28405518814149866,0.5800000000000002,0.2957208100941884,0.5100000000000001,0.32029548123973567,0.45000000000000007,0.45909493321333356,0.5900000000000002,0.21756330633289583,0.6500000000000002
14172,F1,2025/2026,14,2025-11-29,Monaco,Paris SG,0.6895637582262185,0.5548270740608596,0.5342415888351957,compact_btts_form,0.6500000000000002,False,1,0,0,0.7448695530458067,0.4700000000000001,0.5695493985078326,0.4800000000000001,0.683851290689656,0.6100000000000002,0.7665472542340854,0.5800000000000002,0.7731915429680587,0.5100000000000001,0.6895637582262185,0.45000000000000007,0.7703656938420381,0.5900000000000002,0.8851426470247887,0.6500000000000002
14173,F1,2025/2026,14,2025-11-29,Paris FC,Auxerre,0.5684739930805673,0.5381700098958285,0.5342415888351957,compact_btts_form,0.6500000000000002,False,1,1,1,0.5753324356058789,0.4700000000000001,0.6649653758075132,0.4800000000000001,0.7879216342629655,0.6100000000000002,0.5817028218169279,0.5800000000000002,0.7735519065766793,0.5100000000000001,0.5684739930805673,0.45000000000000007,0.8744884122154399,0.5900000000000002,0.8878428806970214,0.6500000000000002
14174,F1,2025/2026,14,2025-11-29,Marseille,Toulouse,0.6448168638851657,0.5484073717541134,0.5342415888351957,compact_btts_form,0.6500000000000002,False,1,1,1,0.6520782616262333,0.4700000000000001,0.6430278852324898,0.4800000000000001,0.6233859303209379,0.6100000000000002,0.6216691627368117,0.5800000000000002,0.7537862199750174,0.5100000000000001,0.6448168638851657,0.45000000000000007,0.8305060924927443,0.5900000000000002,0.8547922708573341,0.6500000000000002
16771,SP1,2025/2026,14,2025-11-29,Mallorca,Osasuna,0.5240186328795602,0.5324261331060389,0.5342415888351957,compact_btts_form,0.6500000000000002,False,0,1,0,0.49258098312993626,0.4700000000000001,0.7196350792991909,0.4800000000000001,0.6607754190241075,0.6100000000000002,0.35625361621056695,0.5800000000000002,0.7916457947233718,0.5100000000000001,0.5240186328795602,0.45000000000000007,0.8014012270918003,0.5900000000000002,0.5543331392192054,0.6500000000000002
16772,SP1,2025/2026,14,2025-11-29,Barcelona,Alaves,0.5998119614202577,0.542293958186037,0.5342415888351957,compact_btts_form,0.6500000000000002,False,1,1,1,0.6485654355014867,0.4700000000000001,0.7367415422887886,0.4800000000000001,0.5542654063436425,0.6100000000000002,0.5104555886042453,0.5800000000000002,0.8582864156151601,0.5100000000000001,0.5998119614202577,0.45000000000000007,0.9343384065841641,0.5900000000000002,0.7546423053441754,0.6500000000000002
16773,SP1,2025/2026,14,2025-11-29,Levante,Ath Bilbao,0.623769500497789,0.545514151007681,0.5342415888351957,compact_btts_form,0.6500000000000002,False,1,0,0,0.5341472684079158,0.4700000000000001,0.40270116996997424,0.4800000000000001,0.42052996011446725,0.6100000000000002,0.35946372088891126,0.5800000000000002,0.705319174375203,0.5100000000000001,0.623769500497789,0.45000000000000007,0.6795952155742562,0.5900000000000002,0.4378018655354231,0.6500000000000002
16774,SP1,2025/2026,14,2025-11-29,Ath Madrid,Oviedo,0.49496527513572486,0.5286998730341833,0.5342415888351957,compact_btts_form,0.6500000000000002,False,0,0,1,0.3827447377851388,0.4700000000000001,0.41200172481969183,0.4800000000000001,0.5830234047944381,0.6100000000000002,0.4067265305836682,0.5800000000000002,0.24180439710623597,0.5100000000000001,0.49496527513572486,0.45000000000000007,0.5152768436360784,0.5900000000000002,0.19292905067843405,0.6500000000000002
14175,F1,2025/2026,14,2025-11-30,Strasbourg,Brest,0.6536942285311843,0.5496492081964849,0.5342415888351957,compact_btts_form,0.6500000000000002,False,1,1,1,0.7241003483675803,0.4700000000000001,0.7014743733523374,0.4800000000000001,0.75091654670699,0.6100000000000002,0.7441537657964042,0.5800000000000002,0.861504241939861,0.5100000000000001,0.6536942285311843,0.45000000000000007,0.8883166622195164,0.5900000000000002,0.8648358301788247,0.6500000000000002
14176,F1,2025/2026,14,2025-11-30,Angers,Lens,0.4558757175485714,0.52366991055779,0.5342415888351957,compact_btts_form,0.6500000000000002,False,0,1,0,0.43765384813069774,0.4700000000000001,0.48959334662611315,0.4800000000000001,0.38141874473328485,0.6100000000000002,0.3554113839847196,0.5800000000000002,0.42281225298181707,0.5100000000000001,0.4558757175485714,0.45000000000000007,0.30411908165574886,0.5900000000000002,0.3503991628669458,0.6500000000000002
14177,F1,2025/2026,14,2025-11-30,Le Havre,Lille,0.695925479346541,0.5557766584424553,0.5342415888351957,compact_btts_form,0.6500000000000002,False,1,0,0,0.6436194260446303,0.4700000000000001,0.74460806587536,0.4800000000000001,0.8366199221335585,0.6100000000000002,0.693382795611713,0.5800000000000002,0.890317555202995,0.5100000000000001,0.695925479346541,0.45000000000000007,0.8153549799685819,0.5900000000000002,0.9191691453648947,0.6500000000000002
14178,F1,2025/2026,14,2025-11-30,Lorient,Nice,0.63087559595495,0.5464835245353833,0.5342415888351957,compact_btts_form,0.6500000000000002,False,1,1,1,0.6801181329894906,0.4700000000000001,0.6832658185398649,0.4800000000000001,0.6858920594671924,0.6100000000000002,0.6162104984964004,0.5800000000000002,0.7204494740845012,0.5100000000000001,0.63087559595495,0.45000000000000007,0.7923747196983052,0.5900000000000002,0.7993266527839906,0.6500000000000002
14179,F1,2025/2026,14,2025-11-30,Lyon,Nantes,0.5425305002345262,0.5348078259589626,0.5342415888351957,compact_btts_form,0.6500000000000002,False,1,0,0,0.5904102835925973,0.4700000000000001,0.6260260110294572,0.4800000000000001,0.6921668787012417,0.6100000000000002,0.537550751279748,0.5800000000000002,0.8386273203482503,0.5100000000000001,0.5425305002345262,0.45000000000000007,0.7975669719701279,0.5900000000000002,0.7553321841432051,0.6500000000000002
16775,SP1,2025/2026,14,2025-11-30,Sociedad,Villarreal,0.5994244429395749,0.5422424122841262,0.5342415888351957,compact_btts_form,0.6500000000000002,False,1,1,1,0.5447311145543132,0.4700000000000001,0.7124478019588338,0.4800000000000001,0.7154083293147767,0.6100000000000002,0.532473456882969,0.5800000000000002,0.28114130108341145,0.5100000000000001,0.5994244429395749,0.45000000000000007,0.4114723930344871,0.5900000000000002,0.38640054177788474,0.6500000000000002
16776,SP1,2025/2026,14,2025-11-30,Sevilla,Betis,0.5781417062303551,0.5394335187023599,0.5342415888351957,compact_btts_form,0.6500000000000002,False,1,0,0,0.575688775277724,0.4700000000000001,0.7921993624737947,0.4800000000000001,0.8606485121470189,0.6100000000000002,0.6020251701335764,0.5800000000000002,0.7688639179482967,0.5100000000000001,0.5781417062303551,0.45000000000000007,0.842113983261436,0.5900000000000002,0.7915721311158442,0.6500000000000002
16777,SP1,2025/2026,14,2025-11-30,Celta,Espanol,0.6428474733959293,0.5481337162261982,0.5342415888351957,compact_btts_form,0.6500000000000002,False,1,0,0,0.5107524344752943,0.4700000000000001,0.7001204715577258,0.4800000000000001,0.610518642281112,0.6100000000000002,0.4943414281605868,0.5800000000000002,0.5605055098259575,0.5100000000000001,0.6428474733959293,0.45000000000000007,0.7285656392382666,0.5900000000000002,0.34052331500530575,0.6500000000000002
16778,SP1,2025/2026,14,2025-11-30,Girona,Real Madrid,0.6702514616967837,0.5520048799052786,0.5342415888351957,compact_btts_form,0.6500000000000002,False,1,1,1,0.5795696246831866,0.4700000000000001,0.7350149834121879,0.4800000000000001,0.7097796250250407,0.6100000000000002,0.558398078260628,0.5800000000000002,0.5550398902352431,0.5100000000000001,0.6702514616967837,0.45000000000000007,0.7169635221163797,0.5900000000000002,0.3409705377368134,0.6500000000000002
16779,SP1,2025/2026,14,2025-12-01,Vallecano,Valencia,0.45675023919573926,0.5237830321389195,0.5342415888351957,compact_btts_form,0.6500000000000002,False,0,1,0,0.37369357703114453,0.4700000000000001,0.3886198194951776,0.4800000000000001,0.39830305280316913,0.6100000000000002,0.41863160753991463,0.5800000000000002,0.17112416462146765,0.5100000000000001,0.45675023919573926,0.45000000000000007,0.32315680785483847,0.5900000000000002,0.18907104316969484,0.6500000000000002
11773,E0,2025/2026,14,2025-12-02,Bournemouth,Everton,0.45148745253721023,0.52310169484681,0.5342415888351957,compact_btts_form,0.6500000000000002,False,0,0,1,0.5081725724177962,0.4700000000000001,0.2865113879995102,0.4800000000000001,0.28873004653654455,0.6100000000000002,0.5828802902175799,0.5800000000000002,0.07816991963684627,0.5100000000000001,0.45148745253721023,0.45000000000000007,0.19328079997919245,0.5900000000000002,0.25517537897293513,0.6500000000000002
11774,E0,2025/2026,14,2025-12-02,Fulham,Man City,0.6547541670086016,0.549798421946703,0.5342415888351957,compact_btts_form,0.6500000000000002,False,1,1,1,0.7547652865724884,0.4700000000000001,0.705810522029728,0.4800000000000001,0.735163841372455,0.6100000000000002,0.775592434276362,0.5800000000000002,0.8365193057657057,0.5100000000000001,0.6547541670086016,0.45000000000000007,0.9006223135407724,0.5900000000000002,0.8339705708238041,0.6500000000000002
11775,E0,2025/2026,14,2025-12-02,Newcastle,Tottenham,0.5236861896404614,0.5323834452248309,0.5342415888351957,compact_btts_form,0.6500000000000002,False,0,1,0,0.6102995957197572,0.4700000000000001,0.48656361930334696,0.4800000000000001,0.469551968763968,0.6100000000000002,0.658051930244449,0.5800000000000002,0.47790953039004586,0.5100000000000001,0.5236861896404614,0.45000000000000007,0.5468176522036747,0.5900000000000002,0.46517688793983514,0.6500000000000002
11776,E0,2025/2026,14,2025-12-03,Arsenal,Brentford,0.5027614592506154,0.5296994929583068,0.5342415888351957,compact_btts_form,0.6500000000000002,False,0,0,1,0.5905055250789608,0.4700000000000001,0.4514316435064482,0.4800000000000001,0.5260719662008166,0.6100000000000002,0.5775455857457883,0.5800000000000002,0.7345677843009791,0.5100000000000001,0.5027614592506154,0.45000000000000007,0.5955506446908042,0.5900000000000002,0.5182258344581521,0.6500000000000002
11777,E0,2025/2026,14,2025-12-03,Brighton,Aston Villa,0.6237627983398949,0.5455132400733895,0.5342415888351957,compact_btts_form,0.6500000000000002,False,1,1,1,0.6381495932513875,0.4700000000000001,0.5819153908323721,0.4800000000000001,0.6961258197371464,0.6100000000000002,0.7109044170182612,0.5800000000000002,0.5944725352053299,0.5100000000000001,0.6237627983398949,0.45000000000000007,0.7850100830424349,0.5900000000000002,0.7837263749631993,0.6500000000000002
11778,E0,2025/2026,14,2025-12-03,Burnley,Crystal Palace,0.42304537787600066,0.5193896114069163,0.5342415888351957,compact_btts_form,0.6500000000000002,False,0,0,1,0.5195160040202346,0.4700000000000001,0.29804453093530986,0.4800000000000001,0.22036717603171685,0.6100000000000002,0.49576114980382713,0.5800000000000002,0.35007034338497584,0.5100000000000001,0.42304537787600066,0.45000000000000007,0.22793878973199816,0.5900000000000002,0.25914317908493284,0.6500000000000002
11779,E0,2025/2026,14,2025-12-03,Wolves,Nott'm Forest,0.45083015654126274,0.5230164975434428,0.5342415888351957,compact_btts_form,0.6500000000000002,False,0,0,1,0.48122779344767697,0.4700000000000001,0.27836657326510883,0.4800000000000001,0.23397936957397106,0.6100000000000002,0.5085782229344548,0.5800000000000002,0.13288138758399046,0.5100000000000001,0.45083015654126274,0.45000000000000007,0.1478463628538659,0.5900000000000002,0.20244925172688752,0.6500000000000002
11780,E0,2025/2026,14,2025-12-03,Leeds,Chelsea,0.4180907787506816,0.5187366197668821,0.5342415888351957,compact_btts_form,0.6500000000000002,False,0,1,0,0.42826531298763754,0.4700000000000001,0.6950297659181711,0.4800000000000001,0.5913464927170825,0.6100000000000002,0.38611812835902765,0.5800000000000002,0.4483140632230629,0.5100000000000001,0.4180907787506816,0.45000000000000007,0.43733374889593907,0.5900000000000002,0.4332819131499728,0.6500000000000002
11781,E0,2025/2026,14,2025-12-03,Liverpool,Sunderland,0.6923594217858063,0.5552430733194333,0.5342415888351957,compact_btts_form,0.6500000000000002,False,1,1,1,0.7800391348418841,0.4700000000000001,0.5770480602568148,0.4800000000000001,0.6622727875526795,0.6100000000000002,0.8691256464809413,0.5800000000000002,0.8886060538522211,0.5100000000000001,0.6923594217858063,0.45000000000000007,0.8429532586244669,0.5900000000000002,0.8300388984281939,0.6500000000000002
11782,E0,2025/2026,14,2025-12-04,Man United,West Ham,0.5504220972898926,0.5358268776731521,0.5342415888351957,compact_btts_form,0.6500000000000002,False,1,1,1,0.5522933174836183,0.4700000000000001,0.5952667673917854,0.4800000000000001,0.508338638995331,0.6100000000000002,0.5844224735876208,0.5800000000000002,0.5716803300900625,0.5100000000000001,0.5504220972898926,0.45000000000000007,0.6404021061545561,0.5900000000000002,0.5356460386938571,0.6500000000000002
6971,I1,2025/2026,14,2025-12-06,Sassuolo,Fiorentina,0.6496738123525626,0.5490850833130066,0.5342415888351957,compact_btts_form,0.6500000000000002,False,1,1,1,0.5198537354621661,0.4700000000000001,0.6962090910372044,0.4800000000000001,0.6430994596830996,0.6100000000000002,0.546104514024109,0.5800000000000002,0.6790362111600879,0.5100000000000001,0.6496738123525626,0.45000000000000007,0.6587468058135564,0.5900000000000002,0.6914400951154162,0.6500000000000002
6972,I1,2025/2026,14,2025-12-06,Inter,Como,0.5245808681025905,0.5324983329368188,0.5342415888351957,compact_btts_form,0.6500000000000002,False,0,0,1,0.5177307142453308,0.4700000000000001,0.7393389492942214,0.4800000000000001,0.6251150643874359,0.6100000000000002,0.3848725096628625,0.5800000000000002,0.818922738130038,0.5100000000000001,0.5245808681025905,0.45000000000000007,0.651030785244353,0.5900000000000002,0.685666878371481,0.6500000000000002
6973,I1,2025/2026,14,2025-12-06,Verona,Atalanta,0.45671559524888655,0.5237785515640037,0.5342415888351957,compact_btts_form,0.6500000000000002,False,0,1,0,0.5335512021414999,0.4700000000000001,0.24201598001589728,0.4800000000000001,0.15973151825197124,0.6100000000000002,0.5210727420690133,0.5800000000000002,0.09673759270145482,0.5100000000000001,0.45671559524888655,0.45000000000000007,0.10074681666778686,0.5900000000000002,0.1596814986983439,0.6500000000000002
6974,I1,2025/2026,14,2025-12-07,Cremonese,Lecce,0.4816153969269657,0.5269866347189822,0.5342415888351957,compact_btts_form,0.6500000000000002,False,0,0,1,0.44259335005426914,0.4700000000000001,0.7057452064222716,0.4800000000000001,0.7349622897116581,0.6100000000000002,0.5075790792224122,0.5800000000000002,0.6684661644642698,0.5100000000000001,0.4816153969269657,0.45000000000000007,0.6051172200348713,0.5900000000000002,0.7233841761291273,0.6500000000000002
6975,I1,2025/2026,14,2025-12-07,Cagliari,Roma,0.42628367656653066,0.5198152578618883,0.5342415888351957,compact_btts_form,0.6500000000000002,False,0,0,1,0.4170153563329718,0.4700000000000001,0.38810784038760143,0.4800000000000001,0.28435598619316416,0.6100000000000002,0.3935112389508296,0.5800000000000002,0.5603678184310581,0.5100000000000001,0.42628367656653066,0.45000000000000007,0.45234918942047875,0.5900000000000002,0.6388685554818871,0.6500000000000002
6976,I1,2025/2026,14,2025-12-07,Lazio,Bologna,0.5641768478880372,0.537610487742616,0.5342415888351957,compact_btts_form,0.6500000000000002,False,1,1,1,0.4653145932809051,0.4700000000000001,0.7211629553220305,0.4800000000000001,0.7255531650203153,0.6100000000000002,0.5053518177581469,0.5800000000000002,0.6225064091782084,0.5100000000000001,0.5641768478880372,0.45000000000000007,0.4737691666919911,0.5900000000000002,0.6109861369678579,0.6500000000000002
6977,I1,2025/2026,14,2025-12-07,Napoli,Juventus,0.5381370047160199,0.5342415888351957,0.5342415888351957,compact_btts_form,0.6500000000000002,False,1,1,1,0.4272090853692998,0.4700000000000001,0.682346354027493,0.4800000000000001,0.5582088908840795,0.6100000000000002,0.45563655913593193,0.5800000000000002,0.5009839174251995,0.5100000000000001,0.5381370047160199,0.45000000000000007,0.4094649953356196,0.5900000000000002,0.6107828725189917,0.6500000000000002
6978,I1,2025/2026,14,2025-12-08,Pisa,Parma,0.38087887307966695,0.5137500103883762,0.5342415888351957,compact_btts_form,0.6500000000000002,False,0,0,1,0.3763546461972577,0.4700000000000001,0.2715750816653304,0.4800000000000001,0.1844834786292698,0.6100000000000002,0.21426363511788046,0.5800000000000002,0.15178398937896606,0.5100000000000001,0.38087887307966695,0.45000000000000007,0.11970678170643444,0.5900000000000002,0.15210006185516997,0.6500000000000002
6979,I1,2025/2026,14,2025-12-08,Udinese,Genoa,0.44305227962095894,0.5220064708415599,0.5342415888351957,compact_btts_form,0.6500000000000002,False,0,1,0,0.3295878487759564,0.4700000000000001,0.5380766216577748,0.4800000000000001,0.486863626767251,0.6100000000000002,0.2784214059077588,0.5800000000000002,0.24191802495298484,0.5100000000000001,0.44305227962095894,0.45000000000000007,0.25583479064824766,0.5900000000000002,0.3342644488018047,0.6500000000000002
6980,I1,2025/2026,14,2025-12-08,Torino,Milan,0.5699756338114513,0.5383658249351473,0.5342415888351957,compact_btts_form,0.6500000000000002,False,1,1,1,0.4643775822051174,0.4700000000000001,0.5779695680025276,0.4800000000000001,0.480692791205628,0.6100000000000002,0.4758132906754919,0.5800000000000002,0.36863185815850574,0.5100000000000001,0.5699756338114513,0.45000000000000007,0.5260706584227106,0.5900000000000002,0.4933186100814763,0.6500000000000002
9174,D1,2025/2026,14,2025-12-12,Union Berlin,RB Leipzig,0.6802617986642265,0.5534569021832856,0.5342415888351957,compact_btts_form,0.6500000000000002,False,1,1,1,0.6874761145001028,0.4700000000000001,0.8083438405590395,0.4800000000000001,0.7661975457973389,0.6100000000000002,0.6772487634156799,0.5800000000000002,0.9011467075610148,0.5100000000000001,0.6802617986642265,0.45000000000000007,0.685605215789195,0.5900000000000002,0.8691149422974932,0.6500000000000002
9175,D1,2025/2026,14,2025-12-13,Ein Frankfurt,Augsburg,0.6515785712477105,0.5493519877322903,0.5342415888351957,compact_btts_form,0.6500000000000002,False,1,0,0,0.6785914962359878,0.4700000000000001,0.7358079268162376,0.4800000000000001,0.6037340734284852,0.6100000000000002,0.6199859559008161,0.5800000000000002,0.7445581757560096,0.5100000000000001,0.6515785712477105,0.45000000000000007,0.7266023016848511,0.5900000000000002,0.6591484866102263,0.6500000000000002
9176,D1,2025/2026,14,2025-12-13,Hoffenheim,Hamburg,0.8128652311825207,0.5760250254299096,0.5342415888351957,compact_btts_form,0.6500000000000002,False,1,1,1,0.8852436328763881,0.4700000000000001,0.7493090034218293,0.4800000000000001,0.7538785973934242,0.6100000000000002,0.904265236080016,0.5800000000000002,0.9532737225836669,0.5100000000000001,0.8128652311825207,0.45000000000000007,0.9332483875539548,0.5900000000000002,0.9369429341008918,0.6500000000000002
9177,D1,2025/2026,14,2025-12-13,M'gladbach,Wolfsburg,0.579392402978491,0.5395974910781021,0.5342415888351957,compact_btts_form,0.6500000000000002,False,1,1,1,0.5679187882904272,0.4700000000000001,0.726222359009543,0.4800000000000001,0.6731908879583148,0.6100000000000002,0.612073277884215,0.5800000000000002,0.625676080887719,0.5100000000000001,0.579392402978491,0.45000000000000007,0.7368865709074621,0.5900000000000002,0.5772366162059807,0.6500000000000002
9178,D1,2025/2026,14,2025-12-13,St Pauli,Heidenheim,0.5618504064111105,0.5373080560419506,0.5342415888351957,compact_btts_form,0.6500000000000002,False,1,1,1,0.569598262610423,0.4700000000000001,0.30558486701336696,0.4800000000000001,0.21948971340521245,0.6100000000000002,0.45251718181457007,0.5800000000000002,0.27929805674947583,0.5100000000000001,0.5618504064111105,0.45000000000000007,0.27090313785497633,0.5900000000000002,0.1921706876524424,0.6500000000000002
9179,D1,2025/2026,14,2025-12-13,Leverkusen,FC Koln,0.7231121029787396,0.559964783705797,0.5342415888351957,compact_btts_form,0.6500000000000002,False,1,0,0,0.7997506677714301,0.4700000000000001,0.8091101307036168,0.4800000000000001,0.6550477364983361,0.6100000000000002,0.7521225940740632,0.5800000000000002,0.9308500998976005,0.5100000000000001,0.7231121029787396,0.45000000000000007,0.9184316869891518,0.5900000000000002,0.8518156701388627,0.6500000000000002
9180,D1,2025/2026,14,2025-12-14,Freiburg,Dortmund,0.5771619671611377,0.539305156098818,0.5342415888351957,compact_btts_form,0.6500000000000002,False,1,1,1,0.6547514617401242,0.4700000000000001,0.7920517964888829,0.4800000000000001,0.7591230856889882,0.6100000000000002,0.6816927905294269,0.5800000000000002,0.8129834525673094,0.5100000000000001,0.5771619671611377,0.45000000000000007,0.5755758776410452,0.5900000000000002,0.6387346185836748,0.6500000000000002
9181,D1,2025/2026,14,2025-12-14,Bayern Munich,Mainz,0.6261031022998659,0.545831702126775,0.5342415888351957,compact_btts_form,0.6500000000000002,False,1,1,1,0.6834320914922525,0.4700000000000001,0.7498670472206997,0.4800000000000001,0.7041381700028254,0.6100000000000002,0.760748379602489,0.5800000000000002,0.817437463275011,0.5100000000000001,0.6261031022998659,0.45000000000000007,0.8206384885428439,0.5900000000000002,0.8545972822209553,0.6500000000000002
9182,D1,2025/2026,14,2025-12-14,Werder Bremen,Stuttgart,0.8098151880114977,0.5753988110925512,0.5342415888351957,compact_btts_form,0.6500000000000002,False,1,0,0,0.7759769423611406,0.4700000000000001,0.8592241036164322,0.4800000000000001,0.8197019257778159,0.6100000000000002,0.8080580261640296,0.5800000000000002,0.9358209323160811,0.5100000000000001,0.8098151880114977,0.45000000000000007,0.8567861203090181,0.5900000000000002,0.916471908807033,0.6500000000000002
14180,F1,2025/2026,15,2025-12-05,Brest,Monaco,0.7118461848829839,0.5582019603671533,0.5321426280608201,compact_btts_form,0.6500000000000002,False,1,0,0,0.7189968508429488,0.44000000000000006,0.6355347424342174,0.4800000000000001,0.6871624785155728,0.4700000000000001,0.7616195112672726,0.39,0.7075235843341592,0.6500000000000002,0.7118461848829839,0.5000000000000001,0.6534871913543566,0.36,0.8027672821912497,0.41000000000000003
14181,F1,2025/2026,15,2025-12-05,Lille,Marseille,0.6426719249008194,0.5481093542704932,0.5321426280608201,compact_btts_form,0.6500000000000002,False,1,0,0,0.7755205855440177,0.44000000000000006,0.5633742064881286,0.4800000000000001,0.5428666788803478,0.4700000000000001,0.776814181609295,0.39,0.7148219255788538,0.6500000000000002,0.6426719249008194,0.5000000000000001,0.8383312764292578,0.36,0.7949934875198782,0.41000000000000003
16782,SP1,2025/2026,15,2025-12-05,Oviedo,Mallorca,0.3528332046929953,0.5098671762219056,0.5321426280608201,compact_btts_form,0.6500000000000002,False,0,0,1,0.30601422045429766,0.44000000000000006,0.3318107189877391,0.4800000000000001,0.4687213345439186,0.4700000000000001,0.28470347403351826,0.39,0.09428164927624931,0.6500000000000002,0.3528332046929953,0.5000000000000001,0.41060393912383164,0.36,0.10167272024695209,0.41000000000000003
11783,E0,2025/2026,15,2025-12-06,Aston Villa,Arsenal,0.4671737844179031,0.5251286990026702,0.5321426280608201,compact_btts_form,0.6500000000000002,False,0,1,0,0.4991627554945774,0.44000000000000006,0.815667780928813,0.4800000000000001,0.7894874724307744,0.4700000000000001,0.526376495453302,0.39,0.8777536323654409,0.6500000000000002,0.4671737844179031,0.5000000000000001,0.827438317469255,0.36,0.6736775539463262,0.41000000000000003
11784,E0,2025/2026,15,2025-12-06,Bournemouth,Chelsea,0.6038573554077343,0.5428330094030301,0.5321426280608201,compact_btts_form,0.6500000000000002,False,1,0,0,0.6146804565718725,0.44000000000000006,0.638014584033466,0.4800000000000001,0.7169192082177432,0.4700000000000001,0.7178105361850348,0.39,0.33725434942470955,0.6500000000000002,0.6038573554077343,0.5000000000000001,0.6039286767912238,0.36,0.5480489616738894,0.41000000000000003
11785,E0,2025/2026,15,2025-12-06,Everton,Nott'm Forest,0.435511771287374,0.5210236323385801,0.5321426280608201,compact_btts_form,0.6500000000000002,False,0,0,1,0.3415439328222399,0.44000000000000006,0.6634362872205836,0.4800000000000001,0.7217835766245678,0.4700000000000001,0.3494280133891263,0.39,0.35741178339910185,0.6500000000000002,0.435511771287374,0.5000000000000001,0.41293059603196264,0.36,0.5839308056837785,0.41000000000000003
11786,E0,2025/2026,15,2025-12-06,Man City,Sunderland,0.6556265908539284,0.5499213939278386,0.5321426280608201,compact_btts_form,0.6500000000000002,False,1,0,0,0.725749296721031,0.44000000000000006,0.7897420006144245,0.4800000000000001,0.8204544327375063,0.4700000000000001,0.8140412111797907,0.39,0.9627638371863338,0.6500000000000002,0.6556265908539284,0.5000000000000001,0.9501602529444644,0.36,0.9294299276738599,0.41000000000000003
11787,E0,2025/2026,15,2025-12-06,Newcastle,Burnley,0.3913229833866015,0.5151661170663251,0.5321426280608201,compact_btts_form,0.6500000000000002,False,0,1,0,0.41002404983091223,0.44000000000000006,0.6497037083804427,0.4800000000000001,0.6508771899235505,0.4700000000000001,0.4236992896540973,0.39,0.6196388215319919,0.6500000000000002,0.3913229833866015,0.5000000000000001,0.4894501821374922,0.36,0.38961551127972144,0.41000000000000003
11788,E0,2025/2026,15,2025-12-06,Tottenham,Brentford,0.7252808617816926,0.5603089703871729,0.5321426280608201,compact_btts_form,0.6500000000000002,False,1,0,0,0.7331474979077226,0.44000000000000006,0.8149527668250284,0.4800000000000001,0.910650000154394,0.4700000000000001,0.8415820372893145,0.39,0.9233096706944501,0.6500000000000002,0.7252808617816926,0.5000000000000001,0.9603398896413066,0.36,0.9593121663716279,0.41000000000000003
11789,E0,2025/2026,15,2025-12-06,Leeds,Liverpool,0.6295463445137114,0.5463016474205146,0.5321426280608201,compact_btts_form,0.6500000000000002,False,1,1,1,0.6584601606096651,0.44000000000000006,0.7865482243718144,0.4800000000000001,0.7670815820142466,0.4700000000000001,0.7035956295139644,0.39,0.7666966746656122,0.6500000000000002,0.6295463445137114,0.5000000000000001,0.7702539590502938,0.36,0.8053742787904837,0.41000000000000003
14182,F1,2025/2026,15,2025-12-06,Nantes,Lens,0.5960066553956914,0.5417884629625404,0.5321426280608201,compact_btts_form,0.6500000000000002,False,1,1,1,0.5375891748146139,0.44000000000000006,0.6531785320066302,0.4800000000000001,0.5923736954866768,0.4700000000000001,0.42847345042980345,0.39,0.8391419243597739,0.6500000000000002,0.5960066553956914,0.5000000000000001,0.8924354800044193,0.36,0.7569970762388689,0.41000000000000003
14183,F1,2025/2026,15,2025-12-06,Toulouse,Strasbourg,0.6615579619278349,0.5507612675017256,0.5321426280608201,compact_btts_form,0.6500000000000002,False,1,0,0,0.6952095341341751,0.44000000000000006,0.6908172771545734,0.4800000000000001,0.5963765496625877,0.4700000000000001,0.6221548672258611,0.39,0.5642159776456105,0.6500000000000002,0.6615579619278349,0.5000000000000001,0.7803769222688678,0.36,0.6179439744882939,0.41000000000000003
14184,F1,2025/2026,15,2025-12-06,Paris SG,Rennes,0.6390079724813967,0.5476020320602356,0.5321426280608201,compact_btts_form,0.6500000000000002,False,1,0,0,0.7702137775615958,0.44000000000000006,0.6390309004599849,0.4800000000000001,0.5908922626174131,0.4700000000000001,0.7351946303630883,0.39,0.8617112083132733,0.6500000000000002,0.6390079724813967,0.5000000000000001,0.8498153355661993,0.36,0.8240351921913911,0.41000000000000003
16783,SP1,2025/2026,15,2025-12-06,Villarreal,Getafe,0.4208643371212878,0.5191024285774416,0.5321426280608201,compact_btts_form,0.6500000000000002,False,0,0,1,0.31555567007276436,0.44000000000000006,0.2866921450003802,0.4800000000000001,0.348573718340071,0.4700000000000001,0.34405526620113835,0.39,0.11633072428717245,0.6500000000000002,0.4208643371212878,0.5000000000000001,0.31822538666236544,0.36,0.1673604672200249,0.41000000000000003
16784,SP1,2025/2026,15,2025-12-06,Alaves,Sociedad,0.47104885607135316,0.5256278683037828,0.5321426280608201,compact_btts_form,0.6500000000000002,False,0,0,1,0.4281612246082917,0.44000000000000006,0.46735693505544207,0.4800000000000001,0.45664275049336517,0.4700000000000001,0.41048590945829966,0.39,0.21497802650415743,0.6500000000000002,0.47104885607135316,0.5000000000000001,0.48623302828839554,0.36,0.24557720815726686,0.41000000000000003
16785,SP1,2025/2026,15,2025-12-06,Betis,Barcelona,0.8005587620107846,0.5735426411489054,0.5321426280608201,compact_btts_form,0.6500000000000002,False,1,1,1,0.766520663876316,0.44000000000000006,0.8883382693973766,0.4800000000000001,0.8902337002406076,0.4700000000000001,0.8096661076416471,0.39,0.8756993144018214,0.6500000000000002,0.8005587620107846,0.5000000000000001,0.9786113811869166,0.36,0.8871537679843666,0.41000000000000003
16786,SP1,2025/2026,15,2025-12-06,Ath Bilbao,Ath Madrid,0.25880690356507946,0.49553739856981177,0.5321426280608201,compact_btts_form,0.6500000000000002,False,0,0,1,0.46008211456267223,0.44000000000000006,0.35919015078231725,0.4800000000000001,0.14764303925671377,0.4700000000000001,0.3218502349495201,0.39,0.08896994151804702,0.6500000000000002,0.25880690356507946,0.5000000000000001,0.14624538217599978,0.36,0.10097242151756926,0.41000000000000003
11790,E0,2025/2026,15,2025-12-07,Brighton,West Ham,0.6625914516846415,0.5509083062548611,0.5321426280608201,compact_btts_form,0.6500000000000002,False,1,1,1,0.6151795826314079,0.44000000000000006,0.5715182606938235,0.4800000000000001,0.5971438286877152,0.4700000000000001,0.6521339240317472,0.39,0.7351139727359097,0.6500000000000002,0.6625914516846415,0.5000000000000001,0.802676687132017,0.36,0.8338443668632635,0.41000000000000003
11791,E0,2025/2026,15,2025-12-07,Fulham,Crystal Palace,0.5218104461969298,0.5321426280608201,0.5321426280608201,compact_btts_form,0.6500000000000002,False,1,1,1,0.5471855054536061,0.44000000000000006,0.6353906535446713,0.4800000000000001,0.6386102287685546,0.4700000000000001,0.5320475082338346,0.39,0.4602078465467972,0.6500000000000002,0.5218104461969298,0.5000000000000001,0.7373276707353624,0.36,0.4739671838933792,0.41000000000000003
14185,F1,2025/2026,15,2025-12-07,Nice,Angers,0.5818563799076039,0.5399208984785251,0.5321426280608201,compact_btts_form,0.6500000000000002,False,1,0,0,0.6557033138126127,0.44000000000000006,0.5612146604927746,0.4800000000000001,0.5834958323544067,0.4700000000000001,0.694060744706211,0.39,0.6055115228029067,0.6500000000000002,0.5818563799076039,0.5000000000000001,0.7824074319336976,0.36,0.8071067727519168,0.41000000000000003
14186,F1,2025/2026,15,2025-12-07,Auxerre,Metz,0.5240659419223824,0.5324322080785431,0.5321426280608201,compact_btts_form,0.6500000000000002,False,1,1,1,0.623727008271504,0.44000000000000006,0.5913859593807176,0.4800000000000001,0.7086308013050644,0.4700000000000001,0.6241331534341563,0.39,0.5289018668223258,0.6500000000000002,0.5240659419223824,0.5000000000000001,0.5156364595904955,0.36,0.49564131679000983,0.41000000000000003
14187,F1,2025/2026,15,2025-12-07,Le Havre,Paris FC,0.7015675246548803,0.5566278704388099,0.5321426280608201,compact_btts_form,0.6500000000000002,False,1,0,0,0.8176596393815266,0.44000000000000006,0.4935902370824831,0.4800000000000001,0.4888843182539545,0.4700000000000001,0.820843294773662,0.39,0.7432265967637465,0.6500000000000002,0.7015675246548803,0.5000000000000001,0.8272421563886224,0.36,0.7087383448068466,0.41000000000000003
14188,F1,2025/2026,15,2025-12-07,Lorient,Lyon,0.5594898722691215,0.5370015254499251,0.5321426280608201,compact_btts_form,0.6500000000000002,False,1,0,0,0.6402625370073777,0.44000000000000006,0.5471404604633924,0.4800000000000001,0.47209035133856503,0.4700000000000001,0.5252422565379568,0.39,0.6254835123948973,0.6500000000000002,0.5594898722691215,0.5000000000000001,0.8158443171896311,0.36,0.7119789910385153,0.41000000000000003
16787,SP1,2025/2026,15,2025-12-07,Elche,Girona,0.6055140642307466,0.5430542804360907,0.5321426280608201,compact_btts_form,0.6500000000000002,False,1,0,0,0.5364329731410792,0.44000000000000006,0.7822208728013681,0.4800000000000001,0.7889348148657015,0.4700000000000001,0.5151385818463682,0.39,0.6680823974069796,0.6500000000000002,0.6055140642307466,0.5000000000000001,0.8405916538414808,0.36,0.60332598675404,0.41000000000000003
16788,SP1,2025/2026,15,2025-12-07,Valencia,Sevilla,0.5596920133856284,0.5370277620006504,0.5321426280608201,compact_btts_form,0.6500000000000002,False,1,1,1,0.4767232494732385,0.44000000000000006,0.573784870780521,0.4800000000000001,0.5880955942173646,0.4700000000000001,0.45278156795032065,0.39,0.5838667308509263,0.6500000000000002,0.5596920133856284,0.5000000000000001,0.8007552790122948,0.36,0.40804310073424127,0.41000000000000003
16789,SP1,2025/2026,15,2025-12-07,Espanol,Vallecano,0.46282112117383356,0.5245673368583051,0.5321426280608201,compact_btts_form,0.6500000000000002,False,0,0,1,0.3729699869065115,0.44000000000000006,0.5580521557800465,0.4800000000000001,0.5202741702399648,0.4700000000000001,0.38326673765020963,0.39,0.2461484073499573,0.6500000000000002,0.46282112117383356,0.5000000000000001,0.4501377264523536,0.36,0.19569444828423008,0.41000000000000003
16790,SP1,2025/2026,15,2025-12-07,Real Madrid,Celta,0.5774778831121195,0.5393465383331355,0.5321426280608201,compact_btts_form,0.6500000000000002,False,1,0,0,0.6108849096449677,0.44000000000000006,0.46351232078073307,0.4800000000000001,0.4033075099719322,0.4700000000000001,0.6179427653978362,0.39,0.29921310710958354,0.6500000000000002,0.5774778831121195,0.5000000000000001,0.5629354368983113,0.36,0.2517976152589608,0.41000000000000003
11792,E0,2025/2026,15,2025-12-08,Wolves,Man United,0.4643275008679173,0.5247616997675847,0.5321426280608201,compact_btts_form,0.6500000000000002,False,0,1,0,0.5799625625983483,0.44000000000000006,0.4360198629386068,0.4800000000000001,0.21559883668939991,0.4700000000000001,0.5226740804314548,0.39,0.3452600685313397,0.6500000000000002,0.4643275008679173,0.5000000000000001,0.44632265166536844,0.36,0.22821792400874416,0.41000000000000003
16791,SP1,2025/2026,15,2025-12-08,Osasuna,Levante,0.4667578700393953,0.5250750905296918,0.5321426280608201,compact_btts_form,0.6500000000000002,False,0,0,1,0.45022517627030706,0.44000000000000006,0.32083462958058484,0.4800000000000001,0.2976462633619057,0.4700000000000001,0.5666901769597741,0.39,0.2539360908873812,0.6500000000000002,0.4667578700393953,0.5000000000000001,0.42657509284551176,0.36,0.11034038048165469,0.41000000000000003
6981,I1,2025/2026,15,2025-12-12,Lecce,Pisa,0.5369372891657387,0.5340870895790708,0.5321426280608201,compact_btts_form,0.6500000000000002,False,1,0,0,0.4096849552308829,0.44000000000000006,0.5250268326818007,0.4800000000000001,0.5363883581874693,0.4700000000000001,0.4755999742211877,0.39,0.44561516511273164,0.6500000000000002,0.5369372891657387,0.5000000000000001,0.4513870990889922,0.36,0.49765172457069107,0.41000000000000003
6982,I1,2025/2026,15,2025-12-13,Torino,Cremonese,0.6030764795394439,0.5427288199537982,0.5321426280608201,compact_btts_form,0.6500000000000002,False,1,0,0,0.5203867874923006,0.44000000000000006,0.6933086900786033,0.4800000000000001,0.6490454754113738,0.4700000000000001,0.5732434077844771,0.39,0.6362856906709308,0.6500000000000002,0.6030764795394439,0.5000000000000001,0.7573774086479519,0.36,0.7608211348729855,0.41000000000000003
6983,I1,2025/2026,15,2025-12-13,Parma,Lazio,0.5293239283699165,0.5331076985935315,0.5321426280608201,compact_btts_form,0.6500000000000002,False,1,0,0,0.5219788676463591,0.44000000000000006,0.5777682352475269,0.4800000000000001,0.5445779777360272,0.4700000000000001,0.5825613362407974,0.39,0.7134939911575358,0.6500000000000002,0.5293239283699165,0.5000000000000001,0.7362526187808155,0.36,0.8004463952073314,0.41000000000000003
6984,I1,2025/2026,15,2025-12-13,Atalanta,Cagliari,0.427961271493544,0.5200354230828371,0.5321426280608201,compact_btts_form,0.6500000000000002,False,0,1,0,0.4175577437066596,0.44000000000000006,0.30032582182505385,0.4800000000000001,0.19088539901064203,0.4700000000000001,0.36782567682781575,0.39,0.2284156849314936,0.6500000000000002,0.427961271493544,0.5000000000000001,0.11234231526194606,0.36,0.1379087467441652,0.41000000000000003
6985,I1,2025/2026,15,2025-12-14,Milan,Sassuolo,0.49023315556212466,0.5280928899031095,0.5321426280608201,compact_btts_form,0.6500000000000002,False,0,1,0,0.42941834817647356,0.44000000000000006,0.5426823517648139,0.4800000000000001,0.43605259814923447,0.4700000000000001,0.4153252834764356,0.39,0.5951399932661261,0.6500000000000002,0.49023315556212466,0.5000000000000001,0.5373688853173326,0.36,0.49283357919957965,0.41000000000000003
6986,I1,2025/2026,15,2025-12-14,Fiorentina,Verona,0.49383839228694776,0.5285553513623754,0.5321426280608201,compact_btts_form,0.6500000000000002,False,0,1,0,0.49494947525356725,0.44000000000000006,0.48324708092091545,0.4800000000000001,0.28190930156118016,0.4700000000000001,0.4399586245821101,0.39,0.6022510465672062,0.6500000000000002,0.49383839228694776,0.5000000000000001,0.38374181151156483,0.36,0.4984328536997465,0.41000000000000003
6987,I1,2025/2026,15,2025-12-14,Udinese,Napoli,0.4565208495399325,0.523753363609213,0.5321426280608201,compact_btts_form,0.6500000000000002,False,0,0,1,0.4903061900271287,0.44000000000000006,0.33745352639234033,0.4800000000000001,0.23397065008379078,0.4700000000000001,0.3391293146787972,0.39,0.33040892957837464,0.6500000000000002,0.4565208495399325,0.5000000000000001,0.37920738417630084,0.36,0.24394344040573498,0.41000000000000003
6988,I1,2025/2026,15,2025-12-14,Genoa,Inter,0.43031944308166237,0.5203445269801159,0.5321426280608201,compact_btts_form,0.6500000000000002,False,0,1,0,0.4480091937311728,0.44000000000000006,0.38607305828822075,0.4800000000000001,0.29601768433220016,0.4700000000000001,0.36683355043368676,0.39,0.3843677408312096,0.6500000000000002,0.43031944308166237,0.5000000000000001,0.2712944654887574,0.36,0.33416306906990556,0.41000000000000003
6989,I1,2025/2026,15,2025-12-14,Bologna,Juventus,0.5769918400698222,0.5392828741358916,0.5321426280608201,compact_btts_form,0.6500000000000002,False,1,0,0,0.6523202238108745,0.44000000000000006,0.8054088788162583,0.4800000000000001,0.7224344489052451,0.4700000000000001,0.6833507334165854,0.39,0.8080996489580119,0.6500000000000002,0.5769918400698222,0.5000000000000001,0.7627380088099054,0.36,0.8580289066733002,0.41000000000000003
6990,I1,2025/2026,15,2025-12-15,Roma,Como,0.5215595876175243,0.5321104266011918,0.5321426280608201,compact_btts_form,0.6500000000000002,False,0,0,1,0.5126090601871794,0.44000000000000006,0.7410529561659742,0.4800000000000001,0.6327169123936787,0.4700000000000001,0.5715242665204504,0.39,0.7627033918979961,0.6500000000000002,0.5215595876175243,0.5000000000000001,0.7152071357035499,0.36,0.7808690638345048,0.41000000000000003
9183,D1,2025/2026,15,2025-12-19,Dortmund,M'gladbach,0.7507039357843608,0.564474522942533,0.5321426280608201,compact_btts_form,0.6500000000000002,False,1,0,0,0.7075717335018874,0.44000000000000006,0.7884422724105812,0.4800000000000001,0.7460729432948942,0.4700000000000001,0.7012661433737787,0.39,0.8862654881337994,0.6500000000000002,0.7507039357843608,0.5000000000000001,0.8523293894465285,0.36,0.8163219377517686,0.41000000000000003
9184,D1,2025/2026,15,2025-12-20,Augsburg,Werder Bremen,0.6803208669335906,0.5534655374724358,0.5321426280608201,compact_btts_form,0.6500000000000002,False,1,0,0,0.6152013826202865,0.44000000000000006,0.8934198635803926,0.4800000000000001,0.8832312385547008,0.4700000000000001,0.6089386087508545,0.39,0.8833779999301795,0.6500000000000002,0.6803208669335906,0.5000000000000001,0.9388084341800682,0.36,0.956149462579049,0.41000000000000003
9185,D1,2025/2026,15,2025-12-20,FC Koln,Union Berlin,0.6442878295994287,0.5483337964592448,0.5321426280608201,compact_btts_form,0.6500000000000002,False,1,0,0,0.5973949915163645,0.44000000000000006,0.5811267425163908,0.4800000000000001,0.5344914146815106,0.4700000000000001,0.5830913526113236,0.39,0.47389397948787804,0.6500000000000002,0.6442878295994287,0.5000000000000001,0.5186476506166863,0.36,0.664115932548725,0.41000000000000003
9186,D1,2025/2026,15,2025-12-20,Hamburg,Ein Frankfurt,0.6726738488844429,0.5523542198597414,0.5321426280608201,compact_btts_form,0.6500000000000002,False,1,1,1,0.6770635337711318,0.44000000000000006,0.8118775371404947,0.4800000000000001,0.819752841028391,0.4700000000000001,0.6563603960720521,0.39,0.6374581576457621,0.6500000000000002,0.6726738488844429,0.5000000000000001,0.5089713287188785,0.36,0.6075249279934853,0.41000000000000003
9187,D1,2025/2026,15,2025-12-20,Stuttgart,Hoffenheim,0.7803916831178155,0.5697042557481417,0.5321426280608201,compact_btts_form,0.6500000000000002,False,1,0,0,0.817643116027307,0.44000000000000006,0.8704976926394046,0.4800000000000001,0.8965494090395507,0.4700000000000001,0.8803410577471052,0.39,0.945708017288495,0.6500000000000002,0.7803916831178155,0.5000000000000001,0.9646522721172058,0.36,0.9641844883558752,0.41000000000000003
9188,D1,2025/2026,15,2025-12-20,Wolfsburg,Freiburg,0.7268124452581792,0.5605530183606272,0.5321426280608201,compact_btts_form,0.6500000000000002,False,1,1,1,0.6869888460158308,0.44000000000000006,0.7679519025062599,0.4800000000000001,0.8390884551585246,0.4700000000000001,0.7413478124970587,0.39,0.7293314176468378,0.6500000000000002,0.7268124452581792,0.5000000000000001,0.7049381233952686,0.36,0.7178929470215036,0.41000000000000003
9189,D1,2025/2026,15,2025-12-20,RB Leipzig,Leverkusen,0.8133734446845625,0.5761301055919946,0.5321426280608201,compact_btts_form,0.6500000000000002,False,1,1,1,0.8384992531543513,0.44000000000000006,0.8678536685805165,0.4800000000000001,0.8774136543783793,0.4700000000000001,0.8653505335355219,0.39,0.9302496699682865,0.6500000000000002,0.8133734446845625,0.5000000000000001,0.9720007044770917,0.36,0.9727833269224303,0.41000000000000003
9190,D1,2025/2026,15,2025-12-21,Mainz,St Pauli,0.4710098593644154,0.5256228475170899,0.5321426280608201,compact_btts_form,0.6500000000000002,False,0,0,1,0.5003519088076807,0.44000000000000006,0.4937541958037031,0.4800000000000001,0.4152624012339041,0.4700000000000001,0.4825152721130739,0.39,0.4524328542274832,0.6500000000000002,0.4710098593644154,0.5000000000000001,0.3469956747846576,0.36,0.46546085928449626,0.41000000000000003
9191,D1,2025/2026,15,2025-12-21,Heidenheim,Bayern Munich,0.7013012281978777,0.5565874964620678,0.5321426280608201,compact_btts_form,0.6500000000000002,False,1,0,0,0.6707766140030597,0.44000000000000006,0.6604398910879944,0.4800000000000001,0.7478302526776006,0.4700000000000001,0.7290157559922711,0.39,0.7285079976154297,0.6500000000000002,0.7013012281978777,0.5000000000000001,0.651127807818782,0.36,0.7265283373701557,0.41000000000000003
14189,F1,2025/2026,16,2025-12-12,Angers,Nantes,0.3723135571456636,0.512577338443747,0.5347421817600084,compact_btts_form,0.6500000000000002,False,0,1,0,0.3914153705067014,0.4800000000000001,0.5687502066413395,0.41000000000000003,0.5641587565398148,0.39,0.3213419694889651,0.6200000000000002,0.49341893481818083,0.35,0.3723135571456636,0.5000000000000001,0.6599228972307409,0.6100000000000002,0.5318096672747745,0.5500000000000002
16792,SP1,2025/2026,16,2025-12-12,Sociedad,Girona,0.5420214500029056,0.5347421817600084,0.5347421817600084,compact_btts_form,0.6500000000000002,False,1,1,1,0.4861531247582701,0.4800000000000001,0.5477547115270871,0.41000000000000003,0.5785986593825831,0.39,0.4606347092284945,0.6200000000000002,0.5641428608430606,0.35,0.5420214500029056,0.5000000000000001,0.7282209114434213,0.6100000000000002,0.3131271804037414,0.5500000000000002
11793,E0,2025/2026,16,2025-12-13,Chelsea,Everton,0.352159865325528,0.5097723266822847,0.5347421817600084,compact_btts_form,0.6500000000000002,False,0,0,1,0.3939939090252946,0.4800000000000001,0.37467530204709176,0.41000000000000003,0.26368098167601184,0.39,0.38102383361382164,0.6200000000000002,0.22974139950454062,0.35,0.352159865325528,0.5000000000000001,0.2879954198277566,0.6100000000000002,0.1595740622953108,0.5500000000000002
11794,E0,2025/2026,16,2025-12-13,Liverpool,Brighton,0.7008474469903493,0.5565187432281697,0.5347421817600084,compact_btts_form,0.6500000000000002,False,1,0,0,0.6848669600006838,0.4800000000000001,0.6647526648005255,0.41000000000000003,0.6121527557502618,0.39,0.7561772893633296,0.6200000000000002,0.7277890535553889,0.35,0.7008474469903493,0.5000000000000001,0.7937562802840938,0.6100000000000002,0.6280556650479663,0.5500000000000002
11795,E0,2025/2026,16,2025-12-13,Burnley,Fulham,0.4760927841286974,0.5262768637822707,0.5347421817600084,compact_btts_form,0.6500000000000002,False,0,1,0,0.5124796702105117,0.4800000000000001,0.5079699929515583,0.41000000000000003,0.4382126511974346,0.39,0.4636408935801822,0.6200000000000002,0.6012028551409283,0.35,0.4760927841286974,0.5000000000000001,0.4507528966753792,0.6100000000000002,0.3983642728035632,0.5500000000000002
11796,E0,2025/2026,16,2025-12-13,Arsenal,Wolves,0.38145981966487813,0.5138291659877587,0.5347421817600084,compact_btts_form,0.6500000000000002,False,0,1,0,0.39167086961515574,0.4800000000000001,0.20749870229048709,0.41000000000000003,0.12403632456188173,0.39,0.33882530886440976,0.6200000000000002,0.23314351715727133,0.35,0.38145981966487813,0.5000000000000001,0.23191682934055058,0.6100000000000002,0.06216230366111405,0.5500000000000002
14190,F1,2025/2026,16,2025-12-13,Rennes,Brest,0.5876703083005165,0.5406860262929488,0.5347421817600084,compact_btts_form,0.6500000000000002,False,1,1,1,0.653485832371487,0.4800000000000001,0.7958199573368968,0.41000000000000003,0.7295412580667787,0.39,0.6674139892568176,0.6200000000000002,0.9047095023805894,0.35,0.5876703083005165,0.5000000000000001,0.902087272436537,0.6100000000000002,0.8871784012116737,0.5500000000000002
14191,F1,2025/2026,16,2025-12-13,Metz,Paris SG,0.5878904873962414,0.5407150605487108,0.5347421817600084,compact_btts_form,0.6500000000000002,False,1,1,1,0.6968630222022799,0.4800000000000001,0.6102557410078004,0.41000000000000003,0.5388047705221585,0.39,0.6773618562546169,0.6200000000000002,0.8020893904958992,0.35,0.5878904873962414,0.5000000000000001,0.6688708406649806,0.6100000000000002,0.6299551627899012,0.5500000000000002
14192,F1,2025/2026,16,2025-12-13,Paris FC,Toulouse,0.6095759082742136,0.5435980942313381,0.5347421817600084,compact_btts_form,0.6500000000000002,False,1,0,0,0.6741381376389367,0.4800000000000001,0.7328386065328607,0.41000000000000003,0.6479439928399642,0.39,0.5860270747146491,0.6200000000000002,0.828180082600523,0.35,0.6095759082742136,0.5000000000000001,0.777680440606297,0.6100000000000002,0.8052024983488263,0.5500000000000002
16793,SP1,2025/2026,16,2025-12-13,Ath Madrid,Valencia,0.33313477629246024,0.5070558485096222,0.5347421817600084,compact_btts_form,0.6500000000000002,False,0,1,0,0.27174338883859,0.4800000000000001,0.31472647382279517,0.41000000000000003,0.0916173755792242,0.39,0.1075815939537839,0.6200000000000002,0.06935337445554571,0.35,0.33313477629246024,0.5000000000000001,0.2015198954115244,0.6100000000000002,0.032633614276382596,0.5500000000000002
16794,SP1,2025/2026,16,2025-12-13,Mallorca,Elche,0.5269832110826433,0.5328069085393167,0.5347421817600084,compact_btts_form,0.6500000000000002,False,0,1,0,0.5490523405324556,0.4800000000000001,0.7808207236853787,0.41000000000000003,0.6688898545615413,0.39,0.5216495387409202,0.6200000000000002,0.7753781078963389,0.35,0.5269832110826433,0.5000000000000001,0.8560366147531724,0.6100000000000002,0.49699859487835996,0.5500000000000002
16795,SP1,2025/2026,16,2025-12-13,Barcelona,Osasuna,0.5910946753907048,0.5411380859297624,0.5347421817600084,compact_btts_form,0.6500000000000002,False,1,0,0,0.5936278446185547,0.4800000000000001,0.6876138101332677,0.41000000000000003,0.6209450468145394,0.39,0.6056314044296738,0.6200000000000002,0.6876638074441899,0.35,0.5910946753907048,0.5000000000000001,0.8799295595415905,0.6100000000000002,0.4881632159257139,0.5500000000000002
16796,SP1,2025/2026,16,2025-12-13,Getafe,Espanol,0.3116034435814814,0.5038851298650672,0.5347421817600084,compact_btts_form,0.6500000000000002,False,0,0,1,0.2583853848981643,0.4800000000000001,0.2015060490717148,0.41000000000000003,0.1247436685220895,0.39,0.21961132430091243,0.6200000000000002,0.13751254171397762,0.35,0.3116034435814814,0.5000000000000001,0.1653857266045734,0.6100000000000002,0.04503277310550665,0.5500000000000002
11797,E0,2025/2026,16,2025-12-14,Crystal Palace,Man City,0.6920505492733428,0.5551970138495869,0.5347421817600084,compact_btts_form,0.6500000000000002,False,1,0,0,0.7473861222425887,0.4800000000000001,0.6808382674550835,0.41000000000000003,0.573891420891782,0.39,0.7617972491576637,0.6200000000000002,0.7363813404897241,0.35,0.6920505492733428,0.5000000000000001,0.6856608549147621,0.6100000000000002,0.5594885853404938,0.5500000000000002
11798,E0,2025/2026,16,2025-12-14,Nott'm Forest,Tottenham,0.44233059822350457,0.5219125686223718,0.5347421817600084,compact_btts_form,0.6500000000000002,False,0,0,1,0.46719743816368087,0.4800000000000001,0.5737785322894653,0.41000000000000003,0.5440104489664902,0.39,0.47815477360444214,0.6200000000000002,0.23178254061942066,0.35,0.44233059822350457,0.5000000000000001,0.32925186245545623,0.6100000000000002,0.3031582350904278,0.5500000000000002
11799,E0,2025/2026,16,2025-12-14,Sunderland,Newcastle,0.6135205743774946,0.54412806958094,0.5347421817600084,compact_btts_form,0.6500000000000002,False,1,0,0,0.6078275782583472,0.4800000000000001,0.7386869331895926,0.41000000000000003,0.7176635123337215,0.39,0.537632881442265,0.6200000000000002,0.6608067085285512,0.35,0.6135205743774946,0.5000000000000001,0.8033922874957455,0.6100000000000002,0.5972022210996351,0.5500000000000002
11800,E0,2025/2026,16,2025-12-14,West Ham,Aston Villa,0.6135987393052574,0.5441385902038238,0.5347421817600084,compact_btts_form,0.6500000000000002,False,1,1,1,0.6575817672506575,0.4800000000000001,0.7473981965408627,0.41000000000000003,0.7691002107070294,0.39,0.660770925110699,0.6200000000000002,0.8597368357383418,0.35,0.6135987393052574,0.5000000000000001,0.8781791463997125,0.6100000000000002,0.837121088945548,0.5500000000000002
11801,E0,2025/2026,16,2025-12-14,Brentford,Leeds,0.594612558872327,0.541603637302712,0.5347421817600084,compact_btts_form,0.6500000000000002,False,1,1,1,0.5969310886567544,0.4800000000000001,0.3506563414913484,0.41000000000000003,0.3292072133096576,0.39,0.6365192976601463,0.6200000000000002,0.2691646444981558,0.35,0.594612558872327,0.5000000000000001,0.2926024521713979,0.6100000000000002,0.2861007466362306,0.5500000000000002
14193,F1,2025/2026,16,2025-12-14,Lyon,Le Havre,0.5088605179055566,0.5304814387039402,0.5347421817600084,compact_btts_form,0.6500000000000002,False,0,0,1,0.5099355851077002,0.4800000000000001,0.4316021339084265,0.41000000000000003,0.27349070035377177,0.39,0.4309129274309848,0.6200000000000002,0.6581403508734078,0.35,0.5088605179055566,0.5000000000000001,0.581684989604761,0.6100000000000002,0.39762564165542724,0.5500000000000002
14194,F1,2025/2026,16,2025-12-14,Auxerre,Lille,0.49008258075489636,0.5280735713759426,0.5347421817600084,compact_btts_form,0.6500000000000002,False,0,1,0,0.6520552048382009,0.4800000000000001,0.746005165390891,0.41000000000000003,0.7461467409696055,0.39,0.60161932316351,0.6200000000000002,0.855805176983565,0.35,0.49008258075489636,0.5000000000000001,0.7637945789490194,0.6100000000000002,0.7212869083737738,0.5500000000000002
14195,F1,2025/2026,16,2025-12-14,Lens,Nice,0.5395357102059951,0.5344217776538307,0.5347421817600084,compact_btts_form,0.6500000000000002,False,0,0,1,0.5529144922792868,0.4800000000000001,0.7832462530837574,0.41000000000000003,0.7361063446389999,0.39,0.48366625287161424,0.6200000000000002,0.7921326871499431,0.35,0.5395357102059951,0.5000000000000001,0.6867512836709525,0.6100000000000002,0.7416716751667413,0.5500000000000002
14196,F1,2025/2026,16,2025-12-14,Strasbourg,Lorient,0.6736277899126719,0.5524921398011154,0.5347421817600084,compact_btts_form,0.6500000000000002,False,1,0,0,0.7886109083405013,0.4800000000000001,0.4821618853764723,0.41000000000000003,0.3410259484429975,0.39,0.711299564083451,0.6200000000000002,0.7912779887017328,0.35,0.6736277899126719,0.5000000000000001,0.8589862048394139,0.6100000000000002,0.5306889464087287,0.5500000000000002
14197,F1,2025/2026,16,2025-12-14,Marseille,Monaco,0.7016520210921126,0.5566406853571275,0.5347421817600084,compact_btts_form,0.6500000000000002,False,1,0,0,0.6391424456510216,0.4800000000000001,0.776912165853251,0.41000000000000003,0.7909159615518437,0.39,0.6857111532837253,0.6200000000000002,0.6910655994060007,0.35,0.7016520210921126,0.5000000000000001,0.8656613380643432,0.6100000000000002,0.9050249890643063,0.5500000000000002
16797,SP1,2025/2026,16,2025-12-14,Sevilla,Oviedo,0.6074474979125386,0.5433128997163462,0.5347421817600084,compact_btts_form,0.6500000000000002,False,1,0,0,0.555634375407155,0.4800000000000001,0.5470675269059087,0.41000000000000003,0.5469649167667474,0.39,0.6177651691829109,0.6200000000000002,0.6401542716813556,0.35,0.6074474979125386,0.5000000000000001,0.8815593887793426,0.6100000000000002,0.4803544220452901,0.5500000000000002
16798,SP1,2025/2026,16,2025-12-14,Celta,Ath Bilbao,0.526194251858193,0.5327055542438817,0.5347421817600084,compact_btts_form,0.6500000000000002,False,0,0,1,0.42521677086598353,0.4800000000000001,0.25024212770202325,0.41000000000000003,0.2836737156698216,0.39,0.48970848424246205,0.6200000000000002,0.20121256475578125,0.35,0.526194251858193,0.5000000000000001,0.3806132263399352,0.6100000000000002,0.13548743203416527,0.5500000000000002
16799,SP1,2025/2026,16,2025-12-14,Alaves,Real Madrid,0.5724166270643329,0.5386844670677099,0.5347421817600084,compact_btts_form,0.6500000000000002,False,1,1,1,0.49859163703863146,0.4800000000000001,0.6703213155905045,0.41000000000000003,0.5553870674418666,0.39,0.4305902968589729,0.6200000000000002,0.5175738583571133,0.35,0.5724166270643329,0.5000000000000001,0.71890836153459,0.6100000000000002,0.31661803838378405,0.5500000000000002
11802,E0,2025/2026,16,2025-12-15,Man United,Bournemouth,0.6493204677475449,0.5490356415676029,0.5347421817600084,compact_btts_form,0.6500000000000002,False,1,1,1,0.6592360461387111,0.4800000000000001,0.6883939969502296,0.41000000000000003,0.4837614670629719,0.39,0.6716109761361537,0.6200000000000002,0.5606215792453636,0.35,0.6493204677475449,0.5000000000000001,0.767560511162807,0.6100000000000002,0.5151308774940907,0.5500000000000002
16800,SP1,2025/2026,16,2025-12-15,Vallecano,Betis,0.5945229205428857,0.5415917598497768,0.5347421817600084,compact_btts_form,0.6500000000000002,False,1,0,0,0.5734903523390469,0.4800000000000001,0.6893637125166489,0.41000000000000003,0.556199693719023,0.39,0.5911448189869065,0.6200000000000002,0.4412218030914244,0.35,0.5945229205428857,0.5000000000000001,0.8127576410297331,0.6100000000000002,0.4276206366224565,0.5500000000000002
6991,I1,2025/2026,16,2025-12-20,Lazio,Cremonese,0.5975882152891469,0.5419983771788286,0.5347421817600084,compact_btts_form,0.6500000000000002,False,1,0,0,0.5177184987316404,0.4800000000000001,0.6523142483402806,0.41000000000000003,0.6134348234826594,0.39,0.5333212194070274,0.6200000000000002,0.6962354861721987,0.35,0.5975882152891469,0.5000000000000001,0.6951433857019214,0.6100000000000002,0.6164863917207534,0.5500000000000002
6992,I1,2025/2026,16,2025-12-20,Juventus,Roma,0.4641830623435959,0.5247430673903375,0.5347421817600084,compact_btts_form,0.6500000000000002,False,0,1,0,0.39747409428372177,0.4800000000000001,0.37615626492298293,0.41000000000000003,0.25775270950472445,0.39,0.38198988646315374,0.6200000000000002,0.17023508988437258,0.35,0.4641830623435959,0.5000000000000001,0.24246264428862543,0.6100000000000002,0.23349035980042968,0.5500000000000002
6993,I1,2025/2026,16,2025-12-21,Cagliari,Pisa,0.5867436290608101,0.5405638758311833,0.5347421817600084,compact_btts_form,0.6500000000000002,False,1,1,1,0.4845050715068065,0.4800000000000001,0.5797954287955891,0.41000000000000003,0.6398098077024345,0.39,0.5513047945359082,0.6200000000000002,0.5633095197266332,0.35,0.5867436290608101,0.5000000000000001,0.6297092843677699,0.6100000000000002,0.7720560297580052,0.5500000000000002
6994,I1,2025/2026,16,2025-12-21,Sassuolo,Torino,0.619443591420574,0.5449274452352241,0.5347421817600084,compact_btts_form,0.6500000000000002,False,1,0,0,0.5398275194546944,0.4800000000000001,0.6754222201716491,0.41000000000000003,0.6818992910220211,0.39,0.5511296670920931,0.6200000000000002,0.6840605690856524,0.35,0.619443591420574,0.5000000000000001,0.6732425981106834,0.6100000000000002,0.802215637935447,0.5500000000000002
6995,I1,2025/2026,16,2025-12-21,Fiorentina,Udinese,0.6140608316987982,0.5442008009314956,0.5347421817600084,compact_btts_form,0.6500000000000002,False,1,1,1,0.4968309646941226,0.4800000000000001,0.780978470969016,0.41000000000000003,0.7003597974494435,0.39,0.5260198959760316,0.6200000000000002,0.8043433621635736,0.35,0.6140608316987982,0.5000000000000001,0.6780955278226322,0.6100000000000002,0.7939649918762463,0.5500000000000002
6996,I1,2025/2026,16,2025-12-21,Genoa,Atalanta,0.49024834315373456,0.5280948384315102,0.5347421817600084,compact_btts_form,0.6500000000000002,False,0,0,1,0.48203176917407725,0.4800000000000001,0.756596134651932,0.41000000000000003,0.47297817203351195,0.39,0.2555827681609192,0.6200000000000002,0.7098024352808099,0.35,0.49024834315373456,0.5000000000000001,0.6782382290043159,0.6100000000000002,0.5003027732961872,0.5500000000000002
9192,D1,2025/2026,16,2026-01-09,Ein Frankfurt,Dortmund,0.6567757365903341,0.5500835877783891,0.5347421817600084,compact_btts_form,0.6500000000000002,False,1,1,1,0.7354822405865479,0.4800000000000001,0.8115762080513559,0.41000000000000003,0.7489552777232095,0.39,0.7210096572116325,0.6200000000000002,0.810057933835831,0.35,0.6567757365903341,0.5000000000000001,0.790551187442326,0.6100000000000002,0.8124886043343454,0.5500000000000002
9193,D1,2025/2026,16,2026-01-10,Freiburg,Hamburg,0.7354397347861329,0.5619434869919029,0.5347421817600084,compact_btts_form,0.6500000000000002,False,1,1,1,0.8293508948257738,0.4800000000000001,0.6444556169350343,0.41000000000000003,0.7067627791791619,0.39,0.8264347417415963,0.6200000000000002,0.9298196074488624,0.35,0.7354397347861329,0.5000000000000001,0.8472009627525392,0.6100000000000002,0.8520850338577625,0.5500000000000002
9194,D1,2025/2026,16,2026-01-10,Heidenheim,FC Koln,0.7149711452568117,0.5586868436994147,0.5347421817600084,compact_btts_form,0.6500000000000002,False,1,1,1,0.8056638966229968,0.4800000000000001,0.7426687515034994,0.41000000000000003,0.652761040365263,0.39,0.8085037458852072,0.6200000000000002,0.9134194627483219,0.35,0.7149711452568117,0.5000000000000001,0.9146614480852231,0.6100000000000002,0.8847125568816624,0.5500000000000002
9195,D1,2025/2026,16,2026-01-10,Union Berlin,Mainz,0.577802015121608,0.5393890048659327,0.5347421817600084,compact_btts_form,0.6500000000000002,False,1,1,1,0.547979932141141,0.4800000000000001,0.5848222708420675,0.41000000000000003,0.5989221961845816,0.39,0.5374904216717584,0.6200000000000002,0.797536219952977,0.35,0.577802015121608,0.5000000000000001,0.5974839385704519,0.6100000000000002,0.8085841606900988,0.5500000000000002
9196,D1,2025/2026,16,2026-01-10,Leverkusen,Stuttgart,0.7950205045093887,0.5724619274006051,0.5347421817600084,compact_btts_form,0.6500000000000002,False,1,1,1,0.8008862593525088,0.4800000000000001,0.7161298356622422,0.41000000000000003,0.7700667343654478,0.39,0.8428910138111466,0.6200000000000002,0.8918712901758794,0.35,0.7950205045093887,0.5000000000000001,0.8506412853638735,0.6100000000000002,0.897992781937002,0.5500000000000002
9197,D1,2025/2026,16,2026-01-11,M'gladbach,Augsburg,0.557312822852528,0.5367191065760258,0.5347421817600084,compact_btts_form,0.6500000000000002,False,1,0,0,0.48983815967519606,0.4800000000000001,0.6633253164809856,0.41000000000000003,0.5172688076358914,0.39,0.4624399415871113,0.6200000000000002,0.6731191351940508,0.35,0.557312822852528,0.5000000000000001,0.619637507455869,0.6100000000000002,0.501335326238373,0.5500000000000002
9198,D1,2025/2026,16,2026-01-11,Bayern Munich,Wolfsburg,0.6673409328400132,0.5515867947167282,0.5347421817600084,compact_btts_form,0.6500000000000002,False,1,1,1,0.6778927893776522,0.4800000000000001,0.7547884599838014,0.41000000000000003,0.842446716456591,0.39,0.7817080378413198,0.6200000000000002,0.809968528021344,0.35,0.6673409328400132,0.5000000000000001,0.8652350384290197,0.6100000000000002,0.9010551631134227,0.5500000000000002
7037,I1,2025/2026,16,2026-01-14,Napoli,Parma,0.3695895254207241,0.5122020966478005,0.5347421817600084,compact_btts_form,0.6500000000000002,False,0,0,1,0.2919620431325376,0.4800000000000001,0.24745810125782083,0.41000000000000003,0.23173144911952934,0.39,0.27200687417772385,0.6200000000000002,0.2579302973482903,0.35,0.3695895254207241,0.5000000000000001,0.1809319060452023,0.6100000000000002,0.17889138179158495,0.5500000000000002
7038,I1,2025/2026,16,2026-01-14,Inter,Lecce,0.33144193698938407,0.5068104937656126,0.5347421817600084,compact_btts_form,0.6500000000000002,False,0,0,1,0.3585463140061601,0.4800000000000001,0.26592788785851257,0.41000000000000003,0.14354240410575622,0.39,0.25453481773277986,0.6200000000000002,0.13838802910562853,0.35,0.33144193698938407,0.5000000000000001,0.11925358202026315,0.6100000000000002,0.10090837483806828,0.5500000000000002
7039,I1,2025/2026,16,2026-01-15,Verona,Bologna,0.45790457656989675,0.523932292175526,0.5347421817600084,compact_btts_form,0.6500000000000002,False,0,1,0,0.44099785048753987,0.4800000000000001,0.3871862698567299,0.41000000000000003,0.3924095486264759,0.39,0.5045496937254693,0.6200000000000002,0.1834149302199857,0.35,0.45790457656989675,0.5000000000000001,0.25801791020599835,0.6100000000000002,0.44403069163561154,0.5500000000000002
7040,I1,2025/2026,16,2026-01-15,Como,Milan,0.6811206983438545,0.5535825464373489,0.5347421817600084,compact_btts_form,0.6500000000000002,False,1,1,1,0.6291192650772905,0.4800000000000001,0.8102046280425143,0.41000000000000003,0.838034230338273,0.39,0.7263316455061845,0.6200000000000002,0.7360161290334156,0.35,0.6811206983438545,0.5000000000000001,0.731636854108104,0.6100000000000002,0.824490579356861,0.5500000000000002
9225,D1,2025/2026,16,2026-01-27,St Pauli,RB Leipzig,0.5819154449032358,0.5399286571121289,0.5347421817600084,compact_btts_form,0.6500000000000002,False,1,1,1,0.6188281410042532,0.4800000000000001,0.6735482796236533,0.41000000000000003,0.7377662225417734,0.39,0.5606551334526559,0.6200000000000002,0.8998042107601748,0.35,0.5819154449032358,0.5000000000000001,0.7160251285609396,0.6100000000000002,0.786323733006427,0.5500000000000002
9226,D1,2025/2026,16,2026-01-27,Werder Bremen,Hoffenheim,0.773119705293864,0.5683810642962736,0.5347421817600084,compact_btts_form,0.6500000000000002,False,1,0,0,0.7848850309818767,0.4800000000000001,0.8577311746769198,0.41000000000000003,0.8588681363165104,0.39,0.8437437029793325,0.6200000000000002,0.9443504223295438,0.35,0.773119705293864,0.5000000000000001,0.9001020964751607,0.6100000000000002,0.9487029689480476,0.5500000000000002
16878,SP1,2025/2026,16,2026-02-18,Levante,Villarreal,0.6092929297158095,0.543560146442501,0.5347421817600084,compact_btts_form,0.6500000000000002,False,1,0,0,0.5481435917710292,0.4800000000000001,0.8023250796694948,0.41000000000000003,0.6684923962679845,0.39,0.36087044847087923,0.6200000000000002,0.6619770149870812,0.35,0.6092929297158095,0.5000000000000001,0.6832217982846202,0.6100000000000002,0.4632148383017475,0.5500000000000002
16801,SP1,2025/2026,17,2025-12-19,Valencia,Mallorca,0.4012671993834401,0.5165017108947139,0.5299198576702485,compact_btts_form,0.6500000000000002,False,0,1,0,0.336475183531733,0.4600000000000001,0.3070335283566784,0.42000000000000004,0.35416201372922024,0.5400000000000001,0.31904706885488,0.5200000000000001,0.21390634061318267,0.4600000000000001,0.4012671993834401,0.5600000000000002,0.42586436612463957,0.6300000000000002,0.15386350397323767,0.36
11803,E0,2025/2026,17,2025-12-20,Newcastle,Chelsea,0.6295266659324588,0.5462989567966857,0.5299198576702485,compact_btts_form,0.6500000000000002,False,1,1,1,0.6636203694484334,0.4600000000000001,0.8034084752828337,0.42000000000000004,0.8307972095304776,0.5400000000000001,0.7221008467773606,0.5200000000000001,0.6879762766263476,0.4600000000000001,0.6295266659324588,0.5600000000000002,0.7705926742211702,0.6300000000000002,0.7605181677507368,0.36
11804,E0,2025/2026,17,2025-12-20,Bournemouth,Burnley,0.3808435880027861,0.5137452011813484,0.5299198576702485,compact_btts_form,0.6500000000000002,False,0,1,0,0.5065058130806062,0.4600000000000001,0.36195336180950327,0.42000000000000004,0.36214722906733676,0.5400000000000001,0.5957926560110902,0.5200000000000001,0.3408869431364915,0.4600000000000001,0.3808435880027861,0.5600000000000002,0.37706420733029805,0.6300000000000002,0.38451115405032144,0.36
11805,E0,2025/2026,17,2025-12-20,Brighton,Sunderland,0.6692310092471548,0.5518580931598408,0.5299198576702485,compact_btts_form,0.6500000000000002,False,1,0,0,0.7468982328777339,0.4600000000000001,0.6178017135833764,0.42000000000000004,0.7564349611861009,0.5400000000000001,0.8382328535629531,0.5200000000000001,0.9093276033939091,0.4600000000000001,0.6692310092471548,0.5600000000000002,0.9318829701865267,0.6300000000000002,0.9470575938077324,0.36
11806,E0,2025/2026,17,2025-12-20,Man City,West Ham,0.6013120632371908,0.5424936435012285,0.5299198576702485,compact_btts_form,0.6500000000000002,False,1,0,0,0.6110328659898713,0.4600000000000001,0.7274164642488378,0.42000000000000004,0.6889477769164912,0.5400000000000001,0.6662606046618803,0.5200000000000001,0.8417313222198677,0.4600000000000001,0.6013120632371908,0.5600000000000002,0.8221657586538772,0.6300000000000002,0.8297728112338641,0.36
11807,E0,2025/2026,17,2025-12-20,Wolves,Brentford,0.49026267527366324,0.5280966772022218,0.5299198576702485,compact_btts_form,0.6500000000000002,False,0,0,1,0.6178426234161082,0.4600000000000001,0.344560252874836,0.42000000000000004,0.37031129822131237,0.5400000000000001,0.670693424078631,0.5200000000000001,0.4778001878436605,0.4600000000000001,0.49026267527366324,0.5600000000000002,0.565984974904515,0.6300000000000002,0.5611703628938742,0.36
11808,E0,2025/2026,17,2025-12-20,Tottenham,Liverpool,0.6862404936435587,0.5543351366870214,0.5299198576702485,compact_btts_form,0.6500000000000002,False,1,1,1,0.6450088524033282,0.4600000000000001,0.8762097748962254,0.42000000000000004,0.91442949644118,0.5400000000000001,0.7336914901487975,0.5200000000000001,0.8909347722641187,0.4600000000000001,0.6862404936435587,0.5600000000000002,0.9317709615112941,0.6300000000000002,0.9439247666978186,0.36
11809,E0,2025/2026,17,2025-12-20,Everton,Arsenal,0.35319699258193166,0.5099183864144277,0.5299198576702485,compact_btts_form,0.6500000000000002,False,0,0,1,0.4030657359072005,0.4600000000000001,0.4290855351945987,0.42000000000000004,0.4476488942235689,0.5400000000000001,0.3879903024172696,0.5200000000000001,0.5770248475422017,0.4600000000000001,0.35319699258193166,0.5600000000000002,0.2778604774254093,0.6300000000000002,0.5257782964381102,0.36
11810,E0,2025/2026,17,2025-12-20,Leeds,Crystal Palace,0.5044803159900768,0.5299198576702485,0.5299198576702485,compact_btts_form,0.6500000000000002,False,1,1,1,0.5785420589929205,0.4600000000000001,0.5483695521497001,0.42000000000000004,0.3826375590583211,0.5400000000000001,0.5279328945964096,0.5200000000000001,0.42431113196446546,0.4600000000000001,0.5044803159900768,0.5600000000000002,0.4905896266576751,0.6300000000000002,0.5030004885454991,0.36
16802,SP1,2025/2026,17,2025-12-20,Oviedo,Celta,0.27137718843024666,0.4976128984705115,0.5299198576702485,compact_btts_form,0.6500000000000002,False,0,0,1,0.28083629175152985,0.4600000000000001,0.29676322664742927,0.42000000000000004,0.1569839806092549,0.5400000000000001,0.09611316450250847,0.5200000000000001,0.06310192355770775,0.4600000000000001,0.27137718843024666,0.5600000000000002,0.20472650836515832,0.6300000000000002,0.020968591501328213,0.36
16803,SP1,2025/2026,17,2025-12-20,Levante,Sociedad,0.6266042829682679,0.5459000003988463,0.5299198576702485,compact_btts_form,0.6500000000000002,False,1,1,1,0.5827213490044223,0.4600000000000001,0.7280893315744916,0.42000000000000004,0.6218320869378846,0.5400000000000001,0.32419989249693676,0.5200000000000001,0.8479548254766311,0.4600000000000001,0.6266042829682679,0.5600000000000002,0.8714954078070078,0.6300000000000002,0.5495224937246118,0.36
16804,SP1,2025/2026,17,2025-12-20,Osasuna,Alaves,0.4230691723442702,0.5193927422121372,0.5299198576702485,compact_btts_form,0.6500000000000002,False,0,0,1,0.38085761533622653,0.4600000000000001,0.35892675631129717,0.42000000000000004,0.38385978628334516,0.5400000000000001,0.349931127744776,0.5200000000000001,0.24244428332539722,0.4600000000000001,0.4230691723442702,0.5600000000000002,0.6393674226572389,0.6300000000000002,0.16478455712236606,0.36
16805,SP1,2025/2026,17,2025-12-20,Real Madrid,Sevilla,0.6242346159308072,0.5455773829106702,0.5299198576702485,compact_btts_form,0.6500000000000002,False,1,0,0,0.6546858904248544,0.4600000000000001,0.3919093125625478,0.42000000000000004,0.326334442064485,0.5400000000000001,0.6240219409652592,0.5200000000000001,0.3491388684556984,0.4600000000000001,0.6242346159308072,0.5600000000000002,0.5305575370138336,0.6300000000000002,0.11183607666402105,0.36
11811,E0,2025/2026,17,2025-12-21,Aston Villa,Man United,0.759802891277201,0.5660309401661696,0.5299198576702485,compact_btts_form,0.6500000000000002,False,1,1,1,0.7475870550529722,0.4600000000000001,0.8942524153841792,0.42000000000000004,0.8783620791708897,0.5400000000000001,0.755815436564952,0.5200000000000001,0.9614975663288722,0.4600000000000001,0.759802891277201,0.5600000000000002,0.9647845112281752,0.6300000000000002,0.9377359206849137,0.36
16806,SP1,2025/2026,17,2025-12-21,Girona,Ath Madrid,0.48713987003023357,0.5276959583844102,0.5299198576702485,compact_btts_form,0.6500000000000002,False,0,0,1,0.5115866278762566,0.4600000000000001,0.7034412279130932,0.42000000000000004,0.6858254327304019,0.5400000000000001,0.4950942768254441,0.5200000000000001,0.7412085621203828,0.4600000000000001,0.48713987003023357,0.5600000000000002,0.7503616179581403,0.6300000000000002,0.37966517324609766,0.36
16807,SP1,2025/2026,17,2025-12-21,Villarreal,Barcelona,0.8957852133627221,0.5973137581696598,0.5299198576702485,compact_btts_form,0.6500000000000002,False,1,0,0,0.7980212112308517,0.4600000000000001,0.9208592348926287,0.42000000000000004,0.876843506714188,0.5400000000000001,0.7340796685050305,0.5200000000000001,0.8234525635781114,0.4600000000000001,0.8957852133627221,0.5600000000000002,0.9493475896853927,0.6300000000000002,0.8149841437682259,0.36
16808,SP1,2025/2026,17,2025-12-21,Elche,Vallecano,0.4240349321562969,0.519519773267537,0.5299198576702485,compact_btts_form,0.6500000000000002,False,0,0,1,0.3709477289375829,0.4600000000000001,0.37498988898131635,0.42000000000000004,0.3233894786037084,0.5400000000000001,0.37976452983644504,0.5200000000000001,0.17937826304949916,0.4600000000000001,0.4240349321562969,0.5600000000000002,0.31983637516268304,0.6300000000000002,0.1150936113176683,0.36
16809,SP1,2025/2026,17,2025-12-21,Betis,Getafe,0.44478726098284105,0.5222320859479536,0.5299198576702485,compact_btts_form,0.6500000000000002,False,0,0,1,0.38195986193923465,0.4600000000000001,0.3183629826420268,0.42000000000000004,0.32437134505773557,0.5400000000000001,0.3567003023352631,0.5200000000000001,0.4102351635112335,0.4600000000000001,0.44478726098284105,0.5600000000000002,0.6442811570480037,0.6300000000000002,0.3130503104748471,0.36
11812,E0,2025/2026,17,2025-12-22,Fulham,Nott'm Forest,0.5161776296724825,0.5314198170524368,0.5299198576702485,compact_btts_form,0.6500000000000002,False,1,0,0,0.49529460225230126,0.4600000000000001,0.5129093365704528,0.42000000000000004,0.5744243892656041,0.5400000000000001,0.5661866410835955,0.5200000000000001,0.4135847960634988,0.4600000000000001,0.5161776296724825,0.5600000000000002,0.4723610743615596,0.6300000000000002,0.6035082357370276,0.36
16810,SP1,2025/2026,17,2025-12-22,Ath Bilbao,Espanol,0.17654697059678767,0.4798606533678969,0.5299198576702485,compact_btts_form,0.6500000000000002,False,0,1,0,0.2786530699593808,0.4600000000000001,0.04935763914726534,0.42000000000000004,0.056765830333403745,0.5400000000000001,0.2846903583646059,0.5200000000000001,0.011823334134992754,0.4600000000000001,0.17654697059678767,0.5600000000000002,0.03605244603003948,0.6300000000000002,0.008598664294260018,0.36
6997,I1,2025/2026,17,2025-12-27,Parma,Fiorentina,0.6019174343281353,0.5425742948080332,0.5299198576702485,compact_btts_form,0.6500000000000002,False,1,0,0,0.48297591514870886,0.4600000000000001,0.8201625370040949,0.42000000000000004,0.778481861838526,0.5400000000000001,0.44644215174222135,0.5200000000000001,0.8266939085829264,0.4600000000000001,0.6019174343281353,0.5600000000000002,0.7824631686085204,0.6300000000000002,0.8135172128889651,0.36
6998,I1,2025/2026,17,2025-12-27,Lecce,Como,0.45763042059762643,0.5238968485453903,0.5299198576702485,compact_btts_form,0.6500000000000002,False,0,0,1,0.36725668647025816,0.4600000000000001,0.6921519737626722,0.42000000000000004,0.7276239427489263,0.5400000000000001,0.46093159625169955,0.5200000000000001,0.7672275645635696,0.4600000000000001,0.45763042059762643,0.5600000000000002,0.4936381985205281,0.6300000000000002,0.7332935360536896,0.36
6999,I1,2025/2026,17,2025-12-27,Torino,Cagliari,0.47197733199429986,0.5257473938116124,0.5299198576702485,compact_btts_form,0.6500000000000002,False,0,1,0,0.41038657671169426,0.4600000000000001,0.5764093747657404,0.42000000000000004,0.5150409390935897,0.5400000000000001,0.39908957790862,0.5200000000000001,0.40244299377575155,0.4600000000000001,0.47197733199429986,0.5600000000000002,0.431820459142658,0.6300000000000002,0.44674696496565325,0.36
7000,I1,2025/2026,17,2025-12-27,Udinese,Lazio,0.5865198342128911,0.5405343876990519,0.5299198576702485,compact_btts_form,0.6500000000000002,False,1,1,1,0.5275813399707449,0.4600000000000001,0.28094997564822977,0.42000000000000004,0.23896027207103854,0.5400000000000001,0.5455025636357712,0.5200000000000001,0.2067211394696723,0.4600000000000001,0.5865198342128911,0.5600000000000002,0.42272741305426215,0.6300000000000002,0.3972416900531004,0.36
7001,I1,2025/2026,17,2025-12-27,Pisa,Juventus,0.29455318323425866,0.5012883710795282,0.5299198576702485,compact_btts_form,0.6500000000000002,False,0,0,1,0.4446894967632729,0.4600000000000001,0.41136740116274045,0.42000000000000004,0.35734695056066457,0.5400000000000001,0.3976978054452368,0.5200000000000001,0.333061074498517,0.4600000000000001,0.29455318323425866,0.5600000000000002,0.14277604392065477,0.6300000000000002,0.24590902540571216,0.36
7002,I1,2025/2026,17,2025-12-28,Milan,Verona,0.48191968758385256,0.5270257209023752,0.5299198576702485,compact_btts_form,0.6500000000000002,False,0,0,1,0.4195405970126769,0.4600000000000001,0.281745179496411,0.42000000000000004,0.19816835681003964,0.5400000000000001,0.37697437354730473,0.5200000000000001,0.28735601744510814,0.4600000000000001,0.48191968758385256,0.5600000000000002,0.2593154651418478,0.6300000000000002,0.2883886158351069,0.36
7003,I1,2025/2026,17,2025-12-28,Cremonese,Napoli,0.4882886333065987,0.5278433853490538,0.5299198576702485,compact_btts_form,0.6500000000000002,False,0,0,1,0.49020916873189363,0.4600000000000001,0.5846961604555716,0.42000000000000004,0.5121082268261391,0.5400000000000001,0.4681098391326915,0.5200000000000001,0.6576198351374063,0.4600000000000001,0.4882886333065987,0.5600000000000002,0.6299821362778143,0.6300000000000002,0.7000090079069179,0.36
7004,I1,2025/2026,17,2025-12-28,Bologna,Sassuolo,0.5253531745571888,0.5325975200758014,0.5299198576702485,compact_btts_form,0.6500000000000002,False,1,1,1,0.496853028272394,0.4600000000000001,0.5962390746438645,0.42000000000000004,0.6481187208220154,0.5400000000000001,0.5562739803936547,0.5200000000000001,0.6499527350576202,0.4600000000000001,0.5253531745571888,0.5600000000000002,0.787466906238578,0.6300000000000002,0.7189290059182681,0.36
7005,I1,2025/2026,17,2025-12-28,Atalanta,Inter,0.6460877163395112,0.5485843082197416,0.5299198576702485,compact_btts_form,0.6500000000000002,False,1,0,0,0.5697304554957853,0.4600000000000001,0.7133856132582391,0.42000000000000004,0.6381531285392994,0.5400000000000001,0.6013676110602029,0.5200000000000001,0.43461937262029,0.4600000000000001,0.6460877163395112,0.5600000000000002,0.4170131743840773,0.6300000000000002,0.5221926355122266,0.36
7006,I1,2025/2026,17,2025-12-29,Roma,Genoa,0.3030466077441336,0.502592262237216,0.5299198576702485,compact_btts_form,0.6500000000000002,False,0,1,0,0.24256116525562765,0.4600000000000001,0.3925853375962235,0.42000000000000004,0.2667546921050968,0.5400000000000001,0.18616864088597282,0.5200000000000001,0.18018599214235115,0.4600000000000001,0.3030466077441336,0.5600000000000002,0.3067933735087661,0.6300000000000002,0.14891685295999424,0.36
14198,F1,2025/2026,17,2026-01-02,Toulouse,Lens,0.6574807898791285,0.5501832240783644,0.5299198576702485,compact_btts_form,0.6500000000000002,False,1,0,0,0.6434677533902395,0.4600000000000001,0.768399816374919,0.42000000000000004,0.7301457672635242,0.5400000000000001,0.5352239443127321,0.5200000000000001,0.7949921227179894,0.4600000000000001,0.6574807898791285,0.5600000000000002,0.8203495211342923,0.6300000000000002,0.829529510257376,0.36
14199,F1,2025/2026,17,2026-01-03,Monaco,Lyon,0.6786793315310892,0.553225860009055,0.5299198576702485,compact_btts_form,0.6500000000000002,False,1,1,1,0.7804813621450913,0.4600000000000001,0.7279778921320544,0.42000000000000004,0.7746536550706034,0.5400000000000001,0.7908254587485946,0.5200000000000001,0.8522278481308725,0.4600000000000001,0.6786793315310892,0.5600000000000002,0.8953787400812299,0.6300000000000002,0.9058808713164841,0.36
14200,F1,2025/2026,17,2026-01-03,Nice,Strasbourg,0.6322730901108428,0.5466750189795511,0.5299198576702485,compact_btts_form,0.6500000000000002,False,1,1,1,0.7486904479801765,0.4600000000000001,0.4748198648493,0.42000000000000004,0.5754815682438389,0.5400000000000001,0.8315275617506497,0.5200000000000001,0.4729881054011325,0.4600000000000001,0.6322730901108428,0.5600000000000002,0.6589900331324968,0.6300000000000002,0.7491565938178968,0.36
14201,F1,2025/2026,17,2026-01-03,Lille,Rennes,0.5748822307352287,0.5390067572828156,0.5299198576702485,compact_btts_form,0.6500000000000002,False,1,0,0,0.7434130800339979,0.4600000000000001,0.6629272050461824,0.42000000000000004,0.6060597832716009,0.5400000000000001,0.7606854554122197,0.5200000000000001,0.7809496054543895,0.4600000000000001,0.5748822307352287,0.5600000000000002,0.8470073548224495,0.6300000000000002,0.8264177432610199,0.36
14202,F1,2025/2026,17,2026-01-04,Marseille,Nantes,0.40637046960790024,0.5171827322950225,0.5299198576702485,compact_btts_form,0.6500000000000002,False,0,0,1,0.501633925925742,0.4600000000000001,0.47342554925049896,0.42000000000000004,0.43057135724140155,0.5400000000000001,0.4234771014132334,0.5200000000000001,0.38712436859504223,0.4600000000000001,0.40637046960790024,0.5600000000000002,0.6646370168975081,0.6300000000000002,0.418798134302361,0.36
14203,F1,2025/2026,17,2026-01-04,Brest,Auxerre,0.5542235329402276,0.5363187938236652,0.5299198576702485,compact_btts_form,0.6500000000000002,False,1,0,0,0.613236539398983,0.4600000000000001,0.43308330237265547,0.42000000000000004,0.5240842463286648,0.5400000000000001,0.6675172045086971,0.5200000000000001,0.5895483352576978,0.4600000000000001,0.5542235329402276,0.5600000000000002,0.539287834679164,0.6300000000000002,0.7444943023939338,0.36
14204,F1,2025/2026,17,2026-01-04,Le Havre,Angers,0.5363969271735892,0.5340175177701858,0.5299198576702485,compact_btts_form,0.6500000000000002,False,1,1,1,0.7000479005053902,0.4600000000000001,0.6390718285963652,0.42000000000000004,0.7281702779192065,0.5400000000000001,0.7450837849354243,0.5200000000000001,0.782258589779867,0.4600000000000001,0.5363969271735892,0.5600000000000002,0.8216327133367805,0.6300000000000002,0.861728965496184,0.36
14205,F1,2025/2026,17,2026-01-04,Lorient,Metz,0.5297568057736383,0.5331633399314648,0.5299198576702485,compact_btts_form,0.6500000000000002,False,1,1,1,0.6174652805840799,0.4600000000000001,0.5360576987670461,0.42000000000000004,0.46415241480001274,0.5400000000000001,0.6133919325017051,0.5200000000000001,0.6555733460993168,0.4600000000000001,0.5297568057736383,0.5600000000000002,0.5090102700409709,0.6300000000000002,0.6121320310012407,0.36
14206,F1,2025/2026,17,2026-01-04,Paris SG,Paris FC,0.550006332275623,0.5357731195760015,0.5299198576702485,compact_btts_form,0.6500000000000002,False,1,1,1,0.7163539701333331,0.4600000000000001,0.382390881781866,0.42000000000000004,0.4503993644879462,0.5400000000000001,0.7422143923737682,0.5200000000000001,0.6956195625401806,0.4600000000000001,0.550006332275623,0.5600000000000002,0.7315758856021807,0.6300000000000002,0.6624208903609206,0.36
9199,D1,2025/2026,17,2026-01-13,Stuttgart,Ein Frankfurt,0.6169025083251288,0.5445839542570607,0.5299198576702485,compact_btts_form,0.6500000000000002,False,1,1,1,0.6341981239243788,0.4600000000000001,0.6938116816189771,0.42000000000000004,0.696911011429471,0.5400000000000001,0.7310656505533849,0.5200000000000001,0.7065844031395383,0.4600000000000001,0.6169025083251288,0.5600000000000002,0.5873093796455638,0.6300000000000002,0.677927133434,0.36
9200,D1,2025/2026,17,2026-01-13,Dortmund,Werder Bremen,0.5554429445442682,0.536476745207347,0.5299198576702485,compact_btts_form,0.6500000000000002,False,1,0,0,0.5212129233654106,0.4600000000000001,0.7589190568153453,0.42000000000000004,0.7319312478934893,0.5400000000000001,0.4869774046660534,0.5200000000000001,0.7354946217198624,0.4600000000000001,0.5554429445442682,0.5600000000000002,0.7323462813218533,0.6300000000000002,0.7586410492167902,0.36
9201,D1,2025/2026,17,2026-01-13,Mainz,Heidenheim,0.639128709681249,0.5476187152362827,0.5299198576702485,compact_btts_form,0.6500000000000002,False,1,1,1,0.6672985578047947,0.4600000000000001,0.7865286230024211,0.42000000000000004,0.803258887224652,0.5400000000000001,0.6701829965028048,0.5200000000000001,0.876648734337768,0.4600000000000001,0.639128709681249,0.5600000000000002,0.7731651411356453,0.6300000000000002,0.8424765593745179,0.36
9202,D1,2025/2026,17,2026-01-14,Wolfsburg,St Pauli,0.617371412613003,0.5446472760314184,0.5299198576702485,compact_btts_form,0.6500000000000002,False,1,1,1,0.6035891056066378,0.4600000000000001,0.6220673778678192,0.42000000000000004,0.707134251672774,0.5400000000000001,0.6059270348656295,0.5200000000000001,0.7502847076660081,0.4600000000000001,0.617371412613003,0.5600000000000002,0.746477595949806,0.6300000000000002,0.7243682148211522,0.36
9203,D1,2025/2026,17,2026-01-14,FC Koln,Bayern Munich,0.7361031267327429,0.5620515517911213,0.5299198576702485,compact_btts_form,0.6500000000000002,False,1,1,1,0.7875539129655516,0.4600000000000001,0.746565856717331,0.42000000000000004,0.756671214590842,0.5400000000000001,0.8191127407993939,0.5200000000000001,0.8704352869044691,0.4600000000000001,0.7361031267327429,0.5600000000000002,0.8250397604185533,0.6300000000000002,0.8667501820653133,0.36
9204,D1,2025/2026,17,2026-01-14,Hoffenheim,M'gladbach,0.7124748186224474,0.5582992575612701,0.5299198576702485,compact_btts_form,0.6500000000000002,False,1,1,1,0.6937050514955088,0.4600000000000001,0.567096124187446,0.42000000000000004,0.5488903489800321,0.5400000000000001,0.7441397365002465,0.5200000000000001,0.7353204766199753,0.4600000000000001,0.7124748186224474,0.5600000000000002,0.6800721630747405,0.6300000000000002,0.6322385303143071,0.36
9205,D1,2025/2026,17,2026-01-14,RB Leipzig,Freiburg,0.8403973918830185,0.5820601985684977,0.5299198576702485,compact_btts_form,0.6500000000000002,False,1,0,0,0.8077638738924073,0.4600000000000001,0.846470704033778,0.42000000000000004,0.906658155850249,0.5400000000000001,0.8444436663212145,0.5200000000000001,0.9351190476881783,0.4600000000000001,0.8403973918830185,0.5600000000000002,0.9582181367458388,0.6300000000000002,0.9660735572879987,0.36
9206,D1,2025/2026,17,2026-01-15,Augsburg,Union Berlin,0.581891425294804,0.539925501920133,0.5299198576702485,compact_btts_form,0.6500000000000002,False,1,1,1,0.6011875092209105,0.4600000000000001,0.6609578708514898,0.42000000000000004,0.6064053167464676,0.5400000000000001,0.5847809514025677,0.5200000000000001,0.7192565768915551,0.4600000000000001,0.581891425294804,0.5600000000000002,0.7893889539960124,0.6300000000000002,0.7902680001481278,0.36
9272,D1,2025/2026,17,2026-03-04,Hamburg,Leverkusen,0.7022232390010092,0.5567273703635393,0.5299198576702485,compact_btts_form,0.6500000000000002,False,1,0,0,0.687205365073134,0.4600000000000001,0.8180161825251859,0.42000000000000004,0.8076439518312468,0.5400000000000001,0.6029596481807431,0.5200000000000001,0.8540707154137449,0.4600000000000001,0.7022232390010092,0.5600000000000002,0.6922593827840061,0.6300000000000002,0.8291285050136871,0.36
11813,E0,2025/2026,18,2025-12-26,Man United,Newcastle,0.69481522507905,0.5556101723048312,0.5317789529316007,compact_btts_form,0.6500000000000002,False,1,0,0,0.6905850355305326,0.5900000000000002,0.8285827238618937,0.5300000000000001,0.8377348196482394,0.6500000000000002,0.6957752193751588,0.6000000000000002,0.723516410573387,0.5000000000000001,0.69481522507905,0.5900000000000002,0.8873105953917793,0.5800000000000002,0.7833132070696991,0.5400000000000001
11814,E0,2025/2026,18,2025-12-27,Nott'm Forest,Man City,0.4423529318077122,0.521915475072923,0.5317789529316007,compact_btts_form,0.6500000000000002,False,0,1,0,0.5012603484956342,0.5900000000000002,0.7455741657377485,0.5300000000000001,0.6854634359767883,0.6500000000000002,0.46734792174384726,0.6000000000000002,0.6442288591803079,0.5000000000000001,0.4423529318077122,0.5900000000000002,0.6857253520782971,0.5800000000000002,0.5069925273911052,0.5400000000000001
11815,E0,2025/2026,18,2025-12-27,Arsenal,Brighton,0.5702174574142436,0.5383973734034941,0.5317789529316007,compact_btts_form,0.6500000000000002,False,1,1,1,0.44203932181009403,0.5900000000000002,0.5159416484914633,0.5300000000000001,0.4024768375488013,0.6500000000000002,0.3862503525231254,0.6000000000000002,0.5154420629490588,0.5000000000000001,0.5702174574142436,0.5900000000000002,0.5249081832532133,0.5800000000000002,0.3318380714579986,0.5400000000000001
11816,E0,2025/2026,18,2025-12-27,Brentford,Bournemouth,0.6220697932626883,0.5452833279905877,0.5317789529316007,compact_btts_form,0.6500000000000002,False,1,1,1,0.5859870896582601,0.5900000000000002,0.4227861871188495,0.5300000000000001,0.38535543506173664,0.6500000000000002,0.656551191535925,0.6000000000000002,0.14944212186004346,0.5000000000000001,0.6220697932626883,0.5900000000000002,0.19797146694283313,0.5800000000000002,0.3140352788094952,0.5400000000000001
11817,E0,2025/2026,18,2025-12-27,Burnley,Everton,0.38362960012078223,0.5141243923114868,0.5317789529316007,compact_btts_form,0.6500000000000002,False,0,0,1,0.4324032421690607,0.5900000000000002,0.43469658526250765,0.5300000000000001,0.4067437849316561,0.6500000000000002,0.4261087548142331,0.6000000000000002,0.4204458439582286,0.5000000000000001,0.38362960012078223,0.5900000000000002,0.4522603730414452,0.5800000000000002,0.3658130327788658,0.5400000000000001
11818,E0,2025/2026,18,2025-12-27,Liverpool,Wolves,0.4654954087782918,0.5249123277171139,0.5317789529316007,compact_btts_form,0.6500000000000002,False,0,1,0,0.4653551786942591,0.5900000000000002,0.3496046596646694,0.5300000000000001,0.3148577931336659,0.6500000000000002,0.4625937972239734,0.6000000000000002,0.427042706717962,0.5000000000000001,0.4654954087782918,0.5900000000000002,0.28796252968883157,0.5800000000000002,0.26686668138088604,0.5400000000000001
11819,E0,2025/2026,18,2025-12-27,West Ham,Fulham,0.5633615637574831,0.5375044648381118,0.5317789529316007,compact_btts_form,0.6500000000000002,False,1,0,0,0.5989351744759149,0.5900000000000002,0.7688096930178062,0.5300000000000001,0.7920274476533763,0.6500000000000002,0.6284162492812321,0.6000000000000002,0.7181327407436118,0.5000000000000001,0.5633615637574831,0.5900000000000002,0.7279743414488224,0.5800000000000002,0.7652463308179734,0.5400000000000001
11820,E0,2025/2026,18,2025-12-27,Chelsea,Aston Villa,0.6167446231567819,0.5445626394193654,0.5317789529316007,compact_btts_form,0.6500000000000002,False,1,1,1,0.6289006221719581,0.5900000000000002,0.7130993978778287,0.5300000000000001,0.7204864352466487,0.6500000000000002,0.6695919643782718,0.6000000000000002,0.7075193120531301,0.5000000000000001,0.6167446231567819,0.5900000000000002,0.8432256282770163,0.5800000000000002,0.7125864724151618,0.5400000000000001
11821,E0,2025/2026,18,2025-12-28,Sunderland,Leeds,0.6061487262163076,0.5431391273043902,0.5317789529316007,compact_btts_form,0.6500000000000002,False,1,1,1,0.6028302068007073,0.5900000000000002,0.6964982274416647,0.5300000000000001,0.7458224856641538,0.6500000000000002,0.5756279287272317,0.6000000000000002,0.6520814618233122,0.5000000000000001,0.6061487262163076,0.5900000000000002,0.8096440607025188,0.5800000000000002,0.705224928878969,0.5400000000000001
11822,E0,2025/2026,18,2025-12-28,Crystal Palace,Tottenham,0.5819145523622345,0.5399285398679705,0.5317789529316007,compact_btts_form,0.6500000000000002,False,1,0,0,0.5452072969688474,0.5900000000000002,0.45898004098931333,0.5300000000000001,0.49601925128584556,0.6500000000000002,0.5771721846633076,0.6000000000000002,0.2517588215358267,0.5000000000000001,0.5819145523622345,0.5900000000000002,0.31892966420501706,0.5800000000000002,0.5441295336650198,0.5400000000000001
7007,I1,2025/2026,18,2026-01-02,Cagliari,Milan,0.5741426288975389,0.5389100336213678,0.5317789529316007,compact_btts_form,0.6500000000000002,False,1,0,0,0.4627401453118612,0.5900000000000002,0.6009355711695886,0.5300000000000001,0.5728521568372532,0.6500000000000002,0.44110238266478585,0.6000000000000002,0.6548246039706496,0.5000000000000001,0.5741426288975389,0.5900000000000002,0.5584913345292473,0.5800000000000002,0.7155759377856462,0.5400000000000001
16811,SP1,2025/2026,18,2026-01-02,Vallecano,Getafe,0.3626176925975519,0.5112363539600056,0.5317789529316007,compact_btts_form,0.6500000000000002,False,0,1,0,0.29263385308371215,0.5900000000000002,0.1675595031761392,0.5300000000000001,0.13618175314430114,0.6500000000000002,0.2715557833524692,0.6000000000000002,0.06738423826915192,0.5000000000000001,0.3626176925975519,0.5900000000000002,0.14006140380246726,0.5800000000000002,0.04627755146378927,0.5400000000000001
7008,I1,2025/2026,18,2026-01-03,Como,Udinese,0.6036680900458455,0.5428077502878241,0.5317789529316007,compact_btts_form,0.6500000000000002,False,1,0,0,0.4753264002197519,0.5900000000000002,0.7640416466789934,0.5300000000000001,0.6760629350938359,0.6500000000000002,0.4957738969611873,0.6000000000000002,0.7019763392551472,0.5000000000000001,0.6036680900458455,0.5900000000000002,0.5873912758644506,0.5800000000000002,0.6429801147194006,0.5400000000000001
7009,I1,2025/2026,18,2026-01-03,Genoa,Pisa,0.5055924154148838,0.5300624342229847,0.5317789529316007,compact_btts_form,0.6500000000000002,False,0,1,0,0.4451491093539131,0.5900000000000002,0.5268404475263593,0.5300000000000001,0.5089737043159294,0.6500000000000002,0.4828223372407263,0.6000000000000002,0.6918382875738806,0.5000000000000001,0.5055924154148838,0.5900000000000002,0.6735838868834456,0.5800000000000002,0.6462989455895861,0.5400000000000001
7010,I1,2025/2026,18,2026-01-03,Sassuolo,Parma,0.48436260675023435,0.5273394422650625,0.5317789529316007,compact_btts_form,0.6500000000000002,False,0,1,0,0.43312985009749816,0.5900000000000002,0.3418058033143867,0.5300000000000001,0.40758153836187005,0.6500000000000002,0.4032900149991474,0.6000000000000002,0.34766080695209745,0.5000000000000001,0.48436260675023435,0.5900000000000002,0.4479702276515207,0.5800000000000002,0.4103645291116358,0.5400000000000001
7011,I1,2025/2026,18,2026-01-03,Juventus,Lecce,0.35858555799905223,0.5106741469536528,0.5317789529316007,compact_btts_form,0.6500000000000002,False,0,1,0,0.2865602086935626,0.5900000000000002,0.4171007068621256,0.5300000000000001,0.3957247864319456,0.6500000000000002,0.3233025718819251,0.6000000000000002,0.1483200653776199,0.5000000000000001,0.35858555799905223,0.5900000000000002,0.08025259507566178,0.5800000000000002,0.151291024626566,0.5400000000000001
7012,I1,2025/2026,18,2026-01-03,Atalanta,Roma,0.6601674284034499,0.5505637621428241,0.5317789529316007,compact_btts_form,0.6500000000000002,False,1,0,0,0.606304157460808,0.5900000000000002,0.47627175167693725,0.5300000000000001,0.41328934330786155,0.6500000000000002,0.6211688780528435,0.6000000000000002,0.5298496837451988,0.5000000000000001,0.6601674284034499,0.5900000000000002,0.756376181405119,0.5800000000000002,0.6787417676961949,0.5400000000000001
16812,SP1,2025/2026,18,2026-01-03,Celta,Valencia,0.4334734658593509,0.5207572802822936,0.5317789529316007,compact_btts_form,0.6500000000000002,False,0,1,0,0.425534533377101,0.5900000000000002,0.2822432598331425,0.5300000000000001,0.18881011178917823,0.6500000000000002,0.36285345511052924,0.6000000000000002,0.14768037174310567,0.5000000000000001,0.4334734658593509,0.5900000000000002,0.36164230372152356,0.5800000000000002,0.11644599583586986,0.5400000000000001
16813,SP1,2025/2026,18,2026-01-03,Osasuna,Ath Bilbao,0.5065394409079724,0.5301838491660524,0.5317789529316007,compact_btts_form,0.6500000000000002,False,0,1,0,0.39324612475102266,0.5900000000000002,0.5223172912493494,0.5300000000000001,0.4368725416920391,0.6500000000000002,0.2513281042271724,0.6000000000000002,0.16456131634813753,0.5000000000000001,0.5065394409079724,0.5900000000000002,0.5059969997754049,0.5800000000000002,0.15826711562296117,0.5400000000000001
16814,SP1,2025/2026,18,2026-01-03,Elche,Villarreal,0.5913008890301349,0.5411653433728456,0.5317789529316007,compact_btts_form,0.6500000000000002,False,1,1,1,0.5347424352692537,0.5900000000000002,0.48971685093536654,0.5300000000000001,0.4815306960385967,0.6500000000000002,0.5532960756940655,0.6000000000000002,0.3584632793029679,0.5000000000000001,0.5913008890301349,0.5900000000000002,0.454839096302181,0.5800000000000002,0.2577145250010527,0.5400000000000001
16815,SP1,2025/2026,18,2026-01-03,Espanol,Barcelona,0.7770825558209608,0.5690984446999701,0.5317789529316007,compact_btts_form,0.6500000000000002,False,1,0,0,0.6488201079886953,0.5900000000000002,0.8500986385658529,0.5300000000000001,0.8571974346323481,0.6500000000000002,0.6447355888069138,0.6000000000000002,0.7595864018773155,0.5000000000000001,0.7770825558209608,0.5900000000000002,0.7613943557442112,0.5800000000000002,0.46728489673514323,0.5400000000000001
7013,I1,2025/2026,18,2026-01-04,Lazio,Napoli,0.5162696903723154,0.531431626738858,0.5317789529316007,compact_btts_form,0.6500000000000002,False,0,0,1,0.47461871365375347,0.5900000000000002,0.49943286633328204,0.5300000000000001,0.4016888110151473,0.6500000000000002,0.43746437520878534,0.6000000000000002,0.35509191794722006,0.5000000000000001,0.5162696903723154,0.5900000000000002,0.3840802564172407,0.5800000000000002,0.48255386090056573,0.5400000000000001
7014,I1,2025/2026,18,2026-01-04,Fiorentina,Cremonese,0.5986088220398659,0.5421339731921148,0.5317789529316007,compact_btts_form,0.6500000000000002,False,1,0,0,0.5890471759966193,0.5900000000000002,0.48322505878400707,0.5300000000000001,0.42370650781127295,0.6500000000000002,0.6597224869872509,0.6000000000000002,0.6589752237007646,0.5000000000000001,0.5986088220398659,0.5900000000000002,0.5171247805205587,0.5800000000000002,0.6441988660851237,0.5400000000000001
7015,I1,2025/2026,18,2026-01-04,Verona,Torino,0.6379101224576802,0.5474504399271594,0.5317789529316007,compact_btts_form,0.6500000000000002,False,1,0,0,0.5529021630955745,0.5900000000000002,0.5825261045794864,0.5300000000000001,0.47200513920258463,0.6500000000000002,0.5474499274762984,0.6000000000000002,0.5305616834163086,0.5000000000000001,0.6379101224576802,0.5900000000000002,0.5608421742566282,0.5800000000000002,0.6632441760743822,0.5400000000000001
7016,I1,2025/2026,18,2026-01-04,Inter,Bologna,0.5557500065053635,0.5365165315993519,0.5317789529316007,compact_btts_form,0.6500000000000002,False,1,1,1,0.37822061130246143,0.5900000000000002,0.6198353068758006,0.5300000000000001,0.6214256007570467,0.6500000000000002,0.45849212500670944,0.6000000000000002,0.4662977041720306,0.5000000000000001,0.5557500065053635,0.5900000000000002,0.34383908943454433,0.5800000000000002,0.5287746434872479,0.5400000000000001
16816,SP1,2025/2026,18,2026-01-04,Sevilla,Levante,0.5402682986733173,0.5345161819180307,0.5317789529316007,compact_btts_form,0.6500000000000002,False,1,0,0,0.5032607049975636,0.5900000000000002,0.6210737642727858,0.5300000000000001,0.6013349875279643,0.6500000000000002,0.5485925870115351,0.6000000000000002,0.7257631233970501,0.5000000000000001,0.5402682986733173,0.5900000000000002,0.7373449474752791,0.5800000000000002,0.4533205940479641,0.5400000000000001
16817,SP1,2025/2026,18,2026-01-04,Real Madrid,Betis,0.6531049986094795,0.5495663479323348,0.5317789529316007,compact_btts_form,0.6500000000000002,False,1,1,1,0.6630573160412153,0.5900000000000002,0.6061181162306158,0.5300000000000001,0.6892177203784172,0.6500000000000002,0.7200472250601518,0.6000000000000002,0.5209084899543235,0.5000000000000001,0.6531049986094795,0.5900000000000002,0.5773716072557229,0.5800000000000002,0.4793927372406342,0.5400000000000001
16818,SP1,2025/2026,18,2026-01-04,Alaves,Oviedo,0.38737356308343623,0.5146323102092264,0.5317789529316007,compact_btts_form,0.6500000000000002,False,0,1,0,0.3617655125844437,0.5900000000000002,0.28543586418544825,0.5300000000000001,0.35258118724417375,0.6500000000000002,0.4337899551930979,0.6000000000000002,0.13883509944898975,0.5000000000000001,0.38737356308343623,0.5900000000000002,0.4519489214516601,0.5800000000000002,0.10721252089753924,0.5400000000000001
16819,SP1,2025/2026,18,2026-01-04,Mallorca,Girona,0.5835925688662711,0.5401490816500311,0.5317789529316007,compact_btts_form,0.6500000000000002,False,1,1,1,0.5514366464053692,0.5900000000000002,0.5253846068514909,0.5300000000000001,0.53869690914198,0.6500000000000002,0.5442635336648628,0.6000000000000002,0.5657211484531743,0.5000000000000001,0.5835925688662711,0.5900000000000002,0.7369329375213788,0.5800000000000002,0.37762046716982106,0.5400000000000001
16820,SP1,2025/2026,18,2026-01-04,Sociedad,Ath Madrid,0.46238993307175913,0.524511684825811,0.5317789529316007,compact_btts_form,0.6500000000000002,False,0,1,0,0.4736401289824973,0.5900000000000002,0.6431646638558335,0.5300000000000001,0.6909449949126928,0.6500000000000002,0.4738810083734294,0.6000000000000002,0.6183102563690513,0.5000000000000001,0.46238993307175913,0.5900000000000002,0.6525096085270291,0.5800000000000002,0.38071580456209986,0.5400000000000001
9207,D1,2025/2026,18,2026-01-16,Werder Bremen,Ein Frankfurt,0.7281508607944447,0.5607669621911048,0.5317789529316007,compact_btts_form,0.6500000000000002,False,1,1,1,0.7503031641148703,0.5900000000000002,0.8669589237820132,0.5300000000000001,0.8875285422384928,0.6500000000000002,0.8428079218779947,0.6000000000000002,0.882950923549195,0.5000000000000001,0.7281508607944447,0.5900000000000002,0.7257562182339163,0.5800000000000002,0.8271872300603598,0.5400000000000001
14207,F1,2025/2026,18,2026-01-16,Monaco,Lorient,0.6957540534193595,0.5557509311166112,0.5317789529316007,compact_btts_form,0.6500000000000002,False,1,1,1,0.8063897894205837,0.5900000000000002,0.6290821227286151,0.5300000000000001,0.6414966396447809,0.6500000000000002,0.8106657024181457,0.6000000000000002,0.7986263124553512,0.5000000000000001,0.6957540534193595,0.5900000000000002,0.8830858737280711,0.5800000000000002,0.7062433903257851,0.5400000000000001
14208,F1,2025/2026,18,2026-01-16,Paris SG,Lille,0.6185686511310089,0.5448090811742199,0.5317789529316007,compact_btts_form,0.6500000000000002,False,1,0,0,0.732277957152347,0.5900000000000002,0.43571052469196436,0.5300000000000001,0.44809647583881984,0.6500000000000002,0.7576276803274042,0.6000000000000002,0.6615329767920961,0.5000000000000001,0.6185686511310089,0.5900000000000002,0.758700945130899,0.5800000000000002,0.6514864400144352,0.5400000000000001
9208,D1,2025/2026,18,2026-01-17,Dortmund,St Pauli,0.46825896607290773,0.5252685411517485,0.5317789529316007,compact_btts_form,0.6500000000000002,False,0,1,0,0.5230756593665783,0.5900000000000002,0.4213731216841866,0.5300000000000001,0.36007033450066733,0.6500000000000002,0.4704367919943396,0.6000000000000002,0.3954625314116848,0.5000000000000001,0.46825896607290773,0.5900000000000002,0.40580981350818784,0.5800000000000002,0.3427286085449616,0.5400000000000001
9209,D1,2025/2026,18,2026-01-17,FC Koln,Mainz,0.6653050972998467,0.5512954032433223,0.5317789529316007,compact_btts_form,0.6500000000000002,False,1,1,1,0.7593327858839127,0.5900000000000002,0.8367821071443938,0.5300000000000001,0.8559054854333492,0.6500000000000002,0.7941521834021287,0.6000000000000002,0.9279451617165015,0.5000000000000001,0.6653050972998467,0.5900000000000002,0.8632196668800224,0.5800000000000002,0.9152655050902926,0.5400000000000001
9210,D1,2025/2026,18,2026-01-17,Hamburg,M'gladbach,0.6205556752243492,0.5450780349721384,0.5317789529316007,compact_btts_form,0.6500000000000002,False,1,0,0,0.6254598068091223,0.5900000000000002,0.7193016732586098,0.5300000000000001,0.515784127301317,0.6500000000000002,0.4007347757700416,0.6000000000000002,0.7015440086656285,0.5000000000000001,0.6205556752243492,0.5900000000000002,0.4447012845250491,0.5800000000000002,0.293980763434657,0.5400000000000001
9211,D1,2025/2026,18,2026-01-17,Hoffenheim,Leverkusen,0.8143961592060078,0.5763422153007761,0.5317789529316007,compact_btts_form,0.6500000000000002,False,1,0,0,0.8240268870831362,0.5900000000000002,0.6986612793972219,0.5300000000000001,0.6626993602811916,0.6500000000000002,0.8753763532692064,0.6000000000000002,0.7663298069603671,0.5000000000000001,0.8143961592060078,0.5900000000000002,0.8285891606668397,0.5800000000000002,0.7890532343459215,0.5400000000000001
9212,D1,2025/2026,18,2026-01-17,Wolfsburg,Heidenheim,0.7396588647474927,0.5626336695746752,0.5317789529316007,compact_btts_form,0.6500000000000002,False,1,1,1,0.6456710295623561,0.5900000000000002,0.7741368664256095,0.5300000000000001,0.849880634173404,0.6500000000000002,0.7196574849121538,0.6000000000000002,0.7833739732027016,0.5000000000000001,0.7396588647474927,0.5900000000000002,0.8515283126853398,0.5800000000000002,0.8680338851621071,0.5400000000000001
9213,D1,2025/2026,18,2026-01-17,RB Leipzig,Bayern Munich,0.8554289312775624,0.5857062844460068,0.5317789529316007,compact_btts_form,0.6500000000000002,False,1,1,1,0.881039045837742,0.5900000000000002,0.8962219044674163,0.5300000000000001,0.9146780666219343,0.6500000000000002,0.9165501331903962,0.6000000000000002,0.9698971683439334,0.5000000000000001,0.8554289312775624,0.5900000000000002,0.9777104035035388,0.5800000000000002,0.9728457955061475,0.5400000000000001
14209,F1,2025/2026,18,2026-01-17,Lens,Auxerre,0.5097238859397488,0.530592138994755,0.5317789529316007,compact_btts_form,0.6500000000000002,False,0,0,1,0.5082234576298521,0.5900000000000002,0.5504695860932776,0.5300000000000001,0.5310482193830599,0.6500000000000002,0.4453247269644136,0.6000000000000002,0.5501767994185965,0.5000000000000001,0.5097238859397488,0.5900000000000002,0.5691911226999791,0.5800000000000002,0.5164556479021374,0.5400000000000001
14210,F1,2025/2026,18,2026-01-17,Toulouse,Nice,0.4788228731052565,0.5266278336812336,0.5317789529316007,compact_btts_form,0.6500000000000002,False,0,1,0,0.5268911199251709,0.5900000000000002,0.37617756290668397,0.5300000000000001,0.28461720525131934,0.6500000000000002,0.49145495879586915,0.6000000000000002,0.33058568642272446,0.5000000000000001,0.4788228731052565,0.5900000000000002,0.5180084966403425,0.5800000000000002,0.2927440988506165,0.5400000000000001
14211,F1,2025/2026,18,2026-01-17,Angers,Marseille,0.4207775360501929,0.51909099067141,0.5317789529316007,compact_btts_form,0.6500000000000002,False,0,1,0,0.48934665799440347,0.5900000000000002,0.4674643808359431,0.5300000000000001,0.44244847648674174,0.6500000000000002,0.4019975880141979,0.6000000000000002,0.7234827579035161,0.5000000000000001,0.4207775360501929,0.5900000000000002,0.6255079192581361,0.5800000000000002,0.42050482316843024,0.5400000000000001
9214,D1,2025/2026,18,2026-01-18,Stuttgart,Union Berlin,0.5074699375470905,0.5303031473758089,0.5317789529316007,compact_btts_form,0.6500000000000002,False,0,1,0,0.49671128374311,0.5900000000000002,0.5555536419300945,0.5300000000000001,0.5979424277573634,0.6500000000000002,0.6004293142088806,0.6000000000000002,0.6735104626164211,0.5000000000000001,0.5074699375470905,0.5900000000000002,0.7582655177116284,0.5800000000000002,0.793402748257777,0.5400000000000001
9215,D1,2025/2026,18,2026-01-18,Augsburg,Freiburg,0.7127515357310292,0.5583421254130946,0.5317789529316007,compact_btts_form,0.6500000000000002,False,1,1,1,0.6988594339985031,0.5900000000000002,0.8492965477899834,0.5300000000000001,0.8931443360219878,0.6500000000000002,0.7674327780171475,0.6000000000000002,0.8998494329268576,0.5000000000000001,0.7127515357310292,0.5900000000000002,0.8465928131263074,0.5800000000000002,0.8996916636099477,0.5400000000000001
14212,F1,2025/2026,18,2026-01-18,Strasbourg,Metz,0.5189768243225786,0.5317789529316007,0.5317789529316007,compact_btts_form,0.6500000000000002,False,1,1,1,0.6359644586940817,0.5900000000000002,0.45094164323538316,0.5300000000000001,0.4285640061946234,0.6500000000000002,0.6243551377221398,0.6000000000000002,0.5437724904302952,0.5000000000000001,0.5189768243225786,0.5900000000000002,0.5614391870940537,0.5800000000000002,0.31322052704940156,0.5400000000000001
14213,F1,2025/2026,18,2026-01-18,Nantes,Paris FC,0.5365645137902689,0.5340390935665952,0.5317789529316007,compact_btts_form,0.6500000000000002,False,1,1,1,0.5661674285578355,0.5900000000000002,0.5424191502197818,0.5300000000000001,0.3431270025165156,0.6500000000000002,0.5193204808722316,0.6000000000000002,0.5595760473324871,0.5000000000000001,0.5365645137902689,0.5900000000000002,0.7191669978517347,0.5800000000000002,0.34880867591907877,0.5400000000000001
14214,F1,2025/2026,18,2026-01-18,Rennes,Le Havre,0.5824815704729586,0.5400030366921165,0.5317789529316007,compact_btts_form,0.6500000000000002,False,1,1,1,0.5611907475017965,0.5900000000000002,0.5741864851017985,0.5300000000000001,0.4905451432907004,0.6500000000000002,0.5898827929706921,0.6000000000000002,0.792220646524174,0.5000000000000001,0.5824815704729586,0.5900000000000002,0.7387084999110067,0.5800000000000002,0.6950421637605046,0.5400000000000001
14215,F1,2025/2026,18,2026-01-18,Lyon,Brest,0.5492734325891341,0.5356783761292317,0.5317789529316007,compact_btts_form,0.6500000000000002,False,1,1,1,0.6514265705874986,0.5900000000000002,0.5675291178240025,0.5300000000000001,0.6060086398721891,0.6500000000000002,0.6184578021294975,0.6000000000000002,0.8263907720475638,0.5000000000000001,0.5492734325891341,0.5900000000000002,0.8232233731525473,0.5800000000000002,0.722712794835136,0.5400000000000001
16780,SP1,2025/2026,19,2025-12-02,Barcelona,Ath Madrid,0.6995559297617892,0.5563233774669064,0.5373046372146071,compact_btts_form,0.6500000000000002,False,1,1,1,0.6825707842588549,0.5400000000000001,0.8890034263131457,0.6500000000000002,0.8433381429065095,0.44000000000000006,0.7720874726385698,0.5700000000000002,0.8744644659035632,0.35,0.6995559297617892,0.6400000000000002,0.9147008864827413,0.6400000000000002,0.7235043561743104,0.6500000000000002
16781,SP1,2025/2026,19,2025-12-03,Ath Bilbao,Real Madrid,0.6267846706991254,0.5459245913283408,0.5373046372146071,compact_btts_form,0.6500000000000002,False,1,0,0,0.5919351031960559,0.5400000000000001,0.640724284705347,0.6500000000000002,0.36269244615184304,0.44000000000000006,0.3553644313602388,0.5700000000000002,0.5709409978781311,0.35,0.6267846706991254,0.6400000000000002,0.8640942561589807,0.6400000000000002,0.15609217122682775,0.6500000000000002
11823,E0,2025/2026,19,2025-12-30,Burnley,Newcastle,0.5009939356068847,0.5294728855444475,0.5373046372146071,compact_btts_form,0.6500000000000002,False,0,1,0,0.479681684906591,0.5400000000000001,0.6121796840459893,0.6500000000000002,0.5871906318549279,0.44000000000000006,0.4344185931526691,0.5700000000000002,0.6752238879035654,0.35,0.5009939356068847,0.6400000000000002,0.6745357443228152,0.6400000000000002,0.40946275498056445,0.6500000000000002
11824,E0,2025/2026,19,2025-12-30,Chelsea,Bournemouth,0.6250118910272635,0.5456831188949853,0.5373046372146071,compact_btts_form,0.6500000000000002,False,1,1,1,0.5978833061421062,0.5400000000000001,0.4854546719037506,0.6500000000000002,0.48506541764045974,0.44000000000000006,0.6683801669212469,0.5700000000000002,0.36122751745876874,0.35,0.6250118910272635,0.6400000000000002,0.5334909644527758,0.6400000000000002,0.3219861687083276,0.6500000000000002
11825,E0,2025/2026,19,2025-12-30,Nott'm Forest,Everton,0.29493124703301926,0.5013468686064906,0.5373046372146071,compact_btts_form,0.6500000000000002,False,0,0,1,0.3230344395897183,0.5400000000000001,0.4841165211417672,0.6500000000000002,0.5178381234763844,0.44000000000000006,0.330399336957648,0.5700000000000002,0.3084581990071513,0.35,0.29493124703301926,0.6400000000000002,0.4462184885632804,0.6400000000000002,0.33034488758501995,0.6500000000000002
11826,E0,2025/2026,19,2025-12-30,West Ham,Brighton,0.6624880098914242,0.5508935796466259,0.5373046372146071,compact_btts_form,0.6500000000000002,False,1,1,1,0.5748886239194287,0.5400000000000001,0.7290033726222092,0.6500000000000002,0.7917099479394483,0.44000000000000006,0.6429612156244254,0.5700000000000002,0.7201641401702177,0.35,0.6624880098914242,0.6400000000000002,0.7711063195513499,0.6400000000000002,0.7629279975053959,0.6500000000000002
11827,E0,2025/2026,19,2025-12-30,Arsenal,Aston Villa,0.4710321523673287,0.5256257177249427,0.5373046372146071,compact_btts_form,0.6500000000000002,False,0,1,0,0.4095019025345598,0.5400000000000001,0.39148938857647503,0.6500000000000002,0.4354044665842558,0.44000000000000006,0.39994027994108966,0.5700000000000002,0.2662068137030762,0.35,0.4710321523673287,0.6400000000000002,0.4033776313894307,0.6400000000000002,0.29793379977257284,0.6500000000000002
11828,E0,2025/2026,19,2025-12-30,Man United,Wolves,0.4115886975201761,0.5178762458912425,0.5373046372146071,compact_btts_form,0.6500000000000002,False,0,1,0,0.41768644857740844,0.5400000000000001,0.3543669960545928,0.6500000000000002,0.2540854555686844,0.44000000000000006,0.41057986572020627,0.5700000000000002,0.23032669541964274,0.35,0.4115886975201761,0.6400000000000002,0.3416638983946429,0.6400000000000002,0.19316586182851997,0.6500000000000002
11829,E0,2025/2026,19,2026-01-01,Crystal Palace,Fulham,0.5176212512038962,0.5316050196838928,0.5373046372146071,compact_btts_form,0.6500000000000002,False,0,1,0,0.5092446611108963,0.5400000000000001,0.46532035331252736,0.6500000000000002,0.4962354031679138,0.44000000000000006,0.5254494085272731,0.5700000000000002,0.3221776291234678,0.35,0.5176212512038962,0.6400000000000002,0.3724265563880748,0.6400000000000002,0.3666441712037687,0.6500000000000002
11830,E0,2025/2026,19,2026-01-01,Liverpool,Leeds,0.6832706336815831,0.5538978125459144,0.5373046372146071,compact_btts_form,0.6500000000000002,False,1,0,0,0.670518529904966,0.5400000000000001,0.8060434487856947,0.6500000000000002,0.8228265182001427,0.44000000000000006,0.6948207512242915,0.5700000000000002,0.9067401987707346,0.35,0.6832706336815831,0.6400000000000002,0.8839398229805756,0.6400000000000002,0.857020158245229,0.6500000000000002
11831,E0,2025/2026,19,2026-01-01,Brentford,Tottenham,0.5030580385442899,0.5297375157657923,0.5373046372146071,compact_btts_form,0.6500000000000002,False,0,0,1,0.499062772612117,0.5400000000000001,0.30003421256459273,0.6500000000000002,0.24750903467794744,0.44000000000000006,0.4708586191975755,0.5700000000000002,0.10318346795440729,0.35,0.5030580385442899,0.6400000000000002,0.19396079378582812,0.6400000000000002,0.20731252537545136,0.6500000000000002
11832,E0,2025/2026,19,2026-01-01,Sunderland,Man City,0.4668655639544518,0.5250889721508202,0.5373046372146071,compact_btts_form,0.6500000000000002,False,0,0,1,0.46292808261127855,0.5400000000000001,0.7111800138836059,0.6500000000000002,0.6700918633634876,0.44000000000000006,0.3831503443814891,0.5700000000000002,0.6659756725723566,0.35,0.4668655639544518,0.6400000000000002,0.750453036231401,0.6400000000000002,0.5483838139932091,0.6500000000000002
7017,I1,2025/2026,19,2026-01-06,Pisa,Como,0.44549533457036394,0.52232410987337,0.5373046372146071,compact_btts_form,0.6500000000000002,False,0,0,1,0.42911959199282484,0.5400000000000001,0.4534389157924416,0.6500000000000002,0.5128976827989808,0.44000000000000006,0.5105502679986756,0.5700000000000002,0.5547464325994123,0.35,0.44549533457036394,0.6400000000000002,0.2996572764971716,0.6400000000000002,0.6360378560841329,0.6500000000000002
7018,I1,2025/2026,19,2026-01-06,Lecce,Roma,0.5623429588076295,0.53737205898438,0.5373046372146071,compact_btts_form,0.6500000000000002,False,1,0,0,0.5160046482199161,0.5400000000000001,0.4875867090310591,0.6500000000000002,0.5269772691780549,0.44000000000000006,0.5098017625739828,0.5700000000000002,0.7951814295604127,0.35,0.5623429588076295,0.6400000000000002,0.8234889433576827,0.6400000000000002,0.7873192677987931,0.6500000000000002
7019,I1,2025/2026,19,2026-01-06,Sassuolo,Juventus,0.3989977837699096,0.5161979325832662,0.5373046372146071,compact_btts_form,0.6500000000000002,False,0,0,1,0.43457544132385517,0.5400000000000001,0.3418432892198144,0.6500000000000002,0.22336552944572916,0.44000000000000006,0.35563039480351416,0.5700000000000002,0.2660269780919579,0.35,0.3989977837699096,0.6400000000000002,0.1859646780822441,0.6400000000000002,0.21156706171083245,0.6500000000000002
7020,I1,2025/2026,19,2026-01-07,Bologna,Atalanta,0.6416301213524508,0.5479648810174376,0.5373046372146071,compact_btts_form,0.6500000000000002,False,1,0,0,0.613048974666151,0.5400000000000001,0.6514967178611528,0.6500000000000002,0.6107143691057224,0.44000000000000006,0.6601069546591262,0.5700000000000002,0.4727017331481001,0.35,0.6416301213524508,0.6400000000000002,0.5664873215654062,0.6400000000000002,0.5988701865759504,0.6500000000000002
7021,I1,2025/2026,19,2026-01-07,Napoli,Verona,0.37478717302274617,0.5129171055797067,0.5373046372146071,compact_btts_form,0.6500000000000002,False,0,1,0,0.22541737822110938,0.5400000000000001,0.2752691754482445,0.6500000000000002,0.23032053996712332,0.44000000000000006,0.18678804943500937,0.5700000000000002,0.2877284797868884,0.35,0.37478717302274617,0.6400000000000002,0.17392030266065756,0.6400000000000002,0.21868671811130183,0.6500000000000002
7022,I1,2025/2026,19,2026-01-07,Lazio,Fiorentina,0.7245113228374536,0.5601866575376215,0.5373046372146071,compact_btts_form,0.6500000000000002,False,1,1,1,0.4971425172229479,0.5400000000000001,0.8793391006005735,0.6500000000000002,0.8871229831650149,0.44000000000000006,0.5046914546993466,0.5700000000000002,0.8660432689483066,0.35,0.7245113228374536,0.6400000000000002,0.8941388324084857,0.6400000000000002,0.9159695677711105,0.6500000000000002
7023,I1,2025/2026,19,2026-01-07,Parma,Inter,0.5907209584258466,0.5410886979577586,0.5373046372146071,compact_btts_form,0.6500000000000002,False,1,0,0,0.5959743970859583,0.5400000000000001,0.7710691321816531,0.6500000000000002,0.6711244805961035,0.44000000000000006,0.5093366492183213,0.5700000000000002,0.8868855304345724,0.35,0.5907209584258466,0.6400000000000002,0.7683088004094302,0.6400000000000002,0.7558682881047852,0.6500000000000002
7024,I1,2025/2026,19,2026-01-07,Torino,Udinese,0.5879170948448132,0.5407185694760849,0.5373046372146071,compact_btts_form,0.6500000000000002,False,1,1,1,0.41037401306033555,0.5400000000000001,0.7213926640271271,0.6500000000000002,0.7068124154228386,0.44000000000000006,0.4729439011907269,0.5700000000000002,0.6201292498584869,0.35,0.5879170948448132,0.6400000000000002,0.4676411190218545,0.6400000000000002,0.7625214215681395,0.6500000000000002
7025,I1,2025/2026,19,2026-01-08,Cremonese,Cagliari,0.5668490334296055,0.5379582854634084,0.5373046372146071,compact_btts_form,0.6500000000000002,False,1,1,1,0.5672575636893368,0.5400000000000001,0.6080205198708504,0.6500000000000002,0.5824397809742573,0.44000000000000006,0.5576997405796196,0.5700000000000002,0.6842661574050162,0.35,0.5668490334296055,0.6400000000000002,0.7467710704554351,0.6400000000000002,0.7826009738429561,0.6500000000000002
7026,I1,2025/2026,19,2026-01-08,Milan,Genoa,0.44023004038438124,0.5216390619806635,0.5373046372146071,compact_btts_form,0.6500000000000002,False,0,1,0,0.3010008516640039,0.5400000000000001,0.14152725414500147,0.6500000000000002,0.08399333689203525,0.44000000000000006,0.25570890518600414,0.5700000000000002,0.08139121651118604,0.35,0.44023004038438124,0.6400000000000002,0.08073850618525043,0.6400000000000002,0.05013605789517757,0.6500000000000002
16821,SP1,2025/2026,19,2026-01-09,Getafe,Sociedad,0.37253018182452285,0.5126071301267284,0.5373046372146071,compact_btts_form,0.6500000000000002,False,0,1,0,0.3574979931672691,0.5400000000000001,0.2295899252621123,0.6500000000000002,0.16491802101045686,0.44000000000000006,0.2928881232909207,0.5700000000000002,0.32843133213364284,0.35,0.37253018182452285,0.6400000000000002,0.33317704824383626,0.6400000000000002,0.08596221121402949,0.6500000000000002
16822,SP1,2025/2026,19,2026-01-10,Oviedo,Betis,0.3757286040900507,0.5130461772254484,0.5373046372146071,compact_btts_form,0.6500000000000002,False,0,1,0,0.3176335858538982,0.5400000000000001,0.3246491579691277,0.6500000000000002,0.3583705216941,0.44000000000000006,0.2636142548890609,0.5700000000000002,0.10188447121470576,0.35,0.3757286040900507,0.6400000000000002,0.13904702602566418,0.6400000000000002,0.03708504937302533,0.6500000000000002
16823,SP1,2025/2026,19,2026-01-10,Villarreal,Alaves,0.59169231963225,0.5412170939198406,0.5373046372146071,compact_btts_form,0.6500000000000002,False,1,1,1,0.43517172699331086,0.5400000000000001,0.504762698205239,0.6500000000000002,0.5755851866200686,0.44000000000000006,0.5212302790166133,0.5700000000000002,0.4957453024860945,0.35,0.59169231963225,0.6400000000000002,0.7571916725733483,0.6400000000000002,0.5748059070950866,0.6500000000000002
16824,SP1,2025/2026,19,2026-01-10,Girona,Osasuna,0.6073024953862458,0.543293489224097,0.5373046372146071,compact_btts_form,0.6500000000000002,False,1,0,0,0.5348858750217799,0.5400000000000001,0.6861823616617658,0.6500000000000002,0.7983147131923279,0.44000000000000006,0.6654602264413692,0.5700000000000002,0.6289063191325313,0.35,0.6073024953862458,0.6400000000000002,0.8180399321216412,0.6400000000000002,0.5340442221164703,0.6500000000000002
16825,SP1,2025/2026,19,2026-01-10,Valencia,Elche,0.5799460164793456,0.5396701122856808,0.5373046372146071,compact_btts_form,0.6500000000000002,False,1,1,1,0.5428014300931371,0.5400000000000001,0.6989079948010242,0.6500000000000002,0.7631404909522186,0.44000000000000006,0.5659132393536402,0.5700000000000002,0.7136920472920469,0.35,0.5799460164793456,0.6400000000000002,0.8231764415798452,0.6400000000000002,0.5620133062327445,0.6500000000000002
16826,SP1,2025/2026,19,2026-01-11,Vallecano,Mallorca,0.45304987808029246,0.5233041202262998,0.5373046372146071,compact_btts_form,0.6500000000000002,False,0,1,0,0.3995322817236973,0.5400000000000001,0.21828630724056705,0.6500000000000002,0.18159851580372008,0.44000000000000006,0.39873424982676686,0.5700000000000002,0.11768336866112224,0.35,0.45304987808029246,0.6400000000000002,0.3949700479488286,0.6400000000000002,0.09463849201404173,0.6500000000000002
16827,SP1,2025/2026,19,2026-01-11,Levante,Espanol,0.5786610913144817,0.5395015975490315,0.5373046372146071,compact_btts_form,0.6500000000000002,False,1,1,1,0.4753086702865236,0.5400000000000001,0.6086479844676965,0.6500000000000002,0.6012656159458185,0.44000000000000006,0.43844209254784555,0.5700000000000002,0.42544357039834846,0.35,0.5786610913144817,0.6400000000000002,0.6240004668799147,0.6400000000000002,0.2952585966596196,0.6500000000000002
16828,SP1,2025/2026,19,2026-01-12,Sevilla,Celta,0.626825667716997,0.5459301807886433,0.5373046372146071,compact_btts_form,0.6500000000000002,False,1,0,0,0.6169368416063108,0.5400000000000001,0.4863606514574384,0.6500000000000002,0.43861673906178616,0.44000000000000006,0.6377598107075199,0.5700000000000002,0.44335910732712736,0.35,0.626825667716997,0.6400000000000002,0.5990677939329052,0.6400000000000002,0.24267114891178046,0.6500000000000002
9216,D1,2025/2026,19,2026-01-23,St Pauli,Hamburg,0.5638561749209873,0.5375687811643903,0.5373046372146071,compact_btts_form,0.6500000000000002,False,1,0,0,0.6103317769711848,0.5400000000000001,0.6712826048236767,0.6500000000000002,0.7027534348284196,0.44000000000000006,0.6060989044346576,0.5700000000000002,0.8155667315490134,0.35,0.5638561749209873,0.6400000000000002,0.7974975352801443,0.6400000000000002,0.6746245978964832,0.6500000000000002
14216,F1,2025/2026,19,2026-01-23,Auxerre,Paris SG,0.4309343540329927,0.520425056912698,0.5373046372146071,compact_btts_form,0.6500000000000002,False,0,0,1,0.567333730610509,0.5400000000000001,0.47017024809617824,0.6500000000000002,0.4609979023731203,0.44000000000000006,0.5450151741321047,0.5700000000000002,0.6664494589669473,0.35,0.4309343540329927,0.6400000000000002,0.5128767572416235,0.6400000000000002,0.44948114813648343,0.6500000000000002
9217,D1,2025/2026,19,2026-01-24,Bayern Munich,Augsburg,0.6704127102062422,0.552028094906689,0.5373046372146071,compact_btts_form,0.6500000000000002,False,1,1,1,0.5960770921080093,0.5400000000000001,0.6525038390842863,0.6500000000000002,0.691912970750331,0.44000000000000006,0.6889433479458861,0.5700000000000002,0.6580796984314112,0.35,0.6704127102062422,0.6400000000000002,0.7992459310398863,0.6400000000000002,0.7040513164757729,0.6500000000000002
9218,D1,2025/2026,19,2026-01-24,Ein Frankfurt,Hoffenheim,0.8304859648120203,0.5798015656051055,0.5373046372146071,compact_btts_form,0.6500000000000002,False,1,1,1,0.8534146215992747,0.5400000000000001,0.9299995264409441,0.6500000000000002,0.8621786335200438,0.44000000000000006,0.8608043868133779,0.5700000000000002,0.9562567138579288,0.35,0.8304859648120203,0.6400000000000002,0.9721969152603988,0.6400000000000002,0.9456358841386951,0.6500000000000002
9219,D1,2025/2026,19,2026-01-24,Heidenheim,RB Leipzig,0.685652168305479,0.5542483329673217,0.5373046372146071,compact_btts_form,0.6500000000000002,False,1,0,0,0.694509224266088,0.5400000000000001,0.7246538054999393,0.6500000000000002,0.7787864183446574,0.44000000000000006,0.6964040247327643,0.5700000000000002,0.8761478345343018,0.35,0.685652168305479,0.6400000000000002,0.7267648484177598,0.6400000000000002,0.7364314397792375,0.6500000000000002
9220,D1,2025/2026,19,2026-01-24,Leverkusen,Werder Bremen,0.6577696121273107,0.5502240668708054,0.5373046372146071,compact_btts_form,0.6500000000000002,False,1,0,0,0.6995548981509586,0.5400000000000001,0.45864123913505345,0.6500000000000002,0.4859409935462575,0.44000000000000006,0.6982414440781362,0.5700000000000002,0.5869081793650635,0.35,0.6577696121273107,0.6400000000000002,0.5793041011964606,0.6400000000000002,0.47574508050717457,0.6500000000000002
9221,D1,2025/2026,19,2026-01-24,Mainz,Wolfsburg,0.6815789170540921,0.5536496478082373,0.5373046372146071,compact_btts_form,0.6500000000000002,False,1,1,1,0.6613767880506675,0.5400000000000001,0.8421954793279905,0.6500000000000002,0.8614430249035365,0.44000000000000006,0.7160460436485062,0.5700000000000002,0.8100164207840831,0.35,0.6815789170540921,0.6400000000000002,0.7808837003373246,0.6400000000000002,0.7496806320818947,0.6500000000000002
9222,D1,2025/2026,19,2026-01-24,Union Berlin,Dortmund,0.5295959998677203,0.5331426696380894,0.5373046372146071,compact_btts_form,0.6500000000000002,False,0,0,1,0.5705252368777315,0.5400000000000001,0.5385001779197938,0.6500000000000002,0.42774921541802463,0.44000000000000006,0.4793403105365103,0.5700000000000002,0.603805025017252,0.35,0.5295959998677203,0.6400000000000002,0.583269182875552,0.6400000000000002,0.4597236784718907,0.6500000000000002
14217,F1,2025/2026,19,2026-01-24,Rennes,Lorient,0.6667365601747238,0.5515002011070212,0.5373046372146071,compact_btts_form,0.6500000000000002,False,1,0,0,0.7103409116712601,0.5400000000000001,0.801506794675747,0.6500000000000002,0.7055092572974463,0.44000000000000006,0.673786806355782,0.5700000000000002,0.8978032248310508,0.35,0.6667365601747238,0.6400000000000002,0.9292537336968203,0.6400000000000002,0.8003400017290936,0.6500000000000002
14218,F1,2025/2026,19,2026-01-24,Le Havre,Monaco,0.7060578563932258,0.5573117060205233,0.5373046372146071,compact_btts_form,0.6500000000000002,False,1,0,0,0.7538561300167589,0.5400000000000001,0.7432771505799836,0.6500000000000002,0.7498786752963783,0.44000000000000006,0.774526601169352,0.5700000000000002,0.9026255480573679,0.35,0.7060578563932258,0.6400000000000002,0.8623971740107746,0.6400000000000002,0.8554995092429328,0.6500000000000002
14219,F1,2025/2026,19,2026-01-24,Marseille,Lens,0.7334429470216219,0.5616192222999417,0.5373046372146071,compact_btts_form,0.6500000000000002,False,1,1,1,0.6934415405752569,0.5400000000000001,0.8820977150742896,0.6500000000000002,0.8710548957681391,0.44000000000000006,0.6651754661253255,0.5700000000000002,0.9102601055457574,0.35,0.7334429470216219,0.6400000000000002,0.9131814073006047,0.6400000000000002,0.8961384492741385,0.6500000000000002
9223,D1,2025/2026,19,2026-01-25,M'gladbach,Stuttgart,0.7819195406900833,0.569986106095751,0.5373046372146071,compact_btts_form,0.6500000000000002,False,1,0,0,0.7305388391748394,0.5400000000000001,0.8293217282383694,0.6500000000000002,0.8561087118406032,0.44000000000000006,0.8033404100552768,0.5700000000000002,0.8400803232380141,0.35,0.7819195406900833,0.6400000000000002,0.8539102607815519,0.6400000000000002,0.825576716729947,0.6500000000000002
9224,D1,2025/2026,19,2026-01-25,Freiburg,FC Koln,0.6887627637717335,0.5547082515647189,0.5373046372146071,compact_btts_form,0.6500000000000002,False,1,1,1,0.8117453621612983,0.5400000000000001,0.6649943550434526,0.6500000000000002,0.7548276919301716,0.44000000000000006,0.8709301800401641,0.5700000000000002,0.9223151399591969,0.35,0.6887627637717335,0.6400000000000002,0.9042756046317689,0.6400000000000002,0.9210623424990053,0.6500000000000002
14220,F1,2025/2026,19,2026-01-25,Nantes,Nice,0.6321671069786541,0.546660486285228,0.5373046372146071,compact_btts_form,0.6500000000000002,False,1,1,1,0.6108568108671659,0.5400000000000001,0.7301611635072603,0.6500000000000002,0.7433169565853829,0.44000000000000006,0.6200458667005376,0.5700000000000002,0.7578242220960428,0.35,0.6321671069786541,0.6400000000000002,0.8624246180922317,0.6400000000000002,0.8268900542601794,0.6500000000000002
14221,F1,2025/2026,19,2026-01-25,Brest,Toulouse,0.5646823592328422,0.5376762474388905,0.5373046372146071,compact_btts_form,0.6500000000000002,False,1,0,0,0.6650580909526663,0.5400000000000001,0.41784640352762814,0.6500000000000002,0.28238170081328373,0.44000000000000006,0.6465465744918186,0.5700000000000002,0.3446749632326712,0.35,0.5646823592328422,0.6400000000000002,0.3051696747648754,0.6400000000000002,0.3141838429742745,0.6500000000000002
14222,F1,2025/2026,19,2026-01-25,Metz,Lyon,0.5618240927042597,0.5373046372146071,0.5373046372146071,compact_btts_form,0.6500000000000002,False,1,1,1,0.7308557694064369,0.5400000000000001,0.6225490150108951,0.6500000000000002,0.47068453674036287,0.44000000000000006,0.6537795578278731,0.5700000000000002,0.8380360780720202,0.35,0.5618240927042597,0.6400000000000002,0.843492143252339,0.6400000000000002,0.657060016482149,0.6500000000000002
14223,F1,2025/2026,19,2026-01-25,Paris FC,Angers,0.4461186857714538,0.5224050978948828,0.5373046372146071,compact_btts_form,0.6500000000000002,False,0,0,1,0.524527974970312,0.5400000000000001,0.6976036255337384,0.6500000000000002,0.7022089323943592,0.44000000000000006,0.5445454039510315,0.5700000000000002,0.7947277371684633,0.35,0.4461186857714538,0.6400000000000002,0.7540571969619655,0.6400000000000002,0.732166580678658,0.6500000000000002
14224,F1,2025/2026,19,2026-01-25,Lille,Strasbourg,0.594491339303925,0.5415875753914264,0.5373046372146071,compact_btts_form,0.6500000000000002,False,1,1,1,0.7190564342333088,0.5400000000000001,0.7181603859638507,0.6500000000000002,0.742089478784723,0.44000000000000006,0.7730758583784149,0.5700000000000002,0.8615987368217063,0.35,0.594491339303925,0.6400000000000002,0.8571292649344955,0.6400000000000002,0.8315010665121144,0.6500000000000002
11833,E0,2025/2026,20,2026-01-03,Aston Villa,Nott'm Forest,0.5467241915775207,0.5353490230150935,0.5347686764062628,compact_btts_form,0.6500000000000002,False,1,1,1,0.5441482593496304,0.41000000000000003,0.6666163959174958,0.35,0.6676002255999333,0.43000000000000005,0.578403356238511,0.4700000000000001,0.7321535641504131,0.5000000000000001,0.5467241915775207,0.37,0.8438242682848428,0.35,0.6086419839610889,0.43000000000000005
11834,E0,2025/2026,20,2026-01-03,Brighton,Burnley,0.4674599137824885,0.5251655753343519,0.5347686764062628,compact_btts_form,0.6500000000000002,False,0,0,1,0.5134582683831422,0.41000000000000003,0.45021333166133065,0.35,0.5013418655141463,0.43000000000000005,0.5112664119446703,0.4700000000000001,0.29088472062787984,0.5000000000000001,0.4674599137824885,0.37,0.6766097564518644,0.35,0.3546390301228592,0.43000000000000005
11835,E0,2025/2026,20,2026-01-03,Wolves,West Ham,0.5850500186431762,0.5403408280796482,0.5347686764062628,compact_btts_form,0.6500000000000002,False,1,0,0,0.4859923758511824,0.41000000000000003,0.6603732765791401,0.35,0.6062055913984215,0.43000000000000005,0.47960469205524625,0.4700000000000001,0.36190243385327436,0.5000000000000001,0.5850500186431762,0.37,0.5911700674271947,0.35,0.4960103438407324,0.43000000000000005
11836,E0,2025/2026,20,2026-01-03,Bournemouth,Arsenal,0.5213306157078029,0.5320810356091565,0.5347686764062628,compact_btts_form,0.6500000000000002,False,0,1,0,0.5983982817462085,0.41000000000000003,0.3752942672004338,0.35,0.2945261143844429,0.43000000000000005,0.6429183556583415,0.4700000000000001,0.39089835126568073,0.5000000000000001,0.5213306157078029,0.37,0.4907677959916091,0.35,0.3758879023662747,0.43000000000000005
11837,E0,2025/2026,20,2026-01-04,Leeds,Man United,0.6787936101783925,0.553242525458523,0.5347686764062628,compact_btts_form,0.6500000000000002,False,1,1,1,0.613353691261658,0.41000000000000003,0.8020219766224899,0.35,0.7321791139182525,0.43000000000000005,0.5430365536280796,0.4700000000000001,0.7116877375822085,0.5000000000000001,0.6787936101783925,0.37,0.8624104284878373,0.35,0.7562651134508425,0.43000000000000005
11838,E0,2025/2026,20,2026-01-04,Everton,Brentford,0.4716027918053189,0.5256991815269578,0.5347686764062628,compact_btts_form,0.6500000000000002,False,0,1,0,0.5126534046016219,0.41000000000000003,0.5266414737556099,0.35,0.5849425940129257,0.43000000000000005,0.579821676179749,0.4700000000000001,0.5654651427867058,0.5000000000000001,0.4716027918053189,0.37,0.8058631204297685,0.35,0.6138585766621026,0.43000000000000005
11839,E0,2025/2026,20,2026-01-04,Newcastle,Crystal Palace,0.4124869875989867,0.5179953527238785,0.5347686764062628,compact_btts_form,0.6500000000000002,False,0,0,1,0.4141101845956145,0.41000000000000003,0.4150460144303281,0.35,0.32000020805078927,0.43000000000000005,0.3159412302842476,0.4700000000000001,0.32730681621666285,0.5000000000000001,0.4124869875989867,0.37,0.35239053180635993,0.35,0.16468476852854436,0.43000000000000005
11840,E0,2025/2026,20,2026-01-04,Tottenham,Sunderland,0.5820353488587555,0.5399444082927934,0.5347686764062628,compact_btts_form,0.6500000000000002,False,1,1,1,0.5686443540181324,0.41000000000000003,0.6265391197484051,0.35,0.7166619510821223,0.43000000000000005,0.6163519610796735,0.4700000000000001,0.7012938902215431,0.5000000000000001,0.5820353488587555,0.37,0.8905107518684873,0.35,0.8463993563393708,0.43000000000000005
11841,E0,2025/2026,20,2026-01-04,Fulham,Liverpool,0.5534703779589937,0.5362212757525919,0.5347686764062628,compact_btts_form,0.6500000000000002,False,1,1,1,0.5327311803838085,0.41000000000000003,0.7048417429176194,0.35,0.6500888605555585,0.43000000000000005,0.5295129263564636,0.4700000000000001,0.609024450942319,0.5000000000000001,0.5534703779589937,0.37,0.7138484569305839,0.35,0.6704695728536029,0.43000000000000005
11842,E0,2025/2026,20,2026-01-04,Man City,Chelsea,0.6184609452970672,0.5447945173269354,0.5347686764062628,compact_btts_form,0.6500000000000002,False,1,1,1,0.5713868420795147,0.41000000000000003,0.7183083383581148,0.35,0.7736613825715398,0.43000000000000005,0.6953440047246275,0.4700000000000001,0.5821643792597458,0.5000000000000001,0.6184609452970672,0.37,0.8542167057030382,0.35,0.6251816495577018,0.43000000000000005
7027,I1,2025/2026,20,2026-01-10,Como,Bologna,0.4717788013305959,0.525721838733554,0.5347686764062628,compact_btts_form,0.6500000000000002,False,0,1,0,0.41186710269763005,0.41000000000000003,0.3429427259735388,0.35,0.3006590596509274,0.43000000000000005,0.5110718692853483,0.4700000000000001,0.1850456171188184,0.5000000000000001,0.4717788013305959,0.37,0.16400174835240905,0.35,0.26407106555643844,0.43000000000000005
7028,I1,2025/2026,20,2026-01-10,Udinese,Pisa,0.5614613115681577,0.5372575068533552,0.5347686764062628,compact_btts_form,0.6500000000000002,False,1,1,1,0.4502003470076056,0.41000000000000003,0.26298436670911474,0.35,0.27284685901339106,0.43000000000000005,0.5042554911064493,0.4700000000000001,0.24793517413897034,0.5000000000000001,0.5614613115681577,0.37,0.25253701608306256,0.35,0.36384628886681236,0.43000000000000005
7029,I1,2025/2026,20,2026-01-10,Roma,Sassuolo,0.44694026225363404,0.5225118046715459,0.5347686764062628,compact_btts_form,0.6500000000000002,False,0,0,1,0.39313505045818126,0.41000000000000003,0.6328728646859518,0.35,0.6473050554519595,0.43000000000000005,0.44247770542100734,0.4700000000000001,0.6117217691783854,0.5000000000000001,0.44694026225363404,0.37,0.5097537072774352,0.35,0.5660343138441947,0.43000000000000005
7030,I1,2025/2026,20,2026-01-10,Atalanta,Torino,0.6037191403573424,0.5428145630109816,0.5347686764062628,compact_btts_form,0.6500000000000002,False,1,0,0,0.4516902721843307,0.41000000000000003,0.6245706355465545,0.35,0.5560982933027865,0.43000000000000005,0.4263524774518366,0.4700000000000001,0.6441754884650742,0.5000000000000001,0.6037191403573424,0.37,0.6447043796960287,0.35,0.47354206201656496,0.43000000000000005
7031,I1,2025/2026,20,2026-01-11,Lecce,Parma,0.5567230429547887,0.536642642640003,0.5347686764062628,compact_btts_form,0.6500000000000002,False,1,1,1,0.4503818436938708,0.41000000000000003,0.6572863933714835,0.35,0.7020145964223936,0.43000000000000005,0.5969520174510164,0.4700000000000001,0.7430469878615503,0.5000000000000001,0.5567230429547887,0.37,0.6317298003465835,0.35,0.7784036944266847,0.43000000000000005
7032,I1,2025/2026,20,2026-01-11,Fiorentina,Milan,0.6817769953111442,0.553678669627401,0.5347686764062628,compact_btts_form,0.6500000000000002,False,1,1,1,0.5723281307585731,0.41000000000000003,0.6098360603730639,0.35,0.5647671419723757,0.43000000000000005,0.5881705204309271,0.4700000000000001,0.6941675431369194,0.5000000000000001,0.6817769953111442,0.37,0.678107098879654,0.35,0.749839691574809,0.43000000000000005
7033,I1,2025/2026,20,2026-01-11,Verona,Lazio,0.5376246588481074,0.5341756029306751,0.5347686764062628,compact_btts_form,0.6500000000000002,False,0,0,1,0.5359076296823223,0.41000000000000003,0.18336401079966688,0.35,0.13741608269219305,0.43000000000000005,0.5817561962299588,0.4700000000000001,0.19395334893820446,0.5000000000000001,0.5376246588481074,0.37,0.3459761284819827,0.35,0.4671100335852225,0.43000000000000005
7034,I1,2025/2026,20,2026-01-11,Inter,Napoli,0.6090509557746664,0.5435277048453523,0.5347686764062628,compact_btts_form,0.6500000000000002,False,1,1,1,0.510846578534225,0.41000000000000003,0.42023226918004153,0.35,0.3607984134718028,0.43000000000000005,0.5000150163702295,0.4700000000000001,0.43576378235164637,0.5000000000000001,0.6090509557746664,0.37,0.3913154464244642,0.35,0.5518918880932203,0.43000000000000005
7035,I1,2025/2026,20,2026-01-12,Genoa,Cagliari,0.4558677601839507,0.5236688810809219,0.5347686764062628,compact_btts_form,0.6500000000000002,False,0,0,1,0.4316801850258699,0.41000000000000003,0.594385101216122,0.35,0.5006620820056021,0.43000000000000005,0.4300109286528833,0.4700000000000001,0.7788193663686844,0.5000000000000001,0.4558677601839507,0.37,0.6624807063342761,0.35,0.7298333168806288,0.43000000000000005
7036,I1,2025/2026,20,2026-01-12,Juventus,Cremonese,0.4908167684906509,0.5281677636745877,0.5347686764062628,compact_btts_form,0.6500000000000002,False,0,0,1,0.3807763784485695,0.41000000000000003,0.7385938531009749,0.35,0.7251698975721536,0.43000000000000005,0.42503925180781255,0.4700000000000001,0.7677633961534658,0.5000000000000001,0.4908167684906509,0.37,0.6612835538148332,0.35,0.6608288670498929,0.43000000000000005
16829,SP1,2025/2026,20,2026-01-16,Espanol,Girona,0.5866752457625758,0.5405548648955465,0.5347686764062628,compact_btts_form,0.6500000000000002,False,1,0,0,0.4189389567411258,0.41000000000000003,0.5949187534846139,0.35,0.6824559858361837,0.43000000000000005,0.3985797513919946,0.4700000000000001,0.49230114731034946,0.5000000000000001,0.5866752457625758,0.37,0.7228932036892687,0.35,0.3167602488585677,0.43000000000000005
16830,SP1,2025/2026,20,2026-01-17,Real Madrid,Levante,0.6949769661538854,0.5556344054748642,0.5347686764062628,compact_btts_form,0.6500000000000002,False,1,0,0,0.6355669383300435,0.41000000000000003,0.7515302066207812,0.35,0.6780983205540896,0.43000000000000005,0.6662832067655851,0.4700000000000001,0.6723732373981514,0.5000000000000001,0.6949769661538854,0.37,0.6522665962838282,0.35,0.2594017603943403,0.43000000000000005
16831,SP1,2025/2026,20,2026-01-17,Mallorca,Ath Bilbao,0.5422269171935656,0.5347686764062628,0.5347686764062628,compact_btts_form,0.6500000000000002,False,1,1,1,0.3755160410071201,0.41000000000000003,0.4629388034735162,0.35,0.4763081514106693,0.43000000000000005,0.39086990364990676,0.4700000000000001,0.21378530454865557,0.5000000000000001,0.5422269171935656,0.37,0.23146392083854794,0.35,0.090551133564982,0.43000000000000005
16832,SP1,2025/2026,20,2026-01-17,Osasuna,Oviedo,0.4776211652041785,0.5264733711680059,0.5347686764062628,compact_btts_form,0.6500000000000002,False,0,1,0,0.32331019359576113,0.41000000000000003,0.5765774936968613,0.35,0.4799244207228125,0.43000000000000005,0.18021662910493547,0.4700000000000001,0.413345469572266,0.5000000000000001,0.4776211652041785,0.37,0.6923203173674818,0.35,0.19696845322138729,0.43000000000000005
16833,SP1,2025/2026,20,2026-01-17,Betis,Villarreal,0.7817978752060494,0.5699636115932568,0.5347686764062628,compact_btts_form,0.6500000000000002,False,1,0,0,0.6648682077681107,0.41000000000000003,0.6087392744866811,0.35,0.5927136167593404,0.43000000000000005,0.722782526030399,0.4700000000000001,0.36862428067618735,0.5000000000000001,0.7817978752060494,0.37,0.7407178327480478,0.35,0.459480456904271,0.43000000000000005
16834,SP1,2025/2026,20,2026-01-18,Getafe,Valencia,0.3746929302749684,0.5129041775251151,0.5347686764062628,compact_btts_form,0.6500000000000002,False,0,0,1,0.3304190795580187,0.41000000000000003,0.2887560043216873,0.35,0.2806838200980288,0.43000000000000005,0.3047068600267005,0.4700000000000001,0.21073196521076545,0.5000000000000001,0.3746929302749684,0.37,0.25708301351392376,0.35,0.1499329211398866,0.43000000000000005
16835,SP1,2025/2026,20,2026-01-18,Ath Madrid,Alaves,0.5959902098830637,0.5417862815350234,0.5347686764062628,compact_btts_form,0.6500000000000002,False,1,0,0,0.43959637265856844,0.41000000000000003,0.4334684288771519,0.35,0.41511966440054193,0.43000000000000005,0.4361445945459043,0.4700000000000001,0.42814384436357855,0.5000000000000001,0.5959902098830637,0.37,0.6727561965686816,0.35,0.20600237268473545,0.43000000000000005
16836,SP1,2025/2026,20,2026-01-18,Celta,Vallecano,0.5208940218970851,0.5320249966879975,0.5347686764062628,compact_btts_form,0.6500000000000002,False,0,0,1,0.38053354124626043,0.41000000000000003,0.4018052811941873,0.35,0.32312472545621373,0.43000000000000005,0.35229702690641557,0.4700000000000001,0.2407511766778882,0.5000000000000001,0.5208940218970851,0.37,0.5615182021467814,0.35,0.15682448606917618,0.43000000000000005
16837,SP1,2025/2026,20,2026-01-18,Sociedad,Barcelona,0.7390179316548051,0.5625283762480562,0.5347686764062628,compact_btts_form,0.6500000000000002,False,1,1,1,0.5641286557512653,0.41000000000000003,0.891094663454343,0.35,0.8344780555602859,0.43000000000000005,0.5456224436273008,0.4700000000000001,0.8223645519676573,0.5000000000000001,0.7390179316548051,0.37,0.9321793789955556,0.35,0.5366830238143127,0.43000000000000005
16838,SP1,2025/2026,20,2026-01-19,Elche,Sevilla,0.5850073292368816,0.5403352091370986,0.5347686764062628,compact_btts_form,0.6500000000000002,False,1,1,1,0.4814333315465104,0.41000000000000003,0.5413588056289863,0.35,0.3953344154970287,0.43000000000000005,0.4270814899696312,0.4700000000000001,0.45719315973658164,0.5000000000000001,0.5850073292368816,0.37,0.6378387610218759,0.35,0.15293270181062624,0.43000000000000005
9227,D1,2025/2026,20,2026-01-30,FC Koln,Wolfsburg,0.7059690209163044,0.5572981207223333,0.5347686764062628,compact_btts_form,0.6500000000000002,False,1,0,0,0.7092588310962592,0.41000000000000003,0.8949169204119215,0.35,0.939960567463211,0.43000000000000005,0.7999206082473836,0.4700000000000001,0.8521819212200081,0.5000000000000001,0.7059690209163044,0.37,0.9122813089744753,0.35,0.932204043685154,0.43000000000000005
14225,F1,2025/2026,20,2026-01-30,Lens,Le Havre,0.590528455243196,0.5410632630988682,0.5347686764062628,compact_btts_form,0.6500000000000002,False,1,0,0,0.6690341074613244,0.41000000000000003,0.47837706678439856,0.35,0.4321106801665653,0.43000000000000005,0.6632392257233997,0.4700000000000001,0.612893435576549,0.5000000000000001,0.590528455243196,0.37,0.5146564668176691,0.35,0.45766215466798327,0.43000000000000005
9228,D1,2025/2026,20,2026-01-31,Augsburg,St Pauli,0.4688489303134857,0.5253445490310047,0.5347686764062628,compact_btts_form,0.6500000000000002,False,0,1,0,0.5472411012200287,0.41000000000000003,0.5678821640449447,0.35,0.5241933559488354,0.43000000000000005,0.5346545750556806,0.4700000000000001,0.6798033765662785,0.5000000000000001,0.4688489303134857,0.37,0.641205644772965,0.35,0.48791242187282546,0.43000000000000005
9229,D1,2025/2026,20,2026-01-31,Ein Frankfurt,Leverkusen,0.7642575212607001,0.5668071178184455,0.5347686764062628,compact_btts_form,0.6500000000000002,False,1,1,1,0.8173477902828541,0.41000000000000003,0.8362817664953148,0.35,0.748313013099551,0.43000000000000005,0.8331375576567117,0.4700000000000001,0.8967920128970686,0.5000000000000001,0.7642575212607001,0.37,0.9362730000881216,0.35,0.8707306876960986,0.43000000000000005
9230,D1,2025/2026,20,2026-01-31,Hoffenheim,Union Berlin,0.5891485583827702,0.5408810420729183,0.5347686764062628,compact_btts_form,0.6500000000000002,False,1,1,1,0.5409111303003312,0.41000000000000003,0.4264815505748522,0.35,0.324036556807238,0.43000000000000005,0.46416255198426754,0.4700000000000001,0.2953198780115481,0.5000000000000001,0.5891485583827702,0.37,0.6337750795269469,0.35,0.3144652219328831,0.43000000000000005
9231,D1,2025/2026,20,2026-01-31,RB Leipzig,Mainz,0.7060025623898202,0.5573032498309131,0.5347686764062628,compact_btts_form,0.6500000000000002,False,1,1,1,0.7056811099718113,0.41000000000000003,0.7813857569847545,0.35,0.7465375255483448,0.43000000000000005,0.7496116619456848,0.4700000000000001,0.8382818814683352,0.5000000000000001,0.7060025623898202,0.37,0.8325213029521951,0.35,0.8528737531233387,0.43000000000000005
9232,D1,2025/2026,20,2026-01-31,Werder Bremen,M'gladbach,0.7073228990925885,0.5575054162032445,0.5347686764062628,compact_btts_form,0.6500000000000002,False,1,1,1,0.7037752844554559,0.41000000000000003,0.8425879859521602,0.35,0.7921245287142584,0.43000000000000005,0.6663663080102439,0.4700000000000001,0.901567504352289,0.5000000000000001,0.7073228990925885,0.37,0.8740072589872848,0.35,0.7741075408115562,0.43000000000000005
9233,D1,2025/2026,20,2026-01-31,Hamburg,Bayern Munich,0.6654187119121946,0.5513116426410003,0.5347686764062628,compact_btts_form,0.6500000000000002,False,1,1,1,0.7050662615299609,0.41000000000000003,0.689722075201743,0.35,0.7145545781334844,0.43000000000000005,0.7448806920165153,0.4700000000000001,0.7580183948698089,0.5000000000000001,0.6654187119121946,0.37,0.6342452091685636,0.35,0.6929914805510005,0.43000000000000005
14226,F1,2025/2026,20,2026-01-31,Paris FC,Marseille,0.6408064203238826,0.5478507789162266,0.5347686764062628,compact_btts_form,0.6500000000000002,False,1,1,1,0.6916123748307396,0.41000000000000003,0.5403680385250217,0.35,0.5196783499620824,0.43000000000000005,0.6952786905899978,0.4700000000000001,0.7760881982022471,0.5000000000000001,0.6408064203238826,0.37,0.7279291616777228,0.35,0.6167253026560078,0.43000000000000005
14227,F1,2025/2026,20,2026-01-31,Lorient,Nantes,0.4662542663814157,0.5250101707650808,0.5347686764062628,compact_btts_form,0.6500000000000002,False,0,1,0,0.4441654536616548,0.41000000000000003,0.6128733755600496,0.35,0.5443533312485354,0.43000000000000005,0.3208941293789697,0.4700000000000001,0.5987624601458467,0.5000000000000001,0.4662542663814157,0.37,0.6273413270196507,0.35,0.47277786684857925,0.43000000000000005
14228,F1,2025/2026,20,2026-01-31,Monaco,Rennes,0.7538816664915284,0.5650138076596113,0.5347686764062628,compact_btts_form,0.6500000000000002,False,1,0,0,0.8198193725067761,0.41000000000000003,0.8351117926168427,0.35,0.8225602600738287,0.43000000000000005,0.8412132461773838,0.4700000000000001,0.9073443460365956,0.5000000000000001,0.7538816664915284,0.37,0.8142868896167506,0.35,0.8140462882656393,0.43000000000000005
9234,D1,2025/2026,20,2026-02-01,Stuttgart,Freiburg,0.6587883247427497,0.5503682514849186,0.5347686764062628,compact_btts_form,0.6500000000000002,False,1,0,0,0.6701301610027561,0.41000000000000003,0.7084086869830547,0.35,0.7781931003524531,0.43000000000000005,0.7500762400075838,0.4700000000000001,0.8531394075647827,0.5000000000000001,0.6587883247427497,0.37,0.7939101032766847,0.35,0.8008651289603651,0.43000000000000005
9235,D1,2025/2026,20,2026-02-01,Dortmund,Heidenheim,0.5013764761499698,0.5295219301660767,0.5347686764062628,compact_btts_form,0.6500000000000002,False,0,1,0,0.45153921751504594,0.41000000000000003,0.5049067772253475,0.35,0.40750831840347584,0.43000000000000005,0.33570210093149166,0.4700000000000001,0.331434439418143,0.5000000000000001,0.5013764761499698,0.37,0.47778482479071704,0.35,0.285556558421245,0.43000000000000005
14229,F1,2025/2026,20,2026-02-01,Lyon,Lille,0.6572185489003561,0.5501461538866348,0.5347686764062628,compact_btts_form,0.6500000000000002,False,1,0,0,0.74390238779097,0.41000000000000003,0.5123268416715479,0.35,0.5615532598109986,0.43000000000000005,0.7881771742600067,0.4700000000000001,0.8090460380758477,0.5000000000000001,0.6572185489003561,0.37,0.5271515180704681,0.35,0.6067893941862502,0.43000000000000005
14230,F1,2025/2026,20,2026-02-01,Angers,Metz,0.4867144889781687,0.5276413613803992,0.5347686764062628,compact_btts_form,0.6500000000000002,False,0,0,1,0.6063760342426057,0.41000000000000003,0.6309888522585014,0.35,0.6860235432447687,0.43000000000000005,0.6121063089979248,0.4700000000000001,0.7965963386037851,0.5000000000000001,0.4867144889781687,0.37,0.7618920013775297,0.35,0.7035040238869334,0.43000000000000005
14231,F1,2025/2026,20,2026-02-01,Nice,Brest,0.6085834626631977,0.5434650470537872,0.5347686764062628,compact_btts_form,0.6500000000000002,False,1,1,1,0.6950827235918579,0.41000000000000003,0.5157390745316419,0.35,0.5743971646038563,0.43000000000000005,0.7420091096643161,0.4700000000000001,0.5729475858282963,0.5000000000000001,0.6085834626631977,0.37,0.721030020376728,0.35,0.670770156658397,0.43000000000000005
14232,F1,2025/2026,20,2026-02-01,Toulouse,Auxerre,0.39131042443368774,0.5151644227302099,0.5347686764062628,compact_btts_form,0.6500000000000002,False,0,0,1,0.36782693932680116,0.41000000000000003,0.3774669587574866,0.35,0.3110640949235449,0.43000000000000005,0.34242494867813483,0.4700000000000001,0.35740802917847814,0.5000000000000001,0.39131042443368774,0.37,0.37644867038432006,0.35,0.297358610316092,0.43000000000000005
14233,F1,2025/2026,20,2026-02-01,Strasbourg,Paris SG,0.6593241422739543,0.5504441688270023,0.5347686764062628,compact_btts_form,0.6500000000000002,False,1,1,1,0.7706085009107662,0.41000000000000003,0.4243734596773022,0.35,0.38117557675877917,0.43000000000000005,0.8053710958346856,0.4700000000000001,0.6973485683820785,0.5000000000000001,0.6593241422739543,0.37,0.6203243092430885,0.35,0.574271331966672,0.43000000000000005
11843,E0,2025/2026,21,2026-01-06,West Ham,Nott'm Forest,0.48860773067995766,0.5278843330851246,0.5326284716047417,compact_btts_form,0.6500000000000002,False,0,1,0,0.4416594396260547,0.5800000000000002,0.6120904659490928,0.6500000000000002,0.7191412131863689,0.39,0.5075194696973755,0.5800000000000002,0.40001753308879434,0.35,0.48860773067995766,0.6200000000000002,0.5673297527316932,0.35,0.43151918964786806,0.4800000000000001
11844,E0,2025/2026,21,2026-01-07,Bournemouth,Tottenham,0.606415700170741,0.5431748321377429,0.5326284716047417,compact_btts_form,0.6500000000000002,False,1,1,1,0.6534741482429176,0.5800000000000002,0.5955011762619101,0.6500000000000002,0.6208427729165101,0.39,0.762260910074978,0.5800000000000002,0.27059386795706936,0.35,0.606415700170741,0.6200000000000002,0.6862848768940731,0.35,0.5503658819236452,0.4800000000000001
11845,E0,2025/2026,21,2026-01-07,Brentford,Sunderland,0.55699640790894,0.536678081553438,0.5326284716047417,compact_btts_form,0.6500000000000002,False,1,0,0,0.5196346269610739,0.5800000000000002,0.37232064407286963,0.6500000000000002,0.5017969064689041,0.39,0.6123499560171337,0.5800000000000002,0.3103547267924082,0.35,0.55699640790894,0.6200000000000002,0.33239376818107874,0.35,0.4063692343415249,0.4800000000000001
11846,E0,2025/2026,21,2026-01-07,Crystal Palace,Aston Villa,0.6062855591610866,0.5431574262024662,0.5326284716047417,compact_btts_form,0.6500000000000002,False,1,0,0,0.548165249979913,0.5800000000000002,0.5751109560731349,0.6500000000000002,0.6119261987453944,0.39,0.5677087597431559,0.5800000000000002,0.30107628334457515,0.35,0.6062855591610866,0.6200000000000002,0.5162031443576367,0.35,0.44649657160734124,0.4800000000000001
11847,E0,2025/2026,21,2026-01-07,Everton,Wolves,0.47430238745316533,0.5260465846027564,0.5326284716047417,compact_btts_form,0.6500000000000002,False,0,1,0,0.404281806269799,0.5800000000000002,0.36248655755249526,0.6500000000000002,0.2342248307381955,0.39,0.3213063734757169,0.5800000000000002,0.28657624382246916,0.35,0.47430238745316533,0.6200000000000002,0.5918011526236924,0.35,0.23931897385723605,0.4800000000000001
11848,E0,2025/2026,21,2026-01-07,Fulham,Chelsea,0.5695487099340947,0.5383101380348695,0.5326284716047417,compact_btts_form,0.6500000000000002,False,1,1,1,0.49824888060370515,0.5800000000000002,0.753970292583448,0.6500000000000002,0.7431120365562546,0.39,0.5018563307232168,0.5800000000000002,0.647054520315867,0.35,0.5695487099340947,0.6200000000000002,0.8616228006569988,0.35,0.6927368557174477,0.4800000000000001
11849,E0,2025/2026,21,2026-01-07,Man City,Brighton,0.6567518242490241,0.5500802101938783,0.5326284716047417,compact_btts_form,0.6500000000000002,False,1,1,1,0.5798499393105413,0.5800000000000002,0.7101912321540609,0.6500000000000002,0.7517638032948062,0.39,0.6980151741992542,0.5800000000000002,0.7415792314226092,0.35,0.6567518242490241,0.6200000000000002,0.8331263935029735,0.35,0.7478958745436214,0.4800000000000001
11850,E0,2025/2026,21,2026-01-07,Burnley,Man United,0.48377310125075135,0.5272637488833319,0.5326284716047417,compact_btts_form,0.6500000000000002,False,0,1,0,0.4824323949497257,0.5800000000000002,0.6259696043679569,0.6500000000000002,0.7025503629934274,0.39,0.4648441194635561,0.5800000000000002,0.4572064034081188,0.35,0.48377310125075135,0.6200000000000002,0.5258405582303443,0.35,0.3921689419894458,0.4800000000000001
11851,E0,2025/2026,21,2026-01-07,Newcastle,Leeds,0.5951905517157382,0.5416802427411245,0.5326284716047417,compact_btts_form,0.6500000000000002,False,1,1,1,0.6171350992539489,0.5800000000000002,0.7549237669583057,0.6500000000000002,0.7766780200908415,0.39,0.5456601086488769,0.5800000000000002,0.8868621675920259,0.35,0.5951905517157382,0.6200000000000002,0.9024681498331703,0.35,0.7763727316307054,0.4800000000000001
11852,E0,2025/2026,21,2026-01-08,Arsenal,Liverpool,0.4739291802381647,0.5259985711267682,0.5326284716047417,compact_btts_form,0.6500000000000002,False,0,0,1,0.42676151700931014,0.5800000000000002,0.44220028942712236,0.6500000000000002,0.45449605205707766,0.39,0.43356916244803595,0.5800000000000002,0.20743384210717636,0.35,0.4739291802381647,0.6200000000000002,0.3875860014442088,0.35,0.2104446071123995,0.4800000000000001
7041,I1,2025/2026,21,2026-01-16,Pisa,Atalanta,0.48655678260164736,0.5276211192179278,0.5326284716047417,compact_btts_form,0.6500000000000002,False,0,1,0,0.5758712573093423,0.5800000000000002,0.28129540388494806,0.6500000000000002,0.3157816387453465,0.39,0.5898005591139877,0.5800000000000002,0.422028265876268,0.35,0.48655678260164736,0.6200000000000002,0.3355161030279655,0.35,0.35098969782198713,0.4800000000000001
7042,I1,2025/2026,21,2026-01-17,Udinese,Inter,0.5701639512548881,0.5383903926046834,0.5326284716047417,compact_btts_form,0.6500000000000002,False,1,0,0,0.5888445863821747,0.5800000000000002,0.5729528197103795,0.6500000000000002,0.4592122101619311,0.39,0.7110332744702375,0.5800000000000002,0.6992117483834029,0.35,0.5701639512548881,0.6200000000000002,0.5033501299223515,0.35,0.6646457589265835,0.4800000000000001
7043,I1,2025/2026,21,2026-01-17,Napoli,Sassuolo,0.4141312578844032,0.518213166420639,0.5326284716047417,compact_btts_form,0.6500000000000002,False,0,0,1,0.304921503185195,0.5800000000000002,0.4180752319255861,0.6500000000000002,0.18750472256209685,0.39,0.15202013375843526,0.5800000000000002,0.40337963480258027,0.35,0.4141312578844032,0.6200000000000002,0.27538108114029186,0.35,0.14280343455530217,0.4800000000000001
7044,I1,2025/2026,21,2026-01-17,Cagliari,Juventus,0.4407195480545986,0.5217028248480607,0.5326284716047417,compact_btts_form,0.6500000000000002,False,0,0,1,0.4779248986122881,0.5800000000000002,0.3578585388934684,0.6500000000000002,0.3657665880805952,0.39,0.5363899317830751,0.5800000000000002,0.6429014744656038,0.35,0.4407195480545986,0.6200000000000002,0.3787017646565105,0.35,0.5810871833431981,0.4800000000000001
7045,I1,2025/2026,21,2026-01-18,Parma,Genoa,0.5469397592699748,0.5353768623129331,0.5326284716047417,compact_btts_form,0.6500000000000002,False,1,0,0,0.42946334922938195,0.5800000000000002,0.5345692528985012,0.6500000000000002,0.38880699985078765,0.39,0.38620908023872025,0.5800000000000002,0.45897729489066347,0.35,0.5469397592699748,0.6200000000000002,0.47721867908212895,0.35,0.3347537846147673,0.4800000000000001
7046,I1,2025/2026,21,2026-01-18,Bologna,Fiorentina,0.7529993104179672,0.5648636142399069,0.5326284716047417,compact_btts_form,0.6500000000000002,False,1,1,1,0.6262583347985441,0.5800000000000002,0.8469203576458946,0.6500000000000002,0.865361926564011,0.39,0.7017983524317334,0.5800000000000002,0.9097788871490383,0.35,0.7529993104179672,0.6200000000000002,0.9107553336666273,0.35,0.9356856064686526,0.4800000000000001
7047,I1,2025/2026,21,2026-01-18,Torino,Roma,0.6077841747436802,0.5433579776131807,0.5326284716047417,compact_btts_form,0.6500000000000002,False,1,0,0,0.6280844319233487,0.5800000000000002,0.5406608928205808,0.6500000000000002,0.49700817115044116,0.39,0.6989578026126227,0.5800000000000002,0.7341963251901816,0.35,0.6077841747436802,0.6200000000000002,0.6448911902147921,0.35,0.7964017666673493,0.4800000000000001
7048,I1,2025/2026,21,2026-01-18,Milan,Lecce,0.44907066624452846,0.5227883192563852,0.5326284716047417,compact_btts_form,0.6500000000000002,False,0,0,1,0.4094726885442034,0.5800000000000002,0.424400484044704,0.6500000000000002,0.3513367886174452,0.39,0.4572665700998618,0.5800000000000002,0.4364076573708086,0.35,0.44907066624452846,0.6200000000000002,0.3682744368808488,0.35,0.5071017213282085,0.4800000000000001
7049,I1,2025/2026,21,2026-01-19,Cremonese,Verona,0.6406175860138242,0.5478246364103051,0.5326284716047417,compact_btts_form,0.6500000000000002,False,1,0,0,0.6140727456151769,0.5800000000000002,0.5368888351341917,0.6500000000000002,0.46554716774026156,0.39,0.6363354974284721,0.5800000000000002,0.7306424624138419,0.35,0.6406175860138242,0.6200000000000002,0.6815596679648749,0.35,0.7506883133191845,0.4800000000000001
7050,I1,2025/2026,21,2026-01-19,Lazio,Como,0.6626104773193948,0.5509110150924217,0.5326284716047417,compact_btts_form,0.6500000000000002,False,1,0,0,0.4945636515836097,0.5800000000000002,0.8446805225395084,0.6500000000000002,0.8348828478128978,0.39,0.5523012169556673,0.5800000000000002,0.8192008593917305,0.35,0.6626104773193948,0.6200000000000002,0.623363473310654,0.35,0.772994360427996,0.4800000000000001
16839,SP1,2025/2026,21,2026-01-23,Levante,Elche,0.6283108738220197,0.5461328316842011,0.5326284716047417,compact_btts_form,0.6500000000000002,False,1,1,1,0.5489578257973262,0.5800000000000002,0.7567530845543378,0.6500000000000002,0.8409225866491079,0.39,0.5370087481641174,0.5800000000000002,0.8030141601099148,0.35,0.6283108738220197,0.6200000000000002,0.8670696489421197,0.35,0.6997744081901213,0.4800000000000001
16840,SP1,2025/2026,21,2026-01-24,Vallecano,Osasuna,0.5187587795843521,0.5317509738336541,0.5326284716047417,compact_btts_form,0.6500000000000002,False,0,1,0,0.4917125094240066,0.5800000000000002,0.32703794189604884,0.6500000000000002,0.4478907078527831,0.39,0.6584719983076255,0.5800000000000002,0.14998106605872713,0.35,0.5187587795843521,0.6200000000000002,0.4759879954206112,0.35,0.29468930624985507,0.4800000000000001
16841,SP1,2025/2026,21,2026-01-24,Valencia,Espanol,0.5394393803084447,0.5344093656627644,0.5326284716047417,compact_btts_form,0.6500000000000002,False,1,1,1,0.45965449890390336,0.5800000000000002,0.559421007729865,0.6500000000000002,0.6817370931214685,0.39,0.4692087043664654,0.5800000000000002,0.3965857503463295,0.35,0.5394393803084447,0.6200000000000002,0.6203736823606337,0.35,0.31336388297407636,0.4800000000000001
16842,SP1,2025/2026,21,2026-01-24,Sevilla,Ath Bilbao,0.5268870354241066,0.5327945524826472,0.5326284716047417,compact_btts_form,0.6500000000000002,False,1,1,1,0.4738587129540563,0.5800000000000002,0.38290057220117224,0.6500000000000002,0.48276678712646837,0.39,0.5121470677123474,0.5800000000000002,0.21010958532000104,0.35,0.5268870354241066,0.6200000000000002,0.5632531427660586,0.35,0.20255121417496297,0.4800000000000001
16843,SP1,2025/2026,21,2026-01-24,Villarreal,Real Madrid,0.8147896102028183,0.5764240493212724,0.5326284716047417,compact_btts_form,0.6500000000000002,False,1,0,0,0.7909070379892719,0.5800000000000002,0.9114074089155404,0.6500000000000002,0.9285965715671359,0.39,0.8334167711699645,0.5800000000000002,0.894235541644442,0.35,0.8147896102028183,0.6200000000000002,0.9610639209431062,0.35,0.8718529031547557,0.4800000000000001
16844,SP1,2025/2026,21,2026-01-25,Ath Madrid,Mallorca,0.4871298388847344,0.5276946709377671,0.5326284716047417,compact_btts_form,0.6500000000000002,False,0,0,1,0.4371798749814999,0.5800000000000002,0.5332953508235618,0.6500000000000002,0.6007706265568424,0.39,0.4366163191892136,0.5800000000000002,0.47765636691612773,0.35,0.4871298388847344,0.6200000000000002,0.6736937504180324,0.35,0.24944732484966659,0.4800000000000001
16845,SP1,2025/2026,21,2026-01-25,Barcelona,Oviedo,0.6178104978626324,0.5447065964276984,0.5326284716047417,compact_btts_form,0.6500000000000002,False,1,0,0,0.5939209356498104,0.5800000000000002,0.60911055447644,0.6500000000000002,0.6766299384361784,0.39,0.7551901047064538,0.5800000000000002,0.3728107027371069,0.35,0.6178104978626324,0.6200000000000002,0.5746825108518251,0.35,0.32018277576532733,0.4800000000000001
16846,SP1,2025/2026,21,2026-01-25,Sociedad,Celta,0.4938457188598334,0.5285562910283255,0.5326284716047417,compact_btts_form,0.6500000000000002,False,0,1,0,0.4944551023086242,0.5800000000000002,0.6594076316492615,0.6500000000000002,0.6081628664238292,0.39,0.364855423312942,0.5800000000000002,0.6001055884465225,0.35,0.4938457188598334,0.6200000000000002,0.7548851479532288,0.35,0.38810766438266614,0.4800000000000001
16847,SP1,2025/2026,21,2026-01-25,Alaves,Betis,0.5595166925191183,0.5370050064013915,0.5326284716047417,compact_btts_form,0.6500000000000002,False,1,1,1,0.4947053474594533,0.5800000000000002,0.6609390897341062,0.6500000000000002,0.6364544479944672,0.39,0.517826195917981,0.5800000000000002,0.4637292629943752,0.35,0.5595166925191183,0.6200000000000002,0.5709990889387333,0.35,0.3414405563962574,0.4800000000000001
16848,SP1,2025/2026,21,2026-01-26,Girona,Getafe,0.40558662156820646,0.5170783126290391,0.5326284716047417,compact_btts_form,0.6500000000000002,False,0,1,0,0.2890860957001659,0.5800000000000002,0.29872385804074914,0.6500000000000002,0.23650102912302234,0.39,0.2465293246671446,0.5800000000000002,0.13999612896004604,0.35,0.40558662156820646,0.6200000000000002,0.26906590846499323,0.35,0.06755385483592262,0.4800000000000001
9236,D1,2025/2026,21,2026-02-06,Union Berlin,Ein Frankfurt,0.6275780049545128,0.5460327952733451,0.5326284716047417,compact_btts_form,0.6500000000000002,False,1,1,1,0.5748902428336682,0.5800000000000002,0.5224160094252497,0.6500000000000002,0.5124878705383286,0.39,0.5546308753923875,0.5800000000000002,0.4523127823272378,0.35,0.6275780049545128,0.6200000000000002,0.37538680833640214,0.35,0.3313212520274603,0.4800000000000001
14234,F1,2025/2026,21,2026-02-06,Metz,Lille,0.47464725661130835,0.526090948647066,0.5326284716047417,compact_btts_form,0.6500000000000002,False,0,0,1,0.6463632311848596,0.5800000000000002,0.3670394091425769,0.6500000000000002,0.416057018129972,0.39,0.6720570081459795,0.5800000000000002,0.6799839364840458,0.35,0.47464725661130835,0.6200000000000002,0.3989987667125629,0.35,0.4445727027305553,0.4800000000000001
9237,D1,2025/2026,21,2026-02-07,Freiburg,Werder Bremen,0.6448499331473473,0.5484119724148352,0.5326284716047417,compact_btts_form,0.6500000000000002,False,1,0,0,0.7118054486225832,0.5800000000000002,0.6511211238878927,0.6500000000000002,0.6861982592636388,0.39,0.7664148604408508,0.5800000000000002,0.8194919572529694,0.35,0.6448499331473473,0.6200000000000002,0.8204320985306582,0.35,0.8059388333426447,0.4800000000000001
9238,D1,2025/2026,21,2026-02-07,Heidenheim,Hamburg,0.7115388764267787,0.558154440867595,0.5326284716047417,compact_btts_form,0.6500000000000002,False,1,0,0,0.8007845763039594,0.5800000000000002,0.7764292013900193,0.6500000000000002,0.7795044249870937,0.39,0.7936620206187343,0.5800000000000002,0.8864758988516593,0.35,0.7115388764267787,0.6200000000000002,0.9634002866542506,0.35,0.8729403342288993,0.4800000000000001
9239,D1,2025/2026,21,2026-02-07,Mainz,Augsburg,0.6143351840187106,0.5442377489593894,0.5326284716047417,compact_btts_form,0.6500000000000002,False,1,0,0,0.5852447893787461,0.5800000000000002,0.6426303794813191,0.6500000000000002,0.5646843977363222,0.39,0.5825375651114856,0.5800000000000002,0.5889546728698746,0.35,0.6143351840187106,0.6200000000000002,0.49338409885592566,0.35,0.3533575462010939,0.4800000000000001
9240,D1,2025/2026,21,2026-02-07,St Pauli,Stuttgart,0.4880480403711022,0.5278125105322193,0.5326284716047417,compact_btts_form,0.6500000000000002,False,0,1,0,0.44945707159498655,0.5800000000000002,0.5066492480539572,0.6500000000000002,0.5917287367084466,0.39,0.44181038695014385,0.5800000000000002,0.3779828343077063,0.35,0.4880480403711022,0.6200000000000002,0.4010936153291296,0.35,0.24295389532889644,0.4800000000000001
9241,D1,2025/2026,21,2026-02-07,Wolfsburg,Dortmund,0.6981018213502933,0.5561039684714001,0.5326284716047417,compact_btts_form,0.6500000000000002,False,1,1,1,0.7348464249839117,0.5800000000000002,0.7520906058446731,0.6500000000000002,0.7528294690972674,0.39,0.7465988179946789,0.5800000000000002,0.8119174411691003,0.35,0.6981018213502933,0.6200000000000002,0.8814963899737618,0.35,0.8257412992772877,0.4800000000000001
9242,D1,2025/2026,21,2026-02-07,M'gladbach,Leverkusen,0.6996388352118617,0.5563359045343813,0.5326284716047417,compact_btts_form,0.6500000000000002,False,1,1,1,0.6771795548821219,0.5800000000000002,0.6649006472892143,0.6500000000000002,0.6705195046691715,0.39,0.7096111824262358,0.5800000000000002,0.658985236894135,0.35,0.6996388352118617,0.6200000000000002,0.777877884552398,0.35,0.6326387299727065,0.4800000000000001
14235,F1,2025/2026,21,2026-02-07,Lens,Rennes,0.6523543332231717,0.5494608773814679,0.5326284716047417,compact_btts_form,0.6500000000000002,False,1,1,1,0.72153032066539,0.5800000000000002,0.8241517167578414,0.6500000000000002,0.8369259813234043,0.39,0.7188992779272266,0.5800000000000002,0.8454174684618442,0.35,0.6523543332231717,0.6200000000000002,0.8536790566495415,0.35,0.6983857998379535,0.4800000000000001
14236,F1,2025/2026,21,2026-02-07,Brest,Lorient,0.5957966943245999,0.5417606145434627,0.5326284716047417,compact_btts_form,0.6500000000000002,False,1,0,0,0.6797558456425623,0.5800000000000002,0.35989485385231246,0.6500000000000002,0.22937620994950894,0.39,0.6684858453715357,0.5800000000000002,0.33160870779739865,0.35,0.5957966943245999,0.6200000000000002,0.38155530269079163,0.35,0.20333473968504587,0.4800000000000001
14237,F1,2025/2026,21,2026-02-07,Nantes,Lyon,0.513589444079737,0.5310878409914126,0.5326284716047417,compact_btts_form,0.6500000000000002,False,0,0,1,0.4867404865741931,0.5800000000000002,0.3682688917969537,0.6500000000000002,0.4195906298659697,0.39,0.390300265833924,0.5800000000000002,0.4780260450805166,0.35,0.513589444079737,0.6200000000000002,0.3881560982199128,0.35,0.3036841086860695,0.4800000000000001
9243,D1,2025/2026,21,2026-02-08,FC Koln,RB Leipzig,0.7826498780351221,0.5701213213366455,0.5326284716047417,compact_btts_form,0.6500000000000002,False,1,1,1,0.8321419692651032,0.5800000000000002,0.8969346163675128,0.6500000000000002,0.9346355490352622,0.39,0.8768122045746162,0.5800000000000002,0.9357261627572553,0.35,0.7826498780351221,0.6200000000000002,0.9389134276596873,0.35,0.9356471482648413,0.4800000000000001
9244,D1,2025/2026,21,2026-02-08,Bayern Munich,Hoffenheim,0.7511803178144164,0.5645550836122848,0.5326284716047417,compact_btts_form,0.6500000000000002,False,1,1,1,0.817815846785476,0.5800000000000002,0.8147201435637379,0.6500000000000002,0.7953480534512012,0.39,0.892848496547874,0.5800000000000002,0.8974945696216505,0.35,0.7511803178144164,0.6200000000000002,0.944963732800331,0.35,0.9004885305306379,0.4800000000000001
14238,F1,2025/2026,21,2026-02-08,Nice,Monaco,0.8032423402511696,0.5740741533499708,0.5326284716047417,compact_btts_form,0.6500000000000002,False,1,0,0,0.7807827879758013,0.5800000000000002,0.8560283367293391,0.6500000000000002,0.8795398914326509,0.39,0.7898328739354418,0.5800000000000002,0.9377763666786735,0.35,0.8032423402511696,0.6200000000000002,0.896628440419731,0.35,0.8976585084294598,0.4800000000000001
14239,F1,2025/2026,21,2026-02-08,Angers,Toulouse,0.43484172318165076,0.5209361081449193,0.5326284716047417,compact_btts_form,0.6500000000000002,False,0,0,1,0.5120307155800812,0.5800000000000002,0.3958110167048355,0.6500000000000002,0.36072740527283587,0.39,0.43859743124828243,0.5800000000000002,0.4451541009364693,0.35,0.43484172318165076,0.6200000000000002,0.6156811278686098,0.35,0.39245528643168237,0.4800000000000001
14240,F1,2025/2026,21,2026-02-08,Auxerre,Paris FC,0.4835064472748315,0.5272295078127303,0.5326284716047417,compact_btts_form,0.6500000000000002,False,0,0,1,0.6217124937481067,0.5800000000000002,0.7009841477795051,0.6500000000000002,0.6969181943736374,0.39,0.5796863053477089,0.5800000000000002,0.7986822028839279,0.35,0.4835064472748315,0.6200000000000002,0.7322976746595447,0.35,0.57005593353497,0.4800000000000001
14241,F1,2025/2026,21,2026-02-08,Le Havre,Strasbourg,0.5255941536556585,0.5326284716047417,0.5326284716047417,compact_btts_form,0.6500000000000002,False,1,1,1,0.6215940246907645,0.5800000000000002,0.5523310410528409,0.6500000000000002,0.5484648188237052,0.39,0.603197800214984,0.5800000000000002,0.7182099744377578,0.35,0.5255941536556585,0.6200000000000002,0.6239537623629091,0.35,0.49497769819485826,0.4800000000000001
14242,F1,2025/2026,21,2026-02-08,Paris SG,Marseille,0.674717204340242,0.5526498909289583,0.5326284716047417,compact_btts_form,0.6500000000000002,False,1,0,0,0.6835078527562833,0.5800000000000002,0.4966366557268295,0.6500000000000002,0.48546760527705374,0.39,0.6550804652599063,0.5800000000000002,0.6510750165505321,0.35,0.674717204340242,0.6200000000000002,0.7165234237157195,0.35,0.552037315353566,0.4800000000000001
11853,E0,2025/2026,22,2026-01-17,Man United,Man City,0.7194088328013872,0.5593807541169677,0.5332817417662876,compact_btts_form,0.6500000000000002,False,1,0,0,0.7135519118435028,0.6500000000000002,0.9233633998199235,0.6500000000000002,0.9128987407349017,0.38,0.738903223952024,0.5700000000000002,0.8523601286238645,0.38,0.7194088328013872,0.5600000000000002,0.9284134001894462,0.37,0.8179032288644211,0.5200000000000001
11854,E0,2025/2026,22,2026-01-17,Chelsea,Brentford,0.6853700675644726,0.5542067408151596,0.5332817417662876,compact_btts_form,0.6500000000000002,False,1,0,0,0.6996135548189446,0.6500000000000002,0.7008687642318138,0.6500000000000002,0.713164326798374,0.38,0.7446852429589327,0.5700000000000002,0.7179975048541274,0.38,0.6853700675644726,0.5600000000000002,0.8970881489977826,0.37,0.6341874371099155,0.5200000000000001
11855,E0,2025/2026,22,2026-01-17,Leeds,Fulham,0.5202247415113239,0.531939097678643,0.5332817417662876,compact_btts_form,0.6500000000000002,False,0,0,1,0.5542116376037817,0.6500000000000002,0.7652160552084011,0.6500000000000002,0.6906981378686832,0.38,0.5839179447541006,0.5700000000000002,0.7360935910377026,0.38,0.5202247415113239,0.5600000000000002,0.806552687145838,0.37,0.814112502024949,0.5200000000000001
11856,E0,2025/2026,22,2026-01-17,Liverpool,Burnley,0.36390590519863514,0.5114153939182615,0.5332817417662876,compact_btts_form,0.6500000000000002,False,0,1,0,0.45224525181863295,0.6500000000000002,0.45511416847186004,0.6500000000000002,0.4035580121025855,0.38,0.4365765004098102,0.5700000000000002,0.39406325665503283,0.38,0.36390590519863514,0.5600000000000002,0.3251087457391484,0.37,0.15514284805747716,0.5200000000000001
11857,E0,2025/2026,22,2026-01-17,Sunderland,Crystal Palace,0.5059711421711056,0.5301109892641442,0.5332817417662876,compact_btts_form,0.6500000000000002,False,0,1,0,0.39406551716848176,0.6500000000000002,0.6436561794299586,0.6500000000000002,0.6960954649463232,0.38,0.3331686636341949,0.5700000000000002,0.2603292788134464,0.38,0.5059711421711056,0.5600000000000002,0.4866496476811144,0.37,0.24841715739224488,0.5200000000000001
11858,E0,2025/2026,22,2026-01-17,Tottenham,West Ham,0.6099203044117827,0.5436442908585785,0.5332817417662876,compact_btts_form,0.6500000000000002,False,1,1,1,0.5449850166881568,0.6500000000000002,0.7008000747058242,0.6500000000000002,0.7757916039536447,0.38,0.598267005668069,0.5700000000000002,0.6722414758065206,0.38,0.6099203044117827,0.5600000000000002,0.839068958578489,0.37,0.6813868939913491,0.5200000000000001
11859,E0,2025/2026,22,2026-01-17,Nott'm Forest,Arsenal,0.42706650138099933,0.5199180230495045,0.5332817417662876,compact_btts_form,0.6500000000000002,False,0,0,1,0.43634594066717486,0.6500000000000002,0.443447727140341,0.6500000000000002,0.3515486513610413,0.38,0.4042675419801252,0.5700000000000002,0.21144184325488802,0.38,0.42706650138099933,0.5600000000000002,0.3487265793684034,0.37,0.20957183385032357,0.5200000000000001
11860,E0,2025/2026,22,2026-01-18,Wolves,Newcastle,0.5563177697258019,0.5365901107026396,0.5332817417662876,compact_btts_form,0.6500000000000002,False,1,0,0,0.4717708736095041,0.6500000000000002,0.691521159675842,0.6500000000000002,0.5785318467460155,0.38,0.3766718187869633,0.5700000000000002,0.48905855412591875,0.38,0.5563177697258019,0.5600000000000002,0.7295662620460911,0.37,0.28779556273269524,0.5200000000000001
11861,E0,2025/2026,22,2026-01-18,Aston Villa,Everton,0.5139012057823243,0.5311278255584002,0.5332817417662876,compact_btts_form,0.6500000000000002,False,0,0,1,0.4421821160810924,0.6500000000000002,0.6665648868844093,0.6500000000000002,0.722000586611446,0.38,0.5053961498975624,0.5700000000000002,0.673337525817083,0.38,0.5139012057823243,0.5600000000000002,0.7819973512368503,0.37,0.600549090776098,0.5200000000000001
11862,E0,2025/2026,22,2026-01-19,Brighton,Bournemouth,0.7066524134976182,0.5574026891339504,0.5332817417662876,compact_btts_form,0.6500000000000002,False,1,1,1,0.6405944228513807,0.6500000000000002,0.6586195546223708,0.6500000000000002,0.675200361875886,0.38,0.7074032397563935,0.5700000000000002,0.2969401015212249,0.38,0.7066524134976182,0.5600000000000002,0.575016658244627,0.37,0.4192065636540013,0.5200000000000001
7051,I1,2025/2026,22,2026-01-23,Inter,Pisa,0.4425565562019779,0.5219419729015677,0.5332817417662876,compact_btts_form,0.6500000000000002,False,0,1,0,0.430941552175082,0.6500000000000002,0.19672432310956459,0.6500000000000002,0.21790519580323658,0.38,0.40892078575161034,0.5700000000000002,0.12331033672473396,0.38,0.4425565562019779,0.5600000000000002,0.11358010871664864,0.37,0.12662599108035752,0.5200000000000001
7052,I1,2025/2026,22,2026-01-24,Como,Torino,0.42347989879386355,0.5194467767464671,0.5332817417662876,compact_btts_form,0.6500000000000002,False,0,0,1,0.40370957866748197,0.6500000000000002,0.2983696071874785,0.6500000000000002,0.19992063865959311,0.38,0.4211428769580108,0.5700000000000002,0.31629421034108535,0.38,0.42347989879386355,0.5600000000000002,0.24066387785308246,0.37,0.2855410373326245,0.5200000000000001
7053,I1,2025/2026,22,2026-01-24,Fiorentina,Cagliari,0.5218923991465108,0.5321531481977945,0.5332817417662876,compact_btts_form,0.6500000000000002,False,0,1,0,0.5004613957757861,0.6500000000000002,0.4183974672111538,0.6500000000000002,0.3414731998980133,0.38,0.4564011642885819,0.5700000000000002,0.6872640707526283,0.38,0.5218923991465108,0.5600000000000002,0.493165005387886,0.37,0.6186134255780633,0.5200000000000001
7054,I1,2025/2026,22,2026-01-24,Lecce,Lazio,0.4812070300582913,0.5269341766517391,0.5332817417662876,compact_btts_form,0.6500000000000002,False,0,0,1,0.47978156893174695,0.6500000000000002,0.4104943864380506,0.6500000000000002,0.42259030838700085,0.38,0.5165370315639534,0.5700000000000002,0.6178953251976702,0.38,0.4812070300582913,0.5600000000000002,0.516451150484643,0.37,0.614950837980014,0.5200000000000001
7055,I1,2025/2026,22,2026-01-25,Sassuolo,Cremonese,0.6009205790315081,0.5424415083360068,0.5332817417662876,compact_btts_form,0.6500000000000002,False,1,0,0,0.5878593861770286,0.6500000000000002,0.4122677522767718,0.6500000000000002,0.3909127317109639,0.38,0.6250853646078508,0.5700000000000002,0.7052502303665737,0.38,0.6009205790315081,0.5600000000000002,0.5619947346127889,0.37,0.6372735779292217,0.5200000000000001
7056,I1,2025/2026,22,2026-01-25,Atalanta,Parma,0.4782660077594791,0.5265562611936431,0.5332817417662876,compact_btts_form,0.6500000000000002,False,0,0,1,0.42884320688974426,0.6500000000000002,0.43539171960015943,0.6500000000000002,0.3371603036625049,0.38,0.4232597502655062,0.5700000000000002,0.3824238327847072,0.38,0.4782660077594791,0.5600000000000002,0.33372562210730305,0.37,0.29432238982948916,0.5200000000000001
7057,I1,2025/2026,22,2026-01-25,Genoa,Bologna,0.49052192111436377,0.5281299372318308,0.5332817417662876,compact_btts_form,0.6500000000000002,False,0,1,0,0.42211625286500876,0.6500000000000002,0.4891590224338934,0.6500000000000002,0.40265747038703936,0.38,0.48384215281361315,0.5700000000000002,0.3297719511505086,0.38,0.49052192111436377,0.5600000000000002,0.2228754344836203,0.37,0.27501255894000826,0.5200000000000001
7058,I1,2025/2026,22,2026-01-25,Juventus,Napoli,0.4319575158088294,0.5205589881378814,0.5332817417662876,compact_btts_form,0.6500000000000002,False,0,0,1,0.28680727462264016,0.6500000000000002,0.34638193364048897,0.6500000000000002,0.22126956165847356,0.38,0.2326614905548111,0.5700000000000002,0.20949451609936465,0.38,0.4319575158088294,0.5600000000000002,0.17739976011104094,0.37,0.1452703055301133,0.5200000000000001
7059,I1,2025/2026,22,2026-01-25,Roma,Milan,0.6312243066013871,0.5465312802974601,0.5332817417662876,compact_btts_form,0.6500000000000002,False,1,1,1,0.5062668092914346,0.6500000000000002,0.7801992061595542,0.6500000000000002,0.7336377554770895,0.38,0.5532680059770312,0.5700000000000002,0.6098507451472419,0.38,0.6312243066013871,0.5600000000000002,0.7260712767492491,0.37,0.7110386817766969,0.5200000000000001
7060,I1,2025/2026,22,2026-01-26,Verona,Udinese,0.565717890444843,0.5378110057273506,0.5332817417662876,compact_btts_form,0.6500000000000002,False,1,1,1,0.5777580041410462,0.6500000000000002,0.34412515963836826,0.6500000000000002,0.17380822932077608,0.38,0.6066811534474326,0.5700000000000002,0.4167125881204403,0.38,0.565717890444843,0.5600000000000002,0.3524347797771046,0.37,0.3951148747396653,0.5200000000000001
16849,SP1,2025/2026,22,2026-01-30,Espanol,Alaves,0.5702149725547361,0.5383970492064265,0.5332817417662876,compact_btts_form,0.6500000000000002,False,1,1,1,0.40221278007493677,0.6500000000000002,0.5290126119901416,0.6500000000000002,0.5683975163076345,0.38,0.4281178100824244,0.5700000000000002,0.5802328508075932,0.38,0.5702149725547361,0.5600000000000002,0.615306617423563,0.37,0.42300277892636096,0.5200000000000001
16850,SP1,2025/2026,22,2026-01-31,Oviedo,Girona,0.5306778176682432,0.5332817417662876,0.5332817417662876,compact_btts_form,0.6500000000000002,False,1,0,0,0.4183441741839836,0.6500000000000002,0.5424953934984885,0.6500000000000002,0.6340874420717758,0.38,0.4416987739232306,0.5700000000000002,0.3144637799020637,0.38,0.5306778176682432,0.5600000000000002,0.5560391097108458,0.37,0.2904976104110924,0.5200000000000001
16851,SP1,2025/2026,22,2026-01-31,Osasuna,Villarreal,0.6258520020217718,0.5457974967244209,0.5332817417662876,compact_btts_form,0.6500000000000002,False,1,1,1,0.6173435606883335,0.6500000000000002,0.39956752144670576,0.6500000000000002,0.5077489780743658,0.38,0.6525167308612569,0.5700000000000002,0.2977939191675077,0.38,0.6258520020217718,0.5600000000000002,0.5444468579100398,0.37,0.28993254260054696,0.5200000000000001
16852,SP1,2025/2026,22,2026-01-31,Levante,Ath Madrid,0.5453843597021778,0.5351760370099563,0.5332817417662876,compact_btts_form,0.6500000000000002,False,1,0,0,0.5083893833451533,0.6500000000000002,0.7494283263865176,0.6500000000000002,0.8528456210918964,0.38,0.5170588255266803,0.5700000000000002,0.7662034556255151,0.38,0.5453843597021778,0.5600000000000002,0.7674109464910556,0.37,0.6464019679849997,0.5200000000000001
16853,SP1,2025/2026,22,2026-01-31,Elche,Barcelona,0.7447804249713302,0.5634809626201537,0.5332817417662876,compact_btts_form,0.6500000000000002,False,1,1,1,0.6370004916554368,0.6500000000000002,0.8602938311169118,0.6500000000000002,0.8169086387117986,0.38,0.6488863465054153,0.5700000000000002,0.9368767826266471,0.38,0.7447804249713302,0.5600000000000002,0.9492583830926321,0.37,0.6618275614709224,0.5200000000000001
16854,SP1,2025/2026,22,2026-02-01,Real Madrid,Vallecano,0.5893758714831202,0.5409110476283518,0.5332817417662876,compact_btts_form,0.6500000000000002,False,1,1,1,0.49974404389018273,0.6500000000000002,0.5625143162396866,0.6500000000000002,0.6278246685283249,0.38,0.5994227041806038,0.5700000000000002,0.2598843666681646,0.38,0.5893758714831202,0.5600000000000002,0.2016607236753565,0.37,0.11924425667926013,0.5200000000000001
16855,SP1,2025/2026,22,2026-02-01,Betis,Valencia,0.5649762573932637,0.5377144867593848,0.5332817417662876,compact_btts_form,0.6500000000000002,False,1,1,1,0.5441336933110108,0.6500000000000002,0.520817963460473,0.6500000000000002,0.5619047843071282,0.38,0.5627199869513352,0.5700000000000002,0.3725329942847925,0.38,0.5649762573932637,0.5600000000000002,0.4933938565946843,0.37,0.26823541526336225,0.5200000000000001
16856,SP1,2025/2026,22,2026-02-01,Getafe,Celta,0.3872873137120414,0.5146206302366277,0.5332817417662876,compact_btts_form,0.6500000000000002,False,0,0,1,0.424789507282076,0.6500000000000002,0.4122640057594533,0.6500000000000002,0.35363130135103954,0.38,0.38961005696122847,0.5700000000000002,0.2902805716699836,0.38,0.3872873137120414,0.5600000000000002,0.47369447252140284,0.37,0.17254578336587678,0.5200000000000001
16857,SP1,2025/2026,22,2026-02-01,Ath Bilbao,Sociedad,0.5653398163806213,0.5377617973162416,0.5332817417662876,compact_btts_form,0.6500000000000002,False,1,1,1,0.5055079643059575,0.6500000000000002,0.7149349754743395,0.6500000000000002,0.554300904062619,0.38,0.3449005779053413,0.5700000000000002,0.42822428197181917,0.38,0.5653398163806213,0.5600000000000002,0.8761742678999082,0.37,0.31818254125872697,0.5200000000000001
16858,SP1,2025/2026,22,2026-02-02,Mallorca,Sevilla,0.6538249321085418,0.5496675969456595,0.5332817417662876,compact_btts_form,0.6500000000000002,False,1,1,1,0.5570337442344261,0.6500000000000002,0.7481966771962165,0.6500000000000002,0.7055222303590373,0.38,0.5608276388782018,0.5700000000000002,0.6682485761798655,0.38,0.6538249321085418,0.5600000000000002,0.9124948323253883,0.37,0.4989948933459234,0.5200000000000001
9245,D1,2025/2026,22,2026-02-13,Dortmund,Mainz,0.6411127808909107,0.547893204226429,0.5332817417662876,compact_btts_form,0.6500000000000002,False,1,0,0,0.6432910553357065,0.6500000000000002,0.7456900674428101,0.6500000000000002,0.6650824893220775,0.38,0.6089579458943761,0.5700000000000002,0.7011621114755116,0.38,0.6411127808909107,0.5600000000000002,0.7776182627989308,0.37,0.6950501461452114,0.5200000000000001
14243,F1,2025/2026,22,2026-02-13,Rennes,Paris SG,0.6741818832837289,0.5525723417796036,0.5332817417662876,compact_btts_form,0.6500000000000002,False,1,1,1,0.776151560210686,0.6500000000000002,0.536414566682486,0.6500000000000002,0.3300239669199053,0.38,0.6188795240581091,0.5700000000000002,0.7168540751012381,0.38,0.6741818832837289,0.5600000000000002,0.7821386058934383,0.37,0.5029096876965157,0.5200000000000001
14244,F1,2025/2026,22,2026-02-13,Monaco,Nantes,0.5971641496900509,0.5419420678365398,0.5332817417662876,compact_btts_form,0.6500000000000002,False,1,1,1,0.6081278773934213,0.6500000000000002,0.7083424143551181,0.6500000000000002,0.5487606856888877,0.38,0.39206949276181413,0.5700000000000002,0.7636349839807285,0.38,0.5971641496900509,0.5600000000000002,0.6636759101800289,0.37,0.39706030389925084,0.5200000000000001
9246,D1,2025/2026,22,2026-02-14,Ein Frankfurt,M'gladbach,0.6228602246410949,0.5453906212226063,0.5332817417662876,compact_btts_form,0.6500000000000002,False,1,0,0,0.6613524542863083,0.6500000000000002,0.8379658987026061,0.6500000000000002,0.8399024587497407,0.38,0.6467632358379798,0.5700000000000002,0.8740430343463101,0.38,0.6228602246410949,0.5600000000000002,0.9052988819683626,0.37,0.8272866453420602,0.5200000000000001
9247,D1,2025/2026,22,2026-02-14,Hamburg,Union Berlin,0.583848368869449,0.5401827223111476,0.5332817417662876,compact_btts_form,0.6500000000000002,False,1,1,1,0.4967575841053811,0.6500000000000002,0.8788323245756292,0.6500000000000002,0.8533291655613637,0.38,0.3618614928796132,0.5700000000000002,0.7809629598244716,0.38,0.583848368869449,0.5600000000000002,0.893295262183185,0.37,0.7525106111399853,0.5200000000000001
9248,D1,2025/2026,22,2026-02-14,Hoffenheim,Freiburg,0.7668809327742276,0.5672688162808808,0.5332817417662876,compact_btts_form,0.6500000000000002,False,1,0,0,0.781461774942843,0.6500000000000002,0.5638346741174313,0.6500000000000002,0.6356140855452987,0.38,0.8000589635805516,0.5700000000000002,0.7801503496672393,0.38,0.7668809327742276,0.5600000000000002,0.8423932187021455,0.37,0.720737380587893,0.5200000000000001
9249,D1,2025/2026,22,2026-02-14,Leverkusen,St Pauli,0.5377299596234214,0.5341891640560111,0.5332817417662876,compact_btts_form,0.6500000000000002,False,1,0,0,0.5170038059953127,0.6500000000000002,0.4502433181454969,0.6500000000000002,0.4183106492811394,0.38,0.38171924717143646,0.5700000000000002,0.5778594754878763,0.38,0.5377299596234214,0.5600000000000002,0.47826472148687893,0.37,0.3470385498585424,0.5200000000000001
9250,D1,2025/2026,22,2026-02-14,Werder Bremen,Bayern Munich,0.7333605559971459,0.561605874761037,0.5332817417662876,compact_btts_form,0.6500000000000002,False,1,0,0,0.7188276933473728,0.6500000000000002,0.8021772657469372,0.6500000000000002,0.8291237642347588,0.38,0.7079569538587225,0.5700000000000002,0.8978792946753877,0.38,0.7333605559971459,0.5600000000000002,0.7842027546123039,0.37,0.8302932829828468,0.5200000000000001
9251,D1,2025/2026,22,2026-02-14,Stuttgart,FC Koln,0.6591321852523904,0.5504169650322585,0.5332817417662876,compact_btts_form,0.6500000000000002,False,1,1,1,0.6897495782383368,0.6500000000000002,0.6502501933272106,0.6500000000000002,0.696741838294976,0.38,0.6908069500352638,0.5700000000000002,0.7613334207867738,0.38,0.6591321852523904,0.5600000000000002,0.6758417719536399,0.37,0.7371940863477775,0.5200000000000001
14245,F1,2025/2026,22,2026-02-14,Marseille,Strasbourg,0.5915886183564953,0.5412033822969463,0.5332817417662876,compact_btts_form,0.6500000000000002,False,1,1,1,0.714078661675153,0.6500000000000002,0.5235545398384144,0.6500000000000002,0.6523047697299437,0.38,0.7051924773395095,0.5700000000000002,0.6482120388396242,0.38,0.5915886183564953,0.5600000000000002,0.8176231948942639,0.37,0.7176929729470306,0.5200000000000001
14246,F1,2025/2026,22,2026-02-14,Lille,Brest,0.5220612189432867,0.5321748196463393,0.5332817417662876,compact_btts_form,0.6500000000000002,False,0,1,0,0.6465396611277906,0.6500000000000002,0.6520453526081101,0.6500000000000002,0.6922633678106757,0.38,0.607546013225749,0.5700000000000002,0.7982008203529182,0.38,0.5220612189432867,0.5600000000000002,0.7344365595834327,0.37,0.7201246128406779,0.5200000000000001
14247,F1,2025/2026,22,2026-02-14,Paris FC,Lens,0.5778380092258507,0.5393937211811162,0.5332817417662876,compact_btts_form,0.6500000000000002,False,1,0,0,0.5880032890049656,0.6500000000000002,0.444526298078949,0.6500000000000002,0.2776687517706444,0.38,0.38569642854860253,0.5700000000000002,0.3160805473572609,0.38,0.5778380092258507,0.5600000000000002,0.3826496142604491,0.37,0.23376167017839958,0.5200000000000001
9252,D1,2025/2026,22,2026-02-15,Augsburg,Heidenheim,0.5446235030718598,0.5350778367951313,0.5332817417662876,compact_btts_form,0.6500000000000002,False,1,0,0,0.5691383316764067,0.6500000000000002,0.7364775737024599,0.6500000000000002,0.6921532190646836,0.38,0.4590004998992127,0.5700000000000002,0.7814932179967466,0.38,0.5446235030718598,0.5600000000000002,0.77861467821449,0.37,0.6475106186764061,0.5200000000000001
9253,D1,2025/2026,22,2026-02-15,RB Leipzig,Wolfsburg,0.7733387279944287,0.5684204877551046,0.5332817417662876,compact_btts_form,0.6500000000000002,False,1,1,1,0.7296450175317084,0.6500000000000002,0.9423624982810133,0.6500000000000002,0.9399980800008638,0.38,0.7748279946069132,0.5700000000000002,0.966119691951357,0.38,0.7733387279944287,0.5600000000000002,0.9776155850985477,0.37,0.9621752355472075,0.5200000000000001
14248,F1,2025/2026,22,2026-02-15,Le Havre,Toulouse,0.35858459571988094,0.5106740124489536,0.5332817417662876,compact_btts_form,0.6500000000000002,False,0,1,0,0.521997607363389,0.6500000000000002,0.5295589035794084,0.6500000000000002,0.3566502457051348,0.38,0.3987333317020233,0.5700000000000002,0.5316939413722298,0.38,0.35858459571988094,0.5600000000000002,0.46611256082467967,0.37,0.3097598244980142,0.5200000000000001
14249,F1,2025/2026,22,2026-02-15,Lorient,Angers,0.3804200090522854,0.5136874555550541,0.5332817417662876,compact_btts_form,0.6500000000000002,False,0,0,1,0.4991518844913784,0.6500000000000002,0.4048002506829571,0.6500000000000002,0.36288725893736096,0.38,0.376859127526859,0.5700000000000002,0.45258409968115565,0.38,0.3804200090522854,0.5600000000000002,0.5078784946494419,0.37,0.44392121452571304,0.5200000000000001
14250,F1,2025/2026,22,2026-02-15,Metz,Auxerre,0.5435005436992029,0.5349329456869333,0.5332817417662876,compact_btts_form,0.6500000000000002,False,1,1,1,0.6892911585586117,0.6500000000000002,0.4114449517547596,0.6500000000000002,0.4833157447521097,0.38,0.6698494188747651,0.5700000000000002,0.6507082918848524,0.38,0.5435005436992029,0.5600000000000002,0.6458217277144442,0.37,0.7214540265679416,0.5200000000000001
14251,F1,2025/2026,22,2026-02-15,Lyon,Nice,0.5297361443581511,0.5331606840362898,0.5332817417662876,compact_btts_form,0.6500000000000002,False,0,0,1,0.6266853426804203,0.6500000000000002,0.3637945009341628,0.6500000000000002,0.37039382584332614,0.38,0.5005625662728121,0.5700000000000002,0.42314016980881963,0.38,0.5297361443581511,0.5600000000000002,0.446756323503899,0.37,0.3435383680636535,0.5200000000000001
11863,E0,2025/2026,23,2026-01-24,West Ham,Sunderland,0.5594330495780773,0.5369941506731575,0.5348414792795174,compact_btts_form,0.6500000000000002,False,1,1,1,0.47501269036980714,0.41000000000000003,0.5662897005182793,0.39,0.5338212937637234,0.6400000000000002,0.5124044434346136,0.37,0.25088609727946165,0.6200000000000002,0.5594330495780773,0.5500000000000002,0.43724769467810637,0.37,0.2408077606212182,0.41000000000000003
11864,E0,2025/2026,23,2026-01-24,Burnley,Tottenham,0.48717986546363223,0.5277010915785442,0.5348414792795174,compact_btts_form,0.6500000000000002,False,0,1,0,0.3651534377195917,0.41000000000000003,0.7838481481416295,0.39,0.6926931385362993,0.6400000000000002,0.2907549223635834,0.37,0.4311423100033553,0.6200000000000002,0.48717986546363223,0.5500000000000002,0.542303668697376,0.37,0.3666045724977198,0.41000000000000003
11865,E0,2025/2026,23,2026-01-24,Fulham,Brighton,0.6574015995952406,0.5501720284251371,0.5348414792795174,compact_btts_form,0.6500000000000002,False,1,1,1,0.5831128995355407,0.41000000000000003,0.877208988365421,0.39,0.8870329294445312,0.6400000000000002,0.6028142971921625,0.37,0.8098382504930455,0.6200000000000002,0.6574015995952406,0.5500000000000002,0.9376190353065205,0.37,0.901776803936421,0.41000000000000003
11866,E0,2025/2026,23,2026-01-24,Man City,Wolves,0.5675192659880353,0.5380455922390276,0.5348414792795174,compact_btts_form,0.6500000000000002,False,1,0,0,0.5543718141278559,0.41000000000000003,0.6396625030030098,0.39,0.589554952393911,0.6400000000000002,0.5765886192433488,0.37,0.5285692950166967,0.6200000000000002,0.5675192659880353,0.5500000000000002,0.7949478852534179,0.37,0.5373157452765099,0.41000000000000003
11867,E0,2025/2026,23,2026-01-24,Bournemouth,Liverpool,0.611870563037497,0.5439061595507012,0.5348414792795174,compact_btts_form,0.6500000000000002,False,1,1,1,0.6281806673264922,0.41000000000000003,0.668830720476003,0.39,0.6306920524611656,0.6400000000000002,0.6840915259877062,0.37,0.3362388676062412,0.6200000000000002,0.611870563037497,0.5500000000000002,0.6965644545198406,0.37,0.44196826973412845,0.41000000000000003
11868,E0,2025/2026,23,2026-01-25,Brentford,Nott'm Forest,0.4817637585165566,0.5270056920471913,0.5348414792795174,compact_btts_form,0.6500000000000002,False,0,0,1,0.4334706481345777,0.41000000000000003,0.4888068261149436,0.39,0.5750454274142471,0.6400000000000002,0.4932967094269599,0.37,0.22680841864475573,0.6200000000000002,0.4817637585165566,0.5500000000000002,0.4372562469228004,0.37,0.31055767529831557,0.41000000000000003
11869,E0,2025/2026,23,2026-01-25,Crystal Palace,Chelsea,0.6659518247955724,0.5513878778309983,0.5348414792795174,compact_btts_form,0.6500000000000002,False,1,1,1,0.5763881224451243,0.41000000000000003,0.582893935924132,0.39,0.6628208336473187,0.6400000000000002,0.6189956310982431,0.37,0.3837244342193914,0.6200000000000002,0.6659518247955724,0.5500000000000002,0.6432797872085158,0.37,0.47244199447531654,0.41000000000000003
11870,E0,2025/2026,23,2026-01-25,Newcastle,Aston Villa,0.6520006864579682,0.5494112243877802,0.5348414792795174,compact_btts_form,0.6500000000000002,False,1,0,0,0.5623010909796227,0.41000000000000003,0.7533105943302608,0.39,0.7898801788959621,0.6400000000000002,0.5565481359453048,0.37,0.5949104485068184,0.6200000000000002,0.6520006864579682,0.5500000000000002,0.605830096310321,0.37,0.6101789095488964,0.41000000000000003
11871,E0,2025/2026,23,2026-01-25,Arsenal,Man United,0.5444806263966244,0.5350593990783131,0.5348414792795174,compact_btts_form,0.6500000000000002,False,1,1,1,0.45367157434688077,0.41000000000000003,0.662283395126426,0.39,0.7272008957212788,0.6400000000000002,0.4556515487938997,0.37,0.41903116918232297,0.6200000000000002,0.5444806263966244,0.5500000000000002,0.7441102256245646,0.37,0.35918302971390853,0.41000000000000003
11872,E0,2025/2026,23,2026-01-26,Everton,Leeds,0.575826370528923,0.5391302895177101,0.5348414792795174,compact_btts_form,0.6500000000000002,False,1,1,1,0.4439492238616711,0.41000000000000003,0.6526532490712039,0.39,0.5851168119010121,0.6400000000000002,0.41273752350691634,0.37,0.4438628974906882,0.6200000000000002,0.575826370528923,0.5500000000000002,0.7537088787763219,0.37,0.3410254087452331,0.41000000000000003
7061,I1,2025/2026,23,2026-01-30,Lazio,Genoa,0.43665084997765025,0.5211723496857892,0.5348414792795174,compact_btts_form,0.6500000000000002,False,0,1,0,0.2776994563446338,0.41000000000000003,0.41160579316488694,0.39,0.3088602412170863,0.6400000000000002,0.25697420073844246,0.37,0.272770427825726,0.6200000000000002,0.43665084997765025,0.5500000000000002,0.1404221587600379,0.37,0.22428267587779055,0.41000000000000003
7062,I1,2025/2026,23,2026-01-31,Pisa,Sassuolo,0.7190777777398991,0.5593287669263002,0.5348414792795174,compact_btts_form,0.6500000000000002,False,1,1,1,0.6966445592236457,0.41000000000000003,0.5070261579545823,0.39,0.440172009927133,0.6400000000000002,0.6749464661841041,0.37,0.5908444261820508,0.6200000000000002,0.7190777777398991,0.5500000000000002,0.7219956323520783,0.37,0.6859482159763418,0.41000000000000003
7063,I1,2025/2026,23,2026-01-31,Napoli,Fiorentina,0.7086992853336332,0.557716714382963,0.5348414792795174,compact_btts_form,0.6500000000000002,False,1,1,1,0.5677690086443741,0.41000000000000003,0.47876553050569665,0.39,0.4475672946524028,0.6400000000000002,0.5974701266214646,0.37,0.6210884623643548,0.6200000000000002,0.7086992853336332,0.5500000000000002,0.736824243875606,0.37,0.5738989017756067,0.41000000000000003
7064,I1,2025/2026,23,2026-01-31,Cagliari,Verona,0.5174235959150058,0.5315796607816538,0.5348414792795174,compact_btts_form,0.6500000000000002,False,0,0,1,0.5023714380653295,0.41000000000000003,0.36769882930440295,0.39,0.2991665563971243,0.6400000000000002,0.586884555709687,0.37,0.6042852548573542,0.6200000000000002,0.5174235959150058,0.5500000000000002,0.6234964259494602,0.37,0.6693272982925416,0.41000000000000003
7065,I1,2025/2026,23,2026-02-01,Torino,Lecce,0.5105853521631806,0.5307025998493038,0.5348414792795174,compact_btts_form,0.6500000000000002,False,0,0,1,0.5153870914900311,0.41000000000000003,0.4786485307170931,0.39,0.4350034917566239,0.6400000000000002,0.6118435965424894,0.37,0.6211473805427729,0.6200000000000002,0.5105853521631806,0.5500000000000002,0.6343692388746389,0.37,0.7795531223111388,0.41000000000000003
7066,I1,2025/2026,23,2026-02-01,Como,Atalanta,0.6757333094208983,0.5527972638060253,0.5348414792795174,compact_btts_form,0.6500000000000002,False,1,0,0,0.6779818894408487,0.41000000000000003,0.5844809849722064,0.39,0.5173985470108899,0.6400000000000002,0.7548677738519319,0.37,0.6234853152400196,0.6200000000000002,0.6757333094208983,0.5500000000000002,0.6705280871626705,0.37,0.7531052660079852,0.41000000000000003
7067,I1,2025/2026,23,2026-02-01,Cremonese,Inter,0.6616594575108679,0.5507756983433378,0.5348414792795174,compact_btts_form,0.6500000000000002,False,1,0,0,0.7052577025044418,0.41000000000000003,0.3126946624283154,0.39,0.31759507653432223,0.6400000000000002,0.7702951975966386,0.37,0.8009948091573563,0.6200000000000002,0.6616594575108679,0.5500000000000002,0.4726774901958446,0.37,0.6955413133796495,0.41000000000000003
7068,I1,2025/2026,23,2026-02-01,Parma,Juventus,0.4496816317123654,0.5228675714120542,0.5348414792795174,compact_btts_form,0.6500000000000002,False,0,1,0,0.49246285738849965,0.41000000000000003,0.5736436542239828,0.39,0.5372032601325559,0.6400000000000002,0.5945688773097311,0.37,0.7769623539969868,0.6200000000000002,0.4496816317123654,0.5500000000000002,0.4275380280628059,0.37,0.6228311421764932,0.41000000000000003
7069,I1,2025/2026,23,2026-02-02,Udinese,Roma,0.46842147061758566,0.5252894786284429,0.5348414792795174,compact_btts_form,0.6500000000000002,False,0,0,1,0.5013959641799963,0.41000000000000003,0.37644894435424,0.39,0.2369300494457707,0.6400000000000002,0.4910000213012902,0.37,0.41663204965376227,0.6200000000000002,0.46842147061758566,0.5500000000000002,0.33434986273744877,0.37,0.3782601206036521,0.41000000000000003
7070,I1,2025/2026,23,2026-02-03,Bologna,Milan,0.670352013336404,0.5520193557075043,0.5348414792795174,compact_btts_form,0.6500000000000002,False,1,0,0,0.5977413519975545,0.41000000000000003,0.6104780730194214,0.39,0.7097196755984919,0.6400000000000002,0.6756961118672763,0.37,0.5594414818607805,0.6200000000000002,0.670352013336404,0.5500000000000002,0.5931572363042097,0.37,0.7539748333595502,0.41000000000000003
16859,SP1,2025/2026,23,2026-02-06,Celta,Osasuna,0.6174891651102643,0.5446631819682547,0.5348414792795174,compact_btts_form,0.6500000000000002,False,1,1,1,0.5810680232488625,0.41000000000000003,0.47729898575646484,0.39,0.44259524831438773,0.6400000000000002,0.6073980120786656,0.37,0.43435127036708554,0.6200000000000002,0.6174891651102643,0.5500000000000002,0.7436495254376883,0.37,0.3274437310334667,0.41000000000000003
16860,SP1,2025/2026,23,2026-02-07,Barcelona,Mallorca,0.6267417434668716,0.5459187389598502,0.5348414792795174,compact_btts_form,0.6500000000000002,False,1,0,0,0.6811794818488437,0.41000000000000003,0.65698231078611,0.39,0.6674501074651911,0.6400000000000002,0.7024684436113524,0.37,0.6944220022056973,0.6200000000000002,0.6267417434668716,0.5500000000000002,0.7812174416740334,0.37,0.2638797541979302,0.41000000000000003
16861,SP1,2025/2026,23,2026-02-07,Sociedad,Elche,0.4523483549721059,0.5232132480140173,0.5348414792795174,compact_btts_form,0.6500000000000002,False,0,1,0,0.4143348216207047,0.41000000000000003,0.7484787662374783,0.39,0.6382316052455848,0.6400000000000002,0.20790977014323936,0.37,0.6916468920144023,0.6200000000000002,0.4523483549721059,0.5500000000000002,0.8384619549372903,0.37,0.257225338649007,0.41000000000000003
16862,SP1,2025/2026,23,2026-02-08,Alaves,Getafe,0.34870103698400223,0.5092837733176693,0.5348414792795174,compact_btts_form,0.6500000000000002,False,0,0,1,0.3192142810180492,0.41000000000000003,0.2338108563095545,0.39,0.18181766345193803,0.6400000000000002,0.2894131877088108,0.37,0.08977558822120497,0.6200000000000002,0.34870103698400223,0.5500000000000002,0.26587143571379346,0.37,0.07326245858441403,0.41000000000000003
16863,SP1,2025/2026,23,2026-02-08,Ath Bilbao,Levante,0.4683970293230543,0.5252863296141501,0.5348414792795174,compact_btts_form,0.6500000000000002,False,0,1,0,0.504492009861661,0.41000000000000003,0.39818902451960947,0.39,0.30147891620023926,0.6400000000000002,0.38542536074322586,0.37,0.3212679515064212,0.6200000000000002,0.4683970293230543,0.5500000000000002,0.39099383393626225,0.37,0.11736118494137628,0.41000000000000003
16864,SP1,2025/2026,23,2026-02-08,Sevilla,Girona,0.5649347330143805,0.5377090836569028,0.5348414792795174,compact_btts_form,0.6500000000000002,False,1,1,1,0.4642439057399576,0.41000000000000003,0.47241762357763684,0.39,0.548261418617805,0.6400000000000002,0.5119462686323744,0.37,0.23293623523103893,0.6200000000000002,0.5649347330143805,0.5500000000000002,0.7089054840209229,0.37,0.23716861042098564,0.41000000000000003
16865,SP1,2025/2026,23,2026-02-08,Ath Madrid,Betis,0.5987271084025165,0.5421496954286229,0.5348414792795174,compact_btts_form,0.6500000000000002,False,1,0,0,0.45748277411543764,0.41000000000000003,0.7749042426972813,0.39,0.8342707314296868,0.6400000000000002,0.519768223000256,0.37,0.6441017305566863,0.6200000000000002,0.5987271084025165,0.5500000000000002,0.7244923298602524,0.37,0.4207166895842431,0.41000000000000003
16866,SP1,2025/2026,23,2026-02-08,Valencia,Real Madrid,0.5823775158194576,0.5399893636208175,0.5348414792795174,compact_btts_form,0.6500000000000002,False,1,0,0,0.5503636440833962,0.41000000000000003,0.7882724620230527,0.39,0.8702941511527972,0.6400000000000002,0.5574204988656716,0.37,0.6561917051832913,0.6200000000000002,0.5823775158194576,0.5500000000000002,0.8023751676017096,0.37,0.5149384966760453,0.41000000000000003
16867,SP1,2025/2026,23,2026-02-09,Villarreal,Espanol,0.5584721125423572,0.5368694627152646,0.5348414792795174,compact_btts_form,0.6500000000000002,False,1,1,1,0.448576871273949,0.41000000000000003,0.5496365636601037,0.39,0.6536759642863821,0.6400000000000002,0.553195925209045,0.37,0.35410676663620755,0.6200000000000002,0.5584721125423572,0.5500000000000002,0.4980566181892769,0.37,0.2751613224464563,0.41000000000000003
9254,D1,2025/2026,23,2026-02-20,Mainz,Hamburg,0.5938460445674453,0.5415020963238323,0.5348414792795174,compact_btts_form,0.6500000000000002,False,1,1,1,0.6831654563957792,0.41000000000000003,0.7855243503860415,0.39,0.6979831008514393,0.6400000000000002,0.6344035879670965,0.37,0.7330341708463122,0.6200000000000002,0.5938460445674453,0.5500000000000002,0.741014696517049,0.37,0.7351210610888378,0.41000000000000003
14252,F1,2025/2026,23,2026-02-20,Brest,Marseille,0.7163487204381913,0.5589015722990666,0.5348414792795174,compact_btts_form,0.6500000000000002,False,1,0,0,0.6882727735614689,0.41000000000000003,0.4998477922080807,0.39,0.4543751401673218,0.6400000000000002,0.6509429137835817,0.37,0.4960123147527913,0.6200000000000002,0.7163487204381913,0.5500000000000002,0.5914602940455682,0.37,0.32857143047915466,0.41000000000000003
9255,D1,2025/2026,23,2026-02-21,Bayern Munich,Ein Frankfurt,0.67001681150138,0.5519711071331754,0.5348414792795174,compact_btts_form,0.6500000000000002,False,1,1,1,0.7336163049493509,0.41000000000000003,0.7532212649720271,0.39,0.6976910413936332,0.6400000000000002,0.7310079934149423,0.37,0.5607141102765495,0.6200000000000002,0.67001681150138,0.5500000000000002,0.8167322058668898,0.37,0.7149994309373191,0.41000000000000003
9256,D1,2025/2026,23,2026-02-21,FC Koln,Hoffenheim,0.7358232396041688,0.5620059384249876,0.5348414792795174,compact_btts_form,0.6500000000000002,False,1,1,1,0.8163813599608652,0.41000000000000003,0.8921020976593727,0.39,0.9057571119326714,0.6400000000000002,0.7986562589190586,0.37,0.9351727532998143,0.6200000000000002,0.7358232396041688,0.5500000000000002,0.8918551953557357,0.37,0.917400367997086,0.41000000000000003
9257,D1,2025/2026,23,2026-02-21,Union Berlin,Leverkusen,0.5206015100628911,0.5319874532284575,0.5348414792795174,compact_btts_form,0.6500000000000002,False,0,0,1,0.6426340594558558,0.41000000000000003,0.5579416516949687,0.39,0.47390523480405194,0.6400000000000002,0.5309801787239194,0.37,0.46538167644739586,0.6200000000000002,0.5206015100628911,0.5500000000000002,0.4773948401881884,0.37,0.4574158116157764,0.41000000000000003
9258,D1,2025/2026,23,2026-02-21,Wolfsburg,Augsburg,0.7496696708521473,0.5642999604773674,0.5348414792795174,compact_btts_form,0.6500000000000002,False,1,1,1,0.7242473056036911,0.41000000000000003,0.820703709937768,0.39,0.7878229943135235,0.6400000000000002,0.7114458430752791,0.37,0.8987187535425272,0.6200000000000002,0.7496696708521473,0.5500000000000002,0.9270719781898803,0.37,0.8647591772673202,0.41000000000000003
9259,D1,2025/2026,23,2026-02-21,RB Leipzig,Dortmund,0.8595918110949676,0.5867695649697677,0.5348414792795174,compact_btts_form,0.6500000000000002,False,1,1,1,0.8873169073798522,0.41000000000000003,0.9434184332818181,0.39,0.9337691857405972,0.6400000000000002,0.8834688807783265,0.37,0.9764390636756739,0.6200000000000002,0.8595918110949676,0.5500000000000002,0.9797021989956081,0.37,0.9744276027774411,0.41000000000000003
14253,F1,2025/2026,23,2026-02-21,Lens,Monaco,0.7239399019129883,0.5600959664032207,0.5348414792795174,compact_btts_form,0.6500000000000002,False,1,1,1,0.7540475430149676,0.41000000000000003,0.8435314094934823,0.39,0.8341539964931517,0.6400000000000002,0.7088646641972542,0.37,0.8891309168710599,0.6200000000000002,0.7239399019129883,0.5500000000000002,0.7991723038585472,0.37,0.800244560984418,0.41000000000000003
14254,F1,2025/2026,23,2026-02-21,Toulouse,Paris FC,0.46060585271795473,0.5242813348448015,0.5348414792795174,compact_btts_form,0.6500000000000002,False,0,1,0,0.4108050443996011,0.41000000000000003,0.5562151093231112,0.39,0.36322774947902753,0.6400000000000002,0.2818971320697794,0.37,0.3785599160958186,0.6200000000000002,0.46060585271795473,0.5500000000000002,0.35898067608983086,0.37,0.18062687417260065,0.41000000000000003
14255,F1,2025/2026,23,2026-02-21,Paris SG,Metz,0.5069320766211333,0.5302341883335997,0.5348414792795174,compact_btts_form,0.6500000000000002,False,0,0,1,0.6922112687562416,0.41000000000000003,0.5360965605842705,0.39,0.4881604257566656,0.6400000000000002,0.6096605001404499,0.37,0.553315152576524,0.6200000000000002,0.5069320766211333,0.5500000000000002,0.7364956060046781,0.37,0.4409039994882664,0.41000000000000003
9260,D1,2025/2026,23,2026-02-22,Freiburg,M'gladbach,0.666843204551044,0.5515154754639102,0.5348414792795174,compact_btts_form,0.6500000000000002,False,1,1,1,0.7315880290019361,0.41000000000000003,0.8171718464386769,0.39,0.8277060284639048,0.6400000000000002,0.7318170894422837,0.37,0.8943854887207756,0.6200000000000002,0.666843204551044,0.5500000000000002,0.906332310698168,0.37,0.899744815819572,0.41000000000000003
9261,D1,2025/2026,23,2026-02-22,St Pauli,Werder Bremen,0.492509030040549,0.5283848453076567,0.5348414792795174,compact_btts_form,0.6500000000000002,False,0,1,0,0.5132536693549064,0.41000000000000003,0.3633438070488422,0.39,0.4154910120098553,0.6400000000000002,0.40042936271790425,0.37,0.2675215344199777,0.6200000000000002,0.492509030040549,0.5500000000000002,0.42507814872921107,0.37,0.31371397649564714,0.41000000000000003
9262,D1,2025/2026,23,2026-02-22,Heidenheim,Stuttgart,0.542791440469905,0.5348414792795174,0.5348414792795174,compact_btts_form,0.6500000000000002,False,1,1,1,0.6416873916967683,0.41000000000000003,0.7320014736548326,0.39,0.7631685054294032,0.6400000000000002,0.6024781240995857,0.37,0.6765214474210632,0.6200000000000002,0.542791440469905,0.5500000000000002,0.7403866598486182,0.37,0.7058737399532268,0.41000000000000003
14256,F1,2025/2026,23,2026-02-22,Auxerre,Rennes,0.46429878717139383,0.5247579958060449,0.5348414792795174,compact_btts_form,0.6500000000000002,False,0,0,1,0.5801784580533794,0.41000000000000003,0.7487666562619755,0.39,0.7570674595995501,0.6400000000000002,0.5162588041057358,0.37,0.6283989947106489,0.6200000000000002,0.46429878717139383,0.5500000000000002,0.5607966451808101,0.37,0.4755912571259178,0.41000000000000003
14257,F1,2025/2026,23,2026-02-22,Angers,Lille,0.47917237929592343,0.5266727507986015,0.5348414792795174,compact_btts_form,0.6500000000000002,False,0,0,1,0.5321807835563723,0.41000000000000003,0.4805033361509071,0.39,0.48631463781131185,0.6400000000000002,0.4823020613623465,0.37,0.6144230725943656,0.6200000000000002,0.47917237929592343,0.5500000000000002,0.5085951847346407,0.37,0.4298659743080169,0.41000000000000003
14258,F1,2025/2026,23,2026-02-22,Nantes,Le Havre,0.576257339542652,0.5391867003747289,0.5348414792795174,compact_btts_form,0.6500000000000002,False,1,0,0,0.6797443656568577,0.41000000000000003,0.35459147199083896,0.39,0.27133863650691026,0.6400000000000002,0.6013634979427295,0.37,0.3913360498103801,0.6200000000000002,0.576257339542652,0.5500000000000002,0.5694282025276697,0.37,0.54414173258382,0.41000000000000003
14259,F1,2025/2026,23,2026-02-22,Nice,Lorient,0.5951819610156895,0.541679103914328,0.5348414792795174,compact_btts_form,0.6500000000000002,False,1,1,1,0.7084961247621715,0.41000000000000003,0.5083499273271699,0.39,0.4421957035575937,0.6400000000000002,0.6713807611056938,0.37,0.5603091668184762,0.6200000000000002,0.5951819610156895,0.5500000000000002,0.7130729362715312,0.37,0.4403238332999895,0.41000000000000003
14260,F1,2025/2026,23,2026-02-22,Strasbourg,Lyon,0.6562695703439068,0.5500121154659751,0.5348414792795174,compact_btts_form,0.6500000000000002,False,1,1,1,0.7212648468815441,0.41000000000000003,0.6532495697214183,0.39,0.6365180220367447,0.6400000000000002,0.7157185448014061,0.37,0.7166014694862388,0.6200000000000002,0.6562695703439068,0.5500000000000002,0.7417156765165895,0.37,0.6953583762995087,0.41000000000000003
16899,SP1,2025/2026,23,2026-03-04,Vallecano,Oviedo,0.4497825945492748,0.5228806659206916,0.5348414792795174,compact_btts_form,0.6500000000000002,False,0,0,1,0.3976171438987784,0.41000000000000003,0.27627157620679854,0.39,0.24214646217282762,0.6400000000000002,0.3058868308633488,0.37,0.11015905461179105,0.6200000000000002,0.4497825945492748,0.5500000000000002,0.21048235621257141,0.37,0.029839273341907682,0.41000000000000003
11873,E0,2025/2026,24,2026-01-31,Brighton,Everton,0.5221305175106149,0.5321837156763298,0.5347560327674512,compact_btts_form,0.6500000000000002,False,0,1,0,0.43464358096554445,0.6500000000000002,0.739606172174183,0.6500000000000002,0.7875403628714837,0.6300000000000002,0.4515844247697394,0.5600000000000002,0.4628018376020849,0.6500000000000002,0.5221305175106149,0.37,0.6743326368265498,0.5000000000000001,0.47366769067654807,0.4
11874,E0,2025/2026,24,2026-01-31,Leeds,Arsenal,0.43756683011144615,0.5212918733642378,0.5347560327674512,compact_btts_form,0.6500000000000002,False,0,0,1,0.4554804026569653,0.6500000000000002,0.585946953054246,0.6500000000000002,0.5622353427088638,0.6300000000000002,0.39775025269373393,0.5600000000000002,0.715786763509033,0.6500000000000002,0.43756683011144615,0.37,0.6785310766791078,0.5000000000000001,0.6226782810036309,0.4
11875,E0,2025/2026,24,2026-01-31,Wolves,Bournemouth,0.5696749032449048,0.5383265970713509,0.5347560327674512,compact_btts_form,0.6500000000000002,False,1,0,0,0.4812289595491022,0.6500000000000002,0.7616915424115077,0.6500000000000002,0.749733595828141,0.6300000000000002,0.4571002198822108,0.5600000000000002,0.34398332279492616,0.6500000000000002,0.5696749032449048,0.37,0.6002318965163725,0.5000000000000001,0.343743238731288,0.4
11876,E0,2025/2026,24,2026-01-31,Chelsea,West Ham,0.661686259315171,0.5507795094153184,0.5347560327674512,compact_btts_form,0.6500000000000002,False,1,1,1,0.564222350310629,0.6500000000000002,0.7482566267332547,0.6500000000000002,0.7569872621873779,0.6300000000000002,0.583705751707462,0.5600000000000002,0.5880253109610669,0.6500000000000002,0.661686259315171,0.37,0.8283094396067486,0.5000000000000001,0.47937597031304624,0.4
11877,E0,2025/2026,24,2026-01-31,Liverpool,Newcastle,0.6585840528028692,0.5503393237246681,0.5347560327674512,compact_btts_form,0.6500000000000002,False,1,1,1,0.5812784506845238,0.6500000000000002,0.7225970780033668,0.6500000000000002,0.7763893972993906,0.6300000000000002,0.6099005716459377,0.5600000000000002,0.6971251459915688,0.6500000000000002,0.6585840528028692,0.37,0.7832333603971932,0.5000000000000001,0.5602291731971436,0.4
11878,E0,2025/2026,24,2026-02-01,Aston Villa,Brentford,0.6548211534670515,0.5498078589803855,0.5347560327674512,compact_btts_form,0.6500000000000002,False,1,0,0,0.6018077573376202,0.6500000000000002,0.7759875784028638,0.6500000000000002,0.7913450596111667,0.6300000000000002,0.6958937915939736,0.5600000000000002,0.734642347795387,0.6500000000000002,0.6548211534670515,0.37,0.9039775995944681,0.5000000000000001,0.7468071551438299,0.4
11879,E0,2025/2026,24,2026-02-01,Man United,Fulham,0.5209429110816227,0.5320312716855324,0.5347560327674512,compact_btts_form,0.6500000000000002,False,0,1,0,0.5669612208513121,0.6500000000000002,0.7959998058943928,0.6500000000000002,0.8167250893156568,0.6300000000000002,0.5985204698526746,0.5600000000000002,0.8136155716557979,0.6500000000000002,0.5209429110816227,0.37,0.8420912764776971,0.5000000000000001,0.746346997034214,0.4
11880,E0,2025/2026,24,2026-02-01,Nott'm Forest,Crystal Palace,0.4413396109525807,0.5217835711828349,0.5347560327674512,compact_btts_form,0.6500000000000002,False,0,1,0,0.3035272595581171,0.6500000000000002,0.6664826865996983,0.6500000000000002,0.6331240615887429,0.6300000000000002,0.25074124885868293,0.5600000000000002,0.2026372832618392,0.6500000000000002,0.4413396109525807,0.37,0.5499712881110218,0.5000000000000001,0.18681890375786722,0.4
11881,E0,2025/2026,24,2026-02-01,Tottenham,Man City,0.6426595560917734,0.5481076379657734,0.5347560327674512,compact_btts_form,0.6500000000000002,False,1,1,1,0.6295736870365668,0.6500000000000002,0.7931013700605144,0.6500000000000002,0.8139314325852302,0.6300000000000002,0.665032810594397,0.5600000000000002,0.8106358666532947,0.6500000000000002,0.6426595560917734,0.37,0.8367034894107749,0.5000000000000001,0.7141420594931212,0.4
11882,E0,2025/2026,24,2026-02-02,Sunderland,Burnley,0.34441521360368055,0.5086752449247218,0.5347560327674512,compact_btts_form,0.6500000000000002,False,0,0,1,0.3576007614312496,0.6500000000000002,0.5554802327100603,0.6500000000000002,0.4148924869861242,0.6300000000000002,0.30097633939006985,0.5600000000000002,0.33139264109669847,0.6500000000000002,0.34441521360368055,0.37,0.41948647117179566,0.5000000000000001,0.14222942167038016,0.4
7071,I1,2025/2026,24,2026-02-06,Verona,Pisa,0.596301317271595,0.5418275531931804,0.5347560327674512,compact_btts_form,0.6500000000000002,False,1,0,0,0.5238624551891574,0.6500000000000002,0.2174922308538214,0.6500000000000002,0.3537216877456764,0.6300000000000002,0.7391494120691413,0.5600000000000002,0.22150858289558956,0.6500000000000002,0.596301317271595,0.37,0.28235960411731403,0.5000000000000001,0.5900219538301408,0.4
7072,I1,2025/2026,24,2026-02-07,Genoa,Napoli,0.5189187133980545,0.5317714961744414,0.5347560327674512,compact_btts_form,0.6500000000000002,False,0,1,0,0.5370489836917599,0.6500000000000002,0.33663539821320426,0.6500000000000002,0.25738336309827115,0.6300000000000002,0.5712218972396762,0.5600000000000002,0.6696864333525271,0.6500000000000002,0.5189187133980545,0.37,0.32073192767836056,0.5000000000000001,0.4147387257737149,0.4
7073,I1,2025/2026,24,2026-02-07,Fiorentina,Torino,0.5707707786958198,0.5384695753821648,0.5347560327674512,compact_btts_form,0.6500000000000002,False,1,1,1,0.5560845714889506,0.6500000000000002,0.5497635458294697,0.6500000000000002,0.5235555546550392,0.6300000000000002,0.6080247818452637,0.5600000000000002,0.7510439709372965,0.6500000000000002,0.5707707786958198,0.37,0.5716985147666016,0.5000000000000001,0.594792728831831,0.4
7074,I1,2025/2026,24,2026-02-08,Bologna,Parma,0.5749309994670887,0.5390131365934754,0.5347560327674512,compact_btts_form,0.6500000000000002,False,1,0,0,0.47600228354424373,0.6500000000000002,0.45689174235081115,0.6500000000000002,0.43200441398628836,0.6300000000000002,0.4978136711442253,0.5600000000000002,0.658694189499592,0.6500000000000002,0.5749309994670887,0.37,0.4175595449991513,0.5000000000000001,0.5905892290408031,0.4
7075,I1,2025/2026,24,2026-02-08,Lecce,Udinese,0.5260451712474896,0.532686404080104,0.5347560327674512,compact_btts_form,0.6500000000000002,False,0,1,0,0.5615257117302097,0.6500000000000002,0.531309003302227,0.6500000000000002,0.3868771616232922,0.6300000000000002,0.6030197566404606,0.5600000000000002,0.7240784538140941,0.6500000000000002,0.5260451712474896,0.37,0.5733680535904844,0.5000000000000001,0.7109275433259007,0.4
7076,I1,2025/2026,24,2026-02-08,Sassuolo,Inter,0.6118027144156536,0.5438970416364576,0.5347560327674512,compact_btts_form,0.6500000000000002,False,1,0,0,0.6584013542869546,0.6500000000000002,0.7184710045601577,0.6500000000000002,0.6402433846012849,0.6300000000000002,0.6793251740728015,0.5600000000000002,0.9157046820485857,0.6500000000000002,0.6118027144156536,0.37,0.7969520292369557,0.5000000000000001,0.9251696461022365,0.4
7077,I1,2025/2026,24,2026-02-08,Juventus,Lazio,0.44706898817543494,0.5225285200492684,0.5347560327674512,compact_btts_form,0.6500000000000002,False,0,1,0,0.4360304084395137,0.6500000000000002,0.3320921832067083,0.6500000000000002,0.45325291241478644,0.6300000000000002,0.4492557638878953,0.5600000000000002,0.5489450580487634,0.6500000000000002,0.44706898817543494,0.37,0.3134995967235442,0.5000000000000001,0.5734420990853905,0.4
7078,I1,2025/2026,24,2026-02-09,Atalanta,Cremonese,0.542128866795329,0.5347560327674512,0.5347560327674512,compact_btts_form,0.6500000000000002,False,1,1,1,0.5792170785634221,0.6500000000000002,0.44264328362449806,0.6500000000000002,0.4634116550597247,0.6300000000000002,0.6889088527519266,0.5600000000000002,0.6908307475749355,0.6500000000000002,0.542128866795329,0.37,0.4249715259258809,0.5000000000000001,0.6422871698687846,0.4
7079,I1,2025/2026,24,2026-02-09,Roma,Cagliari,0.3931531349621052,0.5154128140030246,0.5347560327674512,compact_btts_form,0.6500000000000002,False,0,0,1,0.3612073528834822,0.6500000000000002,0.40808259633116745,0.6500000000000002,0.3033227789955685,0.6300000000000002,0.33851065721399787,0.5600000000000002,0.4342141148010587,0.6500000000000002,0.3931531349621052,0.37,0.2128926103796003,0.5000000000000001,0.3470161402438946,0.4
16868,SP1,2025/2026,24,2026-02-13,Elche,Osasuna,0.7677159809918279,0.5674165104847596,0.5347560327674512,compact_btts_form,0.6500000000000002,False,1,0,0,0.7551176887951453,0.6500000000000002,0.7890193869446109,0.6500000000000002,0.8544219763069881,0.6300000000000002,0.7363255168431978,0.5600000000000002,0.9070565088269562,0.6500000000000002,0.7677159809918279,0.37,0.9741954883432598,0.5000000000000001,0.8660326535500409,0.4
16869,SP1,2025/2026,24,2026-02-14,Espanol,Celta,0.5995078298845093,0.5422535027040847,0.5347560327674512,compact_btts_form,0.6500000000000002,False,1,1,1,0.5506086084241326,0.6500000000000002,0.5427616314720334,0.6500000000000002,0.4935872533270603,0.6300000000000002,0.4080064463181435,0.5600000000000002,0.4407805433453887,0.6500000000000002,0.5995078298845093,0.37,0.4981364504425566,0.5000000000000001,0.19874250012741965,0.4
16870,SP1,2025/2026,24,2026-02-14,Getafe,Villarreal,0.40382049714899304,0.5168427984128665,0.5347560327674512,compact_btts_form,0.6500000000000002,False,0,1,0,0.44656443067354656,0.6500000000000002,0.3107361886396589,0.6500000000000002,0.31891617615374795,0.6300000000000002,0.3849864121921005,0.5600000000000002,0.19370110952303954,0.6500000000000002,0.40382049714899304,0.37,0.3638035988904137,0.5000000000000001,0.13029388114173926,0.4
16871,SP1,2025/2026,24,2026-02-14,Sevilla,Alaves,0.5931115178000492,0.5414048463568628,0.5347560327674512,compact_btts_form,0.6500000000000002,False,1,1,1,0.49932998331095235,0.6500000000000002,0.5244081185375536,0.6500000000000002,0.30815561679823594,0.6300000000000002,0.3732698098835315,0.5600000000000002,0.5588006216320224,0.6500000000000002,0.5931115178000492,0.37,0.6303281914668324,0.5000000000000001,0.22283594530061454,0.4
16872,SP1,2025/2026,24,2026-02-14,Real Madrid,Sociedad,0.6400889271105474,0.5477514787094205,0.5347560327674512,compact_btts_form,0.6500000000000002,False,1,1,1,0.6072221039193257,0.6500000000000002,0.7056246616762494,0.6500000000000002,0.778564855186466,0.6300000000000002,0.6263093337401912,0.5600000000000002,0.45458282161179503,0.6500000000000002,0.6400889271105474,0.37,0.47262902676495816,0.5000000000000001,0.3735508404259683,0.4
16873,SP1,2025/2026,24,2026-02-15,Oviedo,Ath Bilbao,0.34317196277814205,0.5084980471031307,0.5347560327674512,compact_btts_form,0.6500000000000002,False,0,1,0,0.3650869999241026,0.6500000000000002,0.5726551292190998,0.6500000000000002,0.7292021846376794,0.6300000000000002,0.40423999172504094,0.5600000000000002,0.2710632058468056,0.6500000000000002,0.34317196277814205,0.37,0.6043992272983201,0.5000000000000001,0.25609544052300237,0.4
16874,SP1,2025/2026,24,2026-02-15,Vallecano,Ath Madrid,0.44555644632662184,0.5223320507644528,0.5347560327674512,compact_btts_form,0.6500000000000002,False,0,0,1,0.487064802008969,0.6500000000000002,0.42893771498039135,0.6500000000000002,0.42198387691377254,0.6300000000000002,0.4764847681735268,0.5600000000000002,0.24569949303569052,0.6500000000000002,0.44555644632662184,0.37,0.5560404784368366,0.5000000000000001,0.29806017997012985,0.4
16875,SP1,2025/2026,24,2026-02-15,Levante,Valencia,0.5601810127669327,0.5370912406106777,0.5347560327674512,compact_btts_form,0.6500000000000002,False,1,0,0,0.6135928540987838,0.6500000000000002,0.8168982527340151,0.6500000000000002,0.7572401341000652,0.6300000000000002,0.4442606864375417,0.5600000000000002,0.6927787976046316,0.6500000000000002,0.5601810127669327,0.37,0.850227022707061,0.5000000000000001,0.4639857171441429,0.4
16876,SP1,2025/2026,24,2026-02-15,Mallorca,Betis,0.6240550101343787,0.5455529622002211,0.5347560327674512,compact_btts_form,0.6500000000000002,False,1,1,1,0.6352846252720257,0.6500000000000002,0.6766970931797129,0.6500000000000002,0.5878915982985862,0.6300000000000002,0.5609127213761342,0.5600000000000002,0.5247123260112795,0.6500000000000002,0.6240550101343787,0.37,0.7580799523063764,0.5000000000000001,0.38959558902519087,0.4
16877,SP1,2025/2026,24,2026-02-16,Girona,Barcelona,0.7753226990227227,0.5687787914398309,0.5347560327674512,compact_btts_form,0.6500000000000002,False,1,1,1,0.6743774258654673,0.6500000000000002,0.9014742579602545,0.6500000000000002,0.9071459673767337,0.6300000000000002,0.6522213597706067,0.5600000000000002,0.9218417516670087,0.6500000000000002,0.7753226990227227,0.37,0.9637260764479731,0.5000000000000001,0.8340377130131303,0.4
7090,I1,2025/2026,24,2026-02-18,Milan,Como,0.7999089875502823,0.5734147301779738,0.5347560327674512,compact_btts_form,0.6500000000000002,False,1,1,1,0.7499336012972716,0.6500000000000002,0.7861368946531527,0.6500000000000002,0.7626797392988014,0.6300000000000002,0.7291300450642558,0.5600000000000002,0.9000194762691064,0.6500000000000002,0.7999089875502823,0.37,0.8704023923306181,0.5000000000000001,0.9467878338220126,0.4
9263,D1,2025/2026,24,2026-02-27,Augsburg,FC Koln,0.595903845619914,0.5417748261248196,0.5347560327674512,compact_btts_form,0.6500000000000002,False,1,0,0,0.7392495143962634,0.6500000000000002,0.6242173459906544,0.6500000000000002,0.5342663648493294,0.6300000000000002,0.7185959267475325,0.5600000000000002,0.5848956254495348,0.6500000000000002,0.595903845619914,0.37,0.5962470641601226,0.5000000000000001,0.6068372521492034,0.4
14261,F1,2025/2026,24,2026-02-27,Strasbourg,Lens,0.6297740311275216,0.5463327827642727,0.5347560327674512,compact_btts_form,0.6500000000000002,False,1,1,1,0.6699265160386462,0.6500000000000002,0.7934249387785393,0.6500000000000002,0.7291883190217372,0.6300000000000002,0.5945485243255826,0.5600000000000002,0.6836603550747266,0.6500000000000002,0.6297740311275216,0.37,0.6446459269930619,0.5000000000000001,0.5972565801267138,0.4
9264,D1,2025/2026,24,2026-02-28,Hoffenheim,St Pauli,0.6407944601199478,0.547849122956371,0.5347560327674512,compact_btts_form,0.6500000000000002,False,1,0,0,0.5967687282734406,0.6500000000000002,0.7224437323727861,0.6500000000000002,0.5602672439542392,0.6300000000000002,0.5720998521517375,0.5600000000000002,0.5850447088442775,0.6500000000000002,0.6407944601199478,0.37,0.7354964634299468,0.5000000000000001,0.598081236489029,0.4
9265,D1,2025/2026,24,2026-02-28,Leverkusen,Mainz,0.658874963993886,0.5503805232310789,0.5347560327674512,compact_btts_form,0.6500000000000002,False,1,1,1,0.6953836726320933,0.6500000000000002,0.6715087291267983,0.6500000000000002,0.5588304289730337,0.6300000000000002,0.6604699962033715,0.5600000000000002,0.7176121036089602,0.6500000000000002,0.658874963993886,0.37,0.5764245838003595,0.5000000000000001,0.7438104955769025,0.4
9266,D1,2025/2026,24,2026-02-28,M'gladbach,Union Berlin,0.6661317061349392,0.5514136140061768,0.5347560327674512,compact_btts_form,0.6500000000000002,False,1,0,0,0.6361263723510298,0.6500000000000002,0.6699631280420758,0.6500000000000002,0.5980954654742028,0.6300000000000002,0.5826972017600598,0.5600000000000002,0.675390542415244,0.6500000000000002,0.6661317061349392,0.37,0.6420754530791779,0.5000000000000001,0.5658615891562714,0.4
9267,D1,2025/2026,24,2026-02-28,Werder Bremen,Heidenheim,0.6370088702690152,0.5473261361671421,0.5347560327674512,compact_btts_form,0.6500000000000002,False,1,0,0,0.6872089707584766,0.6500000000000002,0.6967856138849337,0.6500000000000002,0.7657437919727592,0.6300000000000002,0.6727766732403024,0.5600000000000002,0.8399918609649535,0.6500000000000002,0.6370088702690152,0.37,0.7949797203138425,0.5000000000000001,0.7998685475396141,0.4
9268,D1,2025/2026,24,2026-02-28,Dortmund,Bayern Munich,0.8405937174625779,0.5821060306149195,0.5347560327674512,compact_btts_form,0.6500000000000002,False,1,1,1,0.8829416785219083,0.6500000000000002,0.9318375901457231,0.6500000000000002,0.9262222091730468,0.6300000000000002,0.905036455746655,0.5600000000000002,0.9615678895139204,0.6500000000000002,0.8405937174625779,0.37,0.9715851775434362,0.5000000000000001,0.9627829688018771,0.4
14262,F1,2025/2026,24,2026-02-28,Rennes,Toulouse,0.6482808021150199,0.5488902933228244,0.5347560327674512,compact_btts_form,0.6500000000000002,False,1,0,0,0.663821044903666,0.6500000000000002,0.7452717774785864,0.6500000000000002,0.6476626581965539,0.6300000000000002,0.5765601948202735,0.5600000000000002,0.8355233834270052,0.6500000000000002,0.6482808021150199,0.37,0.8098234138751602,0.5000000000000001,0.7781616968390334,0.4
14263,F1,2025/2026,24,2026-02-28,Monaco,Angers,0.4968228211863168,0.5289380774396889,0.5347560327674512,compact_btts_form,0.6500000000000002,False,0,0,1,0.6579858390993449,0.6500000000000002,0.5198253537580868,0.6500000000000002,0.44767294347407305,0.6300000000000002,0.5922627332499448,0.5600000000000002,0.7044464780225961,0.6500000000000002,0.4968228211863168,0.37,0.5977822893605892,0.5000000000000001,0.48466918390820163,0.4
14264,F1,2025/2026,24,2026-02-28,Le Havre,Paris SG,0.5404110592006955,0.5345345809178047,0.5347560327674512,compact_btts_form,0.6500000000000002,False,0,0,1,0.7022310102716275,0.6500000000000002,0.519039564161649,0.6500000000000002,0.33360749447278737,0.6300000000000002,0.5885286396478078,0.5600000000000002,0.727566170183808,0.6500000000000002,0.5404110592006955,0.37,0.63180231396375,0.5000000000000001,0.46512474566746004,0.4
9269,D1,2025/2026,24,2026-03-01,Stuttgart,Wolfsburg,0.6895402120388804,0.5548235788206468,0.5347560327674512,compact_btts_form,0.6500000000000002,False,1,0,0,0.7563526098967496,0.6500000000000002,0.796657479196499,0.6500000000000002,0.8107023431689339,0.6300000000000002,0.8130655065517222,0.5600000000000002,0.8752775045546389,0.6500000000000002,0.6895402120388804,0.37,0.8376737134301717,0.5000000000000001,0.8801284056859521,0.4
9270,D1,2025/2026,24,2026-03-01,Ein Frankfurt,Freiburg,0.7264075930918199,0.5604884279221193,0.5347560327674512,compact_btts_form,0.6500000000000002,False,1,0,0,0.8011368694160721,0.6500000000000002,0.8138995391383942,0.6500000000000002,0.8553059495500549,0.6300000000000002,0.8440104078838809,0.5600000000000002,0.9361072453705821,0.6500000000000002,0.7264075930918199,0.37,0.942543693634591,0.5000000000000001,0.9748328198436742,0.4
9271,D1,2025/2026,24,2026-03-01,Hamburg,RB Leipzig,0.7802016871813222,0.569669301947898,0.5347560327674512,compact_btts_form,0.6500000000000002,False,1,1,1,0.8125314605032571,0.6500000000000002,0.9399728185135905,0.6500000000000002,0.9512680958413797,0.6300000000000002,0.8060171063993864,0.5600000000000002,0.9372924820287388,0.6500000000000002,0.7802016871813222,0.37,0.9476937901188837,0.5000000000000001,0.9147195564722667,0.4
14265,F1,2025/2026,24,2026-03-01,Paris FC,Nice,0.6809294186444642,0.5535545501121542,0.5347560327674512,compact_btts_form,0.6500000000000002,False,1,0,0,0.7315927196282643,0.6500000000000002,0.36747359437658816,0.6500000000000002,0.4492135850158228,0.6300000000000002,0.752467107822663,0.5600000000000002,0.3692789138937251,0.6500000000000002,0.6809294186444642,0.37,0.5102551417229724,0.5000000000000001,0.5535718615286784,0.4
14266,F1,2025/2026,24,2026-03-01,Lille,Nantes,0.5165572492136177,0.5314685159129994,0.5347560327674512,compact_btts_form,0.6500000000000002,False,0,0,1,0.5012365713937149,0.6500000000000002,0.6136606302867166,0.6500000000000002,0.6199481916456364,0.6300000000000002,0.41573018744595247,0.5600000000000002,0.6230656068621556,0.6500000000000002,0.5165572492136177,0.37,0.40559862433156696,0.5000000000000001,0.3513937203823872,0.4
14267,F1,2025/2026,24,2026-03-01,Lorient,Auxerre,0.4786381935515369,0.5266040981671698,0.5347560327674512,compact_btts_form,0.6500000000000002,False,0,1,0,0.6017622782238408,0.6500000000000002,0.4432104776181984,0.6500000000000002,0.37920533633892345,0.6300000000000002,0.4988774728890053,0.5600000000000002,0.5507479712491067,0.6500000000000002,0.4786381935515369,0.37,0.6321924237334571,0.5000000000000001,0.6574652320570712,0.4
14268,F1,2025/2026,24,2026-03-01,Metz,Brest,0.5247388538299129,0.5325186219723057,0.5347560327674512,compact_btts_form,0.6500000000000002,False,0,0,1,0.6441661807129968,0.6500000000000002,0.5501560522302075,0.6500000000000002,0.6015551514610442,0.6300000000000002,0.6452409192104346,0.5600000000000002,0.5942681358383176,0.6500000000000002,0.5247388538299129,0.37,0.4920194733925771,0.5000000000000001,0.6643011246122632,0.4
14269,F1,2025/2026,24,2026-03-01,Marseille,Lyon,0.6109838706294165,0.5437870438722473,0.5347560327674512,compact_btts_form,0.6500000000000002,False,1,1,1,0.6899236626416717,0.6500000000000002,0.48261146163141405,0.6500000000000002,0.36692416385778376,0.6300000000000002,0.6748700546979619,0.5600000000000002,0.42129379413621143,0.6500000000000002,0.6109838706294165,0.37,0.4466357355020696,0.5000000000000001,0.32542962277135645,0.4
11883,E0,2025/2026,25,2026-02-06,Leeds,Nott'm Forest,0.5441699961651695,0.5350193162988619,0.5384378066029909,compact_btts_form,0.6500000000000002,False,0,1,0,0.5142309440684611,0.5600000000000002,0.6508588990209667,0.5500000000000002,0.6360591679422409,0.6200000000000002,0.5134747512396214,0.5300000000000001,0.4570443860532688,0.38,0.5441699961651695,0.6300000000000002,0.6365119500676202,0.6500000000000002,0.5499993165984639,0.6300000000000002
11884,E0,2025/2026,25,2026-02-07,Man United,Tottenham,0.6589619036296103,0.5503928389736535,0.5384378066029909,compact_btts_form,0.6500000000000002,False,1,0,0,0.5876599720058626,0.5600000000000002,0.9112969101437735,0.5500000000000002,0.9051045543487823,0.6200000000000002,0.640477291885565,0.5300000000000001,0.8152320835434763,0.38,0.6589619036296103,0.6300000000000002,0.8229282801296292,0.6500000000000002,0.7522558371245923,0.6300000000000002
11885,E0,2025/2026,25,2026-02-07,Arsenal,Sunderland,0.37996377608305815,0.5136252300945185,0.5384378066029909,compact_btts_form,0.6500000000000002,False,0,0,1,0.38979636439774734,0.5600000000000002,0.5266594170083991,0.5500000000000002,0.5940204048814349,0.6200000000000002,0.4412221145321075,0.5300000000000001,0.429866050046735,0.38,0.37996377608305815,0.6300000000000002,0.4498522971212281,0.6500000000000002,0.2611467507516392,0.6300000000000002
11886,E0,2025/2026,25,2026-02-07,Bournemouth,Aston Villa,0.6167976581088515,0.5445697988992813,0.5384378066029909,compact_btts_form,0.6500000000000002,False,1,1,1,0.5997334901693441,0.5600000000000002,0.5581585189469146,0.5500000000000002,0.5813283566247502,0.6200000000000002,0.6984479574007413,0.5300000000000001,0.22987785394928695,0.38,0.6167976581088515,0.6300000000000002,0.4444366116674471,0.6500000000000002,0.445428363879495,0.6300000000000002
11887,E0,2025/2026,25,2026-02-07,Burnley,West Ham,0.5815880489392881,0.5398856548129634,0.5384378066029909,compact_btts_form,0.6500000000000002,False,1,0,0,0.5382614271179325,0.5600000000000002,0.4695874268355915,0.5500000000000002,0.49794070691613695,0.6200000000000002,0.5451214118639091,0.5300000000000001,0.28021622165923843,0.38,0.5815880489392881,0.6300000000000002,0.5213592812403618,0.6500000000000002,0.27129669336033346,0.6300000000000002
11888,E0,2025/2026,25,2026-02-07,Fulham,Everton,0.5112666251633297,0.5307899591108597,0.5384378066029909,compact_btts_form,0.6500000000000002,False,0,1,0,0.46554913146900656,0.5600000000000002,0.6720372639987324,0.5500000000000002,0.6636041108760036,0.6200000000000002,0.526302414956219,0.5300000000000001,0.45613699557023346,0.38,0.5112666251633297,0.6300000000000002,0.8060039609409042,0.6500000000000002,0.6508079397838423,0.6300000000000002
11889,E0,2025/2026,25,2026-02-07,Wolves,Chelsea,0.5115010523588768,0.5308200203696487,0.5384378066029909,compact_btts_form,0.6500000000000002,False,0,1,0,0.4579601553625917,0.5600000000000002,0.5770834900456983,0.5500000000000002,0.59117490111916,0.6200000000000002,0.49812746443127365,0.5300000000000001,0.3966058723904497,0.38,0.5115010523588768,0.6300000000000002,0.7017150720432727,0.6500000000000002,0.5187341374030765,0.6300000000000002
11890,E0,2025/2026,25,2026-02-07,Newcastle,Brentford,0.707935022963748,0.5575993177253391,0.5384378066029909,compact_btts_form,0.6500000000000002,False,1,1,1,0.6649750638819794,0.5600000000000002,0.6590385114309724,0.5500000000000002,0.7410599593313543,0.6200000000000002,0.7299598801814057,0.5300000000000001,0.6126943969689571,0.38,0.707935022963748,0.6300000000000002,0.8175425552944608,0.6500000000000002,0.681348629689047,0.6300000000000002
11891,E0,2025/2026,25,2026-02-08,Brighton,Crystal Palace,0.618485970863973,0.5447979011189089,0.5384378066029909,compact_btts_form,0.6500000000000002,False,1,0,0,0.4849057261869843,0.5600000000000002,0.8108027237630527,0.5500000000000002,0.8066086188375565,0.6200000000000002,0.44842926482083983,0.5300000000000001,0.4825231661261013,0.38,0.618485970863973,0.6300000000000002,0.7466686732059766,0.6500000000000002,0.41654843182008294,0.6300000000000002
11892,E0,2025/2026,25,2026-02-08,Liverpool,Man City,0.7363451429271128,0.5620910174877265,0.5384378066029909,compact_btts_form,0.6500000000000002,False,1,1,1,0.7089168567952739,0.5600000000000002,0.8003520699163156,0.5500000000000002,0.7971897353302604,0.6200000000000002,0.7921739961084452,0.5300000000000001,0.7398952382373595,0.38,0.7363451429271128,0.6300000000000002,0.7686606807578235,0.6500000000000002,0.7696473448428418,0.6300000000000002
7080,I1,2025/2026,25,2026-02-13,Pisa,Milan,0.5805405574224851,0.5397481297414979,0.5384378066029909,compact_btts_form,0.6500000000000002,False,1,1,1,0.5971325145868196,0.5600000000000002,0.3361315842877101,0.5500000000000002,0.2148486710243382,0.6200000000000002,0.5773715702265338,0.5300000000000001,0.5147151547781792,0.38,0.5805405574224851,0.6300000000000002,0.36728707844966857,0.6500000000000002,0.5231293305988448,0.6300000000000002
7081,I1,2025/2026,25,2026-02-14,Como,Fiorentina,0.6753881805074221,0.5527471815180446,0.5384378066029909,compact_btts_form,0.6500000000000002,False,1,1,1,0.6803044665420739,0.5600000000000002,0.5458345337634793,0.5500000000000002,0.519232476368945,0.6200000000000002,0.7267911985324336,0.5300000000000001,0.7756782466086762,0.38,0.6753881805074221,0.6300000000000002,0.6669530471549474,0.6500000000000002,0.8895397864625474,0.6300000000000002
7082,I1,2025/2026,25,2026-02-14,Lazio,Atalanta,0.656975859341276,0.5501118590606112,0.5384378066029909,compact_btts_form,0.6500000000000002,False,1,0,0,0.5928940338325015,0.5600000000000002,0.6455979869657413,0.5500000000000002,0.5968113918970371,0.6200000000000002,0.5607272180565045,0.5300000000000001,0.756232818477236,0.38,0.656975859341276,0.6300000000000002,0.5060843174160012,0.6500000000000002,0.7916785220312451,0.6300000000000002
7083,I1,2025/2026,25,2026-02-14,Inter,Juventus,0.6159101772295762,0.544450039792289,0.5384378066029909,compact_btts_form,0.6500000000000002,False,1,1,1,0.5999386000777214,0.5600000000000002,0.7584077812454275,0.5500000000000002,0.6044872237175463,0.6200000000000002,0.6054036918393212,0.5300000000000001,0.9125723145559399,0.38,0.6159101772295762,0.6300000000000002,0.7363463516133997,0.6500000000000002,0.9117532555507325,0.6300000000000002
7084,I1,2025/2026,25,2026-02-15,Udinese,Sassuolo,0.6685549530807527,0.5517609672084969,0.5384378066029909,compact_btts_form,0.6500000000000002,False,1,1,1,0.6265877465347497,0.5600000000000002,0.43886767673125904,0.5500000000000002,0.30146759952142027,0.6200000000000002,0.6577907178149492,0.5300000000000001,0.39239788765594585,0.38,0.6685549530807527,0.6300000000000002,0.42655676165169537,0.6500000000000002,0.5371390743891955,0.6300000000000002
7085,I1,2025/2026,25,2026-02-15,Cremonese,Genoa,0.6515274378745932,0.5493448142115932,0.5384378066029909,compact_btts_form,0.6500000000000002,False,1,0,0,0.571720828308185,0.5600000000000002,0.6826964853702938,0.5500000000000002,0.5783835370478393,0.6200000000000002,0.4968068776474594,0.5300000000000001,0.8104225891703932,0.38,0.6515274378745932,0.6300000000000002,0.7340238589594823,0.6500000000000002,0.7974034020338926,0.6300000000000002
7086,I1,2025/2026,25,2026-02-15,Parma,Verona,0.5981561202726527,0.5420738148600209,0.5384378066029909,compact_btts_form,0.6500000000000002,False,1,1,1,0.49728327175605136,0.5600000000000002,0.6432152539017358,0.5500000000000002,0.38852166924649684,0.6200000000000002,0.4010410518839823,0.5300000000000001,0.6843281566835017,0.38,0.5981561202726527,0.6300000000000002,0.6255374918701189,0.6500000000000002,0.5264660030194903,0.6300000000000002
7087,I1,2025/2026,25,2026-02-15,Torino,Bologna,0.6243731350018191,0.5455962201487862,0.5384378066029909,compact_btts_form,0.6500000000000002,False,1,1,1,0.6260935341206679,0.5600000000000002,0.48449765714573817,0.5500000000000002,0.46250594522906197,0.6200000000000002,0.6200630235675855,0.5300000000000001,0.48802193679362776,0.38,0.6243731350018191,0.6300000000000002,0.5023033489276469,0.6500000000000002,0.6970033053167298,0.6300000000000002
7088,I1,2025/2026,25,2026-02-15,Napoli,Roma,0.5577091230512669,0.5367704969933478,0.5384378066029909,compact_btts_form,0.6500000000000002,False,0,1,0,0.5558680254118741,0.5600000000000002,0.45848974193976627,0.5500000000000002,0.3622459667463138,0.6200000000000002,0.5360752569313547,0.5300000000000001,0.5901188019266602,0.38,0.5577091230512669,0.6300000000000002,0.6597688979377639,0.6500000000000002,0.5307186439248686,0.6300000000000002
7089,I1,2025/2026,25,2026-02-16,Cagliari,Lecce,0.5244464519689991,0.5324810711974248,0.5384378066029909,compact_btts_form,0.6500000000000002,False,0,0,1,0.6022211698211871,0.5600000000000002,0.36342290854352566,0.5500000000000002,0.32063342191471556,0.6200000000000002,0.6628513686041805,0.5300000000000001,0.64491478888544,0.38,0.5244464519689991,0.6300000000000002,0.7549804302682327,0.6500000000000002,0.8308699937312088,0.6300000000000002
16879,SP1,2025/2026,25,2026-02-20,Ath Bilbao,Elche,0.4591830904732998,0.5240975355801356,0.5384378066029909,compact_btts_form,0.6500000000000002,False,0,1,0,0.501021788370401,0.5600000000000002,0.4457856176214979,0.5500000000000002,0.3360294664255716,0.6200000000000002,0.36551851995157425,0.5300000000000001,0.3443034102931111,0.38,0.4591830904732998,0.6300000000000002,0.48926596118106946,0.6500000000000002,0.13587005225375887,0.6300000000000002
16880,SP1,2025/2026,25,2026-02-21,Sociedad,Oviedo,0.356665852828088,0.5104054943697028,0.5384378066029909,compact_btts_form,0.6500000000000002,False,0,1,0,0.3146279553404047,0.5600000000000002,0.5462753791983902,0.5500000000000002,0.5115732894168528,0.6200000000000002,0.2751476218583086,0.5300000000000001,0.31324554104978397,0.38,0.356665852828088,0.6300000000000002,0.44607987361162216,0.6500000000000002,0.10135244400620147,0.6300000000000002
16881,SP1,2025/2026,25,2026-02-21,Betis,Vallecano,0.6377689189101419,0.5474309562325086,0.5384378066029909,compact_btts_form,0.6500000000000002,False,1,1,1,0.5987696281961175,0.5600000000000002,0.7198892570756574,0.5500000000000002,0.69918703498951,0.6200000000000002,0.5556013691086501,0.5300000000000001,0.7062141412056714,0.38,0.6377689189101419,0.6300000000000002,0.8328664064671046,0.6500000000000002,0.5811277673749979,0.6300000000000002
16882,SP1,2025/2026,25,2026-02-21,Osasuna,Real Madrid,0.6598041836330656,0.5505122305404612,0.5384378066029909,compact_btts_form,0.6500000000000002,False,1,1,1,0.679815269298597,0.5600000000000002,0.7501371146183375,0.5500000000000002,0.7620150896168303,0.6200000000000002,0.6318378160544749,0.5300000000000001,0.7506720166119439,0.38,0.6598041836330656,0.6300000000000002,0.7534975426892501,0.6500000000000002,0.47421326671792,0.6300000000000002
16883,SP1,2025/2026,25,2026-02-21,Ath Madrid,Espanol,0.483388896019009,0.5272144125779209,0.5384378066029909,compact_btts_form,0.6500000000000002,False,0,1,0,0.4330808089266141,0.5600000000000002,0.4083157197839304,0.5500000000000002,0.4286352390004073,0.6200000000000002,0.39718381197628727,0.5300000000000001,0.20909469111820062,0.38,0.483388896019009,0.6300000000000002,0.24584953111736627,0.6500000000000002,0.09155610712957034,0.6300000000000002
16884,SP1,2025/2026,25,2026-02-22,Getafe,Sevilla,0.36366609040191455,0.5113820845321437,0.5384378066029909,compact_btts_form,0.6500000000000002,False,0,0,1,0.29573401604344374,0.5600000000000002,0.6075368432774939,0.5500000000000002,0.5262434688944492,0.6200000000000002,0.20323865089554372,0.5300000000000001,0.2502477996877655,0.38,0.36366609040191455,0.6300000000000002,0.48405225267605134,0.6500000000000002,0.1307358940043124,0.6300000000000002
16885,SP1,2025/2026,25,2026-02-22,Barcelona,Levante,0.6350464033569434,0.5470559031993483,0.5384378066029909,compact_btts_form,0.6500000000000002,False,1,0,0,0.702610222223272,0.5600000000000002,0.6323397670378438,0.5500000000000002,0.6801011789613839,0.6200000000000002,0.7433405690542305,0.5300000000000001,0.6961170018212283,0.38,0.6350464033569434,0.6300000000000002,0.7568636482232912,0.6500000000000002,0.49256909683978634,0.6300000000000002
16886,SP1,2025/2026,25,2026-02-22,Celta,Mallorca,0.6028350394916625,0.5426966189285806,0.5384378066029909,compact_btts_form,0.6500000000000002,False,1,0,0,0.5807906454380343,0.5600000000000002,0.5773289244213741,0.5500000000000002,0.5252948341639568,0.6200000000000002,0.5507913882736377,0.5300000000000001,0.661932891408267,0.38,0.6028350394916625,0.6300000000000002,0.7569647212966999,0.6500000000000002,0.4380461063150418,0.6300000000000002
16887,SP1,2025/2026,25,2026-02-22,Villarreal,Valencia,0.4804205596975968,0.5268331372723524,0.5384378066029909,compact_btts_form,0.6500000000000002,False,0,1,0,0.5836095659154071,0.5600000000000002,0.611062767331267,0.5500000000000002,0.6248848802340321,0.6200000000000002,0.5480146791787589,0.5300000000000001,0.47747954219794064,0.38,0.4804205596975968,0.6300000000000002,0.5241806070493354,0.6500000000000002,0.3004221856469392,0.6300000000000002
16888,SP1,2025/2026,25,2026-02-23,Alaves,Girona,0.46038606193363574,0.5242529471350782,0.5384378066029909,compact_btts_form,0.6500000000000002,False,0,1,0,0.38310327025253166,0.5600000000000002,0.6619335269555976,0.5500000000000002,0.6222151004872837,0.6200000000000002,0.303782437026986,0.5300000000000001,0.46632495247275346,0.38,0.46038606193363574,0.6300000000000002,0.7536517289260674,0.6500000000000002,0.28117356123138365,0.6300000000000002
9273,D1,2025/2026,25,2026-03-06,Bayern Munich,M'gladbach,0.7658138005958007,0.567080591174744,0.5384378066029909,compact_btts_form,0.6500000000000002,False,1,1,1,0.7601393006912601,0.5600000000000002,0.8671102962853114,0.5500000000000002,0.829937964492442,0.6200000000000002,0.7524033868448909,0.5300000000000001,0.7885184572756928,0.38,0.7658138005958007,0.6300000000000002,0.9282015773476612,0.6500000000000002,0.886210013049086,0.6300000000000002
14270,F1,2025/2026,25,2026-03-06,Paris SG,Monaco,0.7030964004992835,0.5568600553952479,0.5384378066029909,compact_btts_form,0.6500000000000002,False,1,1,1,0.7533871966444723,0.5600000000000002,0.7290540760430906,0.5500000000000002,0.606080079794292,0.6200000000000002,0.6183853073484396,0.5300000000000001,0.8911439603107767,0.38,0.7030964004992835,0.6300000000000002,0.869104880912229,0.6500000000000002,0.7038087691967518,0.6300000000000002
9274,D1,2025/2026,25,2026-03-07,Freiburg,Leverkusen,0.6207864858572062,0.5451093099551901,0.5384378066029909,compact_btts_form,0.6500000000000002,False,1,1,1,0.7765840908957464,0.5600000000000002,0.8845145467575006,0.5500000000000002,0.9022178049782374,0.6200000000000002,0.7518239602925063,0.5300000000000001,0.9176423953961937,0.38,0.6207864858572062,0.6300000000000002,0.8655723404501496,0.6500000000000002,0.9357676003890782,0.6300000000000002
9275,D1,2025/2026,25,2026-03-07,Heidenheim,Hoffenheim,0.6996782375746976,0.5563418589236891,0.5384378066029909,compact_btts_form,0.6500000000000002,False,1,1,1,0.749255608109873,0.5600000000000002,0.8314423348561827,0.5500000000000002,0.8725407781673234,0.6200000000000002,0.7553882166285396,0.5300000000000001,0.9078677959514394,0.38,0.6996782375746976,0.6300000000000002,0.874394073628752,0.6500000000000002,0.919225532263833,0.6300000000000002
9276,D1,2025/2026,25,2026-03-07,Mainz,Stuttgart,0.7053468627144516,0.5572030408625097,0.5384378066029909,compact_btts_form,0.6500000000000002,False,1,1,1,0.689136449092341,0.5600000000000002,0.802699314435816,0.5500000000000002,0.8051479379542309,0.6200000000000002,0.7020718527022495,0.5300000000000001,0.5705689688480279,0.38,0.7053468627144516,0.6300000000000002,0.7500836234118152,0.6500000000000002,0.7488669537713646,0.6300000000000002
9277,D1,2025/2026,25,2026-03-07,RB Leipzig,Augsburg,0.7402965855802336,0.5627385964255994,0.5384378066029909,compact_btts_form,0.6500000000000002,False,1,1,1,0.6995608340537416,0.5600000000000002,0.946595361571263,0.5500000000000002,0.9442880970582597,0.6200000000000002,0.6353459446171825,0.5300000000000001,0.9823119929718851,0.38,0.7402965855802336,0.6300000000000002,0.9685570688299769,0.6500000000000002,0.9565243866796145,0.6300000000000002
9278,D1,2025/2026,25,2026-03-07,Wolfsburg,Hamburg,0.739151782564446,0.5625503520761758,0.5384378066029909,compact_btts_form,0.6500000000000002,False,1,1,1,0.7764143436578347,0.5600000000000002,0.6338010142804644,0.5500000000000002,0.44226091225793746,0.6200000000000002,0.6918914633729146,0.5300000000000001,0.6187843943467636,0.38,0.739151782564446,0.6300000000000002,0.7003733527766766,0.6500000000000002,0.5407293268220195,0.6300000000000002
9279,D1,2025/2026,25,2026-03-07,FC Koln,Dortmund,0.6902965749040312,0.5549359250404974,0.5384378066029909,compact_btts_form,0.6500000000000002,False,1,1,1,0.768311218870261,0.5600000000000002,0.8812595946287994,0.5500000000000002,0.8778294071833902,0.6200000000000002,0.7009675282867577,0.5300000000000001,0.9580086288626356,0.38,0.6902965749040312,0.6300000000000002,0.9217287708348171,0.6500000000000002,0.929603184067714,0.6300000000000002
14271,F1,2025/2026,25,2026-03-07,Nantes,Angers,0.4687680666585978,0.5253341317220742,0.5384378066029909,compact_btts_form,0.6500000000000002,False,0,0,1,0.5655266682238165,0.5600000000000002,0.5896813487185748,0.5500000000000002,0.4777363747456676,0.6200000000000002,0.44247341863433876,0.5300000000000001,0.777762815523346,0.38,0.4687680666585978,0.6300000000000002,0.7652205041809015,0.6500000000000002,0.6815890613572506,0.6300000000000002
14272,F1,2025/2026,25,2026-03-07,Auxerre,Strasbourg,0.4893869896971844,0.5279843239199232,0.5384378066029909,compact_btts_form,0.6500000000000002,False,0,0,1,0.5287870263284232,0.5600000000000002,0.557871315298244,0.5500000000000002,0.6080505450099417,0.6200000000000002,0.4907843160291856,0.5300000000000001,0.5240427085895113,0.38,0.4893869896971844,0.6300000000000002,0.4180869417321547,0.6500000000000002,0.5531119113485137,0.6300000000000002
14273,F1,2025/2026,25,2026-03-07,Toulouse,Marseille,0.7612125515843509,0.5662755175338605,0.5384378066029909,compact_btts_form,0.6500000000000002,False,1,0,0,0.698642622533848,0.5600000000000002,0.7278420292918064,0.5500000000000002,0.7121284765173527,0.6200000000000002,0.6566745636194609,0.5300000000000001,0.7841815257558907,0.38,0.7612125515843509,0.6300000000000002,0.7749176723297404,0.6500000000000002,0.6765424987733599,0.6300000000000002
9280,D1,2025/2026,25,2026-03-08,St Pauli,Ein Frankfurt,0.5313946351496788,0.5333739090895283,0.5384378066029909,compact_btts_form,0.6500000000000002,False,0,0,1,0.6256384358069434,0.5600000000000002,0.649737192978902,0.5500000000000002,0.7176540881983942,0.6200000000000002,0.5562662743151775,0.5300000000000001,0.5131763410841589,0.38,0.5313946351496788,0.6300000000000002,0.7392266175313672,0.6500000000000002,0.6115898740340662,0.6300000000000002
9281,D1,2025/2026,25,2026-03-08,Union Berlin,Werder Bremen,0.5705273382169992,0.5384378066029909,0.5384378066029909,compact_btts_form,0.6500000000000002,False,1,1,1,0.6487535952901093,0.5600000000000002,0.6145987534720059,0.5500000000000002,0.6231518286639329,0.6200000000000002,0.6065566942248396,0.5300000000000001,0.572650535960689,0.38,0.5705273382169992,0.6300000000000002,0.623230258983227,0.6500000000000002,0.7168094735407721,0.6300000000000002
14274,F1,2025/2026,25,2026-03-08,Lens,Metz,0.4967737479037422,0.5289317848173699,0.5384378066029909,compact_btts_form,0.6500000000000002,False,0,0,1,0.6583246784948784,0.5600000000000002,0.5050643345284412,0.5500000000000002,0.5229908259853693,0.6200000000000002,0.5679845219866987,0.5300000000000001,0.6472749638110754,0.38,0.4967737479037422,0.6300000000000002,0.6617731557377481,0.6500000000000002,0.5316616704421191,0.6300000000000002
14275,F1,2025/2026,25,2026-03-08,Brest,Le Havre,0.5797488548394597,0.5396442464443466,0.5384378066029909,compact_btts_form,0.6500000000000002,False,1,0,0,0.6390720262658339,0.5600000000000002,0.4217433837889682,0.5500000000000002,0.34813494507374504,0.6200000000000002,0.6572649297328107,0.5300000000000001,0.6138006356492118,0.38,0.5797488548394597,0.6300000000000002,0.6818234444195127,0.6500000000000002,0.6410931414793493,0.6300000000000002
14276,F1,2025/2026,25,2026-03-08,Lille,Lorient,0.5408825049692699,0.5345953463455917,0.5384378066029909,compact_btts_form,0.6500000000000002,False,0,1,0,0.5931353276537313,0.5600000000000002,0.7081099701274267,0.5500000000000002,0.5954181336723834,0.6200000000000002,0.5101369941708466,0.5300000000000001,0.8672904765733853,0.38,0.5408825049692699,0.6300000000000002,0.6087012693485312,0.6500000000000002,0.5348928201015181,0.6300000000000002
14277,F1,2025/2026,25,2026-03-08,Nice,Rennes,0.6644076106611412,0.5511672140530365,0.5384378066029909,compact_btts_form,0.6500000000000002,False,1,0,0,0.7471328183806699,0.5600000000000002,0.6169069909877246,0.5500000000000002,0.5939457278818454,0.6200000000000002,0.7372542005270449,0.5300000000000001,0.6686526212796466,0.38,0.6644076106611412,0.6300000000000002,0.5646543584447091,0.6500000000000002,0.5633719036586832,0.6300000000000002
14278,F1,2025/2026,25,2026-03-08,Lyon,Paris FC,0.5801927743489143,0.5397024891245061,0.5384378066029909,compact_btts_form,0.6500000000000002,False,1,1,1,0.6549605656810931,0.5600000000000002,0.6028338831467907,0.5500000000000002,0.516149722545706,0.6200000000000002,0.5733670448525683,0.5300000000000001,0.7956568359231936,0.38,0.5801927743489143,0.6300000000000002,0.4262670468243352,0.6500000000000002,0.4244320966293646,0.6300000000000002
11893,E0,2025/2026,26,2026-02-10,Chelsea,Leeds,0.5483375090146683,0.5355574237485489,0.5378348018084853,compact_btts_form,0.6500000000000002,False,0,1,0,0.4958979903946464,0.5500000000000002,0.6201533007097118,0.36,0.44931725747202816,0.5900000000000002,0.42984787847277567,0.5100000000000001,0.38797484275612265,0.38,0.5483375090146683,0.6200000000000002,0.5646062746657047,0.6400000000000002,0.18220509823716996,0.4900000000000001
11894,E0,2025/2026,26,2026-02-10,Everton,Bournemouth,0.6473894383830398,0.548765827935142,0.5378348018084853,compact_btts_form,0.6500000000000002,False,1,1,1,0.6001506469233179,0.5500000000000002,0.5825137234950286,0.36,0.5727939759447293,0.5900000000000002,0.5937529319753364,0.5100000000000001,0.34050541349117114,0.38,0.6473894383830398,0.6200000000000002,0.6325891518841972,0.6400000000000002,0.3536325131799795,0.4900000000000001
11895,E0,2025/2026,26,2026-02-10,Tottenham,Newcastle,0.7201817539660249,0.5595022705038091,0.5378348018084853,compact_btts_form,0.6500000000000002,False,1,1,1,0.6852916024445376,0.5500000000000002,0.8480778433290167,0.36,0.8023693377912167,0.5900000000000002,0.6281243458818669,0.5100000000000001,0.7988064605831927,0.38,0.7201817539660249,0.6200000000000002,0.8741473297903657,0.6400000000000002,0.6119768467933735,0.4900000000000001
11896,E0,2025/2026,26,2026-02-10,West Ham,Man United,0.6666067846155653,0.5514816169056443,0.5378348018084853,compact_btts_form,0.6500000000000002,False,1,1,1,0.5935678696389456,0.5500000000000002,0.7158569944804276,0.36,0.7276697478606958,0.5900000000000002,0.6006093295865984,0.5100000000000001,0.45250767610851667,0.38,0.6666067846155653,0.6200000000000002,0.7237974464440795,0.6400000000000002,0.3895163757390919,0.4900000000000001
11897,E0,2025/2026,26,2026-02-11,Aston Villa,Brighton,0.6163713385039928,0.544512257748338,0.5378348018084853,compact_btts_form,0.6500000000000002,False,1,0,0,0.5339953511577744,0.5500000000000002,0.8028385261892552,0.36,0.7869933223154207,0.5900000000000002,0.5214345381466431,0.5100000000000001,0.6238669554911161,0.38,0.6163713385039928,0.6200000000000002,0.7319770814634823,0.6400000000000002,0.7313455939308479,0.4900000000000001
11898,E0,2025/2026,26,2026-02-11,Crystal Palace,Burnley,0.3599744912863674,0.5108681213812657,0.5378348018084853,compact_btts_form,0.6500000000000002,False,0,1,0,0.3676898586712165,0.5500000000000002,0.3389329250278282,0.36,0.1562868186702134,0.5900000000000002,0.27653748926112154,0.5100000000000001,0.17179614149651964,0.38,0.3599744912863674,0.6200000000000002,0.31246069050736974,0.6400000000000002,0.10616361637673007,0.4900000000000001
11899,E0,2025/2026,26,2026-02-11,Man City,Fulham,0.6273245132022115,0.54599821150175,0.5378348018084853,compact_btts_form,0.6500000000000002,False,1,0,0,0.580327259988675,0.5500000000000002,0.7259319040871268,0.36,0.6986409260033164,0.5900000000000002,0.5882297791614746,0.5100000000000001,0.7135919093375629,0.38,0.6273245132022115,0.6200000000000002,0.8766817395827265,0.6400000000000002,0.6537230824077765,0.4900000000000001
11900,E0,2025/2026,26,2026-02-11,Nott'm Forest,Wolves,0.3595772593636014,0.5108126790445247,0.5378348018084853,compact_btts_form,0.6500000000000002,False,0,0,1,0.32088704089654707,0.5500000000000002,0.5182808998480518,0.36,0.46081318426092155,0.5900000000000002,0.2444047413195543,0.5100000000000001,0.24478486920367643,0.38,0.3595772593636014,0.6200000000000002,0.4444378846238548,0.6400000000000002,0.17984652143875504,0.4900000000000001
11901,E0,2025/2026,26,2026-02-11,Sunderland,Liverpool,0.5964644542920932,0.5418491989045501,0.5378348018084853,compact_btts_form,0.6500000000000002,False,1,0,0,0.5994896811936604,0.5500000000000002,0.7793509149822683,0.36,0.8816303707328856,0.5900000000000002,0.6390338424148981,0.5100000000000001,0.7205224945905566,0.38,0.5964644542920932,0.6200000000000002,0.8358586324715926,0.6400000000000002,0.7401750795369605,0.4900000000000001
11902,E0,2025/2026,26,2026-02-12,Brentford,Arsenal,0.4732386302984476,0.5259097200061391,0.5378348018084853,compact_btts_form,0.6500000000000002,False,0,1,0,0.5002896551457413,0.5500000000000002,0.3775142747540517,0.36,0.44572768982686406,0.5900000000000002,0.5297964862772729,0.5100000000000001,0.27780365084484965,0.38,0.4732386302984476,0.6200000000000002,0.4902114706778563,0.6400000000000002,0.3084563974863766,0.4900000000000001
7091,I1,2025/2026,26,2026-02-20,Sassuolo,Verona,0.5011550353964429,0.5294935398167855,0.5378348018084853,compact_btts_form,0.6500000000000002,False,0,0,1,0.42960117807760334,0.5500000000000002,0.38142324776940123,0.36,0.2927132795862344,0.5900000000000002,0.36981537061789616,0.5100000000000001,0.39056834179953115,0.38,0.5011550353964429,0.6200000000000002,0.3680697230396214,0.6400000000000002,0.42288671088019647,0.4900000000000001
7092,I1,2025/2026,26,2026-02-21,Juventus,Como,0.6786124909401382,0.5532161139231788,0.5378348018084853,compact_btts_form,0.6500000000000002,False,1,0,0,0.6927643097929047,0.5500000000000002,0.41754083666889835,0.36,0.34870497667518857,0.5900000000000002,0.7276689757708699,0.5100000000000001,0.5827006077236254,0.38,0.6786124909401382,0.6200000000000002,0.6736622013080713,0.6400000000000002,0.732825586655887,0.4900000000000001
7093,I1,2025/2026,26,2026-02-21,Lecce,Inter,0.42242347778820544,0.5193077664013915,0.5378348018084853,compact_btts_form,0.6500000000000002,False,0,0,1,0.3885847606425258,0.5500000000000002,0.3955821807271412,0.36,0.27459767171402444,0.5900000000000002,0.3397003179525907,0.5100000000000001,0.5614533226977495,0.38,0.42242347778820544,0.6200000000000002,0.25644636432658224,0.6400000000000002,0.3881972541748062,0.4900000000000001
7094,I1,2025/2026,26,2026-02-21,Cagliari,Lazio,0.4845051655396219,0.5273577459897864,0.5378348018084853,compact_btts_form,0.6500000000000002,False,0,0,1,0.5276656948896706,0.5500000000000002,0.4003563208267951,0.36,0.42811628567839866,0.5900000000000002,0.5688779420056531,0.5100000000000001,0.6469698839926178,0.38,0.4845051655396219,0.6200000000000002,0.43787025641560506,0.6400000000000002,0.7391853207559308,0.4900000000000001
7095,I1,2025/2026,26,2026-02-22,Genoa,Torino,0.6103405482466981,0.5437006804533471,0.5378348018084853,compact_btts_form,0.6500000000000002,False,1,0,0,0.5025888086851317,0.5500000000000002,0.5313208337584946,0.36,0.4264847426655333,0.5900000000000002,0.5168567051807486,0.5100000000000001,0.6705797844534852,0.38,0.6103405482466981,0.6200000000000002,0.36866224498269584,0.6400000000000002,0.5119841004447273,0.4900000000000001
7096,I1,2025/2026,26,2026-02-22,Atalanta,Napoli,0.7335322212535296,0.5616336877987449,0.5378348018084853,compact_btts_form,0.6500000000000002,False,1,1,1,0.6419472373652851,0.5500000000000002,0.7357159268515804,0.36,0.7000084599117131,0.5900000000000002,0.6393972012717934,0.5100000000000001,0.7762833012771689,0.38,0.7335322212535296,0.6200000000000002,0.8441763412450968,0.6400000000000002,0.8373967021418163,0.4900000000000001
7097,I1,2025/2026,26,2026-02-22,Milan,Parma,0.5712707273074322,0.5385348313078367,0.5378348018084853,compact_btts_form,0.6500000000000002,False,1,0,0,0.48398539029235016,0.5500000000000002,0.5729403794444314,0.36,0.5348618018543444,0.5900000000000002,0.4589027355658292,0.5100000000000001,0.7630011833929116,0.38,0.5712707273074322,0.6200000000000002,0.4871273817356005,0.6400000000000002,0.7088664788850878,0.4900000000000001
7098,I1,2025/2026,26,2026-02-22,Roma,Cremonese,0.4699189874095858,0.5254823780664047,0.5378348018084853,compact_btts_form,0.6500000000000002,False,0,0,1,0.47360930477480584,0.5500000000000002,0.424866937821142,0.36,0.32837280578713246,0.5900000000000002,0.4750353978392705,0.5100000000000001,0.5973544853802268,0.38,0.4699189874095858,0.6200000000000002,0.35667147260971677,0.6400000000000002,0.48274298702283475,0.4900000000000001
7099,I1,2025/2026,26,2026-02-23,Fiorentina,Pisa,0.6066830156425195,0.5432105907180804,0.5378348018084853,compact_btts_form,0.6500000000000002,False,1,0,0,0.5393138469221349,0.5500000000000002,0.7838402862081263,0.36,0.7513878592177928,0.5900000000000002,0.4208098814009449,0.5100000000000001,0.8172912130947791,0.38,0.6066830156425195,0.6200000000000002,0.8555995396711727,0.6400000000000002,0.805298619560618,0.4900000000000001
7100,I1,2025/2026,26,2026-02-23,Bologna,Udinese,0.536016042197981,0.5339684845133629,0.5378348018084853,compact_btts_form,0.6500000000000002,False,0,0,1,0.5431166586140778,0.5500000000000002,0.48874978711561057,0.36,0.3262226416938701,0.5900000000000002,0.523863693822662,0.5100000000000001,0.6598911016349545,0.38,0.536016042197981,0.6200000000000002,0.38198723925867356,0.6400000000000002,0.5155388935901172,0.4900000000000001
16889,SP1,2025/2026,26,2026-02-27,Levante,Alaves,0.5818378171969107,0.5399184601858718,0.5378348018084853,compact_btts_form,0.6500000000000002,False,1,0,0,0.5255084232699687,0.5500000000000002,0.8115799990858292,0.36,0.8394891268600632,0.5900000000000002,0.5143304192169478,0.5100000000000001,0.6633988695140084,0.38,0.5818378171969107,0.6200000000000002,0.8806975607734525,0.6400000000000002,0.6394198565121285,0.4900000000000001
16890,SP1,2025/2026,26,2026-02-28,Vallecano,Ath Bilbao,0.5925689265984582,0.5413330416899648,0.5378348018084853,compact_btts_form,0.6500000000000002,False,1,1,1,0.5941575522001106,0.5500000000000002,0.5212902861371471,0.36,0.4179692119117472,0.5900000000000002,0.45203272214908374,0.5100000000000001,0.3052912739341656,0.38,0.5925689265984582,0.6200000000000002,0.580522848102854,0.6400000000000002,0.1713766039304048,0.4900000000000001
16891,SP1,2025/2026,26,2026-02-28,Barcelona,Villarreal,0.7224208139128027,0.5598554129015845,0.5378348018084853,compact_btts_form,0.6500000000000002,False,1,1,1,0.7944195590345511,0.5500000000000002,0.7761439906107145,0.36,0.7935357862221264,0.5900000000000002,0.7897253291800831,0.5100000000000001,0.7169273247175436,0.38,0.7224208139128027,0.6200000000000002,0.7753117259916514,0.6400000000000002,0.3764661464500522,0.4900000000000001
16892,SP1,2025/2026,26,2026-02-28,Mallorca,Sociedad,0.6396585871842314,0.5476919599441841,0.5378348018084853,compact_btts_form,0.6500000000000002,False,1,0,0,0.581190967008394,0.5500000000000002,0.8288772492273521,0.36,0.7795390087790315,0.5900000000000002,0.4981156362810252,0.5100000000000001,0.6927910188651215,0.38,0.6396585871842314,0.6200000000000002,0.8505509904333499,0.6400000000000002,0.6025027101512344,0.4900000000000001
16893,SP1,2025/2026,26,2026-02-28,Oviedo,Ath Madrid,0.40454445562732083,0.5169393796348142,0.5378348018084853,compact_btts_form,0.6500000000000002,False,0,0,1,0.456279181654936,0.5500000000000002,0.37003164783813586,0.36,0.44617286113692833,0.5900000000000002,0.4303215720365801,0.5100000000000001,0.2544979360617544,0.38,0.40454445562732083,0.6200000000000002,0.37624358518203194,0.6400000000000002,0.10982746762410486,0.4900000000000001
16894,SP1,2025/2026,26,2026-03-01,Elche,Espanol,0.6573263578775413,0.5501613921077186,0.5378348018084853,compact_btts_form,0.6500000000000002,False,1,1,1,0.5356754904132167,0.5500000000000002,0.7443211156467011,0.36,0.5681272310513796,0.5900000000000002,0.39647183433630095,0.5100000000000001,0.5149002649003496,0.38,0.6573263578775413,0.6200000000000002,0.6736425608929224,0.6400000000000002,0.22458395500971803,0.4900000000000001
16895,SP1,2025/2026,26,2026-03-01,Valencia,Osasuna,0.5619479655465107,0.5373207318470279,0.5378348018084853,compact_btts_form,0.6500000000000002,False,0,0,1,0.5617771233358735,0.5500000000000002,0.4148405019540122,0.36,0.4712468661197082,0.5900000000000002,0.572744418161887,0.5100000000000001,0.27106437247030474,0.38,0.5619479655465107,0.6200000000000002,0.690099407733122,0.6400000000000002,0.2681620842811375,0.4900000000000001
16896,SP1,2025/2026,26,2026-03-01,Betis,Sevilla,0.5559221364709742,0.5365388368965633,0.5378348018084853,compact_btts_form,0.6500000000000002,False,0,1,0,0.522723603921337,0.5500000000000002,0.8169083767544438,0.36,0.7179006019730966,0.5900000000000002,0.4180432818605853,0.5100000000000001,0.7392762122910577,0.38,0.5559221364709742,0.6200000000000002,0.855750903243122,0.6400000000000002,0.44825223668788994,0.4900000000000001
16897,SP1,2025/2026,26,2026-03-01,Girona,Celta,0.6524666522830141,0.5494766520190332,0.5378348018084853,compact_btts_form,0.6500000000000002,False,1,1,1,0.6786970162395689,0.5500000000000002,0.8627963391215038,0.36,0.8349569880020471,0.5900000000000002,0.5660575358127294,0.5100000000000001,0.8901401034596277,0.38,0.6524666522830141,0.6200000000000002,0.9173521935762854,0.6400000000000002,0.7120599033579219,0.4900000000000001
16898,SP1,2025/2026,26,2026-03-02,Real Madrid,Getafe,0.48377246274484237,0.5272636668944389,0.5378348018084853,compact_btts_form,0.6500000000000002,False,0,0,1,0.48756011809534183,0.5500000000000002,0.5151464424177384,0.36,0.45198516596253385,0.5900000000000002,0.42860987935128664,0.5100000000000001,0.21872963962727943,0.38,0.48377246274484237,0.6200000000000002,0.5767031815331493,0.6400000000000002,0.12740877418084923,0.4900000000000001
9282,D1,2025/2026,26,2026-03-13,M'gladbach,St Pauli,0.5659006931912862,0.5378348018084853,0.5378348018084853,compact_btts_form,0.6500000000000002,False,1,0,0,0.5235427421251241,0.5500000000000002,0.6711996286033602,0.36,0.639654180765897,0.5900000000000002,0.44127574191306945,0.5100000000000001,0.5075484000183776,0.38,0.5659006931912862,0.6200000000000002,0.7084342310407592,0.6400000000000002,0.5229892893312089,0.4900000000000001
14279,F1,2025/2026,26,2026-03-13,Marseille,Auxerre,0.5631154088078084,0.5374724619464528,0.5378348018084853,compact_btts_form,0.6500000000000002,False,0,0,1,0.6287373137922453,0.5500000000000002,0.42223335930935135,0.36,0.4175056228152645,0.5900000000000002,0.5656015276469094,0.5100000000000001,0.6034618841159791,0.38,0.5631154088078084,0.6200000000000002,0.3331463384542169,0.6400000000000002,0.641744819165166,0.4900000000000001
9283,D1,2025/2026,26,2026-03-14,Dortmund,Augsburg,0.6705257281676262,0.5520443694465909,0.5378348018084853,compact_btts_form,0.6500000000000002,False,1,0,0,0.6577311903246236,0.5500000000000002,0.9080306750886087,0.36,0.9067507785756671,0.5900000000000002,0.5763734937887076,0.5100000000000001,0.9438237214673388,0.38,0.6705257281676262,0.6200000000000002,0.9582012566921801,0.6400000000000002,0.9359297530642986,0.4900000000000001
9284,D1,2025/2026,26,2026-03-14,Ein Frankfurt,Heidenheim,0.600540585116307,0.5423909189071136,0.5378348018084853,compact_btts_form,0.6500000000000002,False,1,0,0,0.584676415057426,0.5500000000000002,0.768156504411451,0.36,0.7744790122898003,0.5900000000000002,0.5179138437382451,0.5100000000000001,0.7607443624726041,0.38,0.600540585116307,0.6200000000000002,0.8093286652417501,0.6400000000000002,0.7836143192771515,0.4900000000000001
9285,D1,2025/2026,26,2026-03-14,Hoffenheim,Wolfsburg,0.7378673444513101,0.5623397608745253,0.5378348018084853,compact_btts_form,0.6500000000000002,False,1,1,1,0.7162315529472607,0.5500000000000002,0.871984966585065,0.36,0.7499660745195543,0.5900000000000002,0.5633777719371573,0.5100000000000001,0.8447479561550814,0.38,0.7378673444513101,0.6200000000000002,0.8582012572304986,0.6400000000000002,0.7879462742621459,0.4900000000000001
9286,D1,2025/2026,26,2026-03-14,Leverkusen,Bayern Munich,0.8554478154276274,0.5857110517055226,0.5378348018084853,compact_btts_form,0.6500000000000002,False,1,1,1,0.8684611720984157,0.5500000000000002,0.8810840907036434,0.36,0.863001264541245,0.5900000000000002,0.8723417076239575,0.5100000000000001,0.9578777548344146,0.38,0.8554478154276274,0.6200000000000002,0.9236321384635382,0.6400000000000002,0.9627205916783665,0.4900000000000001
9287,D1,2025/2026,26,2026-03-14,Hamburg,FC Koln,0.6890699045401184,0.554753794844365,0.5378348018084853,compact_btts_form,0.6500000000000002,False,1,1,1,0.7485126198769444,0.5500000000000002,0.7610832829381999,0.36,0.7997468457505198,0.5900000000000002,0.783721341081848,0.5100000000000001,0.799628500155493,0.38,0.6890699045401184,0.6200000000000002,0.767178670476048,0.6400000000000002,0.81710034524403,0.4900000000000001
14280,F1,2025/2026,26,2026-03-14,Lorient,Lens,0.644184688359328,0.5483194575889779,0.5378348018084853,compact_btts_form,0.6500000000000002,False,1,1,1,0.6130527790753304,0.5500000000000002,0.7719104058231235,0.36,0.6451165753368533,0.5900000000000002,0.42508606849228725,0.5100000000000001,0.8921227819669278,0.38,0.644184688359328,0.6200000000000002,0.8254917563695272,0.6400000000000002,0.8182143637606643,0.4900000000000001
14281,F1,2025/2026,26,2026-03-14,Angers,Nice,0.6395403872450233,0.5476756173349838,0.5378348018084853,compact_btts_form,0.6500000000000002,False,1,0,0,0.6309414424734847,0.5500000000000002,0.5534300518170402,0.36,0.5305917633282614,0.5900000000000002,0.562171910787319,0.5100000000000001,0.6895236156258094,0.38,0.6395403872450233,0.6200000000000002,0.6233294491325047,0.6400000000000002,0.7186548051017146,0.4900000000000001
14282,F1,2025/2026,26,2026-03-14,Monaco,Brest,0.6041588779765851,0.5428732583465146,0.5378348018084853,compact_btts_form,0.6500000000000002,False,1,0,0,0.662548289538624,0.5500000000000002,0.5635957797621126,0.36,0.5943945614569578,0.5900000000000002,0.618890407873063,0.5100000000000001,0.7432036295438942,0.38,0.6041588779765851,0.6200000000000002,0.46207726256378456,0.6400000000000002,0.6445234637371415,0.4900000000000001
9288,D1,2025/2026,26,2026-03-15,Werder Bremen,Mainz,0.5870769455107198,0.5406078032124984,0.5378348018084853,compact_btts_form,0.6500000000000002,False,1,0,0,0.6880960062811123,0.5500000000000002,0.6053743712818322,0.36,0.6275646748198888,0.5900000000000002,0.6800285951829677,0.5100000000000001,0.5327966737439409,0.38,0.5870769455107198,0.6200000000000002,0.5237334717565146,0.6400000000000002,0.5951223909083994,0.4900000000000001
9289,D1,2025/2026,26,2026-03-15,Freiburg,Union Berlin,0.6176591559855255,0.5446861473605219,0.5378348018084853,compact_btts_form,0.6500000000000002,False,1,0,0,0.6256671549069601,0.5500000000000002,0.8569837864360812,0.36,0.8975974376554555,0.5900000000000002,0.583542897226746,0.5100000000000001,0.8749717529041923,0.38,0.6176591559855255,0.6200000000000002,0.7939340212434868,0.6400000000000002,0.9174535986018741,0.4900000000000001
9290,D1,2025/2026,26,2026-03-15,Stuttgart,RB Leipzig,0.8794689256144703,0.5922335687579947,0.5378348018084853,compact_btts_form,0.6500000000000002,False,1,0,0,0.9144353304281878,0.5500000000000002,0.9617231367793027,0.36,0.966529931598406,0.5900000000000002,0.9365100409684777,0.5100000000000001,0.9810211679930306,0.38,0.8794689256144703,0.6200000000000002,0.9818325437467492,0.6400000000000002,0.9830932680616224,0.4900000000000001
14283,F1,2025/2026,26,2026-03-15,Strasbourg,Paris FC,0.5869515315659362,0.5405912738988139,0.5378348018084853,compact_btts_form,0.6500000000000002,False,1,0,0,0.6057933679040175,0.5500000000000002,0.7382374901773947,0.36,0.7325834508670852,0.5900000000000002,0.5465043109595379,0.5100000000000001,0.8298972704523747,0.38,0.5869515315659362,0.6200000000000002,0.756518220773895,0.6400000000000002,0.8203827211033349,0.4900000000000001
14284,F1,2025/2026,26,2026-03-15,Le Havre,Lyon,0.5196356696949472,0.5318634992169281,0.5378348018084853,compact_btts_form,0.6500000000000002,False,0,0,1,0.5346279263603457,0.5500000000000002,0.5768347868913907,0.36,0.4685130021941133,0.5900000000000002,0.3864268777861284,0.5100000000000001,0.7296898335257741,0.38,0.5196356696949472,0.6200000000000002,0.5582443102892707,0.6400000000000002,0.5565375176261922,0.4900000000000001
14285,F1,2025/2026,26,2026-03-15,Metz,Toulouse,0.44145753274563665,0.5217989244578267,0.5378348018084853,compact_btts_form,0.6500000000000002,False,0,1,0,0.45909553309870266,0.5500000000000002,0.6170589063274438,0.36,0.43831395041277693,0.5900000000000002,0.28114573261772174,0.5100000000000001,0.7467044579979683,0.38,0.44145753274563665,0.6200000000000002,0.45229887219213594,0.6400000000000002,0.6288024871742297,0.4900000000000001
14286,F1,2025/2026,26,2026-03-15,Rennes,Lille,0.763543975931033,0.5666821358801568,0.5378348018084853,compact_btts_form,0.6500000000000002,False,1,1,1,0.764803501821063,0.5500000000000002,0.8521641521690368,0.36,0.8324531539994138,0.5900000000000002,0.7417454682463102,0.5100000000000001,0.9335955790443524,0.38,0.763543975931033,0.6200000000000002,0.8157399972628318,0.6400000000000002,0.9379728961013368,0.4900000000000001
14321,F1,2025/2026,26,2026-04-22,Paris SG,Nantes,0.5424003573505047,0.5347910425093572,0.5378348018084853,compact_btts_form,0.6500000000000002,False,0,0,1,0.5654680662532692,0.5500000000000002,0.4453543443882257,0.36,0.36135628847916806,0.5900000000000002,0.43552169778960476,0.5100000000000001,0.4211368062139545,0.38,0.5424003573505047,0.6200000000000002,0.45450135654691676,0.6400000000000002,0.23727851800496205,0.4900000000000001
11904,E0,2025/2026,27,2026-02-21,Aston Villa,Leeds,0.6052996135226718,0.5430256210926449,0.5357083494918808,compact_btts_form,0.6500000000000002,False,1,1,1,0.5127369795246334,0.35,0.8576974831673703,0.6100000000000002,0.8141370567009937,0.5000000000000001,0.4652856110759751,0.43000000000000005,0.7092504975230681,0.42000000000000004,0.6052996135226718,0.5000000000000001,0.8599769912931166,0.37,0.5006930510706397,0.5300000000000001
11905,E0,2025/2026,27,2026-02-21,Brentford,Brighton,0.6389862797700792,0.547599034859528,0.5357083494918808,compact_btts_form,0.6500000000000002,False,1,0,0,0.5982887334014247,0.35,0.6609671977116091,0.6100000000000002,0.6638170483847449,0.5000000000000001,0.5904614868319629,0.43000000000000005,0.44043441179779325,0.42000000000000004,0.6389862797700792,0.5000000000000001,0.8281093557778197,0.37,0.596779046140437,0.5300000000000001
11906,E0,2025/2026,27,2026-02-21,Chelsea,Burnley,0.43497203886546637,0.5209531329942841,0.5357083494918808,compact_btts_form,0.6500000000000002,False,0,1,0,0.4504331444958588,0.35,0.42553967629076683,0.6100000000000002,0.2726458542671584,0.5000000000000001,0.4004096380171952,0.43000000000000005,0.16352367675458843,0.42000000000000004,0.43497203886546637,0.5000000000000001,0.28549323242126906,0.37,0.1101171574698957,0.5300000000000001
11907,E0,2025/2026,27,2026-02-21,West Ham,Bournemouth,0.7311358290811603,0.5612464161705042,0.5357083494918808,compact_btts_form,0.6500000000000002,False,1,0,0,0.7404612688437542,0.35,0.5503291065312613,0.6100000000000002,0.5715866543302777,0.5000000000000001,0.7763646179534611,0.43000000000000005,0.2532000001453507,0.42000000000000004,0.7311358290811603,0.5000000000000001,0.6619449536837261,0.37,0.35671762222235426,0.5300000000000001
11908,E0,2025/2026,27,2026-02-21,Man City,Newcastle,0.6688984161868816,0.551810298988163,0.5357083494918808,compact_btts_form,0.6500000000000002,False,1,1,1,0.5992884468952839,0.35,0.813713408560169,0.6100000000000002,0.7843323782387642,0.5000000000000001,0.6155617671680403,0.43000000000000005,0.6260610647379723,0.42000000000000004,0.6688984161868816,0.5000000000000001,0.8384183958365203,0.37,0.5093238848471038,0.5300000000000001
11909,E0,2025/2026,27,2026-02-22,Crystal Palace,Wolves,0.42966212583530417,0.5202584111251455,0.5357083494918808,compact_btts_form,0.6500000000000002,False,0,0,1,0.3603544298394721,0.35,0.24827571056322734,0.6100000000000002,0.1883008481354044,0.5000000000000001,0.2853544153594725,0.43000000000000005,0.11401323827098563,0.42000000000000004,0.42966212583530417,0.5000000000000001,0.2972476875587468,0.37,0.09274166216757104,0.5300000000000001
11910,E0,2025/2026,27,2026-02-22,Nott'm Forest,Liverpool,0.4804698167089439,0.526839465841878,0.5357083494918808,compact_btts_form,0.6500000000000002,False,0,0,1,0.38665297968884327,0.35,0.6259843078387242,0.6100000000000002,0.6844624160351513,0.5000000000000001,0.36732266438231603,0.43000000000000005,0.14339427037400793,0.42000000000000004,0.4804698167089439,0.5000000000000001,0.2647021342032255,0.37,0.19049693868750522,0.5300000000000001
11911,E0,2025/2026,27,2026-02-22,Sunderland,Fulham,0.5537782660025499,0.5362611373870346,0.5357083494918808,compact_btts_form,0.6500000000000002,False,1,1,1,0.42496505593793416,0.35,0.7613767533002791,0.6100000000000002,0.7642611591952164,0.5000000000000001,0.47193453960653076,0.43000000000000005,0.5487800717178574,0.42000000000000004,0.5537782660025499,0.5000000000000001,0.8086213599990829,0.37,0.6524611755378715,0.5300000000000001
11912,E0,2025/2026,27,2026-02-22,Tottenham,Arsenal,0.5286934834013091,0.5330266708968316,0.5357083494918808,compact_btts_form,0.6500000000000002,False,0,1,0,0.5673684639103851,0.35,0.5868763077561445,0.6100000000000002,0.5128455857479173,0.5000000000000001,0.5315979376692831,0.43000000000000005,0.5633576086640332,0.42000000000000004,0.5286934834013091,0.5000000000000001,0.5884926637880415,0.37,0.44457603655760447,0.5300000000000001
11913,E0,2025/2026,27,2026-02-23,Everton,Man United,0.5431216040279114,0.534884064182314,0.5357083494918808,compact_btts_form,0.6500000000000002,False,0,0,1,0.4816072809316346,0.35,0.6549603403752808,0.6100000000000002,0.6339258572697783,0.5000000000000001,0.4617163829633411,0.43000000000000005,0.2226657824217579,0.42000000000000004,0.5431216040279114,0.5000000000000001,0.30565155133348404,0.37,0.10585365099851325,0.5300000000000001
7101,I1,2025/2026,27,2026-02-27,Parma,Cagliari,0.5757746488658474,0.53912352045929,0.5357083494918808,compact_btts_form,0.6500000000000002,False,1,1,1,0.48870236474135736,0.35,0.6599867739057085,0.6100000000000002,0.5594562525603356,0.5000000000000001,0.49348565103905373,0.43000000000000005,0.7606893345940485,0.42000000000000004,0.5757746488658474,0.5000000000000001,0.7430021249318165,0.37,0.7891118230809834,0.5300000000000001
7102,I1,2025/2026,27,2026-02-28,Como,Lecce,0.4987710298702694,0.5291878819355299,0.5357083494918808,compact_btts_form,0.6500000000000002,False,0,1,0,0.47156517611629745,0.35,0.36785257327608867,0.6100000000000002,0.2785551146932166,0.5000000000000001,0.47354218754885447,0.43000000000000005,0.5239290748166489,0.42000000000000004,0.4987710298702694,0.5000000000000001,0.4193488300321648,0.37,0.7562941822467621,0.5300000000000001
7103,I1,2025/2026,27,2026-02-28,Verona,Napoli,0.53587539209641,0.5339503791162226,0.5357083494918808,compact_btts_form,0.6500000000000002,False,0,1,0,0.531489331242799,0.35,0.22126971380676647,0.6100000000000002,0.15705764033449435,0.5000000000000001,0.48475457644055425,0.43000000000000005,0.5218738812239744,0.42000000000000004,0.53587539209641,0.5000000000000001,0.3648629721120551,0.37,0.4036676160314062,0.5300000000000001
7104,I1,2025/2026,27,2026-02-28,Inter,Genoa,0.5504517851175553,0.5358307166021594,0.5357083494918808,compact_btts_form,0.6500000000000002,False,1,0,0,0.40978046041444294,0.35,0.7092299356638043,0.6100000000000002,0.6163869968766262,0.5000000000000001,0.40011366780858004,0.43000000000000005,0.8599175270676793,0.42000000000000004,0.5504517851175553,0.5000000000000001,0.6570398450345292,0.37,0.8829920064700808,0.5300000000000001
7105,I1,2025/2026,27,2026-03-01,Cremonese,Milan,0.4458906809147296,0.5223754773908676,0.5357083494918808,compact_btts_form,0.6500000000000002,False,0,0,1,0.4874202762658412,0.35,0.5436513557376544,0.6100000000000002,0.5314069880987073,0.5000000000000001,0.4716304057181008,0.43000000000000005,0.619406014293701,0.42000000000000004,0.4458906809147296,0.5000000000000001,0.457412183332668,0.37,0.719354735365565,0.5300000000000001
7106,I1,2025/2026,27,2026-03-01,Sassuolo,Atalanta,0.6192546043717815,0.5449018701775309,0.5357083494918808,compact_btts_form,0.6500000000000002,False,1,1,1,0.584125899774184,0.35,0.8234758288099334,0.6100000000000002,0.7305183602199896,0.5000000000000001,0.5207904537886993,0.43000000000000005,0.8935458031480573,0.42000000000000004,0.6192546043717815,0.5000000000000001,0.8897698546919494,0.37,0.9550505151051979,0.5300000000000001
7107,I1,2025/2026,27,2026-03-01,Torino,Lazio,0.6574787404841362,0.5501829343268788,0.5357083494918808,compact_btts_form,0.6500000000000002,False,1,0,0,0.6566745699966574,0.35,0.4794269952588383,0.6100000000000002,0.5617322424223508,0.5000000000000001,0.6616286869136984,0.43000000000000005,0.71171174184421,0.42000000000000004,0.6574787404841362,0.5000000000000001,0.6375861993285087,0.37,0.8862540288595933,0.5300000000000001
7108,I1,2025/2026,27,2026-03-01,Roma,Juventus,0.5783394992039936,0.5394594420802731,0.5357083494918808,compact_btts_form,0.6500000000000002,False,1,1,1,0.5891072742168129,0.35,0.4903891743808003,0.6100000000000002,0.3246325291418631,0.5000000000000001,0.5570649842052433,0.43000000000000005,0.5969011553374217,0.42000000000000004,0.5783394992039936,0.5000000000000001,0.4693650550794142,0.37,0.6010931862172256,0.5300000000000001
7109,I1,2025/2026,27,2026-03-02,Pisa,Bologna,0.4875500218811527,0.5277485978516682,0.5357083494918808,compact_btts_form,0.6500000000000002,False,0,0,1,0.4223010696956713,0.35,0.37715598503136805,0.6100000000000002,0.3036047828619082,0.5000000000000001,0.35834474756091134,0.43000000000000005,0.24098172654895966,0.42000000000000004,0.4875500218811527,0.5000000000000001,0.33561559431387766,0.37,0.38482104269227224,0.5300000000000001
7110,I1,2025/2026,27,2026-03-02,Udinese,Fiorentina,0.6277784572381546,0.5460601493543166,0.5357083494918808,compact_btts_form,0.6500000000000002,False,1,0,0,0.6314022226418915,0.35,0.6615504598349894,0.6100000000000002,0.6070509932547108,0.5000000000000001,0.6187029822886754,0.43000000000000005,0.7692900227711031,0.42000000000000004,0.6277784572381546,0.5000000000000001,0.6726683722226908,0.37,0.845099078880225,0.5300000000000001
16900,SP1,2025/2026,27,2026-03-06,Celta,Real Madrid,0.6750689451206542,0.552700880350842,0.5357083494918808,compact_btts_form,0.6500000000000002,False,1,1,1,0.7117355242995718,0.35,0.7229691023235559,0.6100000000000002,0.6132463723378632,0.5000000000000001,0.7094343618696285,0.43000000000000005,0.7557222101021009,0.42000000000000004,0.6750689451206542,0.5000000000000001,0.7684178600582124,0.37,0.46312705419781686,0.5300000000000001
16901,SP1,2025/2026,27,2026-03-07,Osasuna,Mallorca,0.5168600789852621,0.5315073652511908,0.5357083494918808,compact_btts_form,0.6500000000000002,False,0,1,0,0.5178476050285934,0.35,0.4678386178343957,0.6100000000000002,0.4942391053383915,0.5000000000000001,0.4760861916926103,0.43000000000000005,0.4880587159833875,0.42000000000000004,0.5168600789852621,0.5000000000000001,0.6246298615883448,0.37,0.31852853286278443,0.5300000000000001
16902,SP1,2025/2026,27,2026-03-07,Levante,Girona,0.5495053163735995,0.5357083494918808,0.5357083494918808,compact_btts_form,0.6500000000000002,False,1,1,1,0.48969549820260877,0.35,0.7366479850688515,0.6100000000000002,0.7034308289464205,0.5000000000000001,0.4325221750318096,0.43000000000000005,0.46718496753161065,0.42000000000000004,0.5495053163735995,0.5000000000000001,0.685474616681018,0.37,0.23075447543610136,0.5300000000000001
16903,SP1,2025/2026,27,2026-03-07,Ath Madrid,Sociedad,0.5961968698563741,0.5418136960682599,0.5357083494918808,compact_btts_form,0.6500000000000002,False,1,1,1,0.5064328350159288,0.35,0.764397064349359,0.6100000000000002,0.8029486623628044,0.5000000000000001,0.5349662683805197,0.43000000000000005,0.5965172458976995,0.42000000000000004,0.5961968698563741,0.5000000000000001,0.8215148904432066,0.37,0.4152793597360562,0.5300000000000001
16904,SP1,2025/2026,27,2026-03-07,Ath Bilbao,Barcelona,0.6257100425265306,0.5457781626015188,0.5357083494918808,compact_btts_form,0.6500000000000002,False,1,0,0,0.6001368428052412,0.35,0.5683554300652212,0.6100000000000002,0.3115033075893296,0.5000000000000001,0.4645675892772168,0.43000000000000005,0.33570340071218147,0.42000000000000004,0.6257100425265306,0.5000000000000001,0.7206416754752193,0.37,0.13792128725338051,0.5300000000000001
16905,SP1,2025/2026,27,2026-03-08,Villarreal,Elche,0.6070747214174642,0.5432630035340633,0.5357083494918808,compact_btts_form,0.6500000000000002,False,1,1,1,0.5278920061176318,0.35,0.5799964665926947,0.6100000000000002,0.5919709244990945,0.5000000000000001,0.5615353822519659,0.43000000000000005,0.3927759568893635,0.42000000000000004,0.6070747214174642,0.5000000000000001,0.2994083926119943,0.37,0.20975133954046118,0.5300000000000001
16906,SP1,2025/2026,27,2026-03-08,Getafe,Betis,0.3483871777116314,0.5092393297611604,0.5357083494918808,compact_btts_form,0.6500000000000002,False,0,0,1,0.34587936300657013,0.35,0.3987899712699644,0.6100000000000002,0.38820941700272593,0.5000000000000001,0.27204243078304197,0.43000000000000005,0.15347581924632286,0.42000000000000004,0.3483871777116314,0.5000000000000001,0.3217418979746741,0.37,0.09373774668396008,0.5300000000000001
16907,SP1,2025/2026,27,2026-03-08,Sevilla,Vallecano,0.5703242297831492,0.5384113042904315,0.5357083494918808,compact_btts_form,0.6500000000000002,False,1,1,1,0.5945954806002236,0.35,0.393780560648626,0.6100000000000002,0.4479652182517296,0.5000000000000001,0.6138585136408935,0.43000000000000005,0.17339334673556822,0.42000000000000004,0.5703242297831492,0.5000000000000001,0.43913211425642923,0.37,0.14902902849689315,0.5300000000000001
16908,SP1,2025/2026,27,2026-03-08,Valencia,Alaves,0.4669665914910962,0.525101994086381,0.5357083494918808,compact_btts_form,0.6500000000000002,False,0,1,0,0.3692490689665346,0.35,0.583227270002161,0.6100000000000002,0.5933569325466663,0.5000000000000001,0.30671245946095393,0.43000000000000005,0.44164053066282305,0.42000000000000004,0.4669665914910962,0.5000000000000001,0.6093231120488053,0.37,0.3847813039837698,0.5300000000000001
16909,SP1,2025/2026,27,2026-03-09,Espanol,Oviedo,0.5356194423027986,0.5339174332450716,0.5357083494918808,compact_btts_form,0.6500000000000002,False,0,1,0,0.4473813948425183,0.35,0.5579561395737135,0.6100000000000002,0.6785163468898799,0.5000000000000001,0.4364802038542697,0.43000000000000005,0.285125728101974,0.42000000000000004,0.5356194423027986,0.5000000000000001,0.5647489264004246,0.37,0.2542676455809344,0.5300000000000001
9291,D1,2025/2026,27,2026-03-20,RB Leipzig,Hoffenheim,0.8522300931393972,0.584905874484245,0.5357083494918808,compact_btts_form,0.6500000000000002,False,1,0,0,0.867979727221014,0.35,0.9624802795168048,0.6100000000000002,0.9726779736763513,0.5000000000000001,0.8811493068976723,0.43000000000000005,0.9745135398885981,0.42000000000000004,0.8522300931393972,0.5000000000000001,0.9711097014817347,0.37,0.9724703493458793,0.5300000000000001
14287,F1,2025/2026,27,2026-03-20,Lens,Angers,0.45574884780897246,0.5236534965281917,0.5357083494918808,compact_btts_form,0.6500000000000002,False,0,1,0,0.5768912982369863,0.35,0.3469713016769077,0.6100000000000002,0.34233397543268684,0.5000000000000001,0.5301643474683471,0.43000000000000005,0.539851583506351,0.42000000000000004,0.45574884780897246,0.5000000000000001,0.2929150207228391,0.37,0.5067614068383522,0.5300000000000001
9292,D1,2025/2026,27,2026-03-21,Bayern Munich,Union Berlin,0.646643208655764,0.5486617337781208,0.5357083494918808,compact_btts_form,0.6500000000000002,False,1,0,0,0.5938275205063589,0.35,0.7232156102037416,0.6100000000000002,0.6294838146021212,0.5000000000000001,0.6110669549527022,0.43000000000000005,0.49356516530516487,0.42000000000000004,0.646643208655764,0.5000000000000001,0.6360062034248145,0.37,0.5850073777123119,0.5300000000000001
9293,D1,2025/2026,27,2026-03-21,FC Koln,M'gladbach,0.7218834291380001,0.5597705035564638,0.5357083494918808,compact_btts_form,0.6500000000000002,False,1,1,1,0.6936170933234554,0.35,0.9210023825733921,0.6100000000000002,0.9560574569492172,0.5000000000000001,0.6204599258444922,0.43000000000000005,0.9347635192496376,0.42000000000000004,0.7218834291380001,0.5000000000000001,0.9544446262572442,0.37,0.9479176290404704,0.5300000000000001
9294,D1,2025/2026,27,2026-03-21,Heidenheim,Leverkusen,0.6129125100950674,0.5440462525499938,0.5357083494918808,compact_btts_form,0.6500000000000002,False,1,1,1,0.6792805026527613,0.35,0.6228912444888061,0.6100000000000002,0.7708312389855454,0.5000000000000001,0.6681589457448498,0.43000000000000005,0.7266933361740079,0.42000000000000004,0.6129125100950674,0.5000000000000001,0.6897530626695206,0.37,0.8124529175997266,0.5300000000000001
9295,D1,2025/2026,27,2026-03-21,Wolfsburg,Werder Bremen,0.7439852248885594,0.5633487072943947,0.5357083494918808,compact_btts_form,0.6500000000000002,False,1,0,0,0.7490889644590147,0.35,0.8000556856013914,0.6100000000000002,0.8654213116592305,0.5000000000000001,0.7464999078257485,0.43000000000000005,0.7832020878369235,0.42000000000000004,0.7439852248885594,0.5000000000000001,0.6999922503341028,0.37,0.8623734382999696,0.5300000000000001
9296,D1,2025/2026,27,2026-03-21,Dortmund,Hamburg,0.6084839588352732,0.5434517138949837,0.5357083494918808,compact_btts_form,0.6500000000000002,False,1,1,1,0.7143798614328385,0.35,0.6907476669005833,0.6100000000000002,0.6596328395778681,0.5000000000000001,0.6298344490313892,0.43000000000000005,0.8404846899638349,0.42000000000000004,0.6084839588352732,0.5000000000000001,0.8530333286461645,0.37,0.6828379152670291,0.5300000000000001
14288,F1,2025/2026,27,2026-03-21,Toulouse,Lorient,0.5788360498287254,0.539524535184887,0.5357083494918808,compact_btts_form,0.6500000000000002,False,1,0,0,0.6444072313235215,0.35,0.7374396910601364,0.6100000000000002,0.5708501965347037,0.5000000000000001,0.5355811907545417,0.43000000000000005,0.8552257688943515,0.42000000000000004,0.5788360498287254,0.5000000000000001,0.8223098566034623,0.37,0.7816334350302058,0.5300000000000001
14289,F1,2025/2026,27,2026-03-21,Auxerre,Brest,0.4349197358431772,0.5209463001105484,0.5357083494918808,compact_btts_form,0.6500000000000002,False,0,0,1,0.5133377202928752,0.35,0.4728368208942493,0.6100000000000002,0.47262449931703554,0.5000000000000001,0.4918199706823515,0.43000000000000005,0.5096705300734128,0.42000000000000004,0.4349197358431772,0.5000000000000001,0.30941668156517826,0.37,0.5323194750293561,0.5300000000000001
14290,F1,2025/2026,27,2026-03-21,Nice,Paris SG,0.6413159281378755,0.5479213447936481,0.5357083494918808,compact_btts_form,0.6500000000000002,False,1,0,0,0.6295995864748856,0.35,0.5289110341340605,0.6100000000000002,0.48069022962421526,0.5000000000000001,0.5677242484906886,0.43000000000000005,0.806219370026055,0.42000000000000004,0.6413159281378755,0.5000000000000001,0.6116413177429686,0.37,0.7377727504218935,0.5300000000000001
9297,D1,2025/2026,27,2026-03-22,Mainz,Ein Frankfurt,0.6179348618473098,0.5447234024847762,0.5357083494918808,compact_btts_form,0.6500000000000002,False,1,1,1,0.681065307916265,0.35,0.7238918147295132,0.6100000000000002,0.7326606497063787,0.5000000000000001,0.6484172556731298,0.43000000000000005,0.5733757829722844,0.42000000000000004,0.6179348618473098,0.5000000000000001,0.6182252644623087,0.37,0.7485006311831791,0.5300000000000001
9298,D1,2025/2026,27,2026-03-22,St Pauli,Freiburg,0.5356218752904357,0.5339177464093666,0.5357083494918808,compact_btts_form,0.6500000000000002,False,0,1,0,0.5492473365905758,0.35,0.6054451694610089,0.6100000000000002,0.6155007589013789,0.5000000000000001,0.5441416786951858,0.43000000000000005,0.5098465287769429,0.42000000000000004,0.5356218752904357,0.5000000000000001,0.5243654714349644,0.37,0.642861762487091,0.5300000000000001
9299,D1,2025/2026,27,2026-03-22,Augsburg,Stuttgart,0.6560756869711603,0.5499847512441465,0.5357083494918808,compact_btts_form,0.6500000000000002,False,1,1,1,0.6579506741263187,0.35,0.7795789754310471,0.6100000000000002,0.766409457624166,0.5000000000000001,0.6388274503871498,0.43000000000000005,0.5448119345302463,0.42000000000000004,0.6560756869711603,0.5000000000000001,0.7134140201637929,0.37,0.7197727181570676,0.5300000000000001
14291,F1,2025/2026,27,2026-03-22,Lyon,Monaco,0.7576325193207908,0.5656562269650829,0.5357083494918808,compact_btts_form,0.6500000000000002,False,1,1,1,0.8486478703776894,0.35,0.7574775073784391,0.6100000000000002,0.6910644024761877,0.5000000000000001,0.8226268107352898,0.43000000000000005,0.9259513377133703,0.42000000000000004,0.7576325193207908,0.5000000000000001,0.8597237086643513,0.37,0.9157443222238971,0.5300000000000001
14292,F1,2025/2026,27,2026-03-22,Marseille,Lille,0.6570279915095387,0.5501192249972117,0.5357083494918808,compact_btts_form,0.6500000000000002,False,1,1,1,0.7384224464727728,0.35,0.6443419004584013,0.6100000000000002,0.7245936189058927,0.5000000000000001,0.7235294467140154,0.43000000000000005,0.840703129986425,0.42000000000000004,0.6570279915095387,0.5000000000000001,0.664056909461343,0.37,0.8599074834141753,0.5300000000000001
14293,F1,2025/2026,27,2026-03-22,Paris FC,Le Havre,0.6179310969255637,0.5447228936789972,0.5357083494918808,compact_btts_form,0.6500000000000002,False,1,1,1,0.6488487852980076,0.35,0.4166117488886613,0.6100000000000002,0.427244659742289,0.5000000000000001,0.5236702816738527,0.43000000000000005,0.7493621360149794,0.42000000000000004,0.6179310969255637,0.5000000000000001,0.8612735897202217,0.37,0.9002479652407194,0.5300000000000001
14294,F1,2025/2026,27,2026-03-22,Rennes,Metz,0.5465834162279282,0.5353308438110205,0.5357083494918808,compact_btts_form,0.6500000000000002,False,0,0,1,0.6401278998569166,0.35,0.7220272011234578,0.6100000000000002,0.74153383814476,0.5000000000000001,0.6035545079349345,0.43000000000000005,0.8952103627365662,0.42000000000000004,0.5465834162279282,0.5000000000000001,0.6844056592322222,0.37,0.879676036679671,0.5300000000000001
14295,F1,2025/2026,27,2026-03-22,Nantes,Strasbourg,0.6127902853397295,0.544029812248028,0.5357083494918808,compact_btts_form,0.6500000000000002,False,1,1,1,0.58792072243196,0.35,0.8082254014275175,0.6100000000000002,0.8079630653587457,0.5000000000000001,0.5371964648387241,0.43000000000000005,0.903731044588634,0.42000000000000004,0.6127902853397295,0.5000000000000001,0.8175966132225583,0.37,0.9436849108372704,0.5300000000000001
11914,E0,2025/2026,28,2026-02-27,Wolves,Aston Villa,0.3514565390647949,0.5096731638745318,0.5387846818457935,compact_btts_form,0.6500000000000002,False,0,0,1,0.2928702667830279,0.5600000000000002,0.6522157589062052,0.36,0.6592936472315203,0.35,0.21745972737735833,0.37,0.1975166186862909,0.5000000000000001,0.3514565390647949,0.39,0.3801213592100262,0.41000000000000003,0.270068093566595,0.4
11915,E0,2025/2026,28,2026-02-28,Bournemouth,Sunderland,0.5949115770301485,0.5416432641645967,0.5387846818457935,compact_btts_form,0.6500000000000002,False,1,1,1,0.5399111974050749,0.5600000000000002,0.8066813611613242,0.36,0.8870901483529621,0.35,0.5977735030984412,0.37,0.7616647923596633,0.5000000000000001,0.5949115770301485,0.39,0.8421451373829835,0.41000000000000003,0.778266525004023,0.4
11916,E0,2025/2026,28,2026-02-28,Burnley,Brentford,0.44437937287234147,0.5221790613751311,0.5387846818457935,compact_btts_form,0.6500000000000002,False,0,1,0,0.4055799303940712,0.5600000000000002,0.3457944271391159,0.36,0.3214067635309668,0.35,0.35626738767058674,0.37,0.20045703090330366,0.5000000000000001,0.44437937287234147,0.39,0.40565026549232863,0.41000000000000003,0.16863083325476444,0.4
11917,E0,2025/2026,28,2026-02-28,Liverpool,West Ham,0.59730257886536,0.5419604470794053,0.5387846818457935,compact_btts_form,0.6500000000000002,False,1,1,1,0.4840085218499668,0.5600000000000002,0.6818602327467168,0.36,0.7097939068915047,0.35,0.4674070903725507,0.37,0.41155820762242534,0.5000000000000001,0.59730257886536,0.39,0.5366245880054696,0.41000000000000003,0.3403742930415785,0.4
11918,E0,2025/2026,28,2026-02-28,Newcastle,Everton,0.6229718540535931,0.5454057806056269,0.5387846818457935,compact_btts_form,0.6500000000000002,False,1,1,1,0.5641824647345899,0.5600000000000002,0.6990614115506364,0.36,0.7772283687431334,0.35,0.5601232938316467,0.37,0.5976903156660665,0.5000000000000001,0.6229718540535931,0.39,0.7761077003765489,0.41000000000000003,0.6351520803035902,0.4
11919,E0,2025/2026,28,2026-02-28,Leeds,Man City,0.645383208996625,0.5484861882722204,0.5387846818457935,compact_btts_form,0.6500000000000002,False,1,0,0,0.6027471248926564,0.5600000000000002,0.7997268755149521,0.36,0.7498640516892525,0.35,0.5328629915571387,0.37,0.7485692021646719,0.5000000000000001,0.645383208996625,0.39,0.860123673501703,0.41000000000000003,0.7581737362529909,0.4
11920,E0,2025/2026,28,2026-03-01,Brighton,Nott'm Forest,0.552742174575456,0.5361270159861918,0.5387846818457935,compact_btts_form,0.6500000000000002,False,0,1,0,0.4355330653559522,0.5600000000000002,0.7201152586745052,0.36,0.7652396191965755,0.35,0.4322177457119708,0.37,0.3447890728947854,0.5000000000000001,0.552742174575456,0.39,0.7819530617999754,0.41000000000000003,0.5507979653742171,0.4
11921,E0,2025/2026,28,2026-03-01,Fulham,Tottenham,0.5976594743199385,0.5420078410685922,0.5387846818457935,compact_btts_form,0.6500000000000002,False,1,1,1,0.4825239172833236,0.5600000000000002,0.8796551766938125,0.36,0.848873874291314,0.35,0.4862890202873979,0.37,0.6225823486809469,0.5000000000000001,0.5976594743199385,0.39,0.892053216871391,0.41000000000000003,0.6827483423830696,0.4
11922,E0,2025/2026,28,2026-03-01,Man United,Crystal Palace,0.5741338825654668,0.5389088900363045,0.5387846818457935,compact_btts_form,0.6500000000000002,False,1,1,1,0.40418158770974394,0.5600000000000002,0.8658274602651997,0.36,0.8222219321256231,0.35,0.3052073517510665,0.37,0.5207090747492814,0.5000000000000001,0.5741338825654668,0.39,0.7758228982865716,0.41000000000000003,0.5742051666643547,0.4
11923,E0,2025/2026,28,2026-03-01,Arsenal,Chelsea,0.6272576629795851,0.5459890926723748,0.5387846818457935,compact_btts_form,0.6500000000000002,False,1,1,1,0.5186459046646831,0.5600000000000002,0.7654792430990045,0.36,0.7770992882526957,0.35,0.5045987577917173,0.37,0.7635013934771023,0.5000000000000001,0.6272576629795851,0.39,0.80652255712202,0.41000000000000003,0.6796787592739856,0.4
7111,I1,2025/2026,28,2026-03-06,Napoli,Torino,0.515589466945184,0.5313443691046963,0.5387846818457935,compact_btts_form,0.6500000000000002,False,0,1,0,0.43985495854482265,0.5600000000000002,0.29480818664864045,0.36,0.18965232956923528,0.35,0.38308713414788,0.37,0.4288197593602133,0.5000000000000001,0.515589466945184,0.39,0.35968047643604506,0.41000000000000003,0.28713997551286735,0.4
7112,I1,2025/2026,28,2026-03-07,Cagliari,Como,0.4553235980402202,0.5235984731733985,0.5387846818457935,compact_btts_form,0.6500000000000002,False,0,1,0,0.5226740417647294,0.5600000000000002,0.3574608331711961,0.36,0.43466060415159075,0.35,0.5344934456084529,0.37,0.7075017927279221,0.5000000000000001,0.4553235980402202,0.39,0.46448798002917485,0.41000000000000003,0.7262062636372876,0.4
7113,I1,2025/2026,28,2026-03-07,Atalanta,Udinese,0.5223907283561556,0.5322171203881982,0.5387846818457935,compact_btts_form,0.6500000000000002,False,0,1,0,0.5859287186484967,0.5600000000000002,0.6098245109528574,0.36,0.5360803523021772,0.35,0.5406510593843845,0.37,0.8130339023990948,0.5000000000000001,0.5223907283561556,0.39,0.8094740274047483,0.41000000000000003,0.7942924691854816,0.4
7114,I1,2025/2026,28,2026-03-07,Juventus,Pisa,0.5684279625232949,0.5381640099032995,0.5387846818457935,compact_btts_form,0.6500000000000002,False,0,0,1,0.6035694092278203,0.5600000000000002,0.7391538094201892,0.36,0.6984444827599708,0.35,0.5857959630880739,0.37,0.8475046147559561,0.5000000000000001,0.5684279625232949,0.39,0.8875040285121619,0.41000000000000003,0.8599095485803376,0.4
7115,I1,2025/2026,28,2026-03-08,Lecce,Cremonese,0.44550177017260173,0.5223249461292444,0.5387846818457935,compact_btts_form,0.6500000000000002,False,0,1,0,0.41223968253614324,0.5600000000000002,0.5216924819044029,0.36,0.4555287214709162,0.35,0.40260999152630134,0.37,0.7404535898809962,0.5000000000000001,0.44550177017260173,0.39,0.4136601797105574,0.41000000000000003,0.5701889813282405,0.4
7116,I1,2025/2026,28,2026-03-08,Bologna,Verona,0.42224940545402356,0.5192848516827138,0.5387846818457935,compact_btts_form,0.6500000000000002,False,0,1,0,0.3608185292269125,0.5600000000000002,0.31843967049085176,0.36,0.20792258349036447,0.35,0.3214095073095616,0.37,0.3293023857515907,0.5000000000000001,0.42224940545402356,0.39,0.14578500884307635,0.41000000000000003,0.15737656146294388,0.4
7117,I1,2025/2026,28,2026-03-08,Fiorentina,Parma,0.520349005252557,0.5319550457787077,0.5387846818457935,compact_btts_form,0.6500000000000002,False,0,0,1,0.5532432523162968,0.5600000000000002,0.8418652492225042,0.36,0.8480619066561363,0.35,0.5184674162313456,0.37,0.9058105900646533,0.5000000000000001,0.520349005252557,0.39,0.8835799872768662,0.41000000000000003,0.9236171092651904,0.4
7118,I1,2025/2026,28,2026-03-08,Genoa,Roma,0.5418643250753851,0.5347219218784994,0.5387846818457935,compact_btts_form,0.6500000000000002,False,0,1,0,0.6012996979654198,0.5600000000000002,0.5292875836792332,0.36,0.3934498136700636,0.35,0.5706531067914459,0.37,0.8832054453009258,0.5000000000000001,0.5418643250753851,0.39,0.7014524915123009,0.41000000000000003,0.7697317817189625,0.4
7119,I1,2025/2026,28,2026-03-08,Milan,Inter,0.7029653500093211,0.5568401272204815,0.5387846818457935,compact_btts_form,0.6500000000000002,False,1,0,0,0.678428208286564,0.5600000000000002,0.7675391729869679,0.36,0.7210681697000407,0.35,0.6899886629333498,0.37,0.8808675540646259,0.5000000000000001,0.7029653500093211,0.39,0.8619100705342834,0.41000000000000003,0.8916014519870272,0.4
7120,I1,2025/2026,28,2026-03-09,Lazio,Sassuolo,0.6474349506442449,0.5487721796991702,0.5387846818457935,compact_btts_form,0.6500000000000002,False,1,1,1,0.6037169726987943,0.5600000000000002,0.6904336804438801,0.36,0.6319247604380633,0.35,0.5799089017577113,0.37,0.7951408643110124,0.5000000000000001,0.6474349506442449,0.39,0.7220398918306966,0.41000000000000003,0.838027700642735,0.4
16910,SP1,2025/2026,28,2026-03-13,Alaves,Villarreal,0.5938254393212713,0.541499367515249,0.5387846818457935,compact_btts_form,0.6500000000000002,False,1,1,1,0.6439100446642414,0.5600000000000002,0.6049084910356107,0.36,0.5356854513638507,0.35,0.5610371714770249,0.37,0.4057723527964232,0.5000000000000001,0.5938254393212713,0.39,0.6337791333547492,0.41000000000000003,0.1877475821312499,0.4
16911,SP1,2025/2026,28,2026-03-14,Girona,Ath Bilbao,0.7728884385984209,0.5683394651892156,0.5387846818457935,compact_btts_form,0.6500000000000002,False,1,0,0,0.669831332373063,0.5600000000000002,0.9812560539764918,0.36,0.9672072272813298,0.35,0.5187444963828665,0.37,0.9692471113331371,0.5000000000000001,0.7728884385984209,0.39,0.9840127870276295,0.41000000000000003,0.9273257316464917,0.4
16912,SP1,2025/2026,28,2026-03-14,Ath Madrid,Getafe,0.35936565666491493,0.5107831342254863,0.5387846818457935,compact_btts_form,0.6500000000000002,False,0,0,1,0.3092040985530396,0.5600000000000002,0.202390896160496,0.36,0.17328035952653034,0.35,0.28168248536918256,0.37,0.043530342055365726,0.5000000000000001,0.35936565666491493,0.39,0.22176527296513518,0.41000000000000003,0.039140520665969104,0.4
16913,SP1,2025/2026,28,2026-03-14,Oviedo,Valencia,0.5183503743938448,0.5316985699555857,0.5387846818457935,compact_btts_form,0.6500000000000002,False,0,0,1,0.5582723019016044,0.5600000000000002,0.6907969913449312,0.36,0.792403602181736,0.35,0.5561940151358881,0.37,0.4938725534769633,0.5000000000000001,0.5183503743938448,0.39,0.6379626689017519,0.41000000000000003,0.2920456569728577,0.4
16914,SP1,2025/2026,28,2026-03-14,Real Madrid,Elche,0.6765463818907932,0.5529153557742824,0.5387846818457935,compact_btts_form,0.6500000000000002,False,1,1,1,0.5528660264746629,0.5600000000000002,0.7996292886093798,0.36,0.7544207893175675,0.35,0.5056796549691058,0.37,0.5454689069772971,0.5000000000000001,0.6765463818907932,0.39,0.6105242791645638,0.41000000000000003,0.2772034273468995,0.4
16915,SP1,2025/2026,28,2026-03-15,Mallorca,Espanol,0.5749949858085323,0.5390215067499721,0.5387846818457935,compact_btts_form,0.6500000000000002,False,1,1,1,0.509074374565733,0.5600000000000002,0.795709528052541,0.36,0.7845461152913412,0.35,0.4309834371075929,0.37,0.6595349701797678,0.5000000000000001,0.5749949858085323,0.39,0.7636231565251106,0.41000000000000003,0.41942699669755246,0.4
16916,SP1,2025/2026,28,2026-03-15,Barcelona,Sevilla,0.6244857225512889,0.5456115328963703,0.5387846818457935,compact_btts_form,0.6500000000000002,False,1,1,1,0.6408376983928097,0.5600000000000002,0.8837013204521423,0.36,0.8477802859311154,0.35,0.6106959119388146,0.37,0.7076847915401658,0.5000000000000001,0.6244857225512889,0.39,0.8376846518130906,0.41000000000000003,0.4821004779364398,0.4
16917,SP1,2025/2026,28,2026-03-15,Betis,Celta,0.6830846504330906,0.5538704965795866,0.5387846818457935,compact_btts_form,0.6500000000000002,False,1,1,1,0.6341902403142398,0.5600000000000002,0.8063408299136828,0.36,0.7304178133264737,0.35,0.44873044070129886,0.37,0.7308511729679874,0.5000000000000001,0.6830846504330906,0.39,0.8367955771502288,0.41000000000000003,0.39089714202120296,0.4
16918,SP1,2025/2026,28,2026-03-15,Sociedad,Osasuna,0.6169453662039776,0.5445897407091412,0.5387846818457935,compact_btts_form,0.6500000000000002,False,1,1,1,0.5350076129547403,0.5600000000000002,0.6858794738916881,0.36,0.7807532444145472,0.35,0.5394973858327594,0.37,0.5449666409488757,0.5000000000000001,0.6169453662039776,0.39,0.778104162915897,0.41000000000000003,0.3559637353595122,0.4
16919,SP1,2025/2026,28,2026-03-16,Vallecano,Levante,0.5462497043955946,0.535287752971471,0.5387846818457935,compact_btts_form,0.6500000000000002,False,0,1,0,0.5118857469666919,0.5600000000000002,0.5764629513700059,0.36,0.6089033271102022,0.35,0.5157113431138904,0.37,0.5086796075650851,0.5000000000000001,0.5462497043955946,0.39,0.45619498369748485,0.41000000000000003,0.3378071736660349,0.4
14296,F1,2025/2026,28,2026-04-03,Paris SG,Toulouse,0.5987930388533492,0.5421584593153835,0.5387846818457935,compact_btts_form,0.6500000000000002,False,1,1,1,0.6474269612391796,0.5600000000000002,0.7444113046264784,0.36,0.6039486836873088,0.35,0.5647923031019503,0.37,0.8587684404349264,0.5000000000000001,0.5987930388533492,0.39,0.7304818955914769,0.41000000000000003,0.7869576038198861,0.4
9300,D1,2025/2026,28,2026-04-04,Freiburg,Bayern Munich,0.7599153962271388,0.5660504249126145,0.5387846818457935,compact_btts_form,0.6500000000000002,False,1,1,1,0.8082349772642033,0.5600000000000002,0.8623719757070567,0.36,0.8838449291569833,0.35,0.8219344213990905,0.37,0.9504804894181136,0.5000000000000001,0.7599153962271388,0.39,0.8684408003107457,0.41000000000000003,0.9234575646472136,0.4
9301,D1,2025/2026,28,2026-04-04,Hamburg,Augsburg,0.6605306172688195,0.5506153114566464,0.5387846818457935,compact_btts_form,0.6500000000000002,False,1,1,1,0.6556433229182659,0.5600000000000002,0.9294206838555745,0.36,0.8492602517344817,0.35,0.5510764537248118,0.37,0.910361588324039,0.5000000000000001,0.6605306172688195,0.39,0.8934844771440235,0.41000000000000003,0.7156049587636787,0.4
9302,D1,2025/2026,28,2026-04-04,Hoffenheim,Mainz,0.7009049277574834,0.5565274490559278,0.5387846818457935,compact_btts_form,0.6500000000000002,False,1,1,1,0.7866184979493618,0.5600000000000002,0.6632526024178702,0.36,0.646585440795556,0.35,0.8180412812558588,0.37,0.6559403388553047,0.5000000000000001,0.7009049277574834,0.39,0.6494839716039588,0.41000000000000003,0.6436389530090542,0.4
9303,D1,2025/2026,28,2026-04-04,Leverkusen,Wolfsburg,0.6770911345513442,0.5529945598536555,0.5387846818457935,compact_btts_form,0.6500000000000002,False,1,1,1,0.6904204015956094,0.5600000000000002,0.5778763189684019,0.36,0.5529279405304888,0.35,0.6181699478548041,0.37,0.7480482927066723,0.5000000000000001,0.6770911345513442,0.39,0.7194948272420655,0.41000000000000003,0.7089870471417359,0.4
9304,D1,2025/2026,28,2026-04-04,M'gladbach,Heidenheim,0.700015447256147,0.5563928348222617,0.5387846818457935,compact_btts_form,0.6500000000000002,False,1,1,1,0.6722869132037889,0.5600000000000002,0.6130023131091917,0.36,0.5903274524534308,0.35,0.6614162052843213,0.37,0.5402618716647691,0.5000000000000001,0.700015447256147,0.39,0.700052399845541,0.41000000000000003,0.5205843346467577,0.4
9305,D1,2025/2026,28,2026-04-04,Werder Bremen,RB Leipzig,0.6628177975560954,0.5509405376623514,0.5387846818457935,compact_btts_form,0.6500000000000002,False,1,1,1,0.7750218141913041,0.5600000000000002,0.8296384453818433,0.36,0.8783963031246961,0.35,0.7467829959511779,0.37,0.8862738922660804,0.5000000000000001,0.6628177975560954,0.39,0.9183520147565046,0.41000000000000003,0.8714226975860285,0.4
9306,D1,2025/2026,28,2026-04-04,Stuttgart,Dortmund,0.8455763902798659,0.583284390178671,0.5387846818457935,compact_btts_form,0.6500000000000002,False,1,0,0,0.8689755673536377,0.5600000000000002,0.9377453960825606,0.36,0.9528548233908876,0.35,0.8778394930796087,0.37,0.9692609298236798,0.5000000000000001,0.8455763902798659,0.39,0.958892903420618,0.41000000000000003,0.9660414562007797,0.4
14297,F1,2025/2026,28,2026-04-04,Strasbourg,Nice,0.6180534764804049,0.5447394334479069,0.5387846818457935,compact_btts_form,0.6500000000000002,False,1,1,1,0.6342538494484273,0.5600000000000002,0.6398709964094975,0.36,0.6360953458646146,0.35,0.6303525094337225,0.37,0.7704361059909,0.5000000000000001,0.6180534764804049,0.39,0.579197070459394,0.41000000000000003,0.7750525490686601,0.4
14298,F1,2025/2026,28,2026-04-04,Brest,Rennes,0.6327198918471519,0.5467363040591792,0.5387846818457935,compact_btts_form,0.6500000000000002,False,1,1,1,0.7613364527335625,0.5600000000000002,0.7709075234724935,0.36,0.7528367999444986,0.35,0.7673840370483547,0.37,0.8539808414310832,0.5000000000000001,0.6327198918471519,0.39,0.6819877795532532,0.41000000000000003,0.866177753870891,0.4
14299,F1,2025/2026,28,2026-04-04,Lille,Lens,0.7263247551622392,0.5604752189864705,0.5387846818457935,compact_btts_form,0.6500000000000002,False,1,0,0,0.7071190894937843,0.5600000000000002,0.7730401639400695,0.36,0.7099199545528959,0.35,0.6482246623728969,0.37,0.8541820807379119,0.5000000000000001,0.7263247551622392,0.39,0.6526154939057554,0.41000000000000003,0.8573731412609938,0.4
9307,D1,2025/2026,28,2026-04-05,Union Berlin,St Pauli,0.35624299551886446,0.5103462306215873,0.5387846818457935,compact_btts_form,0.6500000000000002,False,0,1,0,0.38035636598029493,0.5600000000000002,0.22611624898301877,0.36,0.12545219409801212,0.35,0.25869482787121956,0.37,0.05023793293228738,0.5000000000000001,0.35624299551886446,0.39,0.16628509121770738,0.41000000000000003,0.05565361495065044,0.4
9308,D1,2025/2026,28,2026-04-05,Ein Frankfurt,FC Koln,0.6682441366009141,0.5517163458173391,0.5387846818457935,compact_btts_form,0.6500000000000002,False,1,1,1,0.7288807525140114,0.5600000000000002,0.6119621724746759,0.36,0.5468968398709628,0.35,0.694536967053972,0.37,0.7629932306609339,0.5000000000000001,0.6682441366009141,0.39,0.7624566225475063,0.41000000000000003,0.6870522087791348,0.4
14300,F1,2025/2026,28,2026-04-05,Angers,Lyon,0.5731836609207192,0.5387846818457935,0.5387846818457935,compact_btts_form,0.6500000000000002,False,1,0,0,0.5430310647809352,0.5600000000000002,0.55668624919324,0.36,0.48044801295022105,0.35,0.5202061404532381,0.37,0.8267860113905194,0.5000000000000001,0.5731836609207192,0.39,0.6343022800283077,0.41000000000000003,0.7739495254096758,0.4
14301,F1,2025/2026,28,2026-04-05,Le Havre,Auxerre,0.5370656701999302,0.53410362012647,0.5387846818457935,compact_btts_form,0.6500000000000002,False,0,1,0,0.641255435011767,0.5600000000000002,0.568813651121664,0.36,0.5473995198294476,0.35,0.6238727111587967,0.37,0.7968683309440201,0.5000000000000001,0.5370656701999302,0.39,0.4694618671174273,0.41000000000000003,0.8454149553177966,0.4
14302,F1,2025/2026,28,2026-04-05,Lorient,Paris FC,0.6231318848949948,0.5454275158946742,0.5387846818457935,compact_btts_form,0.6500000000000002,False,1,1,1,0.7330127060982706,0.5600000000000002,0.6908820719102419,0.36,0.6873839800791819,0.35,0.6997380948476817,0.37,0.9057144051080774,0.5000000000000001,0.6231318848949948,0.39,0.9121129270636218,0.41000000000000003,0.9341925138473044,0.4
14303,F1,2025/2026,28,2026-04-05,Metz,Nantes,0.5327022697473545,0.5335420801124832,0.5387846818457935,compact_btts_form,0.6500000000000002,False,0,0,1,0.6539538561734931,0.5600000000000002,0.36375335471761233,0.36,0.3805208333138415,0.35,0.6459099413823861,0.37,0.6000370493602142,0.5000000000000001,0.5327022697473545,0.39,0.4391798233958249,0.41000000000000003,0.6602693637960938,0.4
14304,F1,2025/2026,28,2026-04-05,Monaco,Marseille,0.8544803576643072,0.585467461582908,0.5387846818457935,compact_btts_form,0.6500000000000002,False,1,1,1,0.8427753640716075,0.5600000000000002,0.8901684984995745,0.36,0.8434038942311796,0.35,0.8227740202603364,0.37,0.9708488334663257,0.5000000000000001,0.8544803576643072,0.39,0.9455570804605954,0.41000000000000003,0.9676485348230848,0.4
11924,E0,2025/2026,29,2026-03-03,Bournemouth,Brentford,0.7468235390023047,0.5638219736892731,0.5392191845244434,compact_btts_form,0.6500000000000002,False,1,0,0,0.7238722348206825,0.6000000000000002,0.705767030665048,0.5700000000000002,0.7627082713490305,0.5600000000000002,0.77255082282477,0.5100000000000001,0.4051739906969118,0.45000000000000007,0.7468235390023047,0.6500000000000002,0.7735700336810697,0.5900000000000002,0.6193268273171242,0.36
11925,E0,2025/2026,29,2026-03-03,Everton,Burnley,0.42584377461625994,0.5197574878230135,0.5392191845244434,compact_btts_form,0.6500000000000002,False,0,0,1,0.343456115176339,0.6000000000000002,0.42966047589844536,0.5700000000000002,0.3294097178777142,0.5600000000000002,0.2688435451207521,0.5100000000000001,0.16093843086971252,0.45000000000000007,0.42584377461625994,0.6500000000000002,0.22299736258933553,0.5900000000000002,0.08051326039050559,0.36
11926,E0,2025/2026,29,2026-03-03,Leeds,Sunderland,0.5652890210046054,0.537755186718843,0.5392191845244434,compact_btts_form,0.6500000000000002,False,0,0,1,0.5609237570013096,0.6000000000000002,0.6881819731458578,0.5700000000000002,0.7480067190221907,0.5600000000000002,0.6043426582818071,0.5100000000000001,0.5754710601889197,0.45000000000000007,0.5652890210046054,0.6500000000000002,0.8072100950397623,0.5900000000000002,0.6673305648350355,0.36
11927,E0,2025/2026,29,2026-03-03,Wolves,Liverpool,0.45321832336119366,0.523325936046087,0.5392191845244434,compact_btts_form,0.6500000000000002,False,0,1,0,0.4967225652404179,0.6000000000000002,0.6547358429434816,0.5700000000000002,0.6947382498426383,0.5600000000000002,0.46749853465461677,0.5100000000000001,0.44507100061925975,0.45000000000000007,0.45321832336119366,0.6500000000000002,0.6146427785791656,0.5900000000000002,0.38920195509841143,0.36
11928,E0,2025/2026,29,2026-03-04,Aston Villa,Chelsea,0.776295352612656,0.5689552462037718,0.5392191845244434,compact_btts_form,0.6500000000000002,False,1,1,1,0.7053035434516135,0.6000000000000002,0.9323910605040274,0.5700000000000002,0.9253917900556677,0.5600000000000002,0.7272115611063469,0.5100000000000001,0.9099739232327453,0.45000000000000007,0.776295352612656,0.6500000000000002,0.9676347006482586,0.5900000000000002,0.9191975101146527,0.36
11929,E0,2025/2026,29,2026-03-04,Brighton,Arsenal,0.5065515312793188,0.5301853992457431,0.5392191845244434,compact_btts_form,0.6500000000000002,False,0,0,1,0.5142281608992045,0.6000000000000002,0.33098309421509353,0.5700000000000002,0.39322516771111377,0.5600000000000002,0.5051989536531536,0.5100000000000001,0.27098063393322697,0.45000000000000007,0.5065515312793188,0.6500000000000002,0.4179597991639567,0.5900000000000002,0.26142348499703133,0.36
11930,E0,2025/2026,29,2026-03-04,Fulham,West Ham,0.5682509431695827,0.5381409371106132,0.5392191845244434,compact_btts_form,0.6500000000000002,False,0,0,1,0.4873964751748526,0.6000000000000002,0.786673721918335,0.5700000000000002,0.7644477901368801,0.5600000000000002,0.4839466731541675,0.5100000000000001,0.3847246302759826,0.45000000000000007,0.5682509431695827,0.6500000000000002,0.7789494253013077,0.5900000000000002,0.5399656017880817,0.36
11931,E0,2025/2026,29,2026-03-04,Man City,Nott'm Forest,0.4641555555254108,0.524739518951854,0.5392191845244434,compact_btts_form,0.6500000000000002,False,0,1,0,0.3859425716241219,0.6000000000000002,0.7165226374332032,0.5700000000000002,0.601448821696798,0.5600000000000002,0.3363644919509744,0.5100000000000001,0.31908495755518057,0.45000000000000007,0.4641555555254108,0.6500000000000002,0.6711813610598769,0.5900000000000002,0.35462833771126784,0.36
11932,E0,2025/2026,29,2026-03-04,Newcastle,Man United,0.7456268374286507,0.5636220234323515,0.5392191845244434,compact_btts_form,0.6500000000000002,False,1,1,1,0.7358715516103432,0.6000000000000002,0.8391453045624425,0.5700000000000002,0.8565637381374976,0.5600000000000002,0.7445264541008809,0.5100000000000001,0.4609263715092237,0.45000000000000007,0.7456268374286507,0.6500000000000002,0.8906829946534971,0.5900000000000002,0.6046324249183704,0.36
11933,E0,2025/2026,29,2026-03-05,Tottenham,Crystal Palace,0.6440532011971409,0.5483011806017238,0.5392191845244434,compact_btts_form,0.6500000000000002,False,1,1,1,0.6018057603740616,0.6000000000000002,0.8938667636884929,0.5700000000000002,0.7453964236017837,0.5600000000000002,0.45297393599466584,0.5100000000000001,0.5516377559641334,0.45000000000000007,0.6440532011971409,0.6500000000000002,0.917040204927508,0.5900000000000002,0.5643088222354725,0.36
7121,I1,2025/2026,29,2026-03-13,Torino,Parma,0.6194075593879269,0.5449225687675816,0.5392191845244434,compact_btts_form,0.6500000000000002,False,1,1,1,0.5918043298869734,0.6000000000000002,0.6920232146947979,0.5700000000000002,0.5992388754759314,0.5600000000000002,0.5673095544396883,0.5100000000000001,0.7710945589811148,0.45000000000000007,0.6194075593879269,0.6500000000000002,0.7169030739094316,0.5900000000000002,0.8978036246571315,0.36
7122,I1,2025/2026,29,2026-03-14,Inter,Atalanta,0.6277656458625648,0.5460584009198863,0.5392191845244434,compact_btts_form,0.6500000000000002,False,1,1,1,0.5539863552961722,0.6000000000000002,0.8328886945115188,0.5700000000000002,0.7076719665506369,0.5600000000000002,0.5497557745510668,0.5100000000000001,0.8793401837020336,0.45000000000000007,0.6277656458625648,0.6500000000000002,0.7919034417003815,0.5900000000000002,0.907797987474333,0.36
7123,I1,2025/2026,29,2026-03-14,Napoli,Lecce,0.3894098362799845,0.514907783796569,0.5392191845244434,compact_btts_form,0.6500000000000002,False,0,1,0,0.4382936503442213,0.6000000000000002,0.07486825334343387,0.5700000000000002,0.058088944909541335,0.5600000000000002,0.4067081974620801,0.5100000000000001,0.09503154765563764,0.45000000000000007,0.3894098362799845,0.6500000000000002,0.10572855399871119,0.5900000000000002,0.10065105226927136,0.36
7124,I1,2025/2026,29,2026-03-14,Udinese,Juventus,0.5322138998653623,0.5334792665592507,0.5392191845244434,compact_btts_form,0.6500000000000002,False,0,0,1,0.5667191815208541,0.6000000000000002,0.43822839464335844,0.5700000000000002,0.2687652092222648,0.5600000000000002,0.5034765241794676,0.5100000000000001,0.6872520385899813,0.45000000000000007,0.5322138998653623,0.6500000000000002,0.4053439625638145,0.5900000000000002,0.5816065466645446,0.36
7125,I1,2025/2026,29,2026-03-15,Verona,Genoa,0.6349495594435768,0.5470425830915449,0.5392191845244434,compact_btts_form,0.6500000000000002,False,1,0,0,0.5902647309407241,0.6000000000000002,0.37879091455289665,0.5700000000000002,0.27328470857281245,0.5600000000000002,0.5829860674769601,0.5100000000000001,0.5954283181393091,0.45000000000000007,0.6349495594435768,0.6500000000000002,0.42071914954000744,0.5900000000000002,0.6508474836861438,0.36
7126,I1,2025/2026,29,2026-03-15,Pisa,Cagliari,0.5916163323895958,0.541207046611104,0.5392191845244434,compact_btts_form,0.6500000000000002,False,1,1,1,0.5855050511789108,0.6000000000000002,0.2539032236622951,0.5700000000000002,0.21124045252995888,0.5600000000000002,0.6261770294867771,0.5100000000000001,0.3445799752979202,0.45000000000000007,0.5916163323895958,0.6500000000000002,0.4781652172237313,0.5900000000000002,0.6333494317985342,0.36
7127,I1,2025/2026,29,2026-03-15,Sassuolo,Bologna,0.5736846011875701,0.5388501539758935,0.5392191845244434,compact_btts_form,0.6500000000000002,False,0,0,1,0.6230854485768215,0.6000000000000002,0.7108929880403528,0.5700000000000002,0.7713724940322024,0.5600000000000002,0.6189044481861559,0.5100000000000001,0.5753933507561375,0.45000000000000007,0.5736846011875701,0.6500000000000002,0.6656228492266654,0.5900000000000002,0.8330933092073277,0.36
7128,I1,2025/2026,29,2026-03-15,Como,Roma,0.5567121135490453,0.5366412258416428,0.5392191845244434,compact_btts_form,0.6500000000000002,False,0,1,0,0.6276702493411331,0.6000000000000002,0.5224856311405093,0.5700000000000002,0.3542690255679029,0.5600000000000002,0.5900693489685501,0.5100000000000001,0.712888397449372,0.45000000000000007,0.5567121135490453,0.6500000000000002,0.43817373835562207,0.5900000000000002,0.6479997803855574,0.36
7129,I1,2025/2026,29,2026-03-15,Lazio,Milan,0.5365236163704024,0.5340338281769087,0.5392191845244434,compact_btts_form,0.6500000000000002,False,0,0,1,0.5349306110899191,0.6000000000000002,0.7283358794000104,0.5700000000000002,0.6511195134969602,0.5600000000000002,0.5084486780526066,0.5100000000000001,0.6928050336574523,0.45000000000000007,0.5365236163704024,0.6500000000000002,0.5096319420741274,0.5900000000000002,0.6891834316306187,0.36
7130,I1,2025/2026,29,2026-03-16,Cremonese,Fiorentina,0.6050050326367975,0.5429862614606094,0.5392191845244434,compact_btts_form,0.6500000000000002,False,1,1,1,0.5813499311037356,0.6000000000000002,0.7262933676692244,0.5700000000000002,0.692259954041975,0.5600000000000002,0.5788751848600701,0.5100000000000001,0.8238197391917764,0.45000000000000007,0.6050050326367975,0.6500000000000002,0.7567334086579417,0.5900000000000002,0.9176416949526817,0.36
16920,SP1,2025/2026,29,2026-03-20,Villarreal,Sociedad,0.703364552000176,0.5569008470910588,0.5392191845244434,compact_btts_form,0.6500000000000002,False,1,1,1,0.5457497546734967,0.6000000000000002,0.8088544956997694,0.5700000000000002,0.8073801365214038,0.5600000000000002,0.5473924330573142,0.5100000000000001,0.5648416852376127,0.45000000000000007,0.703364552000176,0.6500000000000002,0.630377529395937,0.5900000000000002,0.20253700728204216,0.36
16921,SP1,2025/2026,29,2026-03-21,Elche,Mallorca,0.6457918490031064,0.5485430911582029,0.5392191845244434,compact_btts_form,0.6500000000000002,False,1,1,1,0.5131441040476649,0.6000000000000002,0.6370197735601814,0.5700000000000002,0.5813509061197921,0.5600000000000002,0.45890127953819065,0.5100000000000001,0.5302772602515098,0.45000000000000007,0.6457918490031064,0.6500000000000002,0.6657907013494175,0.5900000000000002,0.2464261489060965,0.36
16922,SP1,2025/2026,29,2026-03-21,Espanol,Getafe,0.3353179386082078,0.5073713454027801,0.5392191845244434,compact_btts_form,0.6500000000000002,False,0,1,0,0.311376112306433,0.6000000000000002,0.16634245802282355,0.5700000000000002,0.11584799966634021,0.5600000000000002,0.2457552230995737,0.5100000000000001,0.02947029822519448,0.45000000000000007,0.3353179386082078,0.6500000000000002,0.39239660501602364,0.5900000000000002,0.04951127270176083,0.36
16923,SP1,2025/2026,29,2026-03-21,Levante,Oviedo,0.54685292977181,0.5353656485482907,0.5392191845244434,compact_btts_form,0.6500000000000002,False,0,1,0,0.4892499646414842,0.6000000000000002,0.6265610664991556,0.5700000000000002,0.6900552528661599,0.5600000000000002,0.46214722010220183,0.5100000000000001,0.25313561199182066,0.45000000000000007,0.54685292977181,0.6500000000000002,0.6221679451035723,0.5900000000000002,0.22387223676785156,0.36
16924,SP1,2025/2026,29,2026-03-21,Osasuna,Girona,0.6171224644380723,0.5446136540850768,0.5392191845244434,compact_btts_form,0.6500000000000002,False,1,0,0,0.5070777089628824,0.6000000000000002,0.8168373057945476,0.5700000000000002,0.8669688242996157,0.5600000000000002,0.5919948847401,0.5100000000000001,0.701282331727541,0.45000000000000007,0.6171224644380723,0.6500000000000002,0.884897428730145,0.5900000000000002,0.6005903826874178,0.36
16925,SP1,2025/2026,29,2026-03-21,Sevilla,Valencia,0.3956866997848854,0.5157536506596283,0.5392191845244434,compact_btts_form,0.6500000000000002,False,0,0,1,0.4507905283912963,0.6000000000000002,0.34527543400341915,0.5700000000000002,0.28535905715520055,0.5600000000000002,0.25735881402062444,0.5100000000000001,0.16480035189659978,0.45000000000000007,0.3956866997848854,0.6500000000000002,0.2219338495120978,0.5900000000000002,0.04183234028084441,0.36
16926,SP1,2025/2026,29,2026-03-22,Barcelona,Vallecano,0.6507690427232732,0.5492384736144639,0.5392191845244434,compact_btts_form,0.6500000000000002,False,1,0,0,0.6953766907186387,0.6000000000000002,0.7236684613493306,0.5700000000000002,0.7387199186117387,0.5600000000000002,0.7235394868788423,0.5100000000000001,0.5712936137048102,0.45000000000000007,0.6507690427232732,0.6500000000000002,0.8443068219607448,0.5900000000000002,0.33926098811702027,0.36
16927,SP1,2025/2026,29,2026-03-22,Celta,Alaves,0.576505463622482,0.5392191845244434,0.5392191845244434,compact_btts_form,0.6500000000000002,False,1,1,1,0.4365417906683053,0.6000000000000002,0.6371781188702202,0.5700000000000002,0.552251557566671,0.5600000000000002,0.35407098871598347,0.5100000000000001,0.5460288351053779,0.45000000000000007,0.576505463622482,0.6500000000000002,0.6836535980601944,0.5900000000000002,0.31851692620166744,0.36
16928,SP1,2025/2026,29,2026-03-22,Ath Bilbao,Betis,0.5349729177055453,0.5338342219623589,0.5392191845244434,compact_btts_form,0.6500000000000002,False,0,1,0,0.6389841332573928,0.6000000000000002,0.18212432369471623,0.5700000000000002,0.09631644799873107,0.5600000000000002,0.5465611029646575,0.5100000000000001,0.12006476273792652,0.45000000000000007,0.5349729177055453,0.6500000000000002,0.3705661384243148,0.5900000000000002,0.044342635524984776,0.36
16929,SP1,2025/2026,29,2026-03-22,Real Madrid,Ath Madrid,0.7585391459968728,0.5658124851721814,0.5392191845244434,compact_btts_form,0.6500000000000002,False,1,1,1,0.7663323260695921,0.6000000000000002,0.7957625338645189,0.5700000000000002,0.8382387721854313,0.5600000000000002,0.8206569690364998,0.5100000000000001,0.5790708812104605,0.45000000000000007,0.7585391459968728,0.6500000000000002,0.7711586678513342,0.5900000000000002,0.4792316100980063,0.36
9309,D1,2025/2026,29,2026-04-10,Augsburg,Hoffenheim,0.7484705256814498,0.5640981500276279,0.5392191845244434,compact_btts_form,0.6500000000000002,False,1,1,1,0.7742532140570445,0.6000000000000002,0.9155791041105167,0.5700000000000002,0.903854714398426,0.5600000000000002,0.7378743461675744,0.5100000000000001,0.9010750127003715,0.45000000000000007,0.7484705256814498,0.6500000000000002,0.8880867932478745,0.5900000000000002,0.911668390923855,0.36
14305,F1,2025/2026,29,2026-04-10,Paris FC,Monaco,0.7242422773269324,0.560143942895561,0.5392191845244434,compact_btts_form,0.6500000000000002,False,1,1,1,0.8070542347996336,0.6000000000000002,0.3540513192439625,0.5700000000000002,0.27043759241140286,0.5600000000000002,0.7151174623579136,0.5100000000000001,0.6945393320477391,0.45000000000000007,0.7242422773269324,0.6500000000000002,0.5017326350186255,0.5900000000000002,0.7957659197446301,0.36
14306,F1,2025/2026,29,2026-04-10,Marseille,Metz,0.6404273704166537,0.5477983085061553,0.5392191845244434,compact_btts_form,0.6500000000000002,False,1,1,1,0.7464084226020831,0.6000000000000002,0.7390067793745789,0.5700000000000002,0.744476486829732,0.5600000000000002,0.7245001351298237,0.5100000000000001,0.9271637828786611,0.45000000000000007,0.6404273704166537,0.6500000000000002,0.8294627410584896,0.5900000000000002,0.8902030440177159,0.36
9310,D1,2025/2026,29,2026-04-11,Dortmund,Leverkusen,0.7998618972444271,0.5734054719781359,0.5392191845244434,compact_btts_form,0.6500000000000002,False,1,0,0,0.7800663575658247,0.6000000000000002,0.8666896213338359,0.5700000000000002,0.8914838987326839,0.5600000000000002,0.788896712560248,0.5100000000000001,0.906872346432021,0.45000000000000007,0.7998618972444271,0.6500000000000002,0.893946303505982,0.5900000000000002,0.9074248194379331,0.36
9311,D1,2025/2026,29,2026-04-11,Heidenheim,Union Berlin,0.6343615510495892,0.5469617379769058,0.5392191845244434,compact_btts_form,0.6500000000000002,False,1,1,1,0.618562135839701,0.6000000000000002,0.7316093301455386,0.5700000000000002,0.7329848221306208,0.5600000000000002,0.6605698636695663,0.5100000000000001,0.7307924946700453,0.45000000000000007,0.6343615510495892,0.6500000000000002,0.7702706957490011,0.5900000000000002,0.6956525869177034,0.36
9312,D1,2025/2026,29,2026-04-11,RB Leipzig,M'gladbach,0.6405721214993997,0.5478183430961606,0.5392191845244434,compact_btts_form,0.6500000000000002,False,1,0,0,0.6648505807481301,0.6000000000000002,0.8684026288561874,0.5700000000000002,0.9123016405185999,0.5600000000000002,0.6115558223421905,0.5100000000000001,0.7761322651027097,0.45000000000000007,0.6405721214993997,0.6500000000000002,0.890850142188869,0.5900000000000002,0.8309131599845543,0.36
9313,D1,2025/2026,29,2026-04-11,Wolfsburg,Ein Frankfurt,0.7998636058129912,0.5734058078639723,0.5392191845244434,compact_btts_form,0.6500000000000002,False,1,1,1,0.799276037312874,0.6000000000000002,0.6694800428830225,0.5700000000000002,0.5930792283854849,0.5600000000000002,0.7422840239901346,0.5100000000000001,0.641507120390812,0.45000000000000007,0.7998636058129912,0.6500000000000002,0.7803556418271781,0.5900000000000002,0.7809378336902286,0.36
9314,D1,2025/2026,29,2026-04-11,St Pauli,Bayern Munich,0.6563719662346272,0.5500265702134927,0.5392191845244434,compact_btts_form,0.6500000000000002,False,1,0,0,0.6282190527125732,0.6000000000000002,0.8508422691294338,0.5700000000000002,0.8757630910911467,0.5600000000000002,0.5916633859125559,0.5100000000000001,0.8471879906419861,0.45000000000000007,0.6563719662346272,0.6500000000000002,0.8473820354226786,0.5900000000000002,0.8129926421702307,0.36
14307,F1,2025/2026,29,2026-04-11,Auxerre,Nantes,0.3597393067654009,0.5108352995474902,0.5392191845244434,compact_btts_form,0.6500000000000002,False,0,0,1,0.5256824880543768,0.6000000000000002,0.2753607843330473,0.5700000000000002,0.3152252599442616,0.5600000000000002,0.5084963305421114,0.5100000000000001,0.5130205356066471,0.45000000000000007,0.3597393067654009,0.6500000000000002,0.3214236061313036,0.5900000000000002,0.42376921762972436,0.36
14308,F1,2025/2026,29,2026-04-11,Rennes,Angers,0.5049502746356248,0.5299801084753789,0.5392191845244434,compact_btts_form,0.6500000000000002,False,0,1,0,0.597122061333016,0.6000000000000002,0.27482828082340766,0.5700000000000002,0.2592990376250354,0.5600000000000002,0.6320471285513013,0.5100000000000001,0.4323005924623571,0.45000000000000007,0.5049502746356248,0.6500000000000002,0.2705325220596139,0.5900000000000002,0.4787450343090453,0.36
9315,D1,2025/2026,29,2026-04-12,FC Koln,Werder Bremen,0.6747961483166154,0.5526613324984749,0.5392191845244434,compact_btts_form,0.6500000000000002,False,1,1,1,0.7317575836560637,0.6000000000000002,0.9381629175491387,0.5700000000000002,0.9852652313675594,0.5600000000000002,0.7823058199037176,0.5100000000000001,0.9733794779011746,0.45000000000000007,0.6747961483166154,0.6500000000000002,0.9654035745120785,0.5900000000000002,0.9876259225397711,0.36
9316,D1,2025/2026,29,2026-04-12,Stuttgart,Hamburg,0.7538834543385261,0.5650141123399073,0.5392191845244434,compact_btts_form,0.6500000000000002,False,1,0,0,0.7943707445080742,0.6000000000000002,0.8188690753120255,0.5700000000000002,0.8732553171287963,0.5600000000000002,0.8346605989015372,0.5100000000000001,0.9630196056612499,0.45000000000000007,0.7538834543385261,0.6500000000000002,0.9347072096980555,0.5900000000000002,0.8863605303085167,0.36
9317,D1,2025/2026,29,2026-04-12,Mainz,Freiburg,0.6902903574925995,0.5549350009456385,0.5392191845244434,compact_btts_form,0.6500000000000002,False,1,0,0,0.7107683494641726,0.6000000000000002,0.8130453380351658,0.5700000000000002,0.8434054291316448,0.5600000000000002,0.725348274569407,0.5100000000000001,0.8104165927693575,0.45000000000000007,0.6902903574925995,0.6500000000000002,0.7597530025950539,0.5900000000000002,0.8840906906941451,0.36
14309,F1,2025/2026,29,2026-04-12,Nice,Le Havre,0.609802761056167,0.5436285222561236,0.5392191845244434,compact_btts_form,0.6500000000000002,False,1,1,1,0.6794562103902549,0.6000000000000002,0.5937818809806359,0.5700000000000002,0.5197920300228255,0.5600000000000002,0.6316841434024053,0.5100000000000001,0.877545041042578,0.45000000000000007,0.609802761056167,0.6500000000000002,0.7959172421502207,0.5900000000000002,0.9215094410070082,0.36
14310,F1,2025/2026,29,2026-04-12,Toulouse,Lille,0.6313744437366571,0.546551847024516,0.5392191845244434,compact_btts_form,0.6500000000000002,False,1,0,0,0.7246883580538739,0.6000000000000002,0.6490684410642927,0.5700000000000002,0.6710803390540425,0.5600000000000002,0.7063863039132466,0.5100000000000001,0.761035286801238,0.45000000000000007,0.6313744437366571,0.6500000000000002,0.7406037059153967,0.5900000000000002,0.8353197084822308,0.36
14311,F1,2025/2026,29,2026-04-12,Lyon,Lorient,0.7095972643294619,0.557854874753204,0.5392191845244434,compact_btts_form,0.6500000000000002,False,1,0,0,0.8021192321419194,0.6000000000000002,0.6554026666177931,0.5700000000000002,0.4513970282053572,0.5600000000000002,0.781749110229456,0.5100000000000001,0.9241586970381701,0.45000000000000007,0.7095972643294619,0.6500000000000002,0.8171725446891877,0.5900000000000002,0.8094517376835679,0.36
14349,F1,2025/2026,29,2026-05-13,Brest,Strasbourg,0.7524796423650815,0.5647753201999834,0.5392191845244434,compact_btts_form,0.6500000000000002,False,1,1,1,0.7638318959141219,0.6000000000000002,0.7680863492094699,0.5700000000000002,0.8150796439594903,0.5600000000000002,0.7706121899120336,0.5100000000000001,0.8763646472758931,0.45000000000000007,0.7524796423650815,0.6500000000000002,0.8688476500862768,0.5900000000000002,0.9284486583963059,0.36
14350,F1,2025/2026,29,2026-05-13,Lens,Paris SG,0.8072883182949472,0.5748856269964481,0.5392191845244434,compact_btts_form,0.6500000000000002,False,1,0,0,0.8165621523335522,0.6000000000000002,0.7870173560144658,0.5700000000000002,0.7399673826256293,0.5600000000000002,0.8073418025357264,0.5100000000000001,0.8834069051591887,0.45000000000000007,0.8072883182949472,0.6500000000000002,0.7796546091018863,0.5900000000000002,0.9086961388176049,0.36
11934,E0,2025/2026,30,2026-03-14,Burnley,Bournemouth,0.5637034316525251,0.5375489177045792,0.5382890190716481,compact_btts_form,0.6500000000000002,False,0,0,1,0.6486668719924362,0.4900000000000001,0.5318315228781471,0.6400000000000002,0.4538627133377294,0.6500000000000002,0.6090977480656539,0.4900000000000001,0.6094319447696535,0.5000000000000001,0.5637034316525251,0.6400000000000002,0.7850808598461677,0.5200000000000001,0.5789640497558559,0.6300000000000002
11935,E0,2025/2026,30,2026-03-14,Sunderland,Brighton,0.5056799917605106,0.5300736620110855,0.5382890190716481,compact_btts_form,0.6500000000000002,False,0,0,1,0.4726461891507883,0.4900000000000001,0.7383849850403225,0.6400000000000002,0.7505257545793422,0.6500000000000002,0.44029899662910116,0.4900000000000001,0.43025891626236773,0.5000000000000001,0.5056799917605106,0.6400000000000002,0.7810133393702507,0.5200000000000001,0.6296803949574598,0.6300000000000002
11936,E0,2025/2026,30,2026-03-14,Arsenal,Everton,0.41718950200884836,0.5186175987009018,0.5382890190716481,compact_btts_form,0.6500000000000002,False,0,0,1,0.40766379662011276,0.4900000000000001,0.49671453984349506,0.6400000000000002,0.570151948416041,0.6500000000000002,0.3992389844619702,0.4900000000000001,0.3647715044418801,0.5000000000000001,0.41718950200884836,0.6400000000000002,0.3298249866731252,0.5200000000000001,0.2622760309341739,0.6300000000000002
11937,E0,2025/2026,30,2026-03-14,Chelsea,Newcastle,0.7528593222428798,0.5648398177297175,0.5382890190716481,compact_btts_form,0.6500000000000002,False,1,0,0,0.7051593814682237,0.4900000000000001,0.8263602619085522,0.6400000000000002,0.8644688515530604,0.6500000000000002,0.7483068636765551,0.4900000000000001,0.7690564324092409,0.5000000000000001,0.7528593222428798,0.6400000000000002,0.8468733470309217,0.5200000000000001,0.8050109112719928,0.6300000000000002
11938,E0,2025/2026,30,2026-03-14,West Ham,Man City,0.6610165500976134,0.5506843227215361,0.5382890190716481,compact_btts_form,0.6500000000000002,False,1,1,1,0.5584023135175481,0.4900000000000001,0.6730498216341979,0.6400000000000002,0.6326788052919865,0.6500000000000002,0.5378415413738006,0.4900000000000001,0.4329826075461176,0.5000000000000001,0.6610165500976134,0.6400000000000002,0.6780264472437907,0.5200000000000001,0.3674851258170559,0.6300000000000002
11939,E0,2025/2026,30,2026-03-15,Crystal Palace,Leeds,0.5461939940547695,0.5352805597962086,0.5382890190716481,compact_btts_form,0.6500000000000002,False,0,0,1,0.4856152330114919,0.4900000000000001,0.5120827311312649,0.6400000000000002,0.36729203849866565,0.6500000000000002,0.45740451321857517,0.4900000000000001,0.2577019190063207,0.5000000000000001,0.5461939940547695,0.6400000000000002,0.5456646721171895,0.5200000000000001,0.20949687792052193,0.6300000000000002
11940,E0,2025/2026,30,2026-03-15,Man United,Aston Villa,0.5698723115335483,0.5383523466773145,0.5382890190716481,compact_btts_form,0.6500000000000002,False,1,1,1,0.4413826427742949,0.4900000000000001,0.6375913474979904,0.6400000000000002,0.6511640451561754,0.6500000000000002,0.46260850524082675,0.4900000000000001,0.2550355701963483,0.5000000000000001,0.5698723115335483,0.6400000000000002,0.3058170949220533,0.5200000000000001,0.34134168678209753,0.6300000000000002
11941,E0,2025/2026,30,2026-03-15,Nott'm Forest,Fulham,0.6393169995713938,0.5476447373184202,0.5382890190716481,compact_btts_form,0.6500000000000002,False,1,0,0,0.4527713804593762,0.4900000000000001,0.6665450751675737,0.6400000000000002,0.6488994309296056,0.6500000000000002,0.4922686539674558,0.4900000000000001,0.2794806339553541,0.5000000000000001,0.6393169995713938,0.6400000000000002,0.5616247366852917,0.5200000000000001,0.36757081703132993,0.6300000000000002
11942,E0,2025/2026,30,2026-03-15,Liverpool,Tottenham,0.6285176691596375,0.5461610730739194,0.5382890190716481,compact_btts_form,0.6500000000000002,False,1,1,1,0.4910172064868502,0.4900000000000001,0.7080159118789487,0.6400000000000002,0.7240633638726498,0.6500000000000002,0.4625576904410927,0.4900000000000001,0.6620017876450834,0.5000000000000001,0.6285176691596375,0.6400000000000002,0.7867721610395523,0.5200000000000001,0.4100344426526683,0.6300000000000002
11943,E0,2025/2026,30,2026-03-16,Brentford,Wolves,0.5544200751901428,0.536344246829774,0.5382890190716481,compact_btts_form,0.6500000000000002,False,0,1,0,0.585293029538644,0.4900000000000001,0.47759914077121035,0.6400000000000002,0.47025955320316776,0.6500000000000002,0.6252317972433465,0.4900000000000001,0.5104667880552215,0.5000000000000001,0.5544200751901428,0.6400000000000002,0.7853106921838677,0.5200000000000001,0.46840072156976337,0.6300000000000002
7131,I1,2025/2026,30,2026-03-20,Cagliari,Napoli,0.569386776138068,0.5382890190716481,0.5382890190716481,compact_btts_form,0.6500000000000002,False,1,0,0,0.5550831589556267,0.4900000000000001,0.5481525167809544,0.6400000000000002,0.4671221897728131,0.6500000000000002,0.45628699349167195,0.4900000000000001,0.8143669934553236,0.5000000000000001,0.569386776138068,0.6400000000000002,0.5627153050770831,0.5200000000000001,0.77143241001606,0.6300000000000002
7132,I1,2025/2026,30,2026-03-20,Genoa,Udinese,0.5521878964973562,0.5360552872989821,0.5382890190716481,compact_btts_form,0.6500000000000002,False,0,0,1,0.5791942652699176,0.4900000000000001,0.5326360366872437,0.6400000000000002,0.3654067957207793,0.6500000000000002,0.528073820308482,0.4900000000000001,0.8436298434175096,0.5000000000000001,0.5521878964973562,0.6400000000000002,0.5613693084056062,0.5200000000000001,0.6243663263225755,0.6300000000000002
7133,I1,2025/2026,30,2026-03-21,Parma,Cremonese,0.6537733006280646,0.5496603325138635,0.5382890190716481,compact_btts_form,0.6500000000000002,False,1,0,0,0.45287596012536374,0.4900000000000001,0.7482546114241004,0.6400000000000002,0.6638377409135638,0.6500000000000002,0.4268592401961683,0.4900000000000001,0.7429398565614262,0.5000000000000001,0.6537733006280646,0.6400000000000002,0.6658578237215201,0.5200000000000001,0.5996312984169837,0.6300000000000002
7134,I1,2025/2026,30,2026-03-21,Milan,Torino,0.6717784545573926,0.5522249448756482,0.5382890190716481,compact_btts_form,0.6500000000000002,False,1,1,1,0.6257032231052853,0.4900000000000001,0.6263196958100885,0.6400000000000002,0.5220246143125906,0.6500000000000002,0.6298256686455646,0.4900000000000001,0.8454148164158599,0.5000000000000001,0.6717784545573926,0.6400000000000002,0.8332377886346666,0.5200000000000001,0.8315498208145234,0.6300000000000002
7135,I1,2025/2026,30,2026-03-21,Juventus,Sassuolo,0.6161461232735427,0.544481869301509,0.5382890190716481,compact_btts_form,0.6500000000000002,False,1,1,1,0.6246677654276724,0.4900000000000001,0.6032361612718252,0.6400000000000002,0.4833022737464537,0.6500000000000002,0.6731950651783883,0.4900000000000001,0.7744450549181441,0.5000000000000001,0.6161461232735427,0.6400000000000002,0.6772841122875591,0.5200000000000001,0.7834308561014288,0.6300000000000002
7136,I1,2025/2026,30,2026-03-22,Como,Pisa,0.593587237957119,0.5414678248555502,0.5382890190716481,compact_btts_form,0.6500000000000002,False,1,0,0,0.509091567451337,0.4900000000000001,0.6542671308101053,0.6400000000000002,0.4757553933190609,0.6500000000000002,0.5110908763402022,0.4900000000000001,0.7817238250876899,0.5000000000000001,0.593587237957119,0.6400000000000002,0.6131384213077924,0.5200000000000001,0.7607457010215687,0.6300000000000002
7137,I1,2025/2026,30,2026-03-22,Atalanta,Verona,0.5205897910287489,0.5319859491382247,0.5382890190716481,compact_btts_form,0.6500000000000002,False,0,0,1,0.4510550508730555,0.4900000000000001,0.32293948921421106,0.6400000000000002,0.2162829723678092,0.6500000000000002,0.3902678948257173,0.4900000000000001,0.4027529708296187,0.5000000000000001,0.5205897910287489,0.6400000000000002,0.3445102247581302,0.5200000000000001,0.27638704766654876,0.6300000000000002
7138,I1,2025/2026,30,2026-03-22,Bologna,Lazio,0.5171788313994081,0.5315482585728263,0.5382890190716481,compact_btts_form,0.6500000000000002,False,0,0,1,0.4632558962960232,0.4900000000000001,0.45480024146776754,0.6400000000000002,0.4610085049652446,0.6500000000000002,0.45081257997435825,0.4900000000000001,0.4868919971796403,0.5000000000000001,0.5171788313994081,0.6400000000000002,0.20575900391971585,0.5200000000000001,0.5290312700886209,0.6300000000000002
7139,I1,2025/2026,30,2026-03-22,Roma,Lecce,0.47327613444081845,0.5259145459361834,0.5382890190716481,compact_btts_form,0.6500000000000002,False,0,0,1,0.44692431152969764,0.4900000000000001,0.17092100784322123,0.6400000000000002,0.14989556597945186,0.6500000000000002,0.41565216438352154,0.4900000000000001,0.12238530028985484,0.5000000000000001,0.47327613444081845,0.6400000000000002,0.1704348587799313,0.5200000000000001,0.16050831166255375,0.6300000000000002
7140,I1,2025/2026,30,2026-03-22,Fiorentina,Inter,0.6042074814261518,0.5428797471469182,0.5382890190716481,compact_btts_form,0.6500000000000002,False,1,1,1,0.6203193197823036,0.4900000000000001,0.5945868901447513,0.6400000000000002,0.45376762793118597,0.6500000000000002,0.6659161078792897,0.4900000000000001,0.8528386934644451,0.5000000000000001,0.6042074814261518,0.6400000000000002,0.7783896096517352,0.5200000000000001,0.7758948279270604,0.6300000000000002
16930,SP1,2025/2026,30,2026-04-03,Vallecano,Elche,0.6284128168210789,0.5461467529537338,0.5382890190716481,compact_btts_form,0.6500000000000002,False,1,0,0,0.5888698940714544,0.4900000000000001,0.5965193008439628,0.6400000000000002,0.4409713862993476,0.6500000000000002,0.3428527998388405,0.4900000000000001,0.4485006510358789,0.5000000000000001,0.6284128168210789,0.6400000000000002,0.6360886943581596,0.5200000000000001,0.1543604176346628,0.6300000000000002
16931,SP1,2025/2026,30,2026-04-04,Sociedad,Levante,0.5567160278890881,0.5366417332637741,0.5382890190716481,compact_btts_form,0.6500000000000002,False,0,0,1,0.5888038621820528,0.4900000000000001,0.6206078984831985,0.6400000000000002,0.6169704458928962,0.6500000000000002,0.5646214370271377,0.4900000000000001,0.5682789725994998,0.5000000000000001,0.5567160278890881,0.6400000000000002,0.555733424380777,0.5200000000000001,0.24079093560039494,0.6300000000000002
16932,SP1,2025/2026,30,2026-04-04,Mallorca,Real Madrid,0.5636221539064918,0.537538348552937,0.5382890190716481,compact_btts_form,0.6500000000000002,False,0,1,0,0.6624124620329563,0.4900000000000001,0.7384816750907967,0.6400000000000002,0.7149014670463412,0.6500000000000002,0.6224748245896654,0.4900000000000001,0.8124413174616041,0.5000000000000001,0.5636221539064918,0.6400000000000002,0.8847664612393702,0.5200000000000001,0.5050776620004077,0.6300000000000002
16933,SP1,2025/2026,30,2026-04-04,Betis,Espanol,0.5723462222335614,0.5386752706407532,0.5382890190716481,compact_btts_form,0.6500000000000002,False,1,0,0,0.49963766395243275,0.4900000000000001,0.8336652641722148,0.6400000000000002,0.7414324187140869,0.6500000000000002,0.33998533315171825,0.4900000000000001,0.7047895781228435,0.5000000000000001,0.5723462222335614,0.6400000000000002,0.8393533958867205,0.5200000000000001,0.36395902022690657,0.6300000000000002
16934,SP1,2025/2026,30,2026-04-04,Ath Madrid,Barcelona,0.7993606701704972,0.5733070259785656,0.5382890190716481,compact_btts_form,0.6500000000000002,False,1,1,1,0.7793174815739228,0.4900000000000001,0.9036297009462035,0.6400000000000002,0.9167286612362426,0.6500000000000002,0.8395606883422652,0.4900000000000001,0.7096234713248672,0.5000000000000001,0.7993606701704972,0.6400000000000002,0.9572173505834429,0.5200000000000001,0.7833006015037208,0.6300000000000002
16935,SP1,2025/2026,30,2026-04-05,Getafe,Ath Bilbao,0.5330009808636265,0.5335805034218121,0.5382890190716481,compact_btts_form,0.6500000000000002,False,0,0,1,0.3774961394056424,0.4900000000000001,0.7119181372085421,0.6400000000000002,0.8715143302872098,0.6500000000000002,0.41294954888538987,0.4900000000000001,0.601453226914212,0.5000000000000001,0.5330009808636265,0.6400000000000002,0.8330746467392569,0.5200000000000001,0.6118161601601706,0.6300000000000002
16936,SP1,2025/2026,30,2026-04-05,Valencia,Celta,0.5541460610953189,0.5363087614622329,0.5382890190716481,compact_btts_form,0.6500000000000002,False,0,1,0,0.588055922677519,0.4900000000000001,0.5990206420117146,0.6400000000000002,0.5192202776203518,0.6500000000000002,0.41806659293356824,0.4900000000000001,0.4957633825263934,0.5000000000000001,0.5541460610953189,0.6400000000000002,0.8096149347624774,0.5200000000000001,0.31248448446035,0.6300000000000002
16937,SP1,2025/2026,30,2026-04-05,Oviedo,Sevilla,0.4702800822017874,0.5255288800165064,0.5382890190716481,compact_btts_form,0.6500000000000002,False,0,0,1,0.46244943569707153,0.4900000000000001,0.4617500896919885,0.6400000000000002,0.5158473096561444,0.6500000000000002,0.5397287393416476,0.4900000000000001,0.18403386353800397,0.5000000000000001,0.4702800822017874,0.6400000000000002,0.3272364489906472,0.5200000000000001,0.06397552165332408,0.6300000000000002
16938,SP1,2025/2026,30,2026-04-05,Alaves,Osasuna,0.5531785318782521,0.536183495513957,0.5382890190716481,compact_btts_form,0.6500000000000002,False,0,1,0,0.5171946708501259,0.4900000000000001,0.5734187255650643,0.6400000000000002,0.638376206342203,0.6500000000000002,0.5020272652194402,0.4900000000000001,0.39132830832401216,0.5000000000000001,0.5531785318782521,0.6400000000000002,0.697306565017151,0.5200000000000001,0.3559142197182311,0.6300000000000002
16939,SP1,2025/2026,30,2026-04-06,Girona,Villarreal,0.6979071098555306,0.5560746326239342,0.5382890190716481,compact_btts_form,0.6500000000000002,False,1,0,0,0.7514425624248401,0.4900000000000001,0.7270807450682485,0.6400000000000002,0.7701889521143839,0.6500000000000002,0.7135645847626226,0.4900000000000001,0.5251865683306685,0.5000000000000001,0.6979071098555306,0.6400000000000002,0.820312626883025,0.5200000000000001,0.40510047457438114,0.6300000000000002
9318,D1,2025/2026,30,2026-04-17,St Pauli,FC Koln,0.7738051028355661,0.5685045208223362,0.5382890190716481,compact_btts_form,0.6500000000000002,False,1,1,1,0.7492210923303817,0.4900000000000001,0.519133735680035,0.6400000000000002,0.6114858320919533,0.6500000000000002,0.7649125818166077,0.4900000000000001,0.6709676478487349,0.5000000000000001,0.7738051028355661,0.6400000000000002,0.8096118382604293,0.5200000000000001,0.7246469775773074,0.6300000000000002
14312,F1,2025/2026,30,2026-04-17,Lens,Toulouse,0.5214412157613212,0.5320952321915993,0.5382890190716481,compact_btts_form,0.6500000000000002,False,0,1,0,0.5697678968684132,0.4900000000000001,0.6630614037047036,0.6400000000000002,0.5513016928546166,0.6500000000000002,0.43410770017964057,0.4900000000000001,0.7202301212503252,0.5000000000000001,0.5214412157613212,0.6400000000000002,0.3138143552567281,0.5200000000000001,0.6655880120998894,0.6300000000000002
9319,D1,2025/2026,30,2026-04-18,Hoffenheim,Dortmund,0.8229469697019377,0.5781509374375494,0.5382890190716481,compact_btts_form,0.6500000000000002,False,1,1,1,0.8653007827710879,0.4900000000000001,0.8926171636855261,0.6400000000000002,0.8998724230700661,0.6500000000000002,0.8929682386485956,0.4900000000000001,0.8729676233315664,0.5000000000000001,0.8229469697019377,0.6400000000000002,0.8262498061415691,0.5200000000000001,0.9070974153254326,0.6300000000000002
9320,D1,2025/2026,30,2026-04-18,Leverkusen,Augsburg,0.7521422553777417,0.564718060960966,0.5382890190716481,compact_btts_form,0.6500000000000002,False,1,1,1,0.646909744172939,0.4900000000000001,0.9133991324532714,0.6400000000000002,0.8956411585035969,0.6500000000000002,0.6104088030096796,0.4900000000000001,0.9521749094560592,0.5000000000000001,0.7521422553777417,0.6400000000000002,0.9727914132889313,0.5200000000000001,0.9514176556419698,0.6300000000000002
9321,D1,2025/2026,30,2026-04-18,Union Berlin,Wolfsburg,0.7272916834621117,0.5606295510202125,0.5382890190716481,compact_btts_form,0.6500000000000002,False,1,1,1,0.6012761773129363,0.4900000000000001,0.3387711692350858,0.6400000000000002,0.25625344865224886,0.6500000000000002,0.5426107791320607,0.4900000000000001,0.19879062739192657,0.5000000000000001,0.7272916834621117,0.6400000000000002,0.31820418906742964,0.5200000000000001,0.2818336785168601,0.6300000000000002
9322,D1,2025/2026,30,2026-04-18,Werder Bremen,Hamburg,0.7236640318840744,0.5600522227715237,0.5382890190716481,compact_btts_form,0.6500000000000002,False,1,1,1,0.7446435251748394,0.4900000000000001,0.7310128852472583,0.6400000000000002,0.7752872707590307,0.6500000000000002,0.764766291592675,0.4900000000000001,0.8973018495562628,0.5000000000000001,0.7236640318840744,0.6400000000000002,0.9045506838126451,0.5200000000000001,0.8524986826896026,0.6300000000000002
9323,D1,2025/2026,30,2026-04-18,Ein Frankfurt,RB Leipzig,0.8133550863704245,0.5761263060419246,0.5382890190716481,compact_btts_form,0.6500000000000002,False,1,1,1,0.8479920458643309,0.4900000000000001,0.9405556647431167,0.6400000000000002,0.9343272337910999,0.6500000000000002,0.841188755885355,0.4900000000000001,0.9749976245976261,0.5000000000000001,0.8133550863704245,0.6400000000000002,0.9600462635523979,0.5200000000000001,0.961139314278321,0.6300000000000002
14313,F1,2025/2026,30,2026-04-18,Lorient,Marseille,0.7727863503329685,0.5683211112686523,0.5382890190716481,compact_btts_form,0.6500000000000002,False,1,0,0,0.7681814401401253,0.4900000000000001,0.824620563334905,0.6400000000000002,0.7018007130681656,0.6500000000000002,0.6361167523801129,0.4900000000000001,0.9422760615252012,0.5000000000000001,0.7727863503329685,0.6400000000000002,0.9597194308153134,0.5200000000000001,0.9363098934630139,0.6300000000000002
14314,F1,2025/2026,30,2026-04-18,Angers,Le Havre,0.6833018403105132,0.5539023967761725,0.5382890190716481,compact_btts_form,0.6500000000000002,False,1,1,1,0.6367466736293966,0.4900000000000001,0.7083910499391374,0.6400000000000002,0.716592875226729,0.6500000000000002,0.6042785784363809,0.4900000000000001,0.7696106261820634,0.5000000000000001,0.6833018403105132,0.6400000000000002,0.823824615253307,0.5200000000000001,0.8546800532620297,0.6300000000000002
14315,F1,2025/2026,30,2026-04-18,Lille,Nice,0.478631047981715,0.5266031797818193,0.5382890190716481,compact_btts_form,0.6500000000000002,False,0,0,1,0.5002394851416403,0.4900000000000001,0.47278043936297737,0.6400000000000002,0.544660109991185,0.6500000000000002,0.4300330766169231,0.4900000000000001,0.7315874011149354,0.5000000000000001,0.478631047981715,0.6400000000000002,0.5030053416767505,0.5200000000000001,0.7049602084265065,0.6300000000000002
9324,D1,2025/2026,30,2026-04-19,Freiburg,Heidenheim,0.7215702513704112,0.5597210648903765,0.5382890190716481,compact_btts_form,0.6500000000000002,False,1,1,1,0.746632635476137,0.4900000000000001,0.7859305234291165,0.6400000000000002,0.8336217891551257,0.6500000000000002,0.7932884170658963,0.4900000000000001,0.8704628137716498,0.5000000000000001,0.7215702513704112,0.6400000000000002,0.893856006662759,0.5200000000000001,0.8559062535589419,0.6300000000000002
9325,D1,2025/2026,30,2026-04-19,Bayern Munich,Stuttgart,0.7664473069647567,0.5671922618423961,0.5382890190716481,compact_btts_form,0.6500000000000002,False,1,1,1,0.7694797153709643,0.4900000000000001,0.7456693416987349,0.6400000000000002,0.7380696516706815,0.6500000000000002,0.8423681084099173,0.4900000000000001,0.4778415872628444,0.5000000000000001,0.7664473069647567,0.6400000000000002,0.7551968842731199,0.5200000000000001,0.7774366201901277,0.6300000000000002
9326,D1,2025/2026,30,2026-04-19,M'gladbach,Mainz,0.6744005325853059,0.5526040086963281,0.5382890190716481,compact_btts_form,0.6500000000000002,False,1,1,1,0.7353126944447178,0.4900000000000001,0.5231350342353562,0.6400000000000002,0.6001943150751445,0.6500000000000002,0.7681252214526935,0.4900000000000001,0.37515034435601224,0.5000000000000001,0.6744005325853059,0.6400000000000002,0.5105567590727977,0.5200000000000001,0.5538195074027503,0.6300000000000002
14316,F1,2025/2026,30,2026-04-19,Monaco,Auxerre,0.6675309792099547,0.5516140399222607,0.5382890190716481,compact_btts_form,0.6500000000000002,False,1,1,1,0.7156985985368071,0.4900000000000001,0.745850043021965,0.6400000000000002,0.7669824517585374,0.6500000000000002,0.6571296513972115,0.4900000000000001,0.961488907254724,0.5000000000000001,0.6675309792099547,0.6400000000000002,0.7821722022057404,0.5200000000000001,0.940411222464355,0.6300000000000002
14317,F1,2025/2026,30,2026-04-19,Metz,Paris FC,0.8104977382968552,0.5755382960534594,0.5382890190716481,compact_btts_form,0.6500000000000002,False,1,1,1,0.7677371675913239,0.4900000000000001,0.8115601164613245,0.6400000000000002,0.8676735265162868,0.6500000000000002,0.8026265665226522,0.4900000000000001,0.9381795148368574,0.5000000000000001,0.8104977382968552,0.6400000000000002,0.893086511704414,0.5200000000000001,0.9688199723730706,0.6300000000000002
14318,F1,2025/2026,30,2026-04-19,Nantes,Brest,0.7071046903557646,0.557471969227222,0.5382890190716481,compact_btts_form,0.6500000000000002,False,1,1,1,0.6554819712323984,0.4900000000000001,0.7256199801403138,0.6400000000000002,0.8118552283259125,0.6500000000000002,0.6714530300067177,0.4900000000000001,0.9185200670185436,0.5000000000000001,0.7071046903557646,0.6400000000000002,0.896883860713888,0.5200000000000001,0.9572180306833873,0.6300000000000002
14319,F1,2025/2026,30,2026-04-19,Strasbourg,Rennes,0.804747509120091,0.5743745909997302,0.5382890190716481,compact_btts_form,0.6500000000000002,False,1,0,0,0.8158409009313644,0.4900000000000001,0.9379853113575469,0.6400000000000002,0.9286913352605692,0.6500000000000002,0.8356691157582559,0.4900000000000001,0.9758949688433934,0.5000000000000001,0.804747509120091,0.6400000000000002,0.9600255217596906,0.5200000000000001,0.9665692066995769,0.6300000000000002
14320,F1,2025/2026,30,2026-04-19,Paris SG,Lyon,0.6781431741979388,0.5531477112922623,0.5382890190716481,compact_btts_form,0.6500000000000002,False,1,1,1,0.6500495367577275,0.4900000000000001,0.8969311343067796,0.6400000000000002,0.8318932002499506,0.6500000000000002,0.581813721713134,0.4900000000000001,0.9481449639837987,0.5000000000000001,0.6781431741979388,0.6400000000000002,0.8981856995411007,0.5200000000000001,0.8854093366584946,0.6300000000000002
11903,E0,2025/2026,31,2026-02-18,Wolves,Arsenal,0.28976601931896817,0.5005438204608806,0.5379845027390453,compact_btts_form,0.6500000000000002,False,0,1,0,0.29087118607392015,0.4600000000000001,0.4504512332497117,0.43000000000000005,0.47401817318183576,0.38,0.2202502743030244,0.39,0.3048094284124804,0.5700000000000002,0.28976601931896817,0.5600000000000002,0.4353075565527682,0.41000000000000003,0.18085265315313864,0.5200000000000001
11944,E0,2025/2026,31,2026-03-20,Bournemouth,Man United,0.7029444040415339,0.5568369425284925,0.5379845027390453,compact_btts_form,0.6500000000000002,False,1,1,1,0.724852779169014,0.4600000000000001,0.8685810515535454,0.43000000000000005,0.8750364504503731,0.38,0.7767657382910514,0.39,0.6327693137831287,0.5700000000000002,0.7029444040415339,0.5600000000000002,0.8475383579804991,0.41000000000000003,0.7446126404954029,0.5200000000000001
11945,E0,2025/2026,31,2026-03-21,Brighton,Liverpool,0.6507757410532053,0.5492394123908652,0.5379845027390453,compact_btts_form,0.6500000000000002,False,1,1,1,0.5579937672646721,0.4600000000000001,0.7439953630349797,0.43000000000000005,0.7529421210429844,0.38,0.5283420526577374,0.39,0.31944220874989543,0.5700000000000002,0.6507757410532053,0.5600000000000002,0.7316693344101879,0.41000000000000003,0.46767856992308127,0.5200000000000001
11946,E0,2025/2026,31,2026-03-21,Fulham,Burnley,0.48458731082569023,0.5273682927891936,0.5379845027390453,compact_btts_form,0.6500000000000002,False,0,1,0,0.4632155015867667,0.4600000000000001,0.5260879980892761,0.43000000000000005,0.4768623421804502,0.38,0.4767144314473419,0.39,0.4245435319413621,0.5700000000000002,0.48458731082569023,0.5600000000000002,0.701840246823499,0.41000000000000003,0.3654200464984662,0.5200000000000001
11947,E0,2025/2026,31,2026-03-21,Everton,Chelsea,0.5669831243703204,0.5379757502322455,0.5379845027390453,compact_btts_form,0.6500000000000002,False,0,0,1,0.4568413629305377,0.4600000000000001,0.681023195053805,0.43000000000000005,0.6672485290575092,0.38,0.4361721459307105,0.39,0.4958837407601535,0.5700000000000002,0.5669831243703204,0.5600000000000002,0.5677744208698678,0.41000000000000003,0.40668232846606195,0.5200000000000001
11948,E0,2025/2026,31,2026-03-21,Leeds,Brentford,0.6915725575675029,0.5551257837426977,0.5379845027390453,compact_btts_form,0.6500000000000002,False,1,0,0,0.6276083278756567,0.4600000000000001,0.7965330143030425,0.43000000000000005,0.80142431363259,0.38,0.6226463216779803,0.39,0.5754674329754524,0.5700000000000002,0.6915725575675029,0.5600000000000002,0.8697496614112247,0.41000000000000003,0.6840003960343735,0.5200000000000001
11949,E0,2025/2026,31,2026-03-22,Newcastle,Sunderland,0.45900943057217575,0.5240750950850374,0.5379845027390453,compact_btts_form,0.6500000000000002,False,0,1,0,0.3581786695813193,0.4600000000000001,0.2923983195117848,0.43000000000000005,0.3371412910623267,0.38,0.3300117237338582,0.39,0.07655421895527903,0.5700000000000002,0.45900943057217575,0.5600000000000002,0.16533110394921322,0.41000000000000003,0.09055129686534293,0.5200000000000001
11950,E0,2025/2026,31,2026-03-22,Aston Villa,West Ham,0.6051066384273522,0.542999836152743,0.5379845027390453,compact_btts_form,0.6500000000000002,False,1,0,0,0.5300780542724307,0.4600000000000001,0.749812654612627,0.43000000000000005,0.763312958035047,0.38,0.5354712576940391,0.39,0.4109896512789769,0.5700000000000002,0.6051066384273522,0.5600000000000002,0.5882303183061535,0.41000000000000003,0.4452347844772636,0.5200000000000001
11951,E0,2025/2026,31,2026-03-22,Tottenham,Nott'm Forest,0.5894202446853244,0.5409169054878792,0.5379845027390453,compact_btts_form,0.6500000000000002,False,1,0,0,0.49375157734002345,0.4600000000000001,0.8026242858008479,0.43000000000000005,0.7258135896730131,0.38,0.4512150583780454,0.39,0.4986234077804403,0.5700000000000002,0.5894202446853244,0.5600000000000002,0.7659107706320042,0.41000000000000003,0.5377358672863174,0.5200000000000001
7141,I1,2025/2026,31,2026-04-04,Sassuolo,Cagliari,0.567050320916327,0.5379845027390453,0.5379845027390453,compact_btts_form,0.6500000000000002,False,1,1,1,0.5047042821313158,0.4600000000000001,0.6153064422482591,0.43000000000000005,0.5205186200214262,0.38,0.46273719193134255,0.39,0.704469137800252,0.5700000000000002,0.567050320916327,0.5600000000000002,0.6848301837718509,0.41000000000000003,0.8190796888490328,0.5200000000000001
7142,I1,2025/2026,31,2026-04-04,Verona,Fiorentina,0.4954187145534323,0.5287580229260186,0.5379845027390453,compact_btts_form,0.6500000000000002,False,0,0,1,0.4832516375715559,0.4600000000000001,0.1541676782079053,0.43000000000000005,0.1322276085829976,0.38,0.4389361923308353,0.39,0.25304562244261225,0.5700000000000002,0.4954187145534323,0.5600000000000002,0.10271267576059918,0.41000000000000003,0.2788632383303639,0.5200000000000001
7143,I1,2025/2026,31,2026-04-04,Lazio,Parma,0.4644062318242742,0.5247718556017943,0.5379845027390453,compact_btts_form,0.6500000000000002,False,0,1,0,0.39188719120421894,0.4600000000000001,0.844029581624241,0.43000000000000005,0.7809315887631318,0.38,0.3226534052499386,0.39,0.8535925832637862,0.5700000000000002,0.4644062318242742,0.5600000000000002,0.6594441900093894,0.41000000000000003,0.8397106832085461,0.5200000000000001
7144,I1,2025/2026,31,2026-04-05,Cremonese,Bologna,0.506314831191869,0.530155052523126,0.5379845027390453,compact_btts_form,0.6500000000000002,False,0,1,0,0.43083131599718333,0.4600000000000001,0.669714306229971,0.43000000000000005,0.6951162794184025,0.38,0.4143015938014541,0.39,0.5658298414722405,0.5700000000000002,0.506314831191869,0.5600000000000002,0.38402272455136466,0.41000000000000003,0.5603182992191402,0.5200000000000001
7145,I1,2025/2026,31,2026-04-05,Pisa,Torino,0.7052883172998988,0.5571940996056001,0.5379845027390453,compact_btts_form,0.6500000000000002,False,1,0,0,0.6611916042690595,0.4600000000000001,0.7387165177822947,0.43000000000000005,0.689105730774708,0.38,0.6666745355140452,0.39,0.8018319603558145,0.5700000000000002,0.7052883172998988,0.5600000000000002,0.8846994428299901,0.41000000000000003,0.9104908179208566,0.5200000000000001
7146,I1,2025/2026,31,2026-04-05,Inter,Roma,0.5131949146317637,0.5310372425294508,0.5379845027390453,compact_btts_form,0.6500000000000002,False,0,1,0,0.5463398013068396,0.4600000000000001,0.5463436053237384,0.43000000000000005,0.4165913754288354,0.38,0.46818788804971934,0.39,0.6358502009054671,0.5700000000000002,0.5131949146317637,0.5600000000000002,0.6714154972720623,0.41000000000000003,0.7162190681010902,0.5200000000000001
7147,I1,2025/2026,31,2026-04-06,Udinese,Como,0.47330816607327675,0.525918667644121,0.5379845027390453,compact_btts_form,0.6500000000000002,False,0,0,1,0.5581834788466311,0.4600000000000001,0.34811293601702803,0.43000000000000005,0.32302018182192394,0.38,0.5090686940345037,0.39,0.5688210085208351,0.5700000000000002,0.47330816607327675,0.5600000000000002,0.37843121995843726,0.41000000000000003,0.5260160105625975,0.5200000000000001
7148,I1,2025/2026,31,2026-04-06,Lecce,Atalanta,0.5900469424959773,0.5409996573843792,0.5379845027390453,compact_btts_form,0.6500000000000002,False,1,0,0,0.5505465484146539,0.4600000000000001,0.7734336696736845,0.43000000000000005,0.7089734609744164,0.38,0.4839952647260049,0.39,0.9078718172390323,0.5700000000000002,0.5900469424959773,0.5600000000000002,0.8512888399436593,0.41000000000000003,0.8903460390048911,0.5200000000000001
7149,I1,2025/2026,31,2026-04-06,Juventus,Genoa,0.505495201741015,0.5300499708901776,0.5379845027390453,compact_btts_form,0.6500000000000002,False,0,0,1,0.4480605280799924,0.4600000000000001,0.3974739479325231,0.43000000000000005,0.38260845392783727,0.38,0.44696673489376343,0.39,0.6442965706586348,0.5700000000000002,0.505495201741015,0.5600000000000002,0.32923939547782305,0.41000000000000003,0.48890116734995687,0.5200000000000001
7150,I1,2025/2026,31,2026-04-06,Napoli,Milan,0.6624139693366051,0.550883040083807,0.5379845027390453,compact_btts_form,0.6500000000000002,False,1,0,0,0.594676250517169,0.4600000000000001,0.5084461430105037,0.43000000000000005,0.36764539591950673,0.38,0.5747642886201109,0.39,0.4942552133994578,0.5700000000000002,0.6624139693366051,0.5600000000000002,0.5220369408112712,0.41000000000000003,0.4558971587245768,0.5200000000000001
16940,SP1,2025/2026,31,2026-04-10,Real Madrid,Girona,0.6063614370804785,0.543167574393968,0.5379845027390453,compact_btts_form,0.6500000000000002,False,1,1,1,0.57322960825591,0.4600000000000001,0.580981728052239,0.43000000000000005,0.7155059971111968,0.38,0.6325121739265972,0.39,0.3173715875018065,0.5700000000000002,0.6063614370804785,0.5600000000000002,0.6436011833393674,0.41000000000000003,0.2644219569707856,0.5200000000000001
16941,SP1,2025/2026,31,2026-04-11,Sociedad,Alaves,0.5869373710169246,0.5405894076538863,0.5379845027390453,compact_btts_form,0.6500000000000002,False,1,1,1,0.46451720429171034,0.4600000000000001,0.49978649126906455,0.43000000000000005,0.5066540460336856,0.38,0.3765803130646853,0.39,0.35193304641285206,0.5700000000000002,0.5869373710169246,0.5600000000000002,0.4463104467808597,0.41000000000000003,0.11185304142800419,0.5200000000000001
16942,SP1,2025/2026,31,2026-04-11,Elche,Valencia,0.6317940075983187,0.5466093391727441,0.5379845027390453,compact_btts_form,0.6500000000000002,False,1,0,0,0.656438490072202,0.4600000000000001,0.6201731724997509,0.43000000000000005,0.6341740880929142,0.38,0.6361243900510334,0.39,0.6386716216477448,0.5700000000000002,0.6317940075983187,0.5600000000000002,0.6876236588754161,0.41000000000000003,0.42883833747672634,0.5200000000000001
16943,SP1,2025/2026,31,2026-04-11,Barcelona,Espanol,0.6381739771456001,0.5474868558181998,0.5379845027390453,compact_btts_form,0.6500000000000002,False,1,1,1,0.727542313060287,0.4600000000000001,0.8575539962783152,0.43000000000000005,0.8412651963760249,0.38,0.7165952384633356,0.39,0.7224140950627177,0.5700000000000002,0.6381739771456001,0.5600000000000002,0.9484755191349274,0.41000000000000003,0.686946372250229,0.5200000000000001
16944,SP1,2025/2026,31,2026-04-11,Sevilla,Ath Madrid,0.4844562756460988,0.5273514688548994,0.5379845027390453,compact_btts_form,0.6500000000000002,False,0,1,0,0.5302859057256073,0.4600000000000001,0.5127838564378387,0.43000000000000005,0.5243028735026465,0.38,0.5272657247700926,0.39,0.1935997421439247,0.5700000000000002,0.4844562756460988,0.5600000000000002,0.33310542820187,0.41000000000000003,0.1674853384186296,0.5200000000000001
16945,SP1,2025/2026,31,2026-04-12,Osasuna,Betis,0.622873229726495,0.5453923872390767,0.5379845027390453,compact_btts_form,0.6500000000000002,False,1,1,1,0.6441298796735483,0.4600000000000001,0.5171490437742986,0.43000000000000005,0.6526576722363653,0.38,0.6355818819931164,0.39,0.46024491092969116,0.5700000000000002,0.622873229726495,0.5600000000000002,0.7620894013575672,0.41000000000000003,0.3831706026944183,0.5200000000000001
16946,SP1,2025/2026,31,2026-04-12,Mallorca,Vallecano,0.5938796312011028,0.5415065443811924,0.5379845027390453,compact_btts_form,0.6500000000000002,False,1,0,0,0.646249446186917,0.4600000000000001,0.8293358795145439,0.43000000000000005,0.8430389522533454,0.38,0.6046855048823685,0.39,0.8505442164731957,0.5700000000000002,0.5938796312011028,0.5600000000000002,0.9267920178834775,0.41000000000000003,0.6453247567202417,0.5200000000000001
16947,SP1,2025/2026,31,2026-04-12,Celta,Oviedo,0.5455231691296627,0.5351939551378443,0.5379845027390453,compact_btts_form,0.6500000000000002,False,0,0,1,0.47571611987642926,0.4600000000000001,0.5849208768223136,0.43000000000000005,0.5761842671700921,0.38,0.41534669176249855,0.39,0.26308595612804064,0.5700000000000002,0.5455231691296627,0.5600000000000002,0.4217654788982985,0.41000000000000003,0.11726248535092289,0.5200000000000001
16948,SP1,2025/2026,31,2026-04-12,Ath Bilbao,Villarreal,0.44408634824853827,0.5221409624878389,0.5379845027390453,compact_btts_form,0.6500000000000002,False,0,1,0,0.6503070154349201,0.4600000000000001,0.2578063303626635,0.43000000000000005,0.2491734103072712,0.38,0.6060444677422564,0.39,0.021701872979421204,0.5700000000000002,0.44408634824853827,0.5600000000000002,0.03958286850057764,0.41000000000000003,0.011799569050039961,0.5200000000000001
16949,SP1,2025/2026,31,2026-04-13,Levante,Getafe,0.36920586954614915,0.512149154670755,0.5379845027390453,compact_btts_form,0.6500000000000002,False,0,0,1,0.4233599145528155,0.4600000000000001,0.34041527668753974,0.43000000000000005,0.32821830219022025,0.38,0.3477748024521422,0.39,0.14760451290887988,0.5700000000000002,0.36920586954614915,0.5600000000000002,0.46764320962956574,0.41000000000000003,0.0900675051356366,0.5200000000000001
9327,D1,2025/2026,31,2026-04-24,RB Leipzig,Union Berlin,0.6143697370123666,0.544242402995767,0.5379845027390453,compact_btts_form,0.6500000000000002,False,1,1,1,0.5611341093476465,0.4600000000000001,0.7655100973935061,0.43000000000000005,0.7590576575481808,0.38,0.5284117219076079,0.39,0.6095438873882678,0.5700000000000002,0.6143697370123666,0.5600000000000002,0.6358192602626124,0.41000000000000003,0.5132774004428726,0.5200000000000001
14322,F1,2025/2026,31,2026-04-24,Brest,Lens,0.7623786379124283,0.5664785598919363,0.5379845027390453,compact_btts_form,0.6500000000000002,False,1,1,1,0.737537382510209,0.4600000000000001,0.8542601654877162,0.43000000000000005,0.8222552551090312,0.38,0.6681198914805176,0.39,0.9851705799719873,0.5700000000000002,0.7623786379124283,0.5600000000000002,0.8794700507928391,0.41000000000000003,0.9407151118871364,0.5200000000000001
9328,D1,2025/2026,31,2026-04-25,Augsburg,Ein Frankfurt,0.8122673280957589,0.5759016727964024,0.5379845027390453,compact_btts_form,0.6500000000000002,False,1,1,1,0.8336384866343215,0.4600000000000001,0.8365990057945257,0.43000000000000005,0.8727818153098882,0.38,0.8687714264029798,0.39,0.897826519616643,0.5700000000000002,0.8122673280957589,0.5600000000000002,0.9125253278740096,0.41000000000000003,0.9535053791709984,0.5200000000000001
9329,D1,2025/2026,31,2026-04-25,FC Koln,Leverkusen,0.7456957890388971,0.5636335278720607,0.5379845027390453,compact_btts_form,0.6500000000000002,False,1,1,1,0.7326430992661317,0.4600000000000001,0.930430262733631,0.43000000000000005,0.9525611781346156,0.38,0.6842927618670398,0.39,0.9605054722785299,0.5700000000000002,0.7456957890388971,0.5600000000000002,0.9573982079283343,0.41000000000000003,0.960475331172866,0.5200000000000001
9330,D1,2025/2026,31,2026-04-25,Heidenheim,St Pauli,0.6013074461016545,0.5424930285280095,0.5379845027390453,compact_btts_form,0.6500000000000002,False,1,0,0,0.5954210235411621,0.4600000000000001,0.6103732732919269,0.43000000000000005,0.5988847523164197,0.38,0.5634541978518222,0.39,0.5840766767779016,0.5700000000000002,0.6013074461016545,0.5600000000000002,0.7892960794408512,0.41000000000000003,0.4310069477558884,0.5200000000000001
9331,D1,2025/2026,31,2026-04-25,Mainz,Bayern Munich,0.8726437410230039,0.5902787507506716,0.5379845027390453,compact_btts_form,0.6500000000000002,False,1,1,1,0.8250696571558027,0.4600000000000001,0.9486290172477642,0.43000000000000005,0.954030021605046,0.38,0.8401982052151796,0.39,0.9589154432923425,0.5700000000000002,0.8726437410230039,0.5600000000000002,0.9857899122645438,0.41000000000000003,0.9644846121681512,0.5200000000000001
9332,D1,2025/2026,31,2026-04-25,Wolfsburg,M'gladbach,0.74680609907176,0.5638190554207022,0.5379845027390453,compact_btts_form,0.6500000000000002,False,1,0,0,0.7859930246710327,0.4600000000000001,0.7909307155829768,0.43000000000000005,0.8250461436833991,0.38,0.7947027428176571,0.39,0.7223926738114368,0.5700000000000002,0.74680609907176,0.5600000000000002,0.8971256606791661,0.41000000000000003,0.8081665051536793,0.5200000000000001
9333,D1,2025/2026,31,2026-04-25,Hamburg,Hoffenheim,0.8038644691893932,0.5741981279520048,0.5379845027390453,compact_btts_form,0.6500000000000002,False,1,1,1,0.8171123186216307,0.4600000000000001,0.9405100922232458,0.43000000000000005,0.9492629755019435,0.38,0.8147037336364793,0.39,0.9449480234492453,0.5700000000000002,0.8038644691893932,0.5600000000000002,0.9658337567510344,0.41000000000000003,0.8973758212664172,0.5200000000000001
14323,F1,2025/2026,31,2026-04-25,Lyon,Auxerre,0.6105286665476519,0.5437259294957009,0.5379845027390453,compact_btts_form,0.6500000000000002,False,1,1,1,0.6292446861457501,0.4600000000000001,0.5932825517372661,0.43000000000000005,0.5879623901998222,0.38,0.5808637716282655,0.39,0.7389859233015481,0.5700000000000002,0.6105286665476519,0.5600000000000002,0.5860000572882821,0.41000000000000003,0.754593560931794,0.5200000000000001
14324,F1,2025/2026,31,2026-04-25,Angers,Paris SG,0.5537883799624824,0.536262446903308,0.5379845027390453,compact_btts_form,0.6500000000000002,False,0,0,1,0.5098750150401937,0.4600000000000001,0.45315225527137076,0.43000000000000005,0.3970617048858203,0.38,0.446568287796119,0.39,0.5951373645035387,0.5700000000000002,0.5537883799624824,0.5600000000000002,0.4095467682647156,0.41000000000000003,0.5141754529710478,0.5200000000000001
14325,F1,2025/2026,31,2026-04-25,Toulouse,Monaco,0.730588972038054,0.5611583369821125,0.5379845027390453,compact_btts_form,0.6500000000000002,False,1,1,1,0.6628663575754885,0.4600000000000001,0.7228607475124598,0.43000000000000005,0.5461635988895263,0.38,0.5591947176487155,0.39,0.7013201923155858,0.5700000000000002,0.730588972038054,0.5600000000000002,0.6389231232924587,0.41000000000000003,0.7238349878819046,0.5200000000000001
9334,D1,2025/2026,31,2026-04-26,Stuttgart,Werder Bremen,0.7505247872336579,0.5644442529740509,0.5379845027390453,compact_btts_form,0.6500000000000002,False,1,1,1,0.7431543982486432,0.4600000000000001,0.9365407368405353,0.43000000000000005,0.9283446679406308,0.38,0.7215021745014137,0.39,0.956408511704296,0.5700000000000002,0.7505247872336579,0.5600000000000002,0.9625841582266199,0.41000000000000003,0.9447363974750838,0.5200000000000001
9335,D1,2025/2026,31,2026-04-26,Dortmund,Freiburg,0.6418394902095391,0.5479939011870977,0.5379845027390453,compact_btts_form,0.6500000000000002,False,1,0,0,0.6724970913167923,0.4600000000000001,0.6378229250332771,0.43000000000000005,0.701636779730029,0.38,0.7036055230989456,0.39,0.7566391216772418,0.5700000000000002,0.6418394902095391,0.5600000000000002,0.7346534124731645,0.41000000000000003,0.7438042634808233,0.5200000000000001
14326,F1,2025/2026,31,2026-04-26,Lorient,Strasbourg,0.739964278304509,0.5626839004064301,0.5379845027390453,compact_btts_form,0.6500000000000002,False,1,1,1,0.724776387898914,0.4600000000000001,0.8409195489944146,0.43000000000000005,0.8186110124541628,0.38,0.6088123818069694,0.39,0.9410857268041559,0.5700000000000002,0.739964278304509,0.5600000000000002,0.8959423972273316,0.41000000000000003,0.9126343465861577,0.5200000000000001
14327,F1,2025/2026,31,2026-04-26,Le Havre,Metz,0.5426533335216763,0.5348236673647874,0.5379845027390453,compact_btts_form,0.6500000000000002,False,0,1,0,0.5517531699975016,0.4600000000000001,0.5856696599347223,0.43000000000000005,0.53958390396608,0.38,0.4409547525832243,0.39,0.6949488963080881,0.5700000000000002,0.5426533335216763,0.5600000000000002,0.40989734467080907,0.41000000000000003,0.6038387781427575,0.5200000000000001
14328,F1,2025/2026,31,2026-04-26,Paris FC,Lille,0.755180416457868,0.5652355186833785,0.5379845027390453,compact_btts_form,0.6500000000000002,False,1,0,0,0.762924154562471,0.4600000000000001,0.768923706486718,0.43000000000000005,0.8803621551702665,0.38,0.7699266699438045,0.39,0.977799854148383,0.5700000000000002,0.755180416457868,0.5600000000000002,0.9207989919287526,0.41000000000000003,0.9839279752669843,0.5200000000000001
14329,F1,2025/2026,31,2026-04-26,Rennes,Nantes,0.5753152992140836,0.5390634120798988,0.5379845027390453,compact_btts_form,0.6500000000000002,False,1,1,1,0.663779286937509,0.4600000000000001,0.34928358667199594,0.43000000000000005,0.4926814976117545,0.38,0.7289907653548998,0.39,0.7304225746398328,0.5700000000000002,0.5753152992140836,0.5600000000000002,0.7976135844528056,0.41000000000000003,0.8503932274189834,0.5200000000000001
14330,F1,2025/2026,31,2026-04-26,Marseille,Nice,0.5989825182774258,0.5421836486037729,0.5379845027390453,compact_btts_form,0.6500000000000002,False,1,1,1,0.6647591068223011,0.4600000000000001,0.7139975222948722,0.43000000000000005,0.7323069234898651,0.38,0.6126751375561215,0.39,0.8334707405564922,0.5700000000000002,0.5989825182774258,0.5600000000000002,0.7910185274508802,0.41000000000000003,0.8200448257818801,0.5200000000000001
12002,E0,2025/2026,31,2026-05-13,Man City,Crystal Palace,0.5192529764763487,0.5318143893115085,0.5379845027390453,compact_btts_form,0.6500000000000002,False,0,0,1,0.46158715600743655,0.4600000000000001,0.6448442739959462,0.43000000000000005,0.5677782621840753,0.38,0.3979147827977312,0.39,0.3092808094010236,0.5700000000000002,0.5192529764763487,0.5600000000000002,0.6034750660890832,0.41000000000000003,0.30508703137899035,0.5200000000000001
7151,I1,2025/2026,32,2026-04-10,Roma,Pisa,0.5201723863024655,0.5319323784493194,0.5378180397481965,compact_btts_form,0.6500000000000002,False,0,0,1,0.43085047418556804,0.4,0.4531784923665397,0.6000000000000002,0.35489487213883975,0.6200000000000002,0.36043094160081096,0.36,0.5431703700117863,0.38,0.5201723863024655,0.38,0.38210099526248553,0.36,0.4505805705054136,0.38
11952,E0,2025/2026,32,2026-04-10,West Ham,Wolves,0.4900401311096404,0.5280681250918833,0.5378180397481965,compact_btts_form,0.6500000000000002,False,0,0,1,0.41959060104125034,0.4,0.48786967413711224,0.6000000000000002,0.3769540978368018,0.6200000000000002,0.37632737334873867,0.36,0.21548802442115622,0.38,0.4900401311096404,0.38,0.4901959804251721,0.36,0.2874783348332609,0.38
7152,I1,2025/2026,32,2026-04-11,Cagliari,Cremonese,0.6147048046477771,0.5442875418242952,0.5378180397481965,compact_btts_form,0.6500000000000002,False,1,0,0,0.5030409876010457,0.4,0.8293245201272265,0.6000000000000002,0.8697936167675754,0.6200000000000002,0.493218378849644,0.36,0.8914584386698234,0.38,0.6147048046477771,0.38,0.9072417628014564,0.36,0.9022890772587983,0.38
7153,I1,2025/2026,32,2026-04-11,Torino,Verona,0.47435756712029,0.5260536831657433,0.5378180397481965,compact_btts_form,0.6500000000000002,False,0,1,0,0.3945445673801889,0.4,0.3124461135975174,0.6000000000000002,0.21881642316737962,0.6200000000000002,0.32182245655598973,0.36,0.3506478467877696,0.38,0.47435756712029,0.38,0.27957086618766797,0.36,0.25055222388477344,0.38
7154,I1,2025/2026,32,2026-04-11,Milan,Udinese,0.4581007857209024,0.5239576564559532,0.5378180397481965,compact_btts_form,0.6500000000000002,False,0,0,1,0.4353428864124314,0.4,0.5687738511267485,0.6000000000000002,0.4011381238312912,0.6200000000000002,0.34382150506492704,0.36,0.6043762092478039,0.38,0.4581007857209024,0.38,0.6125721910423112,0.36,0.538837509026755,0.38
7155,I1,2025/2026,32,2026-04-11,Atalanta,Juventus,0.7747046913742975,0.568666947789332,0.5378180397481965,compact_btts_form,0.6500000000000002,False,1,0,0,0.7355219530588197,0.4,0.7295528193635481,0.6000000000000002,0.6928374655232572,0.6200000000000002,0.7080380393365343,0.36,0.854548469732654,0.38,0.7747046913742975,0.38,0.8836443156930681,0.36,0.868483268735493,0.38
11953,E0,2025/2026,32,2026-04-11,Arsenal,Bournemouth,0.5493152749206541,0.5356837844947836,0.5378180397481965,compact_btts_form,0.6500000000000002,False,0,1,0,0.5289016432139632,0.4,0.5767359724741655,0.6000000000000002,0.5551527106289263,0.6200000000000002,0.5635103236763077,0.36,0.5187787912737267,0.38,0.5493152749206541,0.38,0.6549173876891601,0.36,0.447605722293409,0.38
11954,E0,2025/2026,32,2026-04-11,Brentford,Everton,0.6374825294410769,0.5473914489681141,0.5378180397481965,compact_btts_form,0.6500000000000002,False,1,1,1,0.649729220271487,0.4,0.5789699272027397,0.6000000000000002,0.6454945050503547,0.6200000000000002,0.7065492500453983,0.36,0.4015327134534336,0.38,0.6374825294410769,0.38,0.6055517661940855,0.36,0.46848905236007826,0.38
11955,E0,2025/2026,32,2026-04-11,Burnley,Brighton,0.4294100939004968,0.520225383222563,0.5378180397481965,compact_btts_form,0.6500000000000002,False,0,0,1,0.5044725472125142,0.4,0.5804434624823136,0.6000000000000002,0.6164587978078664,0.6200000000000002,0.48710896295639355,0.36,0.32559873615289014,0.38,0.4294100939004968,0.38,0.6774879124053754,0.36,0.49379948010091523,0.38
11956,E0,2025/2026,32,2026-04-11,Liverpool,Fulham,0.7199080715264891,0.559459220355106,0.5378180397481965,compact_btts_form,0.6500000000000002,False,1,0,0,0.6479848331958004,0.4,0.7610130336053341,0.6000000000000002,0.800080565177972,0.6200000000000002,0.6952310307354883,0.36,0.7688624924146319,0.38,0.7199080715264891,0.38,0.8466337297166673,0.36,0.6590869762185687,0.38
7156,I1,2025/2026,32,2026-04-12,Genoa,Sassuolo,0.6618103709347899,0.5507971592645675,0.5378180397481965,compact_btts_form,0.6500000000000002,False,1,1,1,0.6897061818739408,0.4,0.6348610579281082,0.6000000000000002,0.5738051495041574,0.6200000000000002,0.6694834874382041,0.36,0.9035751820353591,0.38,0.6618103709347899,0.38,0.8233840121850989,0.36,0.857409087255792,0.38
7157,I1,2025/2026,32,2026-04-12,Parma,Napoli,0.4724582263592857,0.525809289773324,0.5378180397481965,compact_btts_form,0.6500000000000002,False,0,1,0,0.39222327677508884,0.4,0.5002441531171153,0.6000000000000002,0.3914189425293735,0.6200000000000002,0.27166810755638077,0.36,0.600323279432647,0.38,0.4724582263592857,0.38,0.4928587792187941,0.36,0.4210799540495374,0.38
7158,I1,2025/2026,32,2026-04-12,Bologna,Lecce,0.4284351525989562,0.5200975735821247,0.5378180397481965,compact_btts_form,0.6500000000000002,False,0,0,1,0.3712374436822196,0.4,0.23003418200998835,0.6000000000000002,0.20358934259785527,0.6200000000000002,0.3508661879649901,0.36,0.18921097743191104,0.38,0.4284351525989562,0.38,0.1261508769944951,0.36,0.19179313487264266,0.38
7159,I1,2025/2026,32,2026-04-12,Como,Inter,0.749639325674521,0.5642948458670785,0.5378180397481965,compact_btts_form,0.6500000000000002,False,1,1,1,0.785191067319324,0.4,0.7103906273165392,0.6000000000000002,0.6256269220444078,0.6200000000000002,0.8357439405324805,0.36,0.9219732020999506,0.38,0.749639325674521,0.38,0.8514369909398144,0.36,0.86197180038793,0.38
11957,E0,2025/2026,32,2026-04-12,Crystal Palace,Newcastle,0.5038366184851804,0.529837332975538,0.5378180397481965,compact_btts_form,0.6500000000000002,False,0,1,0,0.4477429758939976,0.4,0.516330134711341,0.6000000000000002,0.3777718607270403,0.6200000000000002,0.40101635026822996,0.36,0.1166405222619535,0.38,0.5038366184851804,0.38,0.3959088305014248,0.36,0.13900432095338042,0.38
11958,E0,2025/2026,32,2026-04-12,Nott'm Forest,Aston Villa,0.42299688731437746,0.5193832310131923,0.5378180397481965,compact_btts_form,0.6500000000000002,False,0,1,0,0.36854763024691767,0.4,0.6461587241471889,0.6000000000000002,0.6810969283671471,0.6200000000000002,0.4198527916769805,0.36,0.17857638369395643,0.38,0.42299688731437746,0.38,0.3710328448375467,0.36,0.27604951534780664,0.38
11959,E0,2025/2026,32,2026-04-12,Sunderland,Tottenham,0.7387990567700959,0.56249245623871,0.5378180397481965,compact_btts_form,0.6500000000000002,False,1,0,0,0.5968317414408764,0.4,0.6833985123729295,0.6000000000000002,0.8422283482085139,0.6200000000000002,0.5931105430333787,0.36,0.420171661448315,0.38,0.7387990567700959,0.38,0.7749362270281788,0.36,0.6287532210123462,0.38
11960,E0,2025/2026,32,2026-04-12,Chelsea,Man City,0.7531263829559418,0.564885222817676,0.5378180397481965,compact_btts_form,0.6500000000000002,False,1,0,0,0.7767698758096828,0.4,0.7944341809622735,0.6000000000000002,0.8691359444563401,0.6200000000000002,0.8177205207889279,0.36,0.7424881105707306,0.38,0.7531263829559418,0.38,0.9119692271082341,0.36,0.9001398203563664,0.38
7160,I1,2025/2026,32,2026-04-13,Fiorentina,Lazio,0.600235789861566,0.5423503518577729,0.5378180397481965,compact_btts_form,0.6500000000000002,False,1,0,0,0.5576092420097738,0.4,0.4862686798344767,0.6000000000000002,0.4927642458798817,0.6200000000000002,0.5160701547919445,0.36,0.6837751346698491,0.38,0.600235789861566,0.38,0.6669542307308416,0.36,0.7318698569232716,0.38
11961,E0,2025/2026,32,2026-04-13,Man United,Leeds,0.6058206066652327,0.5430952559195795,0.5378180397481965,compact_btts_form,0.6500000000000002,False,1,1,1,0.5505782377272014,0.4,0.6283773583252914,0.6000000000000002,0.527311742989731,0.6200000000000002,0.5155832249503345,0.36,0.3784105269636593,0.38,0.6058206066652327,0.38,0.6616794440128725,0.36,0.46897553410380993,0.38
16960,SP1,2025/2026,32,2026-04-24,Betis,Real Madrid,0.6699268498124971,0.551958162218135,0.5378180397481965,compact_btts_form,0.6500000000000002,False,1,1,1,0.7190918014820171,0.4,0.7869858839169536,0.6000000000000002,0.82051375043821,0.6200000000000002,0.689258306524727,0.36,0.6044045195082851,0.38,0.6699268498124971,0.38,0.8518648736150596,0.36,0.3821403103982357,0.38
16961,SP1,2025/2026,32,2026-04-25,Alaves,Mallorca,0.5417861386265717,0.5347118407791918,0.5378180397481965,compact_btts_form,0.6500000000000002,False,0,1,0,0.5869897750652494,0.4,0.4537022360790269,0.6000000000000002,0.38749385268925596,0.6200000000000002,0.5037004832459321,0.36,0.3412386889349705,0.38,0.5417861386265717,0.38,0.6935121090012831,0.36,0.2565904598544835,0.38
16962,SP1,2025/2026,32,2026-04-25,Getafe,Barcelona,0.475723764477172,0.5262294083856721,0.5378180397481965,compact_btts_form,0.6500000000000002,False,0,0,1,0.49210140678254316,0.4,0.8151564749286389,0.6000000000000002,0.8200208095578101,0.6200000000000002,0.4147753890777322,0.36,0.7373193406392057,0.38,0.475723764477172,0.38,0.9403387795764071,0.36,0.6010978513420101,0.38
16963,SP1,2025/2026,32,2026-04-25,Valencia,Girona,0.5060451536735256,0.530120478016886,0.5378180397481965,compact_btts_form,0.6500000000000002,False,0,1,0,0.5859204208335862,0.4,0.5022726904115798,0.6000000000000002,0.6492835167666497,0.6200000000000002,0.6097838739639584,0.36,0.2879081927957092,0.38,0.5060451536735256,0.38,0.6633362157284799,0.36,0.2887815111750744,0.38
16964,SP1,2025/2026,32,2026-04-25,Ath Madrid,Ath Bilbao,0.5793739708339396,0.5395950736323978,0.5378180397481965,compact_btts_form,0.6500000000000002,False,1,1,1,0.614247088121782,0.4,0.4706664798417564,0.6000000000000002,0.5798648994366082,0.6200000000000002,0.6483867876366042,0.36,0.3158543007717345,0.38,0.5793739708339396,0.38,0.6420392083544113,0.36,0.3352748525639816,0.38
16965,SP1,2025/2026,32,2026-04-26,Vallecano,Sociedad,0.6403205952497819,0.5477835322233834,0.5378180397481965,compact_btts_form,0.6500000000000002,False,1,1,1,0.711521437899606,0.4,0.8453079945020061,0.6000000000000002,0.8316634235873807,0.6200000000000002,0.6509024585120307,0.36,0.67828952569813,0.38,0.6403205952497819,0.38,0.9181306645049775,0.36,0.537008544709112,0.38
16966,SP1,2025/2026,32,2026-04-26,Oviedo,Elche,0.408727224607639,0.5174962962683722,0.5378180397481965,compact_btts_form,0.6500000000000002,False,0,1,0,0.5504776961192893,0.4,0.2879359124237876,0.6000000000000002,0.3012893216473747,0.6200000000000002,0.4875265734820477,0.36,0.16649057062932596,0.38,0.408727224607639,0.38,0.45279373186984484,0.36,0.05578514230316915,0.38
16967,SP1,2025/2026,32,2026-04-26,Osasuna,Sevilla,0.46446114636169344,0.5247789391092272,0.5378180397481965,compact_btts_form,0.6500000000000002,False,0,1,0,0.4804502526317432,0.4,0.6132447822602322,0.6000000000000002,0.6897850037185658,0.6200000000000002,0.41652720075434796,0.36,0.4135068863351407,0.38,0.46446114636169344,0.38,0.666373017166113,0.36,0.1773115391369223,0.38
16968,SP1,2025/2026,32,2026-04-26,Villarreal,Celta,0.5657719278885608,0.5378180397481965,0.5378180397481965,compact_btts_form,0.6500000000000002,False,1,1,1,0.6124146077663645,0.4,0.6736762536945656,0.6000000000000002,0.6606871940818405,0.6200000000000002,0.5505796201287649,0.36,0.5207627963639274,0.38,0.5657719278885608,0.38,0.8566245540898014,0.36,0.20075082101760272,0.38
16969,SP1,2025/2026,32,2026-04-27,Espanol,Levante,0.6336636724596675,0.546865855050562,0.5378180397481965,compact_btts_form,0.6500000000000002,False,1,0,0,0.6720188935964976,0.4,0.41941147625207975,0.6000000000000002,0.5090992557291555,0.6200000000000002,0.6851544446462757,0.36,0.29214343117345654,0.38,0.6336636724596675,0.38,0.6814231441077079,0.36,0.2970986047679653,0.38
9336,D1,2025/2026,32,2026-05-02,Bayern Munich,Heidenheim,0.7943203132620548,0.5723268001912467,0.5378180397481965,compact_btts_form,0.6500000000000002,False,1,1,1,0.760206304588192,0.4,0.9378957220178383,0.6000000000000002,0.9429088163475515,0.6200000000000002,0.7344530019300438,0.36,0.8935015962427276,0.38,0.7943203132620548,0.38,0.9772308401663286,0.36,0.9028909724399018,0.38
9337,D1,2025/2026,32,2026-05-02,Ein Frankfurt,Hamburg,0.8164809182436242,0.5767773156698256,0.5378180397481965,compact_btts_form,0.6500000000000002,False,1,1,1,0.8297746800875825,0.4,0.7351969883048959,0.6000000000000002,0.7859415399804144,0.6200000000000002,0.7847212094914578,0.36,0.8965598559874123,0.38,0.8164809182436242,0.38,0.932506953824268,0.36,0.8075716510570213,0.38
9338,D1,2025/2026,32,2026-05-02,Hoffenheim,Stuttgart,0.8827834872597579,0.5932164321392407,0.5378180397481965,compact_btts_form,0.6500000000000002,False,1,1,1,0.8707347903930599,0.4,0.911927630805007,0.6000000000000002,0.9434850030522184,0.6200000000000002,0.9184393489620499,0.36,0.8473216134703756,0.38,0.8827834872597579,0.38,0.9594497372840355,0.36,0.9434751838938612,0.38
9339,D1,2025/2026,32,2026-05-02,Union Berlin,FC Koln,0.804231394026726,0.5742713818451303,0.5378180397481965,compact_btts_form,0.6500000000000002,False,1,1,1,0.697167127695218,0.4,0.7735505124611681,0.6000000000000002,0.8065537388601846,0.6200000000000002,0.7049497822272713,0.36,0.6000704412814635,0.38,0.804231394026726,0.38,0.8818706894783237,0.36,0.6889917913107291,0.38
9340,D1,2025/2026,32,2026-05-02,Werder Bremen,Augsburg,0.7279570144140444,0.5607359367668441,0.5378180397481965,compact_btts_form,0.6500000000000002,False,1,1,1,0.6578101626151939,0.4,0.813180584810678,0.6000000000000002,0.7733009131923428,0.6200000000000002,0.5641246763328476,0.36,0.8196510334840407,0.38,0.7279570144140444,0.38,0.9434289004630028,0.36,0.8057593733797813,0.38
9341,D1,2025/2026,32,2026-05-02,Leverkusen,RB Leipzig,0.8790994036535245,0.5921254016823112,0.5378180397481965,compact_btts_form,0.6500000000000002,False,1,1,1,0.8436007692204255,0.4,0.988185978882993,0.6000000000000002,0.9906184310822793,0.6200000000000002,0.8483761329958956,0.36,0.9852331164089138,0.38,0.8790994036535245,0.38,0.9979966331314568,0.36,0.9937335126791113,0.38
14331,F1,2025/2026,32,2026-05-02,Nantes,Marseille,0.7702842806317131,0.5678730243885677,0.5378180397481965,compact_btts_form,0.6500000000000002,False,1,0,0,0.7308873410897354,0.4,0.8737244012648252,0.6000000000000002,0.897593933312628,0.6200000000000002,0.7653683313779738,0.36,0.9611737313258124,0.38,0.7702842806317131,0.38,0.968496657930261,0.36,0.9722851535632588,0.38
14332,F1,2025/2026,32,2026-05-02,Paris SG,Lorient,0.7144944999163817,0.5586126873254789,0.5378180397481965,compact_btts_form,0.6500000000000002,False,1,1,1,0.7236355639174351,0.4,0.9232642848785864,0.6000000000000002,0.8376859932430764,0.6200000000000002,0.6784217549121784,0.36,0.9654546250507042,0.38,0.7144944999163817,0.38,0.9858315395970201,0.36,0.9361036562628583,0.38
14333,F1,2025/2026,32,2026-05-02,Metz,Monaco,0.7815595219903545,0.569919568271857,0.5378180397481965,compact_btts_form,0.6500000000000002,False,1,1,1,0.7606725596596277,0.4,0.5336704196959686,0.6000000000000002,0.4110922191912495,0.6200000000000002,0.70087782334474,0.36,0.8031935285694093,0.38,0.7815595219903545,0.38,0.6859325734675485,0.36,0.752468327423844,0.38
14334,F1,2025/2026,32,2026-05-02,Nice,Lens,0.7734835153266661,0.5684465633704763,0.5378180397481965,compact_btts_form,0.6500000000000002,False,1,1,1,0.6684422366874315,0.4,0.9234274991059243,0.6000000000000002,0.9162439354123046,0.6200000000000002,0.5754375480266798,0.36,0.9816270084763747,0.38,0.7734835153266661,0.38,0.9682196504283304,0.36,0.9819546798823869,0.38
9342,D1,2025/2026,32,2026-05-03,St Pauli,Mainz,0.6264279446665233,0.545875965921569,0.5378180397481965,compact_btts_form,0.6500000000000002,False,1,1,1,0.6025551689433729,0.4,0.6821939443942878,0.6000000000000002,0.6824682829346894,0.6200000000000002,0.5380075604862132,0.36,0.5329157115288364,0.38,0.6264279446665233,0.38,0.8749322442656295,0.36,0.6374429390789748,0.38
9343,D1,2025/2026,32,2026-05-03,M'gladbach,Dortmund,0.6939295308285484,0.555477594178252,0.5378180397481965,compact_btts_form,0.6500000000000002,False,1,0,0,0.7763809800004821,0.4,0.6196685914836323,0.6000000000000002,0.5969951498103978,0.6200000000000002,0.7879155066425927,0.36,0.42068192964857615,0.38,0.6939295308285484,0.38,0.7033503159411068,0.36,0.5653356877894993,0.38
9344,D1,2025/2026,32,2026-05-03,Freiburg,Wolfsburg,0.7658189307887392,0.5670814946782745,0.5378180397481965,compact_btts_form,0.6500000000000002,False,1,1,1,0.6996266341264292,0.4,0.8416590610857216,0.6000000000000002,0.8824447122252693,0.6200000000000002,0.7257644231275872,0.36,0.6599118887754347,0.38,0.7658189307887392,0.38,0.89174165025417,0.36,0.7853445525368312,0.38
14335,F1,2025/2026,32,2026-05-03,Lille,Le Havre,0.46594873643634677,0.524970780042871,0.5378180397481965,compact_btts_form,0.6500000000000002,False,0,1,0,0.41992519820758023,0.4,0.826509027615086,0.6000000000000002,0.869349122653271,0.6200000000000002,0.36690314401614127,0.36,0.9142215259680279,0.38,0.46594873643634677,0.38,0.9118782828202663,0.36,0.9273440009603884,0.38
14336,F1,2025/2026,32,2026-05-03,Auxerre,Angers,0.36000146988024906,0.5108718858482064,0.5378180397481965,compact_btts_form,0.6500000000000002,False,0,1,0,0.3515786536139414,0.4,0.4631063140319737,0.6000000000000002,0.4788265122951243,0.6200000000000002,0.28084414160257154,0.36,0.4254559976935381,0.38,0.36000146988024906,0.38,0.3448049693208218,0.36,0.42236589851346107,0.38
14337,F1,2025/2026,32,2026-05-03,Paris FC,Brest,0.7306260892355662,0.5611643117882329,0.5378180397481965,compact_btts_form,0.6500000000000002,False,1,0,0,0.7000267426218948,0.4,0.7413276203435306,0.6000000000000002,0.8448854957141851,0.6200000000000002,0.6967179903832454,0.36,0.9564331984654248,0.38,0.7306260892355662,0.38,0.9461155746716979,0.36,0.9662733259005579,0.38
14338,F1,2025/2026,32,2026-05-03,Strasbourg,Toulouse,0.6154353338151071,0.5443860038227729,0.5378180397481965,compact_btts_form,0.6500000000000002,False,1,1,1,0.6665929731651411,0.4,0.8028594797433419,0.6000000000000002,0.7519657165272695,0.6200000000000002,0.5969818080021929,0.36,0.7877616710368317,0.38,0.6154353338151071,0.38,0.8238777667572889,0.36,0.8166876289077232,0.38
14339,F1,2025/2026,32,2026-05-03,Lyon,Rennes,0.8953626205937364,0.5971739180961828,0.5378180397481965,compact_btts_form,0.6500000000000002,False,1,1,1,0.824474937274699,0.4,0.9590856897932377,0.6000000000000002,0.9459505264820277,0.6200000000000002,0.8531238570807022,0.36,0.9892351750241808,0.38,0.8953626205937364,0.38,0.9947871583909105,0.36,0.9890843353329115,0.38
7161,I1,2025/2026,33,2026-04-17,Sassuolo,Como,0.5531018097941983,0.5361735643591354,0.5408851265218062,compact_btts_form,0.6500000000000002,False,0,1,0,0.6309221942100222,0.6500000000000002,0.5520946067853229,0.43000000000000005,0.65910802326688,0.6500000000000002,0.5828349542428849,0.37,0.8054729755160388,0.5300000000000001,0.5531018097941983,0.4900000000000001,0.5791520676607617,0.6300000000000002,0.7538773731213945,0.6400000000000002
7162,I1,2025/2026,33,2026-04-17,Inter,Cagliari,0.5772992016372446,0.539323131667226,0.5408851265218062,compact_btts_form,0.6500000000000002,False,0,0,1,0.540102754123208,0.6500000000000002,0.3864572013352123,0.43000000000000005,0.29465670662169335,0.6500000000000002,0.5492332064609152,0.37,0.43097190945275954,0.5300000000000001,0.5772992016372446,0.4900000000000001,0.44712000188633755,0.6300000000000002,0.5737579219102806,0.6400000000000002
7163,I1,2025/2026,33,2026-04-18,Udinese,Parma,0.426612289868857,0.5198584025942024,0.5408851265218062,compact_btts_form,0.6500000000000002,False,0,0,1,0.4898241450861565,0.6500000000000002,0.6393946326506882,0.43000000000000005,0.497188227377896,0.6500000000000002,0.4593287595494755,0.37,0.5732511113579661,0.5300000000000001,0.426612289868857,0.4900000000000001,0.38925821011618106,0.6300000000000002,0.5813850495045141,0.6400000000000002
7164,I1,2025/2026,33,2026-04-18,Napoli,Lazio,0.4782060655650975,0.5265485564998814,0.5408851265218062,compact_btts_form,0.6500000000000002,False,0,0,1,0.46696325588726045,0.6500000000000002,0.3607078769186639,0.43000000000000005,0.3020690241244075,0.6500000000000002,0.3818515681589013,0.37,0.5453074559734041,0.5300000000000001,0.4782060655650975,0.4900000000000001,0.21134568720438374,0.6300000000000002,0.3278016836505139,0.6400000000000002
7165,I1,2025/2026,33,2026-04-18,Roma,Atalanta,0.7241325768308702,0.5601265335987701,0.5408851265218062,compact_btts_form,0.6500000000000002,False,1,1,1,0.6490010659579986,0.6500000000000002,0.8322873760405899,0.43000000000000005,0.7736509005749921,0.6500000000000002,0.5975170632801529,0.37,0.9087561130091378,0.5300000000000001,0.7241325768308702,0.4900000000000001,0.8914108625386341,0.6300000000000002,0.9311331503642271,0.6400000000000002
11962,E0,2025/2026,33,2026-04-18,Brentford,Fulham,0.7767647262427406,0.5690405870710913,0.5408851265218062,compact_btts_form,0.6500000000000002,False,1,0,0,0.6789864134371218,0.6500000000000002,0.7257903079255578,0.43000000000000005,0.7692192828889809,0.6500000000000002,0.7687139869968803,0.37,0.6676353312597891,0.5300000000000001,0.7767647262427406,0.4900000000000001,0.7025795899254322,0.6300000000000002,0.6705528476067609,0.6400000000000002
11963,E0,2025/2026,33,2026-04-18,Leeds,Wolves,0.5185066983250064,0.5317186281253489,0.5408851265218062,compact_btts_form,0.6500000000000002,False,0,0,1,0.48784320688005123,0.6500000000000002,0.7260771442989445,0.43000000000000005,0.7158913419534811,0.6500000000000002,0.45268326150965543,0.37,0.701458568860898,0.5300000000000001,0.5185066983250064,0.4900000000000001,0.716344400601203,0.6300000000000002,0.6786295150117837,0.6400000000000002
11964,E0,2025/2026,33,2026-04-18,Newcastle,Bournemouth,0.7789810863958524,0.5694452455700949,0.5408851265218062,compact_btts_form,0.6500000000000002,False,1,1,1,0.7205846500138308,0.6500000000000002,0.6432426683913817,0.43000000000000005,0.6962059487727651,0.6500000000000002,0.7520376174337065,0.37,0.4757237009378623,0.5300000000000001,0.7789810863958524,0.4900000000000001,0.7900064892331274,0.6300000000000002,0.6978462752535822,0.6400000000000002
11965,E0,2025/2026,33,2026-04-18,Tottenham,Brighton,0.6469629516384815,0.54870632410803,0.5408851265218062,compact_btts_form,0.6500000000000002,False,1,1,1,0.7145437145979145,0.6500000000000002,0.7612366081675312,0.43000000000000005,0.7229799754807368,0.6500000000000002,0.7196347491392783,0.37,0.52850418085418,0.5300000000000001,0.6469629516384815,0.4900000000000001,0.6233757227692002,0.6300000000000002,0.5928923566108448,0.6400000000000002
11966,E0,2025/2026,33,2026-04-18,Chelsea,Man United,0.7313530265663444,0.5612814292931952,0.5408851265218062,compact_btts_form,0.6500000000000002,False,1,0,0,0.7824892463424509,0.6500000000000002,0.8774331701521851,0.43000000000000005,0.8142738092588047,0.6500000000000002,0.7852447557308693,0.37,0.8264806187698203,0.5300000000000001,0.7313530265663444,0.4900000000000001,0.8249958776552763,0.6300000000000002,0.8136389443782837,0.6400000000000002
7166,I1,2025/2026,33,2026-04-19,Cremonese,Torino,0.6863192116213982,0.5543467574748167,0.5408851265218062,compact_btts_form,0.6500000000000002,False,1,0,0,0.6304936227057075,0.6500000000000002,0.8055940725805301,0.43000000000000005,0.8170105662414978,0.6500000000000002,0.6583821542053004,0.37,0.9326081933904142,0.5300000000000001,0.6863192116213982,0.4900000000000001,0.9153624993958258,0.6300000000000002,0.939375132227682,0.6400000000000002
7167,I1,2025/2026,33,2026-04-19,Verona,Milan,0.37205223598333326,0.5125413902932577,0.5408851265218062,compact_btts_form,0.6500000000000002,False,0,0,1,0.40998249968475137,0.6500000000000002,0.17813188404260152,0.43000000000000005,0.11673509316727838,0.6500000000000002,0.3600024074915986,0.37,0.1879810226793648,0.5300000000000001,0.37205223598333326,0.4900000000000001,0.04288434195412367,0.6300000000000002,0.1094387962046639,0.6400000000000002
7168,I1,2025/2026,33,2026-04-19,Pisa,Genoa,0.6358681267736093,0.5471689826243078,0.5408851265218062,compact_btts_form,0.6500000000000002,False,1,1,1,0.6248277730194395,0.6500000000000002,0.5811591203984907,0.43000000000000005,0.57204615499974,0.6500000000000002,0.6407776679672347,0.37,0.7050854173912934,0.5300000000000001,0.6358681267736093,0.4900000000000001,0.6913322311376324,0.6300000000000002,0.8294750151870727,0.6400000000000002
7169,I1,2025/2026,33,2026-04-19,Juventus,Bologna,0.4572844131898469,0.5238521106839353,0.5408851265218062,compact_btts_form,0.6500000000000002,False,0,0,1,0.41719356367910104,0.6500000000000002,0.4860799454073913,0.43000000000000005,0.4526678880810019,0.6500000000000002,0.38544644027386155,0.37,0.4128939329838563,0.5300000000000001,0.4572844131898469,0.4900000000000001,0.2694025717365353,0.6300000000000002,0.3765243759353281,0.6400000000000002
11967,E0,2025/2026,33,2026-04-19,Aston Villa,Sunderland,0.5472357022903239,0.5354150849574189,0.5408851265218062,compact_btts_form,0.6500000000000002,False,0,1,0,0.590714144161234,0.6500000000000002,0.7371408305691106,0.43000000000000005,0.822995431836398,0.6500000000000002,0.641086788093219,0.37,0.6994205734700718,0.5300000000000001,0.5472357022903239,0.4900000000000001,0.6633908311105593,0.6300000000000002,0.6403226767660982,0.6400000000000002
11968,E0,2025/2026,33,2026-04-19,Everton,Liverpool,0.6097359663671763,0.5436195623803116,0.5408851265218062,compact_btts_form,0.6500000000000002,False,1,1,1,0.5916272642502908,0.6500000000000002,0.8349406461698943,0.43000000000000005,0.8602656137404012,0.6500000000000002,0.636390500476321,0.37,0.6179445177293516,0.5300000000000001,0.6097359663671763,0.4900000000000001,0.502311007606632,0.6300000000000002,0.6326289809570702,0.6400000000000002
11969,E0,2025/2026,33,2026-04-19,Nott'm Forest,Burnley,0.36803774982779713,0.5119878193159848,0.5408851265218062,compact_btts_form,0.6500000000000002,False,0,1,0,0.4144895666027298,0.6500000000000002,0.39895118962067794,0.43000000000000005,0.5109741603222675,0.6500000000000002,0.49439981613715533,0.37,0.14932680419943117,0.5300000000000001,0.36803774982779713,0.4900000000000001,0.38803312261715645,0.6300000000000002,0.1985889256753643,0.6400000000000002
11970,E0,2025/2026,33,2026-04-19,Man City,Arsenal,0.5035724006247583,0.5298034591630465,0.5408851265218062,compact_btts_form,0.6500000000000002,False,0,1,0,0.5204047025736099,0.6500000000000002,0.5716233524062869,0.43000000000000005,0.5885751697835537,0.6500000000000002,0.5160834874402531,0.37,0.4488806635204687,0.5300000000000001,0.5035724006247583,0.4900000000000001,0.556491531217976,0.6300000000000002,0.5222339431804596,0.6400000000000002
7170,I1,2025/2026,33,2026-04-20,Lecce,Fiorentina,0.4185118024200826,0.5187921939074394,0.5408851265218062,compact_btts_form,0.6500000000000002,False,0,1,0,0.4310206163875409,0.6500000000000002,0.6959179890816392,0.43000000000000005,0.6615317596479786,0.6500000000000002,0.3979804160683091,0.37,0.6569011858813597,0.5300000000000001,0.4185118024200826,0.4900000000000001,0.490035202170371,0.6300000000000002,0.6895447672192645,0.6400000000000002
11971,E0,2025/2026,33,2026-04-20,Crystal Palace,West Ham,0.5758924051168387,0.5391389320712133,0.5408851265218062,compact_btts_form,0.6500000000000002,False,0,0,1,0.6013320494729534,0.6500000000000002,0.5666550332439202,0.43000000000000005,0.49438927248886944,0.6500000000000002,0.6115504148037694,0.37,0.2928629460403822,0.5300000000000001,0.5758924051168387,0.4900000000000001,0.6454361419136352,0.6300000000000002,0.2722671154513371,0.6400000000000002
16950,SP1,2025/2026,33,2026-04-21,Ath Bilbao,Osasuna,0.5426785011708205,0.5348269132277067,0.5408851265218062,compact_btts_form,0.6500000000000002,False,0,0,1,0.5408809756362996,0.6500000000000002,0.22082251368133912,0.43000000000000005,0.3187920019167171,0.6500000000000002,0.49901287020735025,0.37,0.02841286130656024,0.5300000000000001,0.5426785011708205,0.4900000000000001,0.044794699823125894,0.6300000000000002,0.01568263467015466,0.6400000000000002
16951,SP1,2025/2026,33,2026-04-21,Mallorca,Valencia,0.6596519375804206,0.5504906398104946,0.5408851265218062,compact_btts_form,0.6500000000000002,False,1,1,1,0.675285609407688,0.6500000000000002,0.7984805496002276,0.43000000000000005,0.8322412284176021,0.6500000000000002,0.6901857040305784,0.37,0.8583896117669889,0.5300000000000001,0.6596519375804206,0.4900000000000001,0.9502970961187759,0.6300000000000002,0.55563013339717,0.6400000000000002
16952,SP1,2025/2026,33,2026-04-21,Girona,Betis,0.5891795030523147,0.5408851265218062,0.5408851265218062,compact_btts_form,0.6500000000000002,False,1,1,1,0.6900652950102191,0.6500000000000002,0.7090687080531671,0.43000000000000005,0.7365567570560387,0.6500000000000002,0.6650716275251801,0.37,0.5606219340029697,0.5300000000000001,0.5891795030523147,0.4900000000000001,0.8660906482964252,0.6300000000000002,0.3376854637083612,0.6400000000000002
16953,SP1,2025/2026,33,2026-04-21,Real Madrid,Alaves,0.6272152729003659,0.5459833107023457,0.5408851265218062,compact_btts_form,0.6500000000000002,False,1,1,1,0.5687130260177552,0.6500000000000002,0.6641972032166226,0.43000000000000005,0.758011199540393,0.6500000000000002,0.5532141787265152,0.37,0.43717212288984547,0.5300000000000001,0.6272152729003659,0.4900000000000001,0.5374126030823763,0.6300000000000002,0.12626246027939833,0.6400000000000002
16954,SP1,2025/2026,33,2026-04-22,Elche,Ath Madrid,0.682975925821089,0.5538545316709468,0.5408851265218062,compact_btts_form,0.6500000000000002,False,1,1,1,0.7203995264914257,0.6500000000000002,0.769019846009581,0.43000000000000005,0.7390002025346178,0.6500000000000002,0.6907897889106352,0.37,0.6764097566457251,0.5300000000000001,0.682975925821089,0.4900000000000001,0.8050967909354707,0.6300000000000002,0.4690605632870956,0.6400000000000002
16955,SP1,2025/2026,33,2026-04-22,Sociedad,Getafe,0.5211208047980771,0.5320541049512142,0.5408851265218062,compact_btts_form,0.6500000000000002,False,0,0,1,0.49889369546448803,0.6500000000000002,0.296900280621341,0.43000000000000005,0.2624687966283348,0.6500000000000002,0.44988573791932324,0.37,0.2584939880799479,0.5300000000000001,0.5211208047980771,0.4900000000000001,0.6054298498399845,0.6300000000000002,0.10526868508278868,0.6400000000000002
16956,SP1,2025/2026,33,2026-04-22,Barcelona,Celta,0.6603821971081134,0.5505942422957881,0.5408851265218062,compact_btts_form,0.6500000000000002,False,1,0,0,0.7070016350240996,0.6500000000000002,0.8605694920746902,0.43000000000000005,0.725681210015806,0.6500000000000002,0.5983689412009,0.37,0.7382278517320542,0.5300000000000001,0.6603821971081134,0.4900000000000001,0.9519466767991334,0.6300000000000002,0.5102636264764455,0.6400000000000002
16957,SP1,2025/2026,33,2026-04-23,Levante,Sevilla,0.5030185841446987,0.5297324575377995,0.5408851265218062,compact_btts_form,0.6500000000000002,False,0,0,1,0.5832087624718929,0.6500000000000002,0.6319965489762435,0.43000000000000005,0.6931851170375062,0.6500000000000002,0.5452343143104592,0.37,0.5420184390733241,0.5300000000000001,0.5030185841446987,0.4900000000000001,0.7350836471181249,0.6300000000000002,0.23233507218284594,0.6400000000000002
16958,SP1,2025/2026,33,2026-04-23,Vallecano,Espanol,0.5292408014769481,0.5330970141588747,0.5408851265218062,compact_btts_form,0.6500000000000002,False,0,0,1,0.5754844218903407,0.6500000000000002,0.7742163390278546,0.43000000000000005,0.8067810254785074,0.6500000000000002,0.5112480996846704,0.37,0.6479325166641963,0.5300000000000001,0.5292408014769481,0.4900000000000001,0.8986492356098437,0.6300000000000002,0.5901373170788929,0.6400000000000002
16959,SP1,2025/2026,33,2026-04-23,Oviedo,Villarreal,0.5309376924389566,0.5333151544389837,0.5408851265218062,compact_btts_form,0.6500000000000002,False,0,1,0,0.6877131946365752,0.6500000000000002,0.34280449476637176,0.43000000000000005,0.43759562869867075,0.6500000000000002,0.6583577649311267,0.37,0.18615675738769555,0.5300000000000001,0.5309376924389566,0.4900000000000001,0.5369247170636805,0.6300000000000002,0.06960874202989782,0.6400000000000002
9345,D1,2025/2026,33,2026-05-08,Dortmund,Ein Frankfurt,0.7310820532642599,0.5612377499574464,0.5408851265218062,compact_btts_form,0.6500000000000002,False,1,1,1,0.6821685454144907,0.6500000000000002,0.6080538468138007,0.43000000000000005,0.7511774659583572,0.6500000000000002,0.7234236046347655,0.37,0.6998071227594627,0.5300000000000001,0.7310820532642599,0.4900000000000001,0.9045324723912472,0.6300000000000002,0.7959441607452539,0.6400000000000002
14340,F1,2025/2026,33,2026-05-08,Lens,Nantes,0.7221034198741421,0.5598052513469355,0.5408851265218062,compact_btts_form,0.6500000000000002,False,1,0,0,0.761376811907245,0.6500000000000002,0.5570089657276462,0.43000000000000005,0.511549609727347,0.6500000000000002,0.7640863507681036,0.37,0.8397123615877374,0.5300000000000001,0.7221034198741421,0.4900000000000001,0.9529368534122199,0.6300000000000002,0.9070331234356512,0.6400000000000002
9346,D1,2025/2026,33,2026-05-09,Augsburg,M'gladbach,0.6785036975190921,0.5532002528517884,0.5408851265218062,compact_btts_form,0.6500000000000002,False,1,1,1,0.7565028436405611,0.6500000000000002,0.9699786482639349,0.43000000000000005,0.9781914697014942,0.6500000000000002,0.7347117309882094,0.37,0.9684427404543342,0.5300000000000001,0.6785036975190921,0.4900000000000001,0.9965420853448855,0.6300000000000002,0.9844769896663652,0.6400000000000002
9347,D1,2025/2026,33,2026-05-09,Hoffenheim,Werder Bremen,0.7491397874204191,0.5642107071276229,0.5408851265218062,compact_btts_form,0.6500000000000002,False,1,0,0,0.7221799502380655,0.6500000000000002,0.9040706396473188,0.43000000000000005,0.9349937328983347,0.6500000000000002,0.7686290175017119,0.37,0.8235775080750707,0.5300000000000001,0.7491397874204191,0.4900000000000001,0.9138342159060099,0.6300000000000002,0.8702101634585011,0.6400000000000002
9348,D1,2025/2026,33,2026-05-09,RB Leipzig,St Pauli,0.6675193855995804,0.551612377637723,0.5408851265218062,compact_btts_form,0.6500000000000002,False,1,1,1,0.5658750838625596,0.6500000000000002,0.9223209037373292,0.43000000000000005,0.954113368738343,0.6500000000000002,0.529788857499993,0.37,0.9637772560298387,0.5300000000000001,0.6675193855995804,0.4900000000000001,0.9921835237461902,0.6300000000000002,0.9343813899849501,0.6400000000000002
9349,D1,2025/2026,33,2026-05-09,Stuttgart,Leverkusen,0.9222519014418672,0.6072397239437861,0.5408851265218062,compact_btts_form,0.6500000000000002,False,1,1,1,0.9150632177722356,0.6500000000000002,0.9409735542672909,0.43000000000000005,0.9560044500945956,0.6500000000000002,0.9276945506532507,0.37,0.9606580206762495,0.5300000000000001,0.9222519014418672,0.4900000000000001,0.9980466537790891,0.6300000000000002,0.9920140454756772,0.6400000000000002
9350,D1,2025/2026,33,2026-05-09,Wolfsburg,Bayern Munich,0.923977553446259,0.6079855516944536,0.5408851265218062,compact_btts_form,0.6500000000000002,False,1,0,0,0.8127734312922089,0.6500000000000002,0.8521927902215638,0.43000000000000005,0.9014385286913681,0.6500000000000002,0.840500027896183,0.37,0.7938458252462449,0.5300000000000001,0.923977553446259,0.4900000000000001,0.9515249885134993,0.6300000000000002,0.8011939341777754,0.6400000000000002
9351,D1,2025/2026,33,2026-05-10,Hamburg,Freiburg,0.7651276401334495,0.5669598676116846,0.5408851265218062,compact_btts_form,0.6500000000000002,False,1,1,1,0.764091010148048,0.6500000000000002,0.5828360879423247,0.43000000000000005,0.7463023688860371,0.6500000000000002,0.77972846833059,0.37,0.6269198313614377,0.5300000000000001,0.7651276401334495,0.4900000000000001,0.9041271854213242,0.6300000000000002,0.6791745481057746,0.6400000000000002
9352,D1,2025/2026,33,2026-05-10,FC Koln,Heidenheim,0.8176453722609224,0.5770219604682457,0.5408851265218062,compact_btts_form,0.6500000000000002,False,1,1,1,0.8063799679216017,0.6500000000000002,0.966664812996555,0.43000000000000005,0.986808109570764,0.6500000000000002,0.806884224184264,0.37,0.9790048122665731,0.5300000000000001,0.8176453722609224,0.4900000000000001,0.9980907519669512,0.6300000000000002,0.9844722793680005,0.6400000000000002
9353,D1,2025/2026,33,2026-05-10,Mainz,Union Berlin,0.6289340749436896,0.5462179589250479,0.5408851265218062,compact_btts_form,0.6500000000000002,False,1,1,1,0.6193080820437952,0.6500000000000002,0.6356266200628856,0.43000000000000005,0.8263901856007657,0.6500000000000002,0.6607588888143987,0.37,0.5218406144000022,0.5300000000000001,0.6289340749436896,0.4900000000000001,0.7397488056444265,0.6300000000000002,0.6143900167260063,0.6400000000000002
14341,F1,2025/2026,33,2026-05-10,Angers,Strasbourg,0.6951909139824005,0.5556664712961041,0.5408851265218062,compact_btts_form,0.6500000000000002,False,1,1,1,0.5776044795775839,0.6500000000000002,0.6421218865379379,0.43000000000000005,0.7012840110076497,0.6500000000000002,0.6147994101018166,0.37,0.7162580719459655,0.5300000000000001,0.6951909139824005,0.4900000000000001,0.8514776849399399,0.6300000000000002,0.8671953603648309,0.6400000000000002
14342,F1,2025/2026,33,2026-05-10,Auxerre,Nice,0.6761378593514283,0.5528560027333534,0.5408851265218062,compact_btts_form,0.6500000000000002,False,1,1,1,0.7193857208583034,0.6500000000000002,0.608464858120017,0.43000000000000005,0.6793726845422136,0.6500000000000002,0.6827125558454505,0.37,0.7870340516740284,0.5300000000000001,0.6761378593514283,0.4900000000000001,0.5741263841974489,0.6300000000000002,0.5907626249882555,0.6400000000000002
14343,F1,2025/2026,33,2026-05-10,Le Havre,Marseille,0.7829504482053171,0.5701770613922702,0.5408851265218062,compact_btts_form,0.6500000000000002,False,1,0,0,0.7361086833989483,0.6500000000000002,0.8093236699366237,0.43000000000000005,0.8644415536835774,0.6500000000000002,0.765237341458965,0.37,0.9495181493875366,0.5300000000000001,0.7829504482053171,0.4900000000000001,0.984651627178291,0.6300000000000002,0.9782512066963333,0.6400000000000002
14344,F1,2025/2026,33,2026-05-10,Metz,Lorient,0.7808641046331816,0.5697912590439759,0.5408851265218062,compact_btts_form,0.6500000000000002,False,1,0,0,0.7908406629199914,0.6500000000000002,0.824378182140914,0.43000000000000005,0.7592661074726731,0.6500000000000002,0.781345073966573,0.37,0.8977647755017479,0.5300000000000001,0.7808641046331816,0.4900000000000001,0.971610207834706,0.6300000000000002,0.9334226785007724,0.6400000000000002
14345,F1,2025/2026,33,2026-05-10,Monaco,Lille,0.7609355953908882,0.5662273899696416,0.5408851265218062,compact_btts_form,0.6500000000000002,False,1,0,0,0.7702026851673499,0.6500000000000002,0.9048042679880849,0.43000000000000005,0.9286000021372316,0.6500000000000002,0.7628764413956017,0.37,0.9496113263911202,0.5300000000000001,0.7609355953908882,0.4900000000000001,0.9483531516105626,0.6300000000000002,0.918184644641924,0.6400000000000002
14346,F1,2025/2026,33,2026-05-10,Paris SG,Brest,0.6394207599911528,0.5476590796580446,0.5408851265218062,compact_btts_form,0.6500000000000002,False,1,0,0,0.6571512547804813,0.6500000000000002,0.849785533997248,0.43000000000000005,0.74077750570163,0.6500000000000002,0.5352828629179129,0.37,0.9282083312350722,0.5300000000000001,0.6394207599911528,0.4900000000000001,0.9602983444549589,0.6300000000000002,0.8650179004467102,0.6400000000000002
14347,F1,2025/2026,33,2026-05-10,Rennes,Paris FC,0.7152705678371785,0.5587334645921315,0.5408851265218062,compact_btts_form,0.6500000000000002,False,1,1,1,0.8183365654804757,0.6500000000000002,0.7529980909965583,0.43000000000000005,0.7866756692658154,0.6500000000000002,0.8318658366453052,0.37,0.9244949798315909,0.5300000000000001,0.7152705678371785,0.4900000000000001,0.9756459447836175,0.6300000000000002,0.9514130091973976,0.6400000000000002
14348,F1,2025/2026,33,2026-05-10,Toulouse,Lyon,0.6690573067779453,0.5518331289194904,0.5408851265218062,compact_btts_form,0.6500000000000002,False,1,1,1,0.6857296733117944,0.6500000000000002,0.7938794770451909,0.43000000000000005,0.7685371657935036,0.6500000000000002,0.6408100272447438,0.37,0.8191415848717272,0.5300000000000001,0.6690573067779453,0.4900000000000001,0.9243085068889637,0.6300000000000002,0.908401749025085,0.6400000000000002
11972,E0,2025/2026,34,2026-04-21,Brighton,Chelsea,0.6998397800142678,0.5563662753185816,0.5488120555427067,compact_btts_form,0.6500000000000002,False,1,0,0,0.6127832956080892,0.42000000000000004,0.825703910570075,0.5900000000000002,0.8639624730717409,0.36,0.703529057571111,0.43000000000000005,0.7365161021222327,0.5600000000000002,0.6998397800142678,0.36,0.7788881614275478,0.4700000000000001,0.8027004790786143,0.5100000000000001
11973,E0,2025/2026,34,2026-04-22,Bournemouth,Leeds,0.7428624218674952,0.5631624086134474,0.5488120555427067,compact_btts_form,0.6500000000000002,False,1,1,1,0.7546061593967122,0.42000000000000004,0.8814673998946431,0.5900000000000002,0.8819993499763406,0.36,0.777913617699004,0.43000000000000005,0.8844489918819639,0.5600000000000002,0.7428624218674952,0.36,0.9677797181778175,0.4700000000000001,0.9400989584901303,0.5100000000000001
11974,E0,2025/2026,34,2026-04-22,Burnley,Man City,0.6489431005209686,0.548982862682623,0.5488120555427067,compact_btts_form,0.6500000000000002,False,1,0,0,0.5604700879537876,0.42000000000000004,0.6820413890739891,0.5900000000000002,0.7466118145759273,0.36,0.5339266101345919,0.43000000000000005,0.7003982556777204,0.5600000000000002,0.6489431005209686,0.36,0.7249639784604159,0.4700000000000001,0.7910872550771108,0.5100000000000001
7171,I1,2025/2026,34,2026-04-24,Napoli,Cremonese,0.46387230559296644,0.5247029773179575,0.5488120555427067,compact_btts_form,0.6500000000000002,False,0,0,1,0.4018757638750543,0.42000000000000004,0.43170550612708436,0.5900000000000002,0.3246043376304023,0.36,0.32504258034502814,0.43000000000000005,0.5320798404824632,0.5600000000000002,0.46387230559296644,0.36,0.2774211748483637,0.4700000000000001,0.3427612405673618,0.5100000000000001
11975,E0,2025/2026,34,2026-04-24,Sunderland,Nott'm Forest,0.5769815991980666,0.5392815329351268,0.5488120555427067,compact_btts_form,0.6500000000000002,False,0,0,1,0.569032256110607,0.42000000000000004,0.6542788860421467,0.5900000000000002,0.7355667315804578,0.36,0.5463853050401698,0.43000000000000005,0.20207480519024598,0.5600000000000002,0.5769815991980666,0.36,0.5372074738013299,0.4700000000000001,0.5529151018235683,0.5100000000000001
7172,I1,2025/2026,34,2026-04-25,Parma,Pisa,0.6539411382107535,0.5496839486676981,0.5488120555427067,compact_btts_form,0.6500000000000002,False,1,0,0,0.5441936780264774,0.42000000000000004,0.7117015928897096,0.5900000000000002,0.6662824296567219,0.36,0.5563371542442584,0.43000000000000005,0.8917497575982732,0.5600000000000002,0.6539411382107535,0.36,0.8656864895251992,0.4700000000000001,0.8346111721607411,0.5100000000000001
7173,I1,2025/2026,34,2026-04-25,Bologna,Roma,0.6243029110153493,0.5455866700444963,0.5488120555427067,compact_btts_form,0.6500000000000002,False,0,0,1,0.6404967763947838,0.42000000000000004,0.7644879565740443,0.5900000000000002,0.6131986774618349,0.36,0.5799359221948505,0.43000000000000005,0.8569539703606536,0.5600000000000002,0.6243029110153493,0.36,0.6624141746702787,0.4700000000000001,0.8272845259381295,0.5100000000000001
7174,I1,2025/2026,34,2026-04-25,Verona,Lecce,0.4296273905422198,0.5202538594814297,0.5488120555427067,compact_btts_form,0.6500000000000002,False,0,0,1,0.44492308459642077,0.42000000000000004,0.10374685264680607,0.5900000000000002,0.09235957368341322,0.36,0.46492821821807906,0.43000000000000005,0.09902681246826381,0.5600000000000002,0.4296273905422198,0.36,0.05185795557784803,0.4700000000000001,0.10404849229658374,0.5100000000000001
11976,E0,2025/2026,34,2026-04-25,Fulham,Aston Villa,0.6724247380492159,0.5523182363378851,0.5488120555427067,compact_btts_form,0.6500000000000002,False,1,0,0,0.6899955474517917,0.42000000000000004,0.6948230522639184,0.5900000000000002,0.7041647101970192,0.36,0.7394019887869834,0.43000000000000005,0.6074781754414403,0.5600000000000002,0.6724247380492159,0.36,0.5888785612181963,0.4700000000000001,0.6273422720676229,0.5100000000000001
11977,E0,2025/2026,34,2026-04-25,Liverpool,Crystal Palace,0.6289538078723586,0.5462206552904689,0.5488120555427067,compact_btts_form,0.6500000000000002,False,0,1,0,0.6504016628014279,0.42000000000000004,0.6627928470859707,0.5900000000000002,0.609651657081422,0.36,0.6303472274211408,0.43000000000000005,0.7216990944229393,0.5600000000000002,0.6289538078723586,0.36,0.6683054206597521,0.4700000000000001,0.5691140790442419,0.5100000000000001
11978,E0,2025/2026,34,2026-04-25,West Ham,Everton,0.6986991885559699,0.5561940343517202,0.5488120555427067,compact_btts_form,0.6500000000000002,False,1,1,1,0.676362462868487,0.42000000000000004,0.746903830344815,0.5900000000000002,0.8172846207463756,0.36,0.7243715987705179,0.43000000000000005,0.5063346644681443,0.5600000000000002,0.6986991885559699,0.36,0.6246266677568943,0.4700000000000001,0.7065224130151418,0.5100000000000001
11979,E0,2025/2026,34,2026-04-25,Wolves,Tottenham,0.7206603827348476,0.5595776184232456,0.5488120555427067,compact_btts_form,0.6500000000000002,False,1,0,0,0.6895091145331227,0.42000000000000004,0.6110768262102252,0.5900000000000002,0.6464118846245962,0.36,0.7162937485083429,0.43000000000000005,0.7566064452837649,0.5600000000000002,0.7206603827348476,0.36,0.8085359498556857,0.4700000000000001,0.7369036448471207,0.5100000000000001
11980,E0,2025/2026,34,2026-04-25,Arsenal,Newcastle,0.6540907922159279,0.5497050105991014,0.5488120555427067,compact_btts_form,0.6500000000000002,False,1,0,0,0.5585277839850268,0.42000000000000004,0.6498335552940941,0.5900000000000002,0.661212858568165,0.36,0.4776386545115512,0.43000000000000005,0.511514296212123,0.5600000000000002,0.6540907922159279,0.36,0.6215640288353154,0.4700000000000001,0.517414365566839,0.5100000000000001
7175,I1,2025/2026,34,2026-04-26,Fiorentina,Sassuolo,0.6788220296248919,0.5532466703810474,0.5488120555427067,compact_btts_form,0.6500000000000002,False,1,0,0,0.6207268335414188,0.42000000000000004,0.7533945430794866,0.5900000000000002,0.7305507437184208,0.36,0.569801026273699,0.43000000000000005,0.8713955425936932,0.5600000000000002,0.6788220296248919,0.36,0.8399283521112486,0.4700000000000001,0.8994755612982435,0.5100000000000001
7176,I1,2025/2026,34,2026-04-26,Genoa,Como,0.6584866177568037,0.5503255283777633,0.5488120555427067,compact_btts_form,0.6500000000000002,False,1,0,0,0.7418535222399606,0.42000000000000004,0.39249497366015657,0.5900000000000002,0.5582433912817585,0.36,0.7549162106470809,0.43000000000000005,0.9172102523778335,0.5600000000000002,0.6584866177568037,0.36,0.5336692685412219,0.4700000000000001,0.7462757276297833,0.5100000000000001
7177,I1,2025/2026,34,2026-04-26,Torino,Inter,0.7141014900003035,0.5585515968657236,0.5488120555427067,compact_btts_form,0.6500000000000002,False,1,1,1,0.7183005145879294,0.42000000000000004,0.5599287867063678,0.5900000000000002,0.4442539682257927,0.36,0.7026134417534595,0.43000000000000005,0.9360729454038832,0.5600000000000002,0.7141014900003035,0.36,0.8295912183389956,0.4700000000000001,0.8776353680048519,0.5100000000000001
7178,I1,2025/2026,34,2026-04-26,Milan,Juventus,0.7010544195907743,0.5565500948746457,0.5488120555427067,compact_btts_form,0.6500000000000002,False,1,0,0,0.6302638988375951,0.42000000000000004,0.73636659194911,0.5900000000000002,0.6273284128149001,0.36,0.5804331223364613,0.43000000000000005,0.6961530111987616,0.5600000000000002,0.7010544195907743,0.36,0.6791516420518751,0.4700000000000001,0.7113408743947727,0.5100000000000001
7179,I1,2025/2026,34,2026-04-27,Cagliari,Atalanta,0.5382396077845009,0.5342548043591089,0.5488120555427067,compact_btts_form,0.6500000000000002,False,0,1,0,0.5010530062664172,0.42000000000000004,0.9026525934953443,0.5900000000000002,0.8847741890963049,0.36,0.4389997421905035,0.43000000000000005,0.9578963011344193,0.5600000000000002,0.5382396077845009,0.36,0.8637093746120108,0.4700000000000001,0.9429646956825173,0.5100000000000001
7180,I1,2025/2026,34,2026-04-27,Lazio,Udinese,0.5337346192652818,0.5336748828535065,0.5488120555427067,compact_btts_form,0.6500000000000002,False,0,1,0,0.4923524469502387,0.42000000000000004,0.7615063494618796,0.5900000000000002,0.6330231370876633,0.36,0.42659670904224406,0.43000000000000005,0.8768845314000868,0.5600000000000002,0.5337346192652818,0.36,0.6314442399005229,0.4700000000000001,0.7779182569929004,0.5100000000000001
11981,E0,2025/2026,34,2026-04-27,Man United,Brentford,0.8033782911763787,0.5741012204226567,0.5488120555427067,compact_btts_form,0.6500000000000002,False,1,1,1,0.7469882551182762,0.42000000000000004,0.7670810964187464,0.5900000000000002,0.7631948626601704,0.36,0.7677397678679537,0.43000000000000005,0.5928656615080545,0.5600000000000002,0.8033782911763787,0.36,0.7692307125326966,0.4700000000000001,0.7108516560652891,0.5100000000000001
16970,SP1,2025/2026,34,2026-05-01,Girona,Mallorca,0.6241131717548385,0.5455608698577512,0.5488120555427067,compact_btts_form,0.6500000000000002,False,0,0,1,0.6358951385203478,0.42000000000000004,0.7020229938967617,0.5900000000000002,0.6771752371792321,0.36,0.5375138219204181,0.43000000000000005,0.6251707705743154,0.5600000000000002,0.6241131717548385,0.36,0.7950568765193418,0.4700000000000001,0.17936849465161367,0.5100000000000001
16971,SP1,2025/2026,34,2026-05-02,Villarreal,Levante,0.6349768652684423,0.5470463386446642,0.5488120555427067,compact_btts_form,0.6500000000000002,False,0,1,0,0.707852952262805,0.42000000000000004,0.6494138538149588,0.5900000000000002,0.7266558301148324,0.36,0.7492521565452412,0.43000000000000005,0.5098234448864221,0.5600000000000002,0.6349768652684423,0.36,0.7284547518105267,0.4700000000000001,0.1961106950142582,0.5100000000000001
16972,SP1,2025/2026,34,2026-05-02,Valencia,Ath Madrid,0.5229313074378814,0.5322865216128563,0.5488120555427067,compact_btts_form,0.6500000000000002,False,0,0,1,0.5665498605153786,0.42000000000000004,0.3686592535629233,0.5900000000000002,0.39312588351041355,0.36,0.5009256365635157,0.43000000000000005,0.24973333392432376,0.5600000000000002,0.5229313074378814,0.36,0.5628107015845822,0.4700000000000001,0.1444435598203111,0.5100000000000001
16973,SP1,2025/2026,34,2026-05-02,Alaves,Ath Bilbao,0.5636295818726939,0.5375393144497342,0.5488120555427067,compact_btts_form,0.6500000000000002,False,0,1,0,0.597992897295342,0.42000000000000004,0.1074094154288961,0.5900000000000002,0.1897286021954519,0.36,0.5917472792673255,0.43000000000000005,0.08603265798004059,0.5600000000000002,0.5636295818726939,0.36,0.13173454898055192,0.4700000000000001,0.034675304494482403,0.5100000000000001
16974,SP1,2025/2026,34,2026-05-02,Osasuna,Barcelona,0.7527795140266081,0.5648262550951788,0.5488120555427067,compact_btts_form,0.6500000000000002,False,1,1,1,0.7195352511013522,0.42000000000000004,0.7650258679136079,0.5900000000000002,0.779737185955081,0.36,0.7142345175512705,0.43000000000000005,0.6285997344691107,0.5600000000000002,0.7527795140266081,0.36,0.9352186953471227,0.4700000000000001,0.3453634775137769,0.5100000000000001
16975,SP1,2025/2026,34,2026-05-03,Celta,Elche,0.5418014901415158,0.5347138201334909,0.5488120555427067,compact_btts_form,0.6500000000000002,False,0,1,0,0.594860170096337,0.42000000000000004,0.28734464856473607,0.5900000000000002,0.3124494991693756,0.36,0.5216152598531083,0.43000000000000005,0.17553702557680434,0.5600000000000002,0.5418014901415158,0.36,0.5021173294274894,0.4700000000000001,0.05982417243077687,0.5100000000000001
16976,SP1,2025/2026,34,2026-05-03,Getafe,Vallecano,0.4175309171226792,0.5186626941985361,0.5488120555427067,compact_btts_form,0.6500000000000002,False,0,0,1,0.41218881618191355,0.42000000000000004,0.41416751722329326,0.5900000000000002,0.5876695835264627,0.36,0.36198995147391944,0.43000000000000005,0.40546542446090905,0.5600000000000002,0.4175309171226792,0.36,0.7275845518139368,0.4700000000000001,0.19522855068169953,0.5100000000000001
16977,SP1,2025/2026,34,2026-05-03,Betis,Oviedo,0.5557508432211482,0.5365166400205231,0.5488120555427067,compact_btts_form,0.6500000000000002,False,0,0,1,0.5432054995685023,0.42000000000000004,0.7864303850296496,0.5900000000000002,0.841359268690548,0.36,0.49325725999682,0.43000000000000005,0.6936041275448079,0.5600000000000002,0.5557508432211482,0.36,0.8873636475569724,0.4700000000000001,0.39918974370120636,0.5100000000000001
16978,SP1,2025/2026,34,2026-05-03,Espanol,Real Madrid,0.6891008582217014,0.5547583860189281,0.5488120555427067,compact_btts_form,0.6500000000000002,False,1,0,0,0.7127367345874049,0.42000000000000004,0.9085829405326732,0.5900000000000002,0.9371824341398386,0.36,0.6986496008921484,0.43000000000000005,0.8345885958765121,0.5600000000000002,0.6891008582217014,0.36,0.9859291860629635,0.4700000000000001,0.8448918086897526,0.5100000000000001
16979,SP1,2025/2026,34,2026-05-04,Sevilla,Sociedad,0.6477206142643321,0.5488120555427067,0.5488120555427067,compact_btts_form,0.6500000000000002,False,1,0,0,0.59553691653283,0.42000000000000004,0.8625318898463812,0.5900000000000002,0.902355195939347,0.36,0.6192308940294962,0.43000000000000005,0.751459424549462,0.5600000000000002,0.6477206142643321,0.36,0.9363269222397272,0.4700000000000001,0.6027582810614347,0.5100000000000001
9354,D1,2025/2026,34,2026-05-16,Bayern Munich,FC Koln,0.8279698118495598,0.5792445193884173,0.5488120555427067,compact_btts_form,0.6500000000000002,False,1,1,1,0.7876358234392247,0.42000000000000004,0.8942666165382456,0.5900000000000002,0.9472509449660319,0.36,0.842471474497706,0.43000000000000005,0.8741525451119861,0.5600000000000002,0.8279698118495598,0.36,0.9146918925098837,0.4700000000000001,0.8816884867016614,0.5100000000000001
9355,D1,2025/2026,34,2026-05-16,Ein Frankfurt,Stuttgart,0.8626458078904454,0.5875659782792,0.5488120555427067,compact_btts_form,0.6500000000000002,False,1,1,1,0.8338866685746001,0.42000000000000004,0.7765468302521393,0.5900000000000002,0.7072724942421642,0.36,0.7679421823327962,0.43000000000000005,0.6142127905071371,0.5600000000000002,0.8626458078904454,0.36,0.9601040969339636,0.4700000000000001,0.6953421394377193,0.5100000000000001
9356,D1,2025/2026,34,2026-05-16,Freiburg,RB Leipzig,0.8596518581195344,0.5867850876807653,0.5488120555427067,compact_btts_form,0.6500000000000002,False,1,1,1,0.8248212001930934,0.42000000000000004,0.9209214866830573,0.5900000000000002,0.9410247093854418,0.36,0.8505916338850497,0.43000000000000005,0.8955978208473125,0.5600000000000002,0.8596518581195344,0.36,0.9783907372896345,0.4700000000000001,0.9168700095754035,0.5100000000000001
9357,D1,2025/2026,34,2026-05-16,Heidenheim,Mainz,0.7230553229025779,0.559955794245897,0.5488120555427067,compact_btts_form,0.6500000000000002,False,1,0,0,0.69992975869132,0.42000000000000004,0.9062481985756403,0.5900000000000002,0.9528158240980307,0.36,0.7136049837259675,0.43000000000000005,0.8857415041122434,0.5600000000000002,0.7230553229025779,0.36,0.9883877033412061,0.4700000000000001,0.859967565260452,0.5100000000000001
9358,D1,2025/2026,34,2026-05-16,Leverkusen,Hamburg,0.6864460654642193,0.5543654875553893,0.5488120555427067,compact_btts_form,0.6500000000000002,False,1,1,1,0.7013762897415112,0.42000000000000004,0.9510158413758797,0.5900000000000002,0.9673496106652097,0.36,0.6467438651085217,0.43000000000000005,0.9765098351981062,0.5600000000000002,0.6864460654642193,0.36,0.9934302976923679,0.4700000000000001,0.9481286559148802,0.5100000000000001
9359,D1,2025/2026,34,2026-05-16,M'gladbach,Hoffenheim,0.7974251849850579,0.572928541874309,0.5488120555427067,compact_btts_form,0.6500000000000002,False,1,0,0,0.866796632594852,0.42000000000000004,0.772936553790878,0.5900000000000002,0.8477092347821606,0.36,0.8973966628888017,0.43000000000000005,0.710120922629683,0.5600000000000002,0.7974251849850579,0.36,0.9379789432019315,0.4700000000000001,0.8100923735396359,0.5100000000000001
9360,D1,2025/2026,34,2026-05-16,St Pauli,Wolfsburg,0.7574311656382396,0.5656215756444597,0.5488120555427067,compact_btts_form,0.6500000000000002,False,1,1,1,0.7557015506096962,0.42000000000000004,0.7321161613005138,0.5900000000000002,0.8361409178961544,0.36,0.782367759165837,0.43000000000000005,0.6321055360263774,0.5600000000000002,0.7574311656382396,0.36,0.6997505751660547,0.4700000000000001,0.5935261410562545,0.5100000000000001
9361,D1,2025/2026,34,2026-05-16,Union Berlin,Augsburg,0.8653631068435348,0.5882868078138941,0.5488120555427067,compact_btts_form,0.6500000000000002,False,1,0,0,0.8634008322302433,0.42000000000000004,0.7973551650401833,0.5900000000000002,0.789273442312622,0.36,0.878553075152726,0.43000000000000005,0.6723001269240361,0.5600000000000002,0.8653631068435348,0.36,0.9349628682521736,0.4700000000000001,0.6804877405176651,0.5100000000000001
9362,D1,2025/2026,34,2026-05-16,Werder Bremen,Dortmund,0.6740860416595182,0.5525584643919828,0.5488120555427067,compact_btts_form,0.6500000000000002,False,1,0,0,0.7654833768985932,0.42000000000000004,0.8076190359134074,0.5900000000000002,0.7922382722725763,0.36,0.7641782114886868,0.43000000000000005,0.6315968986053372,0.5600000000000002,0.6740860416595182,0.36,0.9548904547279912,0.4700000000000001,0.7441619887056701,0.5100000000000001
14351,F1,2025/2026,34,2026-05-17,Brest,Angers,0.6567443394519901,0.5500791529989787,0.5488120555427067,compact_btts_form,0.6500000000000002,False,1,1,1,0.6341691485331256,0.42000000000000004,0.6877570559378933,0.5900000000000002,0.593495572284018,0.36,0.5942394281317934,0.43000000000000005,0.83076823915171,0.5600000000000002,0.6567443394519901,0.36,0.8811380393454642,0.4700000000000001,0.7680910481676518,0.5100000000000001
14352,F1,2025/2026,34,2026-05-17,Lille,Auxerre,0.4514670554970191,0.5230990513776088,0.5488120555427067,compact_btts_form,0.6500000000000002,False,0,0,1,0.4971188960061197,0.42000000000000004,0.6763043869820302,0.5900000000000002,0.7945572060240932,0.36,0.4721039062463479,0.43000000000000005,0.8407250772004866,0.5600000000000002,0.4514670554970191,0.36,0.6348649147136628,0.4700000000000001,0.7151355459942611,0.5100000000000001
14353,F1,2025/2026,34,2026-05-17,Lorient,Le Havre,0.6346931779023199,0.5470073267782605,0.5488120555427067,compact_btts_form,0.6500000000000002,False,0,0,1,0.702156798129523,0.42000000000000004,0.898693818828205,0.5900000000000002,0.934828873194427,0.36,0.6770848582553319,0.43000000000000005,0.951222352232779,0.5600000000000002,0.6346931779023199,0.36,0.9904076669942263,0.4700000000000001,0.9816905482065649,0.5100000000000001
14354,F1,2025/2026,34,2026-05-17,Lyon,Lens,0.8259619513111236,0.5788044738596708,0.5488120555427067,compact_btts_form,0.6500000000000002,False,1,0,0,0.7291732113948329,0.42000000000000004,0.9406198735206337,0.5900000000000002,0.9208691886554924,0.36,0.678307158182025,0.43000000000000005,0.9622106864571924,0.5600000000000002,0.8259619513111236,0.36,0.9442322373315618,0.4700000000000001,0.9025227554425491,0.5100000000000001
14355,F1,2025/2026,34,2026-05-17,Marseille,Rennes,0.8161328155428024,0.5767044079022745,0.5488120555427067,compact_btts_form,0.6500000000000002,False,1,1,1,0.7521743534600471,0.42000000000000004,0.8895263590524206,0.5900000000000002,0.8751251863140306,0.36,0.770026109308448,0.43000000000000005,0.9480166561816215,0.5600000000000002,0.8161328155428024,0.36,0.9730075257186646,0.4700000000000001,0.9477777372764546,0.5100000000000001
14356,F1,2025/2026,34,2026-05-17,Nantes,Toulouse,0.7194875474349479,0.5593931203713814,0.5488120555427067,compact_btts_form,0.6500000000000002,False,1,0,0,0.7632941372887048,0.42000000000000004,0.9202540930143589,0.5900000000000002,0.9079404868438823,0.36,0.6834154862727528,0.43000000000000005,0.9636250660436191,0.5600000000000002,0.7194875474349479,0.36,0.9814599326998369,0.4700000000000001,0.9752975316864733,0.5100000000000001
14357,F1,2025/2026,34,2026-05-17,Nice,Metz,0.5467324822132886,0.5353500936640363,0.5488120555427067,compact_btts_form,0.6500000000000002,False,0,0,1,0.5210621775536902,0.42000000000000004,0.2994409300077399,0.5900000000000002,0.3325280456521684,0.36,0.41150120884714814,0.43000000000000005,0.5333430486956867,0.5600000000000002,0.5467324822132886,0.36,0.24128945663287912,0.4700000000000001,0.32056298287619683,0.5100000000000001
14358,F1,2025/2026,34,2026-05-17,Paris FC,Paris SG,0.7965794314393054,0.5727639753277209,0.5488120555427067,compact_btts_form,0.6500000000000002,False,1,1,1,0.7023095370266225,0.42000000000000004,0.9035281664194877,0.5900000000000002,0.9501710080697373,0.36,0.7109761424916208,0.43000000000000005,0.9739387210850725,0.5600000000000002,0.7965794314393054,0.36,0.9954843275891174,0.4700000000000001,0.9900867675256122,0.5100000000000001
14359,F1,2025/2026,34,2026-05-17,Strasbourg,Monaco,0.8037584871600799,0.5741769880887928,0.5488120555427067,compact_btts_form,0.6500000000000002,False,1,1,1,0.807878847679282,0.42000000000000004,0.8531323704333589,0.5900000000000002,0.8308745586506041,0.36,0.765538713800297,0.43000000000000005,0.9051409731548398,0.5600000000000002,0.8037584871600799,0.36,0.9504620907093481,0.4700000000000001,0.9020823003778236,0.5100000000000001
7181,I1,2025/2026,35,2026-05-01,Pisa,Lecce,0.5164770736333555,0.5314582305698148,0.5411916815578456,compact_btts_form,0.6500000000000002,False,0,1,0,0.5208674828797338,0.5400000000000001,0.21065701108394977,0.6200000000000002,0.25225710871043383,0.4800000000000001,0.5506391650347836,0.39,0.246856064052777,0.6500000000000002,0.5164770736333555,0.5500000000000002,0.12636611841322182,0.5700000000000002,0.3233383388265247,0.6500000000000002
11982,E0,2025/2026,35,2026-05-01,Leeds,Burnley,0.369478172448177,0.5121867330464009,0.5411916815578456,compact_btts_form,0.6500000000000002,False,0,1,0,0.3789936440587887,0.5400000000000001,0.4787406368413359,0.6200000000000002,0.40032265408905454,0.4800000000000001,0.3453449033722024,0.39,0.2451089846142225,0.6500000000000002,0.369478172448177,0.5500000000000002,0.37192905602523824,0.5700000000000002,0.2763328727002908,0.6500000000000002
7182,I1,2025/2026,35,2026-05-02,Udinese,Torino,0.6400382557115102,0.5477444689857036,0.5411916815578456,compact_btts_form,0.6500000000000002,False,1,0,0,0.6588669737976063,0.5400000000000001,0.7145089120326732,0.6200000000000002,0.6566272584817142,0.4800000000000001,0.6491258866268045,0.39,0.8806087688013141,0.6500000000000002,0.6400382557115102,0.5500000000000002,0.8321278922867427,0.5700000000000002,0.8737460850605995,0.6500000000000002
7183,I1,2025/2026,35,2026-05-02,Como,Napoli,0.7134961950508518,0.5584576032208187,0.5411916815578456,compact_btts_form,0.6500000000000002,False,1,0,0,0.5581794004743219,0.5400000000000001,0.6783110569194798,0.6200000000000002,0.6360311489706428,0.4800000000000001,0.5172692249707762,0.39,0.8316111855618564,0.6500000000000002,0.7134961950508518,0.5500000000000002,0.8240296705847092,0.5700000000000002,0.836110044503331,0.6500000000000002
7184,I1,2025/2026,35,2026-05-02,Atalanta,Genoa,0.5951882821619656,0.5416799418768493,0.5411916815578456,compact_btts_form,0.6500000000000002,False,1,0,0,0.510865039326115,0.5400000000000001,0.5355373287983414,0.6200000000000002,0.4780674001617772,0.4800000000000001,0.5043354129927979,0.39,0.7489772453955901,0.6500000000000002,0.5951882821619656,0.5500000000000002,0.7265308409700425,0.5700000000000002,0.7662483757188289,0.6500000000000002
11983,E0,2025/2026,35,2026-05-02,Brentford,West Ham,0.7151753058838601,0.5587186289665833,0.5411916815578456,compact_btts_form,0.6500000000000002,False,1,0,0,0.7414741058177805,0.5400000000000001,0.7028046517897,0.6200000000000002,0.758512542745861,0.4800000000000001,0.8129604874207986,0.39,0.6869228647183576,0.6500000000000002,0.7151753058838601,0.5500000000000002,0.8365324364233526,0.5700000000000002,0.7442982263546182,0.6500000000000002
11984,E0,2025/2026,35,2026-05-02,Newcastle,Brighton,0.6476052828734827,0.5487959547121632,0.5411916815578456,compact_btts_form,0.6500000000000002,False,1,1,1,0.6397720426827922,0.5400000000000001,0.5232399019133717,0.6200000000000002,0.5546403414108162,0.4800000000000001,0.6678269098228511,0.39,0.1528993469418509,0.6500000000000002,0.6476052828734827,0.5500000000000002,0.32838327774094156,0.5700000000000002,0.3903386412041542,0.6500000000000002
11985,E0,2025/2026,35,2026-05-02,Wolves,Sunderland,0.5703052931512095,0.5384088335177069,0.5411916815578456,compact_btts_form,0.6500000000000002,False,0,1,0,0.5057860233182087,0.5400000000000001,0.5682313918612699,0.6200000000000002,0.535630313134616,0.4800000000000001,0.5032619755034509,0.39,0.3880451188843889,0.6500000000000002,0.5703052931512095,0.5500000000000002,0.5235760540086658,0.5700000000000002,0.45339986257174314,0.6500000000000002
11986,E0,2025/2026,35,2026-05-02,Arsenal,Fulham,0.6488321167823263,0.5489673451564177,0.5411916815578456,compact_btts_form,0.6500000000000002,False,1,0,0,0.5762064401172895,0.5400000000000001,0.5430734675278345,0.6200000000000002,0.6202541852452029,0.4800000000000001,0.597520591808413,0.39,0.5583518459122104,0.6500000000000002,0.6488321167823263,0.5500000000000002,0.4847187681725115,0.5700000000000002,0.5137214702451387,0.6500000000000002
7185,I1,2025/2026,35,2026-05-03,Bologna,Cagliari,0.5359150822033208,0.5339554882198201,0.5411916815578456,compact_btts_form,0.6500000000000002,False,0,0,1,0.5040729880147106,0.5400000000000001,0.3911805159808086,0.6200000000000002,0.33882550906307846,0.4800000000000001,0.4681709019358033,0.39,0.5902675155148019,0.6500000000000002,0.5359150822033208,0.5500000000000002,0.24987880447225594,0.5700000000000002,0.5292953032435386,0.6500000000000002
7186,I1,2025/2026,35,2026-05-03,Sassuolo,Milan,0.5915001193598846,0.5411916815578456,0.5411916815578456,compact_btts_form,0.6500000000000002,False,1,0,0,0.6209619049657292,0.5400000000000001,0.6661473684308244,0.6200000000000002,0.6819333024050765,0.4800000000000001,0.5785503164921407,0.39,0.8382858194093797,0.6500000000000002,0.5915001193598846,0.5500000000000002,0.597490649614776,0.5700000000000002,0.8152500311859104,0.6500000000000002
7187,I1,2025/2026,35,2026-05-03,Juventus,Verona,0.4968279350427522,0.5289387331838581,0.5411916815578456,compact_btts_form,0.6500000000000002,False,0,1,0,0.40138682881549165,0.5400000000000001,0.42792338066633523,0.6200000000000002,0.36962845005861006,0.4800000000000001,0.3199877000884288,0.39,0.5042278545825248,0.6500000000000002,0.4968279350427522,0.5500000000000002,0.4121149306826213,0.5700000000000002,0.424324154244858,0.6500000000000002
7188,I1,2025/2026,35,2026-05-03,Inter,Parma,0.6038564731666696,0.5428328916511433,0.5411916815578456,compact_btts_form,0.6500000000000002,False,1,0,0,0.5939371424221511,0.5400000000000001,0.7208528603999833,0.6200000000000002,0.6998464664702371,0.4800000000000001,0.6139608959097301,0.39,0.7989710529774118,0.6500000000000002,0.6038564731666696,0.5500000000000002,0.8150828122642196,0.5700000000000002,0.8486416318332931,0.6500000000000002
11987,E0,2025/2026,35,2026-05-03,Bournemouth,Crystal Palace,0.6372353770613293,0.5473573647794872,0.5411916815578456,compact_btts_form,0.6500000000000002,False,1,0,0,0.5886875916234292,0.5400000000000001,0.6941902649499315,0.6200000000000002,0.5775681530038573,0.4800000000000001,0.5171401066707358,0.39,0.5988454215601484,0.6500000000000002,0.6372353770613293,0.5500000000000002,0.6437745731763627,0.5700000000000002,0.6089820814230598,0.6500000000000002
11988,E0,2025/2026,35,2026-05-03,Man United,Liverpool,0.8432765937186091,0.5827368378056563,0.5411916815578456,compact_btts_form,0.6500000000000002,False,1,1,1,0.7880937159150548,0.5400000000000001,0.9230724191091165,0.6200000000000002,0.9175629055730385,0.4800000000000001,0.7999565799939002,0.39,0.7212472741968506,0.6500000000000002,0.8432765937186091,0.5500000000000002,0.8733898198023164,0.5700000000000002,0.8945676682523042,0.6500000000000002
11989,E0,2025/2026,35,2026-05-03,Aston Villa,Tottenham,0.7542293161733656,0.5650730803695405,0.5411916815578456,compact_btts_form,0.6500000000000002,False,1,1,1,0.6750147823963382,0.5400000000000001,0.9208254018571942,0.6200000000000002,0.932035601514877,0.4800000000000001,0.7183244804605089,0.39,0.929910712215138,0.6500000000000002,0.7542293161733656,0.5500000000000002,0.945125853290603,0.5700000000000002,0.9460266131730364,0.6500000000000002
7189,I1,2025/2026,35,2026-05-04,Cremonese,Lazio,0.674035723461325,0.5525511793797627,0.5411916815578456,compact_btts_form,0.6500000000000002,False,1,1,1,0.5577906472548239,0.5400000000000001,0.8768106472076229,0.6200000000000002,0.8300725801082539,0.4800000000000001,0.5253843543926388,0.39,0.9037623797022831,0.6500000000000002,0.674035723461325,0.5500000000000002,0.9385364426822487,0.5700000000000002,0.8950671236401592,0.6500000000000002
7190,I1,2025/2026,35,2026-05-04,Roma,Fiorentina,0.5014258325407355,0.5295282580049682,0.5411916815578456,compact_btts_form,0.6500000000000002,False,0,0,1,0.46452945388762756,0.5400000000000001,0.6678461521889132,0.6200000000000002,0.6694793470124317,0.4800000000000001,0.4313566571513157,0.39,0.8551030229793758,0.6500000000000002,0.5014258325407355,0.5500000000000002,0.6731771843407748,0.5700000000000002,0.8151871280757079,0.6500000000000002
11990,E0,2025/2026,35,2026-05-04,Chelsea,Nott'm Forest,0.49323950484153306,0.5284785394835387,0.5411916815578456,compact_btts_form,0.6500000000000002,False,0,1,0,0.5327223911017934,0.5400000000000001,0.6392723408186861,0.6200000000000002,0.6259663331237102,0.4800000000000001,0.5100917202459452,0.39,0.18677105894701568,0.6500000000000002,0.49323950484153306,0.5500000000000002,0.2402050001959629,0.5700000000000002,0.369159281196121,0.6500000000000002
11991,E0,2025/2026,35,2026-05-04,Everton,Man City,0.7107652244196058,0.5580349384163683,0.5411916815578456,compact_btts_form,0.6500000000000002,False,1,1,1,0.5889166379773361,0.5400000000000001,0.8434869734020596,0.6200000000000002,0.8835185206587175,0.4800000000000001,0.5978705665751587,0.39,0.8694323063437612,0.6500000000000002,0.7107652244196058,0.5500000000000002,0.7751253225656827,0.5700000000000002,0.8804556272197076,0.6500000000000002
16980,SP1,2025/2026,35,2026-05-08,Levante,Osasuna,0.6586308585028328,0.5503459513591138,0.5411916815578456,compact_btts_form,0.6500000000000002,False,1,1,1,0.6642356488724851,0.5400000000000001,0.9503746018995292,0.6200000000000002,0.9672377394261836,0.4800000000000001,0.6417185672618687,0.39,0.9236326438533435,0.6500000000000002,0.6586308585028328,0.5500000000000002,0.9739018038213548,0.5700000000000002,0.855357369642616,0.6500000000000002
16981,SP1,2025/2026,35,2026-05-09,Elche,Alaves,0.7238955219256239,0.5600889274809612,0.5411916815578456,compact_btts_form,0.6500000000000002,False,1,1,1,0.6114491034318561,0.5400000000000001,0.7864228156022973,0.6200000000000002,0.7963134909242513,0.4800000000000001,0.5152774544761001,0.39,0.6982676219128603,0.6500000000000002,0.7238955219256239,0.5500000000000002,0.7942413230985154,0.5700000000000002,0.41682491556264206,0.6500000000000002
16982,SP1,2025/2026,35,2026-05-09,Sevilla,Espanol,0.5599050337519124,0.5370554131632268,0.5411916815578456,compact_btts_form,0.6500000000000002,False,0,1,0,0.5292270680077166,0.5400000000000001,0.7961642898194958,0.6200000000000002,0.8885177767523299,0.4800000000000001,0.5353308030651405,0.39,0.7995461231848915,0.6500000000000002,0.5599050337519124,0.5500000000000002,0.9749810122518505,0.5700000000000002,0.8351428964685312,0.6500000000000002
16983,SP1,2025/2026,35,2026-05-09,Ath Madrid,Celta,0.697952992641622,0.5560815445380485,0.5411916815578456,compact_btts_form,0.6500000000000002,False,1,0,0,0.7225220844655436,0.5400000000000001,0.7439750778905142,0.6200000000000002,0.7291594015873885,0.4800000000000001,0.6566991977169183,0.39,0.7514037788950241,0.6500000000000002,0.697952992641622,0.5500000000000002,0.9943940103754715,0.5700000000000002,0.7801377084895974,0.6500000000000002
16984,SP1,2025/2026,35,2026-05-09,Sociedad,Betis,0.7049104528463445,0.5571364148057281,0.5411916815578456,compact_btts_form,0.6500000000000002,False,1,1,1,0.7663809767540266,0.5400000000000001,0.7691029732452652,0.6200000000000002,0.8775747808764838,0.4800000000000001,0.7964038465526921,0.39,0.7827954539103235,0.6500000000000002,0.7049104528463445,0.5500000000000002,0.959916769275228,0.5700000000000002,0.780022583797731,0.6500000000000002
16985,SP1,2025/2026,35,2026-05-10,Mallorca,Villarreal,0.7413888671498661,0.5629186903954099,0.5411916815578456,compact_btts_form,0.6500000000000002,False,1,1,1,0.7513863437995102,0.5400000000000001,0.936773177812454,0.6200000000000002,0.9607370709446355,0.4800000000000001,0.722247713268265,0.39,0.9142140312923117,0.6500000000000002,0.7413888671498661,0.5500000000000002,0.9847915924726457,0.5700000000000002,0.8004465867019663,0.6500000000000002
16986,SP1,2025/2026,35,2026-05-10,Ath Bilbao,Valencia,0.5769902095609527,0.5392826605949602,0.5411916815578456,compact_btts_form,0.6500000000000002,False,0,0,1,0.5869778672518271,0.5400000000000001,0.4513854116131746,0.6200000000000002,0.5381254415501154,0.4800000000000001,0.5861763503264639,0.39,0.39615987581313356,0.6500000000000002,0.5769902095609527,0.5500000000000002,0.8778698975027543,0.5700000000000002,0.3334355568721924,0.6500000000000002
16987,SP1,2025/2026,35,2026-05-10,Oviedo,Getafe,0.3393178615479959,0.5079467515073672,0.5411916815578456,compact_btts_form,0.6500000000000002,False,0,0,1,0.5139235444271854,0.5400000000000001,0.0508154317702067,0.6200000000000002,0.039266660647520234,0.4800000000000001,0.4705920564496883,0.39,0.02102122476165953,0.6500000000000002,0.3393178615479959,0.5500000000000002,0.17123386393490875,0.5700000000000002,0.014360028349958356,0.6500000000000002
16988,SP1,2025/2026,35,2026-05-10,Barcelona,Real Madrid,0.8477719853279453,0.5838131930821302,0.5411916815578456,compact_btts_form,0.6500000000000002,False,1,0,0,0.8554170942129259,0.5400000000000001,0.9759804679361866,0.6200000000000002,0.9827676246087522,0.4800000000000001,0.8864813911545264,0.39,0.9528900924440898,0.6500000000000002,0.8477719853279453,0.5500000000000002,0.9931867777572393,0.5700000000000002,0.9753673175472243,0.6500000000000002
16989,SP1,2025/2026,35,2026-05-11,Vallecano,Girona,0.6151386209485846,0.5443460043278386,0.5411916815578456,compact_btts_form,0.6500000000000002,False,1,1,1,0.5443571170736573,0.5400000000000001,0.5377050125692042,0.6200000000000002,0.6465861485671932,0.4800000000000001,0.4461481601249009,0.39,0.1912113025592803,0.6500000000000002,0.6151386209485846,0.5500000000000002,0.800990612025648,0.5700000000000002,0.19555690107819176,0.6500000000000002
7191,I1,2025/2026,36,2026-05-08,Torino,Sassuolo,0.7294356105769686,0.5609729280588134,0.5444927021516616,compact_btts_form,0.6500000000000002,False,1,1,1,0.7535754882648341,0.6200000000000002,0.8563960271066177,0.5600000000000002,0.8669763253552603,0.45000000000000007,0.7166408110217286,0.5500000000000002,0.954322411522056,0.45000000000000007,0.7294356105769686,0.39,0.94689237621447,0.38,0.963723061870059,0.5700000000000002
7192,I1,2025/2026,36,2026-05-09,Cagliari,Udinese,0.6155178632922284,0.5443971314744959,0.5444927021516616,compact_btts_form,0.6500000000000002,False,0,0,1,0.5079572042598911,0.6200000000000002,0.8126684397657211,0.5600000000000002,0.7837722911942915,0.45000000000000007,0.41339331828190884,0.5500000000000002,0.9143166477551642,0.45000000000000007,0.6155178632922284,0.39,0.8110453862505651,0.38,0.8732631496472295,0.5700000000000002
7193,I1,2025/2026,36,2026-05-09,Lazio,Inter,0.7839091558144128,0.5703552134006266,0.5444927021516616,compact_btts_form,0.6500000000000002,False,1,0,0,0.8000388538362505,0.6200000000000002,0.6790317782029581,0.5600000000000002,0.6463689755366385,0.45000000000000007,0.7818326853152249,0.5500000000000002,0.9733486847839028,0.45000000000000007,0.7839091558144128,0.39,0.9493591237657402,0.38,0.9594559440415948,0.5700000000000002
7194,I1,2025/2026,36,2026-05-09,Lecce,Juventus,0.5675801150216379,0.5380535201151534,0.5444927021516616,compact_btts_form,0.6500000000000002,False,0,0,1,0.5721643766352762,0.6200000000000002,0.26486515502187385,0.5600000000000002,0.3192326163504194,0.45000000000000007,0.5863005327969752,0.5500000000000002,0.4528730630567407,0.45000000000000007,0.5675801150216379,0.39,0.27106537054418806,0.38,0.5185234096538739,0.5700000000000002
11992,E0,2025/2026,36,2026-05-09,Liverpool,Chelsea,0.7393371682087648,0.5625808005988597,0.5444927021516616,compact_btts_form,0.6500000000000002,False,1,1,1,0.6907280554305629,0.6200000000000002,0.7319258691584449,0.5600000000000002,0.8215570919057356,0.45000000000000007,0.7517367061829743,0.5500000000000002,0.7320336348524317,0.45000000000000007,0.7393371682087648,0.39,0.6972315761532768,0.38,0.7682192355874008,0.5700000000000002
11993,E0,2025/2026,36,2026-05-09,Brighton,Wolves,0.5232544524333281,0.5323280106597963,0.5444927021516616,compact_btts_form,0.6500000000000002,False,0,0,1,0.5046769296960165,0.6200000000000002,0.5869693611911341,0.5600000000000002,0.577421982700476,0.45000000000000007,0.47418192272332527,0.5500000000000002,0.5090449552821709,0.45000000000000007,0.5232544524333281,0.39,0.46933136540724607,0.38,0.5892955274407998,0.5700000000000002
11994,E0,2025/2026,36,2026-05-09,Fulham,Bournemouth,0.8441576917066511,0.582945860854984,0.5444927021516616,compact_btts_form,0.6500000000000002,False,1,0,0,0.8386067888026244,0.6200000000000002,0.9516339263447784,0.5600000000000002,0.9562324757752633,0.45000000000000007,0.8824683861408505,0.5500000000000002,0.9591244836357622,0.45000000000000007,0.8441576917066511,0.39,0.9671352916021503,0.38,0.9836770755853839,0.5700000000000002
11995,E0,2025/2026,36,2026-05-09,Sunderland,Man United,0.5515444144706497,0.5359720339644097,0.5444927021516616,compact_btts_form,0.6500000000000002,False,0,0,1,0.588431289273369,0.6200000000000002,0.7851183099591738,0.5600000000000002,0.8529488503223893,0.45000000000000007,0.6077039278714429,0.5500000000000002,0.6802158830938376,0.45000000000000007,0.5515444144706497,0.39,0.703670352456644,0.38,0.8936535721966652,0.5700000000000002
11996,E0,2025/2026,36,2026-05-09,Man City,Brentford,0.6382036284902664,0.5474909488335378,0.5444927021516616,compact_btts_form,0.6500000000000002,False,1,0,0,0.6728858648229786,0.6200000000000002,0.9029262421249165,0.5600000000000002,0.9255147007698534,0.45000000000000007,0.6857365540895711,0.5500000000000002,0.8543961438632028,0.45000000000000007,0.6382036284902664,0.39,0.938595648811085,0.38,0.8920520576257286,0.5700000000000002
7195,I1,2025/2026,36,2026-05-10,Verona,Como,0.44517058339655186,0.5222819077612116,0.5444927021516616,compact_btts_form,0.6500000000000002,False,0,0,1,0.5631797942958618,0.6200000000000002,0.2848262115659983,0.5600000000000002,0.42191981937206224,0.45000000000000007,0.5560080077956113,0.5500000000000002,0.5764390803227689,0.45000000000000007,0.44517058339655186,0.39,0.7258999303900819,0.38,0.7379070997128249,0.5700000000000002
7196,I1,2025/2026,36,2026-05-10,Cremonese,Pisa,0.6250216084776054,0.545684441328049,0.5444927021516616,compact_btts_form,0.6500000000000002,False,1,0,0,0.5333296929426754,0.6200000000000002,0.5672840313621748,0.5600000000000002,0.4748031383298679,0.45000000000000007,0.5316985605477519,0.5500000000000002,0.9052340328062146,0.45000000000000007,0.6250216084776054,0.39,0.8671354516202728,0.38,0.8965494476157662,0.5700000000000002
7197,I1,2025/2026,36,2026-05-10,Fiorentina,Genoa,0.6447705304866292,0.548400926070381,0.5444927021516616,compact_btts_form,0.6500000000000002,False,1,0,0,0.6296406609040205,0.6200000000000002,0.6328168078699907,0.5600000000000002,0.5420911044912117,0.45000000000000007,0.563194445351725,0.5500000000000002,0.8690577476336668,0.45000000000000007,0.6447705304866292,0.39,0.9815886372671992,0.38,0.9624812459004457,0.5700000000000002
7198,I1,2025/2026,36,2026-05-10,Parma,Roma,0.5965876094677484,0.5418655414253641,0.5444927021516616,compact_btts_form,0.6500000000000002,False,0,1,0,0.5010614238713929,0.6200000000000002,0.7152613214977829,0.5600000000000002,0.620644358234317,0.45000000000000007,0.37559458093209047,0.5500000000000002,0.9474036963032275,0.45000000000000007,0.5965876094677484,0.39,0.8014456338787045,0.38,0.8632925235709329,0.5700000000000002
7199,I1,2025/2026,36,2026-05-10,Milan,Atalanta,0.6875900322200492,0.5545345747659565,0.5444927021516616,compact_btts_form,0.6500000000000002,False,1,1,1,0.6868466739093485,0.6200000000000002,0.8055541272443234,0.5600000000000002,0.7743074693939723,0.45000000000000007,0.6442264328729292,0.5500000000000002,0.8432815321893943,0.45000000000000007,0.6875900322200492,0.39,0.9712489476930082,0.38,0.9583627821996095,0.5700000000000002
11997,E0,2025/2026,36,2026-05-10,Burnley,Aston Villa,0.6377276002161832,0.5474252555467638,0.5444927021516616,compact_btts_form,0.6500000000000002,False,1,1,1,0.6436214689726419,0.6200000000000002,0.7126763989328069,0.5600000000000002,0.7438122341231133,0.45000000000000007,0.6440705151223735,0.5500000000000002,0.8481506735879657,0.45000000000000007,0.6377276002161832,0.39,0.9111791956084003,0.38,0.9485537804242667,0.5700000000000002
11998,E0,2025/2026,36,2026-05-10,Crystal Palace,Everton,0.6953497439806241,0.5556902841064306,0.5444927021516616,compact_btts_form,0.6500000000000002,False,1,1,1,0.7055500744127452,0.6200000000000002,0.7742567225925248,0.5600000000000002,0.803539408912453,0.45000000000000007,0.7290185452082775,0.5500000000000002,0.7338512557807277,0.45000000000000007,0.6953497439806241,0.39,0.7838640019390484,0.38,0.7519958128836465,0.5700000000000002
11999,E0,2025/2026,36,2026-05-10,Nott'm Forest,Newcastle,0.6754485620864082,0.5527559416788915,0.5444927021516616,compact_btts_form,0.6500000000000002,False,1,1,1,0.6524519912204968,0.6200000000000002,0.7739271130761269,0.5600000000000002,0.8152658689657266,0.45000000000000007,0.6898989845688033,0.5500000000000002,0.5678288676843648,0.45000000000000007,0.6754485620864082,0.39,0.8592927184228158,0.38,0.776875911019375,0.5700000000000002
12000,E0,2025/2026,36,2026-05-10,West Ham,Arsenal,0.6162264132637941,0.5444927021516616,0.5444927021516616,compact_btts_form,0.6500000000000002,False,1,0,0,0.6258495405368698,0.6200000000000002,0.8237051829647978,0.5600000000000002,0.8011574920635434,0.45000000000000007,0.6159016994188912,0.5500000000000002,0.7622979176702677,0.45000000000000007,0.6162264132637941,0.39,0.812619494238869,0.38,0.7990615706981985,0.5700000000000002
7200,I1,2025/2026,36,2026-05-11,Napoli,Bologna,0.48229049157000026,0.527073347960117,0.5444927021516616,compact_btts_form,0.6500000000000002,False,0,1,0,0.42239812656532894,0.6200000000000002,0.26136674938804594,0.5600000000000002,0.24549376862913377,0.45000000000000007,0.3756831974557173,0.5500000000000002,0.4584357034974683,0.45000000000000007,0.48229049157000026,0.39,0.4334513720219546,0.38,0.4712034873712719,0.5700000000000002
12001,E0,2025/2026,36,2026-05-11,Tottenham,Leeds,0.6356999410212975,0.5471458297044275,0.5444927021516616,compact_btts_form,0.6500000000000002,False,1,1,1,0.640510967292892,0.6200000000000002,0.9618576543712382,0.5600000000000002,0.956106089728436,0.45000000000000007,0.5974493647324263,0.5500000000000002,0.9232978844500295,0.45000000000000007,0.6356999410212975,0.39,0.8681109038344772,0.38,0.9237325035322568,0.5700000000000002
16990,SP1,2025/2026,36,2026-05-12,Celta,Levante,0.7002240963226588,0.556424392049712,0.5444927021516616,compact_btts_form,0.6500000000000002,False,1,1,1,0.6998151714666943,0.6200000000000002,0.5196747192685409,0.5600000000000002,0.6334857999917166,0.45000000000000007,0.6992518431540812,0.5500000000000002,0.6018155115327671,0.45000000000000007,0.7002240963226588,0.39,0.8142543176994229,0.38,0.3194829855264514,0.5700000000000002
16991,SP1,2025/2026,36,2026-05-12,Betis,Elche,0.5892783055588641,0.5408981682492863,0.5444927021516616,compact_btts_form,0.6500000000000002,False,0,1,0,0.5295115401619315,0.6200000000000002,0.584064207423973,0.5600000000000002,0.5546831902912,0.45000000000000007,0.4180550560598981,0.5500000000000002,0.4618965311735409,0.45000000000000007,0.5892783055588641,0.39,0.8262138790611124,0.38,0.1855940448738237,0.5700000000000002
16992,SP1,2025/2026,36,2026-05-12,Osasuna,Ath Madrid,0.7008056760971254,0.5565124173404673,0.5444927021516616,compact_btts_form,0.6500000000000002,False,1,1,1,0.6406418171004576,0.6200000000000002,0.6814225671396675,0.5600000000000002,0.7373848558909923,0.45000000000000007,0.5892478472332082,0.5500000000000002,0.48836056702071795,0.45000000000000007,0.7008056760971254,0.39,0.8925838053899688,0.38,0.3892204679040246,0.5700000000000002
16993,SP1,2025/2026,36,2026-05-13,Espanol,Ath Bilbao,0.57137878809726,0.5385489382886015,0.5444927021516616,compact_btts_form,0.6500000000000002,False,0,0,1,0.49498555919288395,0.6200000000000002,0.3377866547965251,0.5600000000000002,0.495032244892396,0.45000000000000007,0.5221275269741094,0.5500000000000002,0.1577876329631197,0.45000000000000007,0.57137878809726,0.39,0.7503225783665041,0.38,0.2965924498964392,0.5700000000000002
16994,SP1,2025/2026,36,2026-05-13,Villarreal,Sevilla,0.6541883685812572,0.5497187454695107,0.5444927021516616,compact_btts_form,0.6500000000000002,False,1,1,1,0.6319398109367244,0.6200000000000002,0.9279460475934415,0.5600000000000002,0.9488584323464114,0.45000000000000007,0.6230186417003559,0.5500000000000002,0.7778604661034335,0.45000000000000007,0.6541883685812572,0.39,0.9530097802550365,0.38,0.5705054924404599,0.5700000000000002
16995,SP1,2025/2026,36,2026-05-13,Alaves,Barcelona,0.7535216011219144,0.5649524755914286,0.5444927021516616,compact_btts_form,0.6500000000000002,False,1,0,0,0.7676994757151988,0.6200000000000002,0.9148654298468669,0.5600000000000002,0.9326266390065885,0.45000000000000007,0.7642064089915501,0.5500000000000002,0.7952880781609647,0.45000000000000007,0.7535216011219144,0.39,0.9428579630616457,0.38,0.5815864305271267,0.5700000000000002
16996,SP1,2025/2026,36,2026-05-13,Getafe,Mallorca,0.39090525634555334,0.5151097506310993,0.5444927021516616,compact_btts_form,0.6500000000000002,False,0,1,0,0.40150541938317236,0.6200000000000002,0.26710110385409336,0.5600000000000002,0.3973910117611265,0.45000000000000007,0.36020717828193305,0.5500000000000002,0.18918193460790925,0.45000000000000007,0.39090525634555334,0.39,0.5494117430096499,0.38,0.17756705945461926,0.5700000000000002
16997,SP1,2025/2026,36,2026-05-14,Valencia,Vallecano,0.6189071662611658,0.5448548645377873,0.5444927021516616,compact_btts_form,0.6500000000000002,False,1,1,1,0.634049808899676,0.6200000000000002,0.5606858031663403,0.5600000000000002,0.6876895077723911,0.45000000000000007,0.6460657605725636,0.5500000000000002,0.4725177378540449,0.45000000000000007,0.6189071662611658,0.39,0.9074713770973819,0.38,0.378533600943649,0.5700000000000002
16998,SP1,2025/2026,36,2026-05-14,Girona,Sociedad,0.7166609728364796,0.5589503287890342,0.5444927021516616,compact_btts_form,0.6500000000000002,False,1,1,1,0.6803549069664104,0.6200000000000002,0.7680202173098919,0.5600000000000002,0.8114170984180253,0.45000000000000007,0.6315002652891043,0.5500000000000002,0.8016008036123083,0.45000000000000007,0.7166609728364796,0.39,0.9417573371283516,0.38,0.3644305530434252,0.5700000000000002
16999,SP1,2025/2026,36,2026-05-14,Real Madrid,Oviedo,0.6266492006160828,0.5459061232624148,0.5444927021516616,compact_btts_form,0.6500000000000002,False,1,0,0,0.48545723185038603,0.6200000000000002,0.8217104588745517,0.5600000000000002,0.8471795170390057,0.45000000000000007,0.47154144594609493,0.5500000000000002,0.5519701299009669,0.45000000000000007,0.6266492006160828,0.39,0.9069966490465963,0.38,0.3764298987179282,0.5700000000000002
12003,E0,2025/2026,37,2026-05-15,Aston Villa,Liverpool,0.7021984611469946,0.5567236082945428,0.5431897336169056,compact_btts_form,0.6500000000000002,False,1,1,1,0.7250880687707312,0.6200000000000002,0.9043468588559506,0.35,0.9136840736898966,0.38,0.755276249323977,0.4900000000000001,0.8481933131410303,0.5900000000000002,0.7021984611469946,0.5700000000000002,0.9639706782030659,0.35,0.9317889464265134,0.36
7201,I1,2025/2026,37,2026-05-17,Como,Parma,0.5758999930635927,0.5391399251967582,0.5431897336169056,compact_btts_form,0.6500000000000002,False,0,0,1,0.5859081827613789,0.6200000000000002,0.2939930912930112,0.35,0.3154362148581638,0.38,0.6086491447883757,0.4900000000000001,0.6454574729091612,0.5900000000000002,0.5758999930635927,0.5700000000000002,0.6794324883376016,0.35,0.6143555619057807,0.36
7202,I1,2025/2026,37,2026-05-17,Genoa,Milan,0.681847689599951,0.5536890297813339,0.5431897336169056,compact_btts_form,0.6500000000000002,False,1,1,1,0.7191962095264767,0.6200000000000002,0.6272456598911903,0.35,0.6430117712662262,0.38,0.7638249555109901,0.4900000000000001,0.9084288241745581,0.5900000000000002,0.681847689599951,0.5700000000000002,0.9005184602852184,0.35,0.9304018216608696,0.36
7203,I1,2025/2026,37,2026-05-17,Juventus,Fiorentina,0.4693834397782877,0.5254134017044753,0.5431897336169056,compact_btts_form,0.6500000000000002,False,0,0,1,0.4916422184597016,0.6200000000000002,0.8244300804730452,0.35,0.7944059870763049,0.38,0.5201055500074929,0.4900000000000001,0.832429665457485,0.5900000000000002,0.4693834397782877,0.5700000000000002,0.6951259254697257,0.35,0.8635005259395157,0.36
7204,I1,2025/2026,37,2026-05-17,Pisa,Napoli,0.5907530336599222,0.5410929362968078,0.5431897336169056,compact_btts_form,0.6500000000000002,False,0,0,1,0.6777146987747802,0.6200000000000002,0.1643222395574822,0.35,0.1338645031348906,0.38,0.5537042210115545,0.4900000000000001,0.4526570158346456,0.5900000000000002,0.5907530336599222,0.5700000000000002,0.6743880388072946,0.35,0.7841610996681564,0.36
7205,I1,2025/2026,37,2026-05-17,Roma,Lazio,0.5326525788088585,0.5335356886053664,0.5431897336169056,compact_btts_form,0.6500000000000002,False,0,0,1,0.5090757880101541,0.6200000000000002,0.7110677118012514,0.35,0.7257765439217232,0.38,0.4882007050427762,0.4900000000000001,0.9365779530938089,0.5900000000000002,0.5326525788088585,0.5700000000000002,0.9213973604971085,0.35,0.9016868682588991,0.36
7206,I1,2025/2026,37,2026-05-17,Inter,Verona,0.5574545459035073,0.5367374835795751,0.5431897336169056,compact_btts_form,0.6500000000000002,False,0,1,0,0.5447127553785996,0.6200000000000002,0.43124164094626116,0.35,0.3912971482239776,0.38,0.5499086221699497,0.4900000000000001,0.47299568732250735,0.5900000000000002,0.5574545459035073,0.5700000000000002,0.5769574767461653,0.35,0.7035557373819968,0.36
7207,I1,2025/2026,37,2026-05-17,Atalanta,Bologna,0.566017487715414,0.5378500064967607,0.5431897336169056,compact_btts_form,0.6500000000000002,False,0,0,1,0.570641377537497,0.6200000000000002,0.32056627881594085,0.35,0.32835919193293767,0.38,0.5976654646384199,0.4900000000000001,0.33446248777046594,0.5900000000000002,0.566017487715414,0.5700000000000002,0.30972433014297795,0.35,0.36641461846182,0.36
7208,I1,2025/2026,37,2026-05-17,Cagliari,Torino,0.6905141655763262,0.5549682717844181,0.5431897336169056,compact_btts_form,0.6500000000000002,False,1,1,1,0.6940990704884042,0.6200000000000002,0.7940049049137833,0.35,0.758272943904282,0.38,0.7110651126982962,0.4900000000000001,0.9716414083574137,0.5900000000000002,0.6905141655763262,0.5700000000000002,0.9676469725665726,0.35,0.9589266208708176,0.36
7209,I1,2025/2026,37,2026-05-17,Sassuolo,Lecce,0.6676775645576433,0.5516350596479852,0.5431897336169056,compact_btts_form,0.6500000000000002,False,1,1,1,0.6270901921179088,0.6200000000000002,0.3629174018297658,0.35,0.472154045194782,0.38,0.6020229093584445,0.4900000000000001,0.522138751634148,0.5900000000000002,0.6676775645576433,0.5700000000000002,0.7850581464717504,0.35,0.7797551907645827,0.36
7210,I1,2025/2026,37,2026-05-17,Udinese,Cremonese,0.5260037738761356,0.5326810864657702,0.5431897336169056,compact_btts_form,0.6500000000000002,False,0,0,1,0.6242477523984613,0.6200000000000002,0.7021106814852234,0.35,0.6661922287077509,0.38,0.637580611443294,0.4900000000000001,0.7160661374210923,0.5900000000000002,0.5260037738761356,0.5700000000000002,0.563577156931895,0.35,0.7789347900145376,0.36
12004,E0,2025/2026,37,2026-05-17,Man United,Nott'm Forest,0.6721473429359823,0.55227818307842,0.5431897336169056,compact_btts_form,0.6500000000000002,False,1,1,1,0.5784882162540487,0.6200000000000002,0.8822505584710857,0.35,0.8747014335248121,0.38,0.5769253946331357,0.4900000000000001,0.6669412448389317,0.5900000000000002,0.6721473429359823,0.5700000000000002,0.9301627726632669,0.35,0.903665591016685,0.36
12005,E0,2025/2026,37,2026-05-17,Brentford,Crystal Palace,0.7780281925637826,0.5692709258167972,0.5431897336169056,compact_btts_form,0.6500000000000002,False,1,1,1,0.6675442183163316,0.6200000000000002,0.8682644386266123,0.35,0.8346261905306147,0.38,0.6846107327986745,0.4900000000000001,0.8885211137073642,0.5900000000000002,0.7780281925637826,0.5700000000000002,0.9562892402056128,0.35,0.8667960134467382,0.36
12006,E0,2025/2026,37,2026-05-17,Everton,Sunderland,0.6650241932549115,0.5512552637711573,0.5431897336169056,compact_btts_form,0.6500000000000002,False,1,1,1,0.5940146441995082,0.6200000000000002,0.8580412308558124,0.35,0.9426178392454304,0.38,0.6227696969457494,0.4900000000000001,0.874786461360663,0.5900000000000002,0.6650241932549115,0.5700000000000002,0.9165165449665758,0.35,0.9293642142673525,0.36
12007,E0,2025/2026,37,2026-05-17,Leeds,Brighton,0.5969038053626454,0.5419075071732076,0.5431897336169056,compact_btts_form,0.6500000000000002,False,0,0,1,0.5899066440822968,0.6200000000000002,0.8257807999689452,0.35,0.8323796266688216,0.38,0.6243876340818072,0.4900000000000001,0.5127166059605395,0.5900000000000002,0.5969038053626454,0.5700000000000002,0.8047182171543457,0.35,0.7836644989957944,0.36
12008,E0,2025/2026,37,2026-05-17,Wolves,Fulham,0.670431743759044,0.5520308355395315,0.5431897336169056,compact_btts_form,0.6500000000000002,False,1,1,1,0.6483718687340607,0.6200000000000002,0.8148391074867655,0.35,0.8020228934476399,0.38,0.7058681362698273,0.4900000000000001,0.7694323423686301,0.5900000000000002,0.670431743759044,0.5700000000000002,0.9081576700232935,0.35,0.9089682457071809,0.36
12009,E0,2025/2026,37,2026-05-17,Newcastle,West Ham,0.822817267358225,0.5781230135666795,0.5431897336169056,compact_btts_form,0.6500000000000002,False,1,1,1,0.7900729536621545,0.6200000000000002,0.8596281766118801,0.35,0.8970881002834766,0.38,0.8028088455483882,0.4900000000000001,0.8544925744028786,0.5900000000000002,0.822817267358225,0.5700000000000002,0.9332727287724234,0.35,0.888476210276967,0.36
17000,SP1,2025/2026,37,2026-05-17,Ath Bilbao,Celta,0.6177821849927532,0.5447027706157381,0.5431897336169056,compact_btts_form,0.6500000000000002,False,1,1,1,0.5584354699142778,0.6200000000000002,0.2912346532815866,0.35,0.2104516975883179,0.38,0.3566494129293122,0.4900000000000001,0.07108527066130525,0.5900000000000002,0.6177821849927532,0.5700000000000002,0.8378391684934152,0.35,0.03444344698904918,0.36
17001,SP1,2025/2026,37,2026-05-17,Ath Madrid,Girona,0.6436926874932208,0.5482510832641915,0.5431897336169056,compact_btts_form,0.6500000000000002,False,1,0,0,0.5479109621252943,0.6200000000000002,0.8819053536694534,0.35,0.9111785681826224,0.38,0.5135547985060319,0.4900000000000001,0.8339798608304639,0.5900000000000002,0.6436926874932208,0.5700000000000002,0.9937716365363463,0.35,0.8808469735023892,0.36
17002,SP1,2025/2026,37,2026-05-17,Elche,Getafe,0.6253277126179295,0.5457261052707496,0.5431897336169056,compact_btts_form,0.6500000000000002,False,1,0,0,0.5267437804783576,0.6200000000000002,0.33844678396866973,0.35,0.35525861082141624,0.38,0.4345297910090914,0.4900000000000001,0.36661508231281326,0.5900000000000002,0.6253277126179295,0.5700000000000002,0.5754615344806067,0.35,0.1075915747805258,0.36
17003,SP1,2025/2026,37,2026-05-17,Levante,Mallorca,0.6065271044466611,0.5431897336169056,0.5431897336169056,compact_btts_form,0.6500000000000002,False,1,0,0,0.5967918100210277,0.6200000000000002,0.6575979640192577,0.35,0.7291333863791006,0.38,0.5762676008727483,0.4900000000000001,0.5816359611737691,0.5900000000000002,0.6065271044466611,0.5700000000000002,0.8069628860796731,0.35,0.31806410995078227,0.36
17004,SP1,2025/2026,37,2026-05-17,Osasuna,Espanol,0.5450311202514561,0.5351304430077203,0.5431897336169056,compact_btts_form,0.6500000000000002,False,0,1,0,0.4811718701719094,0.6200000000000002,0.6860776501380685,0.35,0.6948136981654942,0.38,0.40437606566987566,0.4900000000000001,0.5380087448189049,0.5900000000000002,0.5450311202514561,0.5700000000000002,0.8014452466048997,0.35,0.24256083592971772,0.36
17005,SP1,2025/2026,37,2026-05-17,Oviedo,Alaves,0.6811342755096994,0.553584533962379,0.5431897336169056,compact_btts_form,0.6500000000000002,False,1,0,0,0.7065760996340693,0.6200000000000002,0.8567911698236186,0.35,0.888410081344602,0.38,0.6716648184108052,0.4900000000000001,0.8798509381445231,0.5900000000000002,0.6811342755096994,0.5700000000000002,0.9787590020678796,0.35,0.7159560724281112,0.36
17006,SP1,2025/2026,37,2026-05-17,Sevilla,Real Madrid,0.6847214887056766,0.5541111896730504,0.5431897336169056,compact_btts_form,0.6500000000000002,False,1,0,0,0.7219674934605668,0.6200000000000002,0.7935645074112084,0.35,0.8536894469311167,0.38,0.7188640361658365,0.4900000000000001,0.6870670572304894,0.5900000000000002,0.6847214887056766,0.5700000000000002,0.915228857809917,0.35,0.3528391442383579,0.36
17007,SP1,2025/2026,37,2026-05-17,Sociedad,Valencia,0.7355918484369818,0.5619682510683008,0.5431897336169056,compact_btts_form,0.6500000000000002,False,1,1,1,0.6989932685334446,0.6200000000000002,0.893414648163483,0.35,0.9159590469391996,0.38,0.7031101129251511,0.4900000000000001,0.90878333905967,0.5900000000000002,0.7355918484369818,0.5700000000000002,0.9751611739858046,0.35,0.6095231693042573,0.36
17008,SP1,2025/2026,37,2026-05-17,Vallecano,Villarreal,0.689108389710762,0.5547595031562125,0.5431897336169056,compact_btts_form,0.6500000000000002,False,1,0,0,0.6873388338287907,0.6200000000000002,0.6629710187792274,0.35,0.7591890177662931,0.38,0.6347294480538459,0.4900000000000001,0.318985055027034,0.5900000000000002,0.689108389710762,0.5700000000000002,0.9145379673612725,0.35,0.26618513306268854,0.36
17009,SP1,2025/2026,37,2026-05-17,Barcelona,Betis,0.7131584997150272,0.5584052138021497,0.5431897336169056,compact_btts_form,0.6500000000000002,False,1,1,1,0.7096041151098735,0.6200000000000002,0.42012704425083547,0.35,0.27881997652164486,0.38,0.6468457934636627,0.4900000000000001,0.1567563253792199,0.5900000000000002,0.7131584997150272,0.5700000000000002,0.11112891621641119,0.35,0.027876285077172727,0.36
12010,E0,2025/2026,37,2026-05-18,Arsenal,Burnley,0.501890345719234,0.5295878116107972,0.5431897336169056,compact_btts_form,0.6500000000000002,False,0,0,1,0.5134767121024647,0.6200000000000002,0.581340849742767,0.35,0.6285132213814203,0.38,0.46068634703339467,0.4900000000000001,0.43122069869820157,0.5900000000000002,0.501890345719234,0.5700000000000002,0.5280158558889977,0.35,0.34093728035477344,0.36
12011,E0,2025/2026,37,2026-05-19,Bournemouth,Man City,0.8175407135832707,0.5769999243316345,0.5431897336169056,compact_btts_form,0.6500000000000002,False,1,1,1,0.7301662611220738,0.6200000000000002,0.7787743631608156,0.35,0.8677874031936882,0.38,0.7689512499768683,0.4900000000000001,0.7801324572743905,0.5900000000000002,0.8175407135832707,0.5700000000000002,0.9503619130053492,0.35,0.9273321180164801,0.36
12012,E0,2025/2026,37,2026-05-19,Chelsea,Tottenham,0.699864115839432,0.556369954193012,0.5431897336169056,compact_btts_form,0.6500000000000002,False,1,1,1,0.6378593252313802,0.6200000000000002,0.8587124087976372,0.35,0.8943415190407102,0.38,0.6543568637474209,0.4900000000000001,0.7861790615443968,0.5900000000000002,0.699864115839432,0.5700000000000002,0.8392080278801586,0.35,0.7902634111473603,0.36
7211,I1,2025/2026,38,2026-05-22,Fiorentina,Atalanta,0.7150105615345721,0.5586929792934748,0.5453079318708088,compact_btts_form,0.6500000000000002,False,1,1,1,0.7233382852549958,0.5100000000000001,0.8705105315870766,0.5000000000000001,0.8399449301376234,0.39,0.7154541905824269,0.5000000000000001,0.9082945909833939,0.5200000000000001,0.7150105615345721,0.44000000000000006,0.9562919475921079,0.41000000000000003,0.9762123287436699,0.4600000000000001
7212,I1,2025/2026,38,2026-05-23,Bologna,Inter,0.8272243423697712,0.5790806841565118,0.5453079318708088,compact_btts_form,0.6500000000000002,False,1,1,1,0.8506849649452622,0.5100000000000001,0.772836522795581,0.5000000000000001,0.7247048071231748,0.39,0.8694814101616971,0.5000000000000001,0.9194206016373008,0.5200000000000001,0.8272243423697712,0.44000000000000006,0.8678542144474363,0.41000000000000003,0.923770805154789,0.4600000000000001
7213,I1,2025/2026,38,2026-05-23,Lazio,Pisa,0.7130255100740371,0.5583845918045721,0.5453079318708088,compact_btts_form,0.6500000000000002,False,1,1,1,0.6214015956855803,0.5100000000000001,0.8125437913578628,0.5000000000000001,0.8640673782765691,0.39,0.5942085705880086,0.5000000000000001,0.9659784493020498,0.5200000000000001,0.7130255100740371,0.44000000000000006,0.9903984329726698,0.41000000000000003,0.9794608942578203,0.4600000000000001
17010,SP1,2025/2026,38,2026-05-23,Alaves,Vallecano,0.6022398756557802,0.5426172684773729,0.5453079318708088,compact_btts_form,0.6500000000000002,False,0,1,0,0.5752808845954576,0.5100000000000001,0.8598692184980893,0.5000000000000001,0.9127098197955371,0.39,0.5191875719808186,0.5000000000000001,0.8061033642873453,0.5200000000000001,0.6022398756557802,0.44000000000000006,0.9753779968616463,0.41000000000000003,0.49191165826759814,0.4600000000000001
17011,SP1,2025/2026,38,2026-05-23,Betis,Levante,0.7485228448733724,0.5641069421846046,0.5453079318708088,compact_btts_form,0.6500000000000002,False,1,1,1,0.7473315674642942,0.5100000000000001,0.6395449916043909,0.5000000000000001,0.7548583455023613,0.39,0.7641837706070597,0.5000000000000001,0.412022782608975,0.5200000000000001,0.7485228448733724,0.44000000000000006,0.9667257993010769,0.41000000000000003,0.5081717914770477,0.4600000000000001
17012,SP1,2025/2026,38,2026-05-23,Celta,Sevilla,0.5800699367690931,0.5396863711210507,0.5453079318708088,compact_btts_form,0.6500000000000002,False,0,0,1,0.5301843704465459,0.5100000000000001,0.9776065457345141,0.5000000000000001,0.9805382735029553,0.39,0.4534520835169016,0.5000000000000001,0.9574420656308963,0.5200000000000001,0.5800699367690931,0.44000000000000006,0.9955365204456044,0.41000000000000003,0.8205416224700929,0.4600000000000001
17013,SP1,2025/2026,38,2026-05-23,Espanol,Sociedad,0.722638669774671,0.5598898629882585,0.5453079318708088,compact_btts_form,0.6500000000000002,False,1,1,1,0.7223712885222536,0.5100000000000001,0.6385768278752858,0.5000000000000001,0.6443324368878109,0.39,0.771328433638432,0.5000000000000001,0.6433109465640492,0.5200000000000001,0.722638669774671,0.44000000000000006,0.6231162583758788,0.41000000000000003,0.2725607630871226,0.4600000000000001
17014,SP1,2025/2026,38,2026-05-23,Getafe,Osasuna,0.553597987956751,0.5362377965676568,0.5453079318708088,compact_btts_form,0.6500000000000002,False,0,0,1,0.4451597465000896,0.5100000000000001,0.8559403717538413,0.5000000000000001,0.8935314282421487,0.39,0.3859954921726403,0.5000000000000001,0.7847698572206255,0.5200000000000001,0.553597987956751,0.44000000000000006,0.869443314692406,0.41000000000000003,0.42748960280622406,0.4600000000000001
17015,SP1,2025/2026,38,2026-05-23,Girona,Elche,0.6302660432431683,0.5464000894302111,0.5453079318708088,compact_btts_form,0.6500000000000002,False,1,1,1,0.5697102350340105,0.5100000000000001,0.4014026155397301,0.5000000000000001,0.5360761442185322,0.39,0.5485551865913435,0.5000000000000001,0.2221435836162628,0.5200000000000001,0.6302660432431683,0.44000000000000006,0.5172787283610142,0.41000000000000003,0.021123581921916865,0.4600000000000001
17016,SP1,2025/2026,38,2026-05-23,Mallorca,Oviedo,0.5293949729090054,0.5331168302052169,0.5453079318708088,compact_btts_form,0.6500000000000002,False,0,0,1,0.4083745265991814,0.5100000000000001,0.49661445025926704,0.5000000000000001,0.6394688167477378,0.39,0.35688446422226017,0.5000000000000001,0.6210163935464598,0.5200000000000001,0.5293949729090054,0.44000000000000006,0.9697927942762277,0.41000000000000003,0.40278891791107757,0.4600000000000001
17017,SP1,2025/2026,38,2026-05-23,Real Madrid,Ath Bilbao,0.622251105309704,0.5453079318708088,0.5453079318708088,compact_btts_form,0.6500000000000002,False,1,1,1,0.47757331323923247,0.5100000000000001,0.5501551628660377,0.5000000000000001,0.7076540391323247,0.39,0.4996246914203699,0.5000000000000001,0.21793197097791348,0.5200000000000001,0.622251105309704,0.44000000000000006,0.7370691330656588,0.41000000000000003,0.1010870109057239,0.4600000000000001
17018,SP1,2025/2026,38,2026-05-23,Valencia,Barcelona,0.7393338228885947,0.5625802510293222,0.5453079318708088,compact_btts_form,0.6500000000000002,False,1,1,1,0.7994992797916275,0.5100000000000001,0.7060431846232632,0.5000000000000001,0.8683159413027135,0.39,0.8902459422321563,0.5000000000000001,0.6407550410528934,0.5200000000000001,0.7393338228885947,0.44000000000000006,0.9006297045268651,0.41000000000000003,0.49897653245909884,0.4600000000000001
7214,I1,2025/2026,38,2026-05-24,Parma,Sassuolo,0.8066594747423522,0.5747586873965844,0.5453079318708088,compact_btts_form,0.6500000000000002,False,1,0,0,0.7101415882522972,0.5100000000000001,0.811473666475711,0.5000000000000001,0.8551868684706693,0.39,0.7234647425529717,0.5000000000000001,0.9465339728888509,0.5200000000000001,0.8066594747423522,0.44000000000000006,0.9476480523856411,0.41000000000000003,0.9741509764380955,0.4600000000000001
7215,I1,2025/2026,38,2026-05-24,Napoli,Udinese,0.6148428553985471,0.5443061434577049,0.5453079318708088,compact_btts_form,0.6500000000000002,False,0,0,1,0.4513642094460568,0.5100000000000001,0.6536248308773054,0.5000000000000001,0.5589722190046262,0.39,0.4250746297582076,0.5000000000000001,0.8440838407561944,0.5200000000000001,0.6148428553985471,0.44000000000000006,0.7242603683626071,0.41000000000000003,0.755023694861459,0.4600000000000001
7216,I1,2025/2026,38,2026-05-24,Cremonese,Como,0.6353646782999738,0.5470996895011602,0.5453079318708088,compact_btts_form,0.6500000000000002,False,1,1,1,0.7386685686604876,0.5100000000000001,0.6835417789670567,0.5000000000000001,0.8428279071282258,0.39,0.770316220112198,0.5000000000000001,0.8528093319620971,0.5200000000000001,0.6353646782999738,0.44000000000000006,0.7871587492062069,0.41000000000000003,0.789625168162646,0.4600000000000001
7217,I1,2025/2026,38,2026-05-24,Lecce,Genoa,0.4680455744287528,0.5252410458055309,0.5453079318708088,compact_btts_form,0.6500000000000002,False,0,0,1,0.4792113782025241,0.5100000000000001,0.25318710012474877,0.5000000000000001,0.27034352138061246,0.39,0.453121546077916,0.5000000000000001,0.5449920780983244,0.5200000000000001,0.4680455744287528,0.44000000000000006,0.3339069066119964,0.41000000000000003,0.40972739023261934,0.4600000000000001
7218,I1,2025/2026,38,2026-05-24,Milan,Cagliari,0.5406092023131215,0.5345601188954634,0.5453079318708088,compact_btts_form,0.6500000000000002,False,0,1,0,0.5305800416021327,0.5100000000000001,0.6748204320416168,0.5000000000000001,0.6973795805674449,0.39,0.5096525032598057,0.5000000000000001,0.8957568258115655,0.5200000000000001,0.5406092023131215,0.44000000000000006,0.8864600266007123,0.41000000000000003,0.9245191453643011,0.4600000000000001
7219,I1,2025/2026,38,2026-05-24,Torino,Juventus,0.6059904357918756,0.5431179614939099,0.5453079318708088,compact_btts_form,0.6500000000000002,False,0,1,0,0.6261417667896558,0.5100000000000001,0.667144275923132,0.5000000000000001,0.6581814993361007,0.39,0.6101146153661475,0.5000000000000001,0.9618275704885685,0.5200000000000001,0.6059904357918756,0.44000000000000006,0.8645820157204657,0.41000000000000003,0.9334650519836137,0.4600000000000001
7220,I1,2025/2026,38,2026-05-24,Verona,Roma,0.4563108622471038,0.5237262022815922,0.5453079318708088,compact_btts_form,0.6500000000000002,False,0,0,1,0.4922741298473794,0.5100000000000001,0.8315616554707385,0.5000000000000001,0.7470836461143309,0.39,0.37566577035093335,0.5000000000000001,0.9121998082652977,0.5200000000000001,0.4563108622471038,0.44000000000000006,0.5422150153009189,0.41000000000000003,0.7337678880840525,0.4600000000000001
12013,E0,2025/2026,38,2026-05-24,Brighton,Man United,0.7417464461728612,0.5629777514763894,0.5453079318708088,compact_btts_form,0.6500000000000002,False,1,0,0,0.7116390847110087,0.5100000000000001,0.9890971825501643,0.5000000000000001,0.9923623984421561,0.39,0.753143308433286,0.5000000000000001,0.9776668261783981,0.5200000000000001,0.7417464461728612,0.44000000000000006,0.9794134420132808,0.41000000000000003,0.9787356252076709,0.4600000000000001
12014,E0,2025/2026,38,2026-05-24,Burnley,Wolves,0.7160020516987884,0.5588474785184954,0.5453079318708088,compact_btts_form,0.6500000000000002,False,1,1,1,0.6356069160595175,0.5100000000000001,0.6134027640273,0.5000000000000001,0.5976216383758044,0.39,0.616585584718374,0.5000000000000001,0.5409816859745852,0.5200000000000001,0.7160020516987884,0.44000000000000006,0.5934432426002125,0.41000000000000003,0.6119860529287204,0.4600000000000001
12015,E0,2025/2026,38,2026-05-24,Crystal Palace,Arsenal,0.5812594088285713,0.5398424979959413,0.5453079318708088,compact_btts_form,0.6500000000000002,False,0,1,0,0.4947891362389056,0.5100000000000001,0.8734466525023681,0.5000000000000001,0.8704633587981413,0.39,0.48676898465883545,0.5000000000000001,0.5337178386363752,0.5200000000000001,0.5812594088285713,0.44000000000000006,0.8015180174990157,0.41000000000000003,0.5600128051401255,0.4600000000000001
12016,E0,2025/2026,38,2026-05-24,Fulham,Newcastle,0.8045541437353573,0.5743358997101606,0.5453079318708088,compact_btts_form,0.6500000000000002,False,1,0,0,0.7258515455496263,0.5100000000000001,0.8833297881505033,0.5000000000000001,0.896796262195774,0.39,0.7088369504216107,0.5000000000000001,0.8245947850604078,0.5200000000000001,0.8045541437353573,0.44000000000000006,0.9719554593034797,0.41000000000000003,0.9283126704754994,0.4600000000000001
12017,E0,2025/2026,38,2026-05-24,Liverpool,Brentford,0.788353792697432,0.5711884781337068,0.5453079318708088,compact_btts_form,0.6500000000000002,False,1,1,1,0.7591633701062906,0.5100000000000001,0.7730192033431561,0.5000000000000001,0.8078302805926366,0.39,0.8033721657632945,0.5000000000000001,0.7967728614524489,0.5200000000000001,0.788353792697432,0.44000000000000006,0.8974464704833137,0.41000000000000003,0.8149089496159678,0.4600000000000001
12018,E0,2025/2026,38,2026-05-24,Man City,Aston Villa,0.7274003155438489,0.5606469104621191,0.5453079318708088,compact_btts_form,0.6500000000000002,False,1,1,1,0.7110881604979699,0.5100000000000001,0.874330659091347,0.5000000000000001,0.9069238040585029,0.39,0.7116103491042518,0.5000000000000001,0.9277473342187128,0.5200000000000001,0.7274003155438489,0.44000000000000006,0.977944817163469,0.41000000000000003,0.9411120333266184,0.4600000000000001
12019,E0,2025/2026,38,2026-05-24,Nott'm Forest,Bournemouth,0.7378616874901378,0.5623388348076435,0.5453079318708088,compact_btts_form,0.6500000000000002,False,1,1,1,0.706616860822457,0.5100000000000001,0.9204620123643718,0.5000000000000001,0.9439462832559972,0.39,0.788527545750958,0.5000000000000001,0.9144719733493674,0.5200000000000001,0.7378616874901378,0.44000000000000006,0.985244280917004,0.41000000000000003,0.9573083220443105,0.4600000000000001
12020,E0,2025/2026,38,2026-05-24,Sunderland,Chelsea,0.629591080723563,0.5463077643463187,0.5453079318708088,compact_btts_form,0.6500000000000002,False,1,1,1,0.5229214904895658,0.5100000000000001,0.5432648115561665,0.5000000000000001,0.5960862475280413,0.39,0.48642516038136935,0.5000000000000001,0.19337020302799876,0.5200000000000001,0.629591080723563,0.44000000000000006,0.44405729080991735,0.41000000000000003,0.4890500854680302,0.4600000000000001
12021,E0,2025/2026,38,2026-05-24,Tottenham,Everton,0.7314386142569871,0.5612952311296665,0.5453079318708088,compact_btts_form,0.6500000000000002,False,1,0,0,0.5876817304045121,0.5100000000000001,0.7160699638681202,0.5000000000000001,0.7496506428824762,0.39,0.5506320700279187,0.5000000000000001,0.6697740923230383,0.5200000000000001,0.7314386142569871,0.44000000000000006,0.44705220121342176,0.41000000000000003,0.6637368652430208,0.4600000000000001
12022,E0,2025/2026,38,2026-05-24,West Ham,Leeds,0.6836347091872147,0.5539513094857016,0.5453079318708088,compact_btts_form,0.6500000000000002,False,1,0,0,0.6417368014235224,0.5100000000000001,0.9635238467920546,0.5000000000000001,0.9582806030947737,0.39,0.626014098796956,0.5000000000000001,0.9283515288136095,0.5200000000000001,0.6836347091872147,0.44000000000000006,0.9753366327757019,0.41000000000000003,0.930306349655757,0.4600000000000001
17019,SP1,2025/2026,38,2026-05-24,Villarreal,Ath Madrid,0.8617495755234011,0.5873307810470854,0.5453079318708088,compact_btts_form,0.6500000000000002,False,1,1,1,0.7668502215758335,0.5100000000000001,0.7059966706403717,0.5000000000000001,0.7929525755275992,0.39,0.7714225643364273,0.5000000000000001,0.5778754297560743,0.5200000000000001,0.8617495755234011,0.44000000000000006,0.9387434289727614,0.41000000000000003,0.5077158186275244,0.4600000000000001
